エリア,打率,気温(°C)
1,0.0,12.15
1,0.3333333333333333,12.15
1,0.25,12.15
2,0.0,12.15
1,0.25,12.15
2,0.0,12.15
1,0.3333333333333333,12.15
1,0.0,12.15
1,0.0,12.15
1,0.0,12.15
1,0.0,12.15
1,0.6,12.525
1,0.0,12.525
1,0.6666666666666666,12.525
2,0.0,12.525
1,0.5,12.525
2,0.0,12.525
1,0.0,12.525
1,0.3333333333333333,12.525
1,0.0,12.525
1,0.5,12.525
1,0.0,12.525
1,0.0,12.525
1,0.0,8.725
1,0.5,8.725
1,0.6666666666666666,8.725
2,0.25,8.725
1,1.0,8.725
1,1.0,8.725
2,0.25,8.725
1,0.0,8.725
1,0.25,8.725
1,0.5,8.725
1,0.25,10.75
1,1.0,10.75
1,0.0,10.75
1,0.25,10.75
1,0.25,10.75
1,0.4,10.75
1,0.0,10.75
2,0.3333333333333333,10.75
1,0.0,10.75
1,0.0,10.75
1,0.0,10.75
1,0.0,8.233333333333333
1,0.0,8.233333333333333
1,0.0,8.233333333333333
1,0.0,8.233333333333333
1,0.0,8.233333333333333
1,0.0,8.233333333333333
2,0.3333333333333333,8.233333333333333
1,0.0,8.233333333333333
1,0.3333333333333333,8.233333333333333
0,0.0,8.233333333333333
1,0.0,8.233333333333333
1,0.0,8.233333333333333
1,0.25,12.85
1,0.5,12.85
1,0.5,12.85
1,0.25,12.85
1,0.25,12.85
2,0.5,12.85
1,0.4,12.85
1,0.0,12.85
1,0.3333333333333333,12.85
1,0.0,16.275
1,0.0,16.275
1,0.25,16.275
1,0.3333333333333333,16.275
1,0.0,16.275
2,0.25,16.275
1,0.0,16.275
1,0.4,16.275
1,0.4,16.275
1,0.0,16.275
1,1.0,16.275
1,1.0,16.275
1,0.0,16.275
1,0.0,16.275
1,0.5,19.125
1,0.25,19.125
1,0.5,19.125
1,0.25,19.125
1,0.0,19.125
1,0.6666666666666666,19.125
2,0.5,19.125
1,0.5,19.125
1,0.0,19.125
1,0.0,19.125
1,0.0,19.125
1,1.0,19.125
1,0.0,16.5
1,0.5,16.5
1,0.2,16.5
1,0.0,16.5
1,0.2,16.5
2,0.0,16.5
1,0.2,16.5
1,0.0,16.5
2,0.0,16.5
1,0.0,16.5
1,0.25,17.366666666666667
1,0.0,17.366666666666667
1,0.6666666666666666,17.366666666666667
1,0.0,17.366666666666667
1,0.25,17.366666666666667
2,0.3333333333333333,17.366666666666667
1,0.5,17.366666666666667
1,0.0,17.366666666666667
1,0.0,17.366666666666667
1,0.0,17.366666666666667
1,0.0,17.366666666666667
1,0.0,17.366666666666667
1,0.0,15.975
1,1.0,15.975
1,0.2,15.975
1,0.2,15.975
1,0.25,15.975
2,0.0,15.975
1,0.25,15.975
1,0.25,15.975
1,0.5,15.975
0,0.0,15.975
1,0.0,15.975
1,0.6666666666666666,18.025
1,0.2,18.025
1,0.4,18.025
1,0.5,18.025
1,0.5,18.025
1,0.0,18.025
2,0.5,18.025
1,1.0,18.025
1,0.3333333333333333,18.025
1,0.0,18.025
1,0.0,18.025
1,1.0,18.025
1,0.0,18.025
1,0.5,18.025
1,0.0,18.025
1,0.5,17.766666666666666
1,0.0,17.766666666666666
1,0.75,17.766666666666666
1,0.25,17.766666666666666
1,0.0,17.766666666666666
2,0.25,17.766666666666666
1,0.3333333333333333,17.766666666666666
1,0.3333333333333333,17.766666666666666
1,0.0,17.766666666666666
1,0.25,17.475
1,0.5,17.475
1,0.75,17.475
1,0.5,17.475
2,0.6666666666666666,17.475
1,0.0,17.475
1,0.0,17.475
1,0.0,17.475
1,0.0,17.475
1,0.5,17.475
1,0.0,17.475
1,0.2,10.625
1,0.5,10.625
1,0.5,10.625
1,0.75,10.625
2,0.25,10.625
1,0.6666666666666666,10.625
1,0.0,10.625
1,0.25,10.625
2,0.0,10.625
1,0.0,10.625
1,0.0,10.625
1,0.25,17.4
1,0.25,17.4
1,0.0,17.4
1,0.25,17.4
2,0.0,17.4
1,0.0,17.4
1,0.0,17.4
1,0.5,17.4
1,1.0,17.4
1,0.0,17.4
1,0.0,17.4
1,0.75,17.525
1,0.25,17.525
1,0.6666666666666666,17.525
1,0.5,17.525
2,0.6,17.525
1,0.25,17.525
1,0.0,17.525
1,0.0,17.525
1,0.0,17.525
1,1.0,17.525
1,0.0,19.5
1,0.0,19.5
1,0.0,19.5
1,0.0,19.5
1,0.3333333333333333,19.5
2,0.25,19.5
1,0.0,19.5
1,0.5,19.5
1,0.0,19.5
1,0.0,19.5
1,0.25,17.2
1,0.3333333333333333,17.2
1,0.0,17.2
1,0.0,17.2
1,0.0,17.2
2,0.5,17.2
1,0.3333333333333333,17.2
1,0.0,17.2
1,1.0,17.2
1,0.0,17.2
1,1.0,17.2
1,1.0,17.2
1,0.0,21.333333333333332
1,0.0,21.333333333333332
1,0.25,21.333333333333332
1,0.0,21.333333333333332
2,0.0,21.333333333333332
1,0.0,21.333333333333332
1,0.0,21.333333333333332
1,0.0,21.333333333333332
1,0.0,21.333333333333332
0,0.0,21.333333333333332
1,1.0,21.333333333333332
1,0.0,21.075
1,0.2,21.075
1,0.2,21.075
1,0.4,21.075
2,0.0,21.075
1,0.0,21.075
1,0.2,21.075
1,0.3333333333333333,21.075
1,0.5,21.075
1,0.0,21.075
1,0.0,21.075
1,0.0,21.075
1,0.0,21.075
1,0.0,18.133333333333336
1,0.3333333333333333,18.133333333333336
1,0.0,18.133333333333336
1,0.0,18.133333333333336
1,0.25,18.133333333333336
2,0.5,18.133333333333336
1,0.3333333333333333,18.133333333333336
1,0.0,18.133333333333336
1,0.0,18.133333333333336
1,0.0,18.133333333333336
1,0.0,18.133333333333336
1,0.1666666666666666,18.52
1,0.1666666666666666,18.52
1,0.6666666666666666,18.52
1,0.5,18.52
1,0.4,18.52
2,0.1666666666666666,18.52
1,0.6,18.52
1,0.0,18.52
2,0.0,18.52
1,0.0,18.52
1,1.0,18.52
1,0.0,18.52
1,0.0,17.225
1,0.3333333333333333,17.225
1,0.0,17.225
1,0.0,17.225
1,0.25,17.225
2,0.75,17.225
1,0.25,17.225
1,0.0,17.225
1,0.0,17.225
1,0.0,17.225
1,0.25,21.233333333333334
1,0.0,21.233333333333334
1,0.0,21.233333333333334
1,0.3333333333333333,21.233333333333334
1,0.0,21.233333333333334
2,0.3333333333333333,21.233333333333334
1,0.6666666666666666,21.233333333333334
1,0.0,21.233333333333334
1,0.0,21.233333333333334
1,0.0,21.625
1,0.25,21.625
2,0.5,21.625
1,0.0,21.625
1,0.6,21.625
1,0.6,21.625
1,0.2,21.625
1,0.25,21.625
1,0.0,21.625
0,1.0,21.625
1,0.0,21.625
1,1.0,21.625
1,0.25,18.25
1,0.5,18.25
1,1.0,18.25
2,0.6,18.25
1,0.2,18.25
1,0.2,18.25
1,0.3333333333333333,18.25
1,0.0,18.25
1,1.0,18.25
1,0.5,18.25
1,0.0,18.25
1,0.0,18.25
1,0.0,18.25
1,0.6666666666666666,18.225
1,0.5,18.225
1,0.4,18.225
2,0.4,18.225
1,0.25,18.225
1,0.25,18.225
1,0.0,18.225
1,0.0,18.225
1,0.0,18.225
1,0.0,18.225
1,0.0,18.225
1,0.0,18.225
1,1.0,18.225
1,0.75,18.775
1,0.0,18.775
1,0.25,18.775
2,0.4,18.775
1,0.2,18.775
1,0.0,18.775
1,0.25,18.775
1,0.3333333333333333,18.775
1,0.0,18.775
1,0.0,18.775
1,0.3333333333333333,18.775
1,0.0,18.775
1,0.4,21.633333333333336
1,0.25,21.633333333333336
2,0.75,21.633333333333336
1,0.25,21.633333333333336
1,0.25,21.633333333333336
1,0.0,21.633333333333336
1,0.25,21.633333333333336
1,0.0,21.633333333333336
1,0.3333333333333333,21.633333333333336
1,1.0,21.633333333333336
1,0.4,23.633333333333336
1,0.2,23.633333333333336
2,0.25,23.633333333333336
1,0.0,23.633333333333336
1,0.4,23.633333333333336
1,0.75,23.633333333333336
1,0.0,23.633333333333336
1,0.0,23.633333333333336
0,0.0,23.633333333333336
1,0.0,23.633333333333336
1,1.0,23.633333333333336
1,0.0,23.633333333333336
1,0.3333333333333333,21.54
1,0.5,21.54
2,0.3333333333333333,21.54
1,0.6,21.54
1,0.5,21.54
1,0.3333333333333333,21.54
2,0.3333333333333333,21.54
1,0.0,21.54
1,0.0,21.54
1,0.0,21.54
1,0.0,21.54
1,0.0,21.54
1,0.0,22.275
1,0.25,22.275
2,0.5,22.275
1,0.0,22.275
1,0.3333333333333333,22.275
1,0.25,22.275
2,0.0,22.275
1,0.3333333333333333,22.275
1,0.5,22.275
1,0.0,22.275
1,0.0,22.275
1,0.0,22.575
1,0.5,22.575
2,0.3333333333333333,22.575
1,0.0,22.575
1,0.5,22.575
1,0.25,22.575
2,0.3333333333333333,22.575
1,0.0,22.575
2,0.0,22.575
1,1.0,22.575
1,0.0,22.575
1,0.0,22.575
1,0.0,26.675
1,0.0,26.675
2,0.3333333333333333,26.675
1,0.5,26.675
1,0.0,26.675
2,0.6666666666666666,26.675
1,0.0,26.675
1,0.3333333333333333,26.675
1,0.0,26.675
1,0.0,26.675
1,0.0,21.7
1,0.2,21.7
2,0.0,21.7
1,0.25,21.7
1,0.5,21.7
1,1.0,21.7
2,0.25,21.7
1,0.4,21.7
1,0.25,21.7
1,0.0,21.7
1,0.0,21.7
1,0.0,21.7
1,0.0,21.7
1,0.5,23.8
1,0.0,23.8
2,0.25,23.8
1,0.0,23.8
1,0.3333333333333333,23.8
2,0.0,23.8
1,0.0,23.8
1,0.0,23.8
1,0.0,23.8
1,0.0,23.8
1,0.0,23.8
1,0.0,23.8
1,0.0,20.9
1,0.5,20.9
2,0.25,20.9
1,0.0,20.9
1,0.25,20.9
2,0.5,20.9
1,0.0,20.9
1,0.3333333333333333,20.9
1,0.0,20.9
1,0.3333333333333333,17.025
1,0.0,17.025
2,0.25,17.025
1,0.25,17.025
1,0.25,17.025
2,0.6666666666666666,17.025
1,0.25,17.025
1,0.3333333333333333,17.025
0,0.0,17.025
1,0.0,17.025
1,0.2,20.766666666666666
1,0.5,20.766666666666666
2,0.3333333333333333,20.766666666666666
1,0.0,20.766666666666666
1,0.3333333333333333,20.766666666666666
2,0.0,20.766666666666666
1,0.0,20.766666666666666
1,0.0,20.766666666666666
1,0.5,20.766666666666666
1,0.0,20.766666666666666
1,0.0,20.766666666666666
1,1.0,20.766666666666666
1,0.0,22.3
1,0.0,22.3
2,0.0,22.3
1,1.0,22.3
1,0.0,22.3
1,0.6666666666666666,22.3
2,0.5,22.3
1,0.0,22.3
1,0.0,22.3
1,0.0,22.3
1,0.0,22.3
1,0.3333333333333333,26.0
1,0.0,26.0
1,0.3333333333333333,26.0
2,0.0,26.0
1,0.0,26.0
2,0.25,26.0
1,0.25,26.0
1,0.0,26.0
1,0.0,26.0
1,0.0,26.0
1,0.0,26.0
1,1.0,26.0
1,0.0,24.125
1,0.0,24.125
2,0.25,24.125
1,0.25,24.125
1,0.25,24.125
2,0.3333333333333333,24.125
1,0.0,24.125
1,0.0,24.125
1,0.0,24.125
1,0.0,24.125
1,0.0,24.125
1,0.0,24.125
1,0.4,18.875
1,0.4,18.875
2,0.2,18.875
1,0.5,18.875
1,0.2,18.875
2,0.5,18.875
1,0.5,18.875
1,0.25,18.875
1,0.5,18.875
1,0.0,24.266666666666666
1,0.0,24.266666666666666
1,0.5,24.266666666666666
2,0.0,24.266666666666666
1,0.0,24.266666666666666
1,0.3333333333333333,24.266666666666666
2,0.0,24.266666666666666
1,0.25,24.266666666666666
1,0.0,24.266666666666666
1,0.0,24.266666666666666
1,1.0,24.266666666666666
1,0.25,25.575
1,0.2,25.575
2,0.2,25.575
1,0.4,25.575
1,0.25,25.575
2,0.75,25.575
1,0.0,25.575
1,0.5,25.575
1,0.25,25.575
1,0.0,24.96666666666667
1,0.5,24.96666666666667
2,0.5,24.96666666666667
1,0.5,24.96666666666667
1,0.0,24.96666666666667
2,0.3333333333333333,24.96666666666667
1,0.0,24.96666666666667
1,0.0,24.96666666666667
1,0.0,24.96666666666667
1,0.25,25.46666666666667
1,0.3333333333333333,25.46666666666667
2,0.5,25.46666666666667
2,0.3333333333333333,25.46666666666667
1,0.25,25.46666666666667
1,0.25,25.46666666666667
1,0.0,25.46666666666667
1,0.3333333333333333,25.46666666666667
1,0.0,25.46666666666667
1,0.25,22.775
1,0.0,22.775
1,0.4,22.775
2,0.75,22.775
1,1.0,22.775
2,0.0,22.775
1,0.0,22.775
1,0.6,22.775
1,0.4,22.775
1,0.3333333333333333,22.775
1,0.75,22.775
1,0.0,22.775
1,0.0,23.366666666666664
1,0.0,23.366666666666664
2,0.0,23.366666666666664
2,0.0,23.366666666666664
1,0.0,23.366666666666664
1,0.0,23.366666666666664
1,0.3333333333333333,23.366666666666664
1,0.0,23.366666666666664
1,0.0,23.366666666666664
1,0.4,20.96
1,1.0,20.96
1,0.3333333333333333,20.96
2,0.2,20.96
2,0.6,20.96
1,0.0,20.96
1,0.25,20.96
1,0.0,20.96
1,1.0,20.96
1,0.25,20.96
1,0.2,20.96
1,0.3333333333333333,20.96
1,0.4,20.96
1,0.0,22.766666666666666
1,0.0,22.766666666666666
2,0.5,22.766666666666666
2,0.0,22.766666666666666
1,0.3333333333333333,22.766666666666666
1,0.0,22.766666666666666
1,0.25,22.766666666666666
1,0.3333333333333333,22.766666666666666
1,0.5,22.766666666666666
1,0.0,22.766666666666666
1,0.4,18.675
1,0.75,18.675
2,0.0,18.675
1,0.0,18.675
2,0.25,18.675
1,0.0,18.675
1,0.6666666666666666,18.675
1,0.5,18.675
1,0.25,18.675
1,0.0,18.675
1,0.0,18.675
1,0.0,25.7
1,0.0,25.7
2,0.25,25.7
2,0.25,25.7
1,0.0,25.7
1,0.25,25.7
1,0.5,25.7
1,0.0,25.7
1,0.0,25.7
1,0.4,22.675
1,0.0,22.675
1,0.0,22.675
2,0.6,22.675
2,0.2,22.675
1,0.8,22.675
1,0.25,22.675
1,0.3333333333333333,22.675
1,0.0,22.675
1,0.0,22.675
1,0.2,22.675
1,0.5,28.666666666666668
1,0.0,28.666666666666668
2,0.0,28.666666666666668
2,0.0,28.666666666666668
1,0.0,28.666666666666668
1,0.0,28.666666666666668
1,0.0,28.666666666666668
1,0.0,28.666666666666668
0,0.0,28.666666666666668
1,0.0,28.666666666666668
1,0.0,28.666666666666668
1,0.6666666666666666,28.625
2,0.6666666666666666,28.625
1,0.4,28.625
2,0.2,28.625
1,0.3333333333333333,28.625
1,0.0,28.625
1,0.4,28.625
1,0.3333333333333333,28.625
1,0.75,28.625
1,0.0,28.625
1,0.0,28.625
1,1.0,28.625
1,0.0,28.625
1,0.25,29.95
1,0.0,29.95
2,0.0,29.95
1,0.75,29.95
2,0.0,29.95
1,0.0,29.95
1,0.5,29.95
1,0.0,29.95
1,0.0,29.95
2,0.0,29.95
1,1.0,29.95
1,0.5,29.95
1,0.25,28.625
2,0.0,28.625
1,0.25,28.625
2,0.25,28.625
1,0.3333333333333333,28.625
1,0.5,28.625
1,0.0,28.625
1,0.0,28.625
1,0.3333333333333333,28.625
1,0.0,28.625
1,0.0,28.625
1,0.0,28.625
1,0.5,29.375
2,0.6,29.375
1,0.5,29.375
2,0.25,29.375
1,0.3333333333333333,29.375
1,0.25,29.375
1,0.5,29.375
1,0.25,29.375
1,0.0,29.375
1,0.0,29.375
1,0.0,29.375
1,0.0,28.35
2,0.75,28.35
1,0.0,28.35
2,0.75,28.35
1,0.3333333333333333,28.35
1,0.0,28.35
1,0.0,28.35
1,0.0,28.35
1,0.0,28.35
1,1.0,28.35
1,0.0,28.35
1,0.0,28.35
1,0.2,26.875
2,0.5,26.875
1,0.5,26.875
2,0.3333333333333333,26.875
1,0.5,26.875
1,0.0,26.875
1,0.25,26.875
1,0.3333333333333333,26.875
1,0.0,26.875
1,0.5,26.875
1,1.0,26.875
1,0.0,26.875
1,0.0,32.775000000000006
2,0.5,32.775000000000006
1,0.5,32.775000000000006
2,0.0,32.775000000000006
1,0.25,32.775000000000006
1,0.0,32.775000000000006
1,0.0,32.775000000000006
1,0.3333333333333333,32.775000000000006
0,0.0,32.775000000000006
1,0.0,32.775000000000006
1,0.3333333333333333,32.325
1,0.0,32.325
1,0.3333333333333333,32.325
1,0.0,32.325
2,0.5,32.325
1,0.5,32.325
2,0.5,32.325
1,0.0,32.325
1,0.0,32.325
1,0.0,32.325
0,0.5,32.325
1,0.0,32.325
1,0.0,30.880000000000003
1,0.1666666666666666,30.880000000000003
1,0.1666666666666666,30.880000000000003
2,0.4,30.880000000000003
1,0.5,30.880000000000003
2,0.25,30.880000000000003
1,0.25,30.880000000000003
1,0.5,30.880000000000003
1,0.0,30.880000000000003
1,1.0,30.880000000000003
1,0.0,30.880000000000003
1,0.0,30.880000000000003
1,0.25,31.566666666666666
1,0.0,31.566666666666666
1,0.3333333333333333,31.566666666666666
2,0.0,31.566666666666666
1,0.0,31.566666666666666
1,0.0,31.566666666666666
2,0.3333333333333333,31.566666666666666
1,0.6666666666666666,31.566666666666666
1,0.0,31.566666666666666
1,0.3333333333333333,31.425
1,0.0,31.425
1,0.3333333333333333,31.425
1,0.6666666666666666,31.425
2,0.0,31.425
1,0.0,31.425
1,0.25,31.425
2,0.25,31.425
1,0.25,31.425
1,1.0,31.425
1,0.5,31.425
1,0.0,28.3
1,0.0,28.3
1,0.25,28.3
2,0.25,28.3
1,0.0,28.3
1,0.0,28.3
2,0.0,28.3
1,0.3333333333333333,28.3
1,0.0,28.3
1,0.0,29.975
1,0.4,29.975
2,0.25,29.975
1,0.25,29.975
1,0.25,29.975
1,0.0,29.975
1,0.0,29.975
2,0.6666666666666666,29.975
1,0.0,29.975
1,0.0,29.975
0,0.0,29.975
1,0.0,29.975
1,0.25,32.6
1,0.0,32.6
2,0.25,32.6
1,0.25,32.6
1,0.25,32.6
2,0.0,32.6
1,0.25,32.6
1,0.0,32.6
1,1.0,32.6
0,0.0,32.6
1,0.0,32.6
1,0.0,32.6
1,0.25,32.025
1,0.2,32.025
1,0.5,32.025
2,0.25,32.025
1,0.0,32.025
1,0.5,32.025
2,0.25,32.025
1,0.0,32.025
1,0.0,32.025
1,0.0,32.025
1,0.0,32.025
1,0.0,32.025
1,0.25,28.9
1,0.0,28.9
1,0.0,28.9
2,0.25,28.9
1,0.25,28.9
2,0.25,28.9
1,0.3333333333333333,28.9
1,0.25,28.9
1,0.0,28.9
1,0.0,28.9
1,0.0,28.9
1,1.0,28.9
1,0.2,32.4
1,0.0,32.4
1,0.3333333333333333,32.4
2,0.3333333333333333,32.4
1,0.3333333333333333,32.4
1,0.5,32.4
2,0.3333333333333333,32.4
1,0.0,32.4
1,0.0,32.4
1,0.0,32.4
1,0.0,32.4
1,0.3333333333333333,32.4
1,0.25,28.525
1,0.3333333333333333,28.525
1,0.3333333333333333,28.525
2,0.0,28.525
1,0.6666666666666666,28.525
2,0.0,28.525
1,0.0,28.525
1,0.5,28.525
1,0.0,28.525
1,0.0,28.525
1,0.0,28.525
1,0.25,31.2
1,0.0,31.2
1,0.25,31.2
2,0.0,31.2
1,0.0,31.2
1,0.0,31.2
1,0.5,31.2
2,0.0,31.2
1,0.0,31.2
0,0.0,31.2
1,0.5,31.2
1,0.5,31.225
1,0.25,31.225
1,0.2,31.225
2,0.0,31.225
1,0.6,31.225
2,0.75,31.225
1,0.0,31.225
1,0.5,31.225
1,0.0,31.225
1,0.0,31.225
0,0.0,31.225
1,0.0,31.225
1,0.0,31.225
1,0.0,31.225
1,1.0,31.225
1,0.0,29.400000000000002
1,0.25,29.400000000000002
2,0.0,29.400000000000002
1,0.0,29.400000000000002
1,0.25,29.400000000000002
1,0.3333333333333333,29.400000000000002
1,1.0,29.400000000000002
2,0.25,29.400000000000002
1,0.0,29.400000000000002
1,0.0,29.400000000000002
1,0.5,29.950000000000003
1,0.0,29.950000000000003
1,0.5,29.950000000000003
1,0.75,29.950000000000003
2,0.0,29.950000000000003
1,0.0,29.950000000000003
2,0.3333333333333333,29.950000000000003
1,0.0,29.950000000000003
1,0.0,29.950000000000003
1,0.0,29.950000000000003
1,0.0,29.950000000000003
1,0.3333333333333333,26.5
1,0.0,26.5
1,0.0,26.5
2,0.0,26.5
1,0.0,26.5
2,0.5,26.5
1,0.5,26.5
1,0.0,26.5
1,0.0,26.5
1,0.0,26.5
1,0.0,28.133333333333336
1,0.25,28.133333333333336
1,0.25,28.133333333333336
2,0.0,28.133333333333336
1,0.0,28.133333333333336
2,0.0,28.133333333333336
1,0.0,28.133333333333336
1,0.6666666666666666,28.133333333333336
1,0.5,28.133333333333336
1,0.0,28.133333333333336
1,0.4,28.025
1,0.75,28.025
1,0.25,28.025
2,0.0,28.025
1,0.25,28.025
1,0.5,28.025
1,0.0,28.025
2,0.0,28.025
1,0.0,28.025
1,0.25,28.025
0,0.0,28.025
1,0.0,28.025
1,0.5,28.025
1,0.3333333333333333,28.85
1,0.0,28.85
1,1.0,28.85
1,0.75,28.85
2,0.4,28.85
1,0.0,28.85
1,0.0,28.85
1,0.6666666666666666,28.85
1,0.4,28.85
1,0.0,28.85
1,0.0,28.85
1,1.0,28.85
1,0.0,31.3
1,0.0,31.3
1,0.0,31.3
2,0.25,31.3
1,0.5,31.3
1,0.0,31.3
1,0.0,31.3
1,0.3333333333333333,31.3
1,0.5,31.3
1,1.0,31.3
1,0.5,31.6
1,0.2,31.6
1,0.4,31.6
2,0.0,31.6
1,0.3333333333333333,31.6
1,0.0,31.6
1,0.0,31.6
1,0.0,31.6
1,0.5,31.6
1,0.0,31.6
1,1.0,31.6
1,0.0,31.6
2,0.3333333333333333,31.6
1,0.0,31.7
2,0.3333333333333333,31.7
1,0.5,31.7
1,0.25,31.7
1,0.3333333333333333,31.7
2,0.0,31.7
1,0.25,31.7
1,0.3333333333333333,31.7
1,0.0,31.7
1,0.0,31.7
1,0.0,31.7
1,0.25,33.56666666666667
2,0.0,33.56666666666667
1,0.0,33.56666666666667
1,0.0,33.56666666666667
1,0.0,33.56666666666667
2,0.0,33.56666666666667
1,0.3333333333333333,33.56666666666667
1,0.0,33.56666666666667
1,0.0,33.56666666666667
1,0.0,33.56666666666667
1,0.0,33.56666666666667
1,0.0,31.733333333333334
2,0.25,31.733333333333334
1,0.0,31.733333333333334
1,0.5,31.733333333333334
1,0.3333333333333333,31.733333333333334
2,0.0,31.733333333333334
1,0.3333333333333333,31.733333333333334
1,0.0,31.733333333333334
1,0.0,31.733333333333334
1,0.0,31.733333333333334
1,0.2,31.98
2,0.0,31.98
1,0.5,31.98
1,0.0,31.98
1,0.25,31.98
2,0.25,31.98
1,0.5,31.98
1,0.3333333333333333,31.98
1,1.0,31.98
1,0.0,31.98
1,0.0,31.98
1,0.2,31.860000000000003
2,0.0,31.860000000000003
1,0.4,31.860000000000003
1,0.75,31.860000000000003
1,0.25,31.860000000000003
2,0.5,31.860000000000003
1,0.6666666666666666,31.860000000000003
1,0.25,31.860000000000003
1,0.5,31.860000000000003
1,0.0,31.860000000000003
1,0.0,30.339999999999996
2,0.4,30.339999999999996
1,0.2,30.339999999999996
1,0.25,30.339999999999996
1,0.5,30.339999999999996
1,0.0,30.339999999999996
2,0.25,30.339999999999996
1,0.25,30.339999999999996
1,1.0,30.339999999999996
1,1.0,30.339999999999996
1,1.0,30.339999999999996
1,0.3333333333333333,30.95
1,0.5,30.95
2,0.0,30.95
1,0.0,30.95
1,0.0,30.95
1,0.5,30.95
2,0.0,30.95
1,0.4,30.95
1,0.6666666666666666,30.95
1,0.0,30.95
1,0.0,30.95
1,0.5,30.95
1,0.25,33.375
1,0.25,33.375
1,0.0,33.375
1,0.0,33.375
1,0.6666666666666666,33.375
1,0.25,33.375
2,0.0,33.375
1,0.0,33.375
1,0.0,33.375
1,0.0,33.375
1,0.25,27.95
1,0.0,27.95
2,0.5,27.95
1,0.3333333333333333,27.95
1,0.0,27.95
1,0.0,27.95
1,0.3333333333333333,27.95
2,1.0,27.95
1,0.25,27.95
0,0.0,27.95
1,0.0,27.95
1,0.6,27.1
2,0.3333333333333333,27.1
1,0.0,27.1
1,0.5,27.1
1,1.0,27.1
1,0.6,27.1
2,0.5,27.1
1,0.0,27.1
1,0.25,27.1
1,0.25,27.1
1,0.0,27.1
1,1.0,27.1
1,0.25,30.833333333333332
2,0.0,30.833333333333332
1,0.5,30.833333333333332
1,0.25,30.833333333333332
2,0.0,30.833333333333332
1,0.0,30.833333333333332
1,0.3333333333333333,30.833333333333332
1,0.0,30.833333333333332
1,0.0,30.833333333333332
1,0.0,30.833333333333332
1,0.0,30.833333333333332
1,0.0,30.833333333333332
1,0.25,32.13333333333333
2,0.5,32.13333333333333
1,0.0,32.13333333333333
1,0.0,32.13333333333333
1,0.3333333333333333,32.13333333333333
2,0.0,32.13333333333333
1,0.3333333333333333,32.13333333333333
1,0.0,32.13333333333333
1,0.0,32.13333333333333
1,0.0,32.13333333333333
1,0.25,31.3
1,0.25,31.3
1,0.5,31.3
1,0.25,31.3
1,0.0,31.3
2,0.25,31.3
1,0.0,31.3
1,0.5,31.3
1,0.0,31.3
2,1.0,31.3
1,0.0,31.3
1,0.8,30.8
2,0.4,30.8
1,1.0,30.8
1,0.0,30.8
1,0.0,30.8
2,0.0,30.8
1,0.5,30.8
1,0.0,30.8
1,0.0,30.8
1,0.0,30.8
1,0.0,30.8
1,0.0,30.8
1,0.0,30.8
1,0.25,28.725
2,0.25,28.725
1,0.0,28.725
1,0.25,28.725
1,0.3333333333333333,28.725
2,0.25,28.725
1,0.25,28.725
1,0.25,28.725
1,0.3333333333333333,28.725
1,1.0,28.725
1,0.0,28.95
2,1.0,28.95
1,0.4,28.95
1,0.0,28.95
1,0.2,28.95
2,0.6666666666666666,28.95
1,0.25,28.95
1,0.0,28.95
1,0.0,28.95
1,0.0,28.95
1,0.2,30.53333333333333
2,0.2,30.53333333333333
1,0.4,30.53333333333333
2,0.6666666666666666,30.53333333333333
1,0.0,30.53333333333333
1,0.6666666666666666,30.53333333333333
1,0.0,30.53333333333333
1,0.5,30.53333333333333
1,0.3333333333333333,30.53333333333333
1,0.0,30.53333333333333
1,0.0,31.580000000000002
2,0.3333333333333333,31.580000000000002
1,0.5,31.580000000000002
2,0.1666666666666666,31.580000000000002
1,0.0,31.580000000000002
1,0.0,31.580000000000002
1,1.0,31.580000000000002
1,0.0,31.580000000000002
1,0.0,31.580000000000002
1,0.0,31.580000000000002
1,0.4,31.580000000000002
1,0.3333333333333333,31.580000000000002
1,0.0,31.580000000000002
1,0.25,31.5
2,0.25,31.5
1,0.0,31.5
2,0.25,31.5
1,0.0,31.5
1,0.3333333333333333,31.5
1,0.0,31.5
1,0.5,31.5
1,0.0,31.5
1,0.0,31.5
1,0.5,31.55
1,0.25,31.55
2,0.0,31.55
2,0.3333333333333333,31.55
1,0.25,31.55
1,0.25,31.55
1,0.25,31.55
1,0.25,31.55
1,0.0,31.55
1,0.5,30.7
2,0.5,30.7
1,0.3333333333333333,30.7
2,0.25,30.7
1,0.0,30.7
1,0.3333333333333333,30.7
1,1.0,30.7
1,0.0,30.7
1,0.3333333333333333,30.7
1,0.5,30.7
1,0.25,26.333333333333332
2,0.3333333333333333,26.333333333333332
1,0.3333333333333333,26.333333333333332
2,0.3333333333333333,26.333333333333332
1,0.0,26.333333333333332
1,0.25,26.333333333333332
1,0.3333333333333333,26.333333333333332
1,0.0,26.333333333333332
1,1.0,26.333333333333332
1,0.0,26.333333333333332
1,0.8,31.275
2,0.4,31.275
1,0.5,31.275
2,0.25,31.275
1,0.2,31.275
1,0.25,31.275
1,0.5,31.275
1,0.5,31.275
1,0.0,31.275
1,1.0,31.275
1,0.25,28.53333333333333
2,0.0,28.53333333333333
1,0.0,28.53333333333333
2,0.3333333333333333,28.53333333333333
1,0.3333333333333333,28.53333333333333
1,0.25,28.53333333333333
1,0.6666666666666666,28.53333333333333
1,0.0,28.53333333333333
1,0.3333333333333333,28.53333333333333
1,0.0,28.53333333333333
1,0.0,31.733333333333334
2,0.5,31.733333333333334
1,0.25,31.733333333333334
2,0.0,31.733333333333334
1,0.25,31.733333333333334
1,0.5,31.733333333333334
1,0.5,31.733333333333334
1,0.0,31.733333333333334
1,1.0,31.733333333333334
1,1.0,31.733333333333334
1,0.0,31.733333333333334
1,0.0,31.733333333333334
1,0.2,31.075
1,0.2,31.075
1,0.4,31.075
2,0.6,31.075
1,0.3333333333333333,31.075
1,0.0,31.075
1,0.5,31.075
1,0.5,31.075
1,0.0,31.075
1,1.0,31.075
2,0.0,31.075
1,0.2,31.0
2,0.0,31.0
1,0.4,31.0
2,0.25,31.0
1,0.5,31.0
1,0.75,31.0
1,0.0,31.0
1,0.25,31.0
1,1.0,31.0
1,0.0,31.0
0,0.0,31.0
1,0.0,31.0
1,0.0,32.1
2,0.0,32.1
1,0.3333333333333333,32.1
2,0.0,32.1
1,0.0,32.1
1,0.3333333333333333,32.1
1,0.3333333333333333,32.1
1,0.0,32.1
1,0.0,32.1
1,0.0,32.1
1,0.0,32.1
1,0.0,26.75
2,0.0,26.75
1,0.5,26.75
2,0.0,26.75
1,0.0,26.75
1,0.0,26.75
1,0.5,26.75
1,0.5,26.75
1,0.0,29.3
1,0.0,29.3
2,0.4,29.3
1,0.6,29.3
2,0.0,29.3
1,0.0,29.3
1,0.3333333333333333,29.3
1,0.25,29.3
1,0.25,29.3
1,0.6666666666666666,29.3
1,0.0,29.3
1,0.2,28.375
2,0.5,28.375
1,0.3333333333333333,28.375
2,0.25,28.375
1,0.6666666666666666,28.375
1,0.25,28.375
1,0.3333333333333333,28.375
1,0.0,28.375
1,0.0,28.375
1,0.0,28.375
1,0.0,28.375
1,0.0,28.375
1,0.4,24.725
1,0.2,24.725
1,0.6,24.725
2,0.2,24.725
1,0.0,24.725
1,0.25,24.725
1,0.0,24.725
1,0.3333333333333333,24.725
1,0.0,24.725
1,0.0,24.725
1,0.6,28.45
2,0.4,28.45
1,0.5,28.45
2,0.3333333333333333,28.45
1,0.5,28.45
1,0.0,28.45
1,0.75,28.45
1,0.0,28.45
1,0.0,28.45
1,1.0,28.45
1,0.6666666666666666,29.3
2,0.5,29.3
1,0.5,29.3
2,0.25,29.3
1,0.25,29.3
1,0.25,29.3
1,0.3333333333333333,29.3
1,1.0,29.3
1,0.25,29.3
1,0.0,29.3
1,1.0,29.3
1,0.4,29.775
2,0.0,29.775
1,0.2,29.775
2,0.5,29.775
1,0.0,29.775
1,0.5,29.775
1,0.6666666666666666,29.775
1,0.25,29.775
1,0.0,29.775
1,1.0,29.775
1,0.0,29.375
1,0.6666666666666666,29.375
1,0.0,29.375
1,0.6666666666666666,29.375
2,0.25,29.375
1,0.25,29.375
1,0.0,29.375
1,0.3333333333333333,29.375
1,0.0,29.375
0,0.0,29.375
1,1.0,29.375
1,1.0,29.375
1,0.6666666666666666,26.725
2,0.0,26.725
1,0.25,26.725
2,0.0,26.725
1,0.25,26.725
1,0.25,26.725
1,0.0,26.725
1,0.25,26.725
1,0.5,26.725
1,0.0,26.725
1,0.0,26.725
1,0.2,25.975
2,0.25,25.975
1,0.5,25.975
2,0.0,25.975
1,0.5,25.975
1,0.3333333333333333,25.975
1,0.25,25.975
1,0.0,25.975
1,0.0,25.975
1,0.0,25.975
1,0.0,25.975
1,0.0,25.975
1,0.0,25.975
1,0.0,23.4
2,0.5,23.4
1,0.5,23.4
1,0.0,23.4
1,0.25,23.4
1,0.25,23.4
1,0.0,23.4
1,0.0,23.4
1,0.0,23.4
1,0.0,23.4
1,0.0,23.4
1,1.0,23.4
2,1.0,23.4
1,0.3333333333333333,24.766666666666666
2,0.25,24.766666666666666
1,0.25,24.766666666666666
1,0.0,24.766666666666666
2,0.0,24.766666666666666
1,0.0,24.766666666666666
1,0.3333333333333333,24.766666666666666
1,0.0,24.766666666666666
1,0.0,24.766666666666666
1,0.0,24.766666666666666
1,0.0,24.766666666666666
1,0.0,24.766666666666666
1,0.0,25.025
2,0.0,25.025
1,0.0,25.025
1,0.5,25.025
1,0.5,25.025
1,0.3333333333333333,25.025
1,0.0,25.025
1,0.0,25.025
1,0.25,25.025
1,0.0,25.025
1,1.0,25.025
1,0.0,25.025
1,0.75,21.96666666666667
2,0.0,21.96666666666667
1,0.0,21.96666666666667
1,0.0,21.96666666666667
1,0.5,21.96666666666667
1,0.3333333333333333,21.96666666666667
0,0.0,21.96666666666667
1,0.3333333333333333,21.96666666666667
1,1.0,21.96666666666667
1,0.0,21.96666666666667
1,0.0,21.96666666666667
0,0.5,21.96666666666667
1,0.0,21.96666666666667
1,0.3333333333333333,26.475
1,0.0,26.475
0,1.0,26.475
1,0.25,26.475
1,0.0,26.475
1,0.0,26.475
1,0.25,26.475
1,0.0,26.475
1,0.25,26.475
1,0.0,26.475
1,0.0,26.475
1,0.0,26.475
1,0.5,24.2
1,0.6666666666666666,24.2
1,0.25,24.2
2,0.0,24.2
1,0.25,24.2
1,0.0,24.2
0,0.0,24.2
1,0.5,24.2
1,0.0,24.2
1,0.0,24.2
1,0.3333333333333333,22.224999999999998
1,0.25,22.224999999999998
1,0.0,22.224999999999998
2,0.25,22.224999999999998
1,0.0,22.224999999999998
1,0.3333333333333333,22.224999999999998
0,0.0,22.224999999999998
1,0.0,22.224999999999998
1,0.3333333333333333,22.224999999999998
1,0.0,22.224999999999998
1,0.0,22.224999999999998
1,0.5,19.825
1,0.0,19.825
1,1.0,19.825
1,1.0,19.825
1,0.5,19.825
1,0.25,19.825
1,0.0,19.825
1,0.0,19.825
1,0.0,19.825
2,1.0,19.825
1,0.0,19.825
1,0.0,19.825
0,0.0,19.825
0,0.0,19.825
1,0.0,19.825
1,0.0,22.675
1,0.5,22.675
1,0.0,22.675
1,0.25,22.675
1,0.25,22.675
1,0.0,22.675
1,0.0,22.675
1,0.25,22.675
1,0.0,22.675
1,0.0,22.675
1,0.5,22.675
1,0.0,22.675
1,0.0,4.575
1,0.25,4.575
2,0.0,4.575
1,0.5,4.575
2,0.0,4.575
0,0.0,4.575
1,0.0,4.575
0,0.0,4.575
1,0.0,4.575
1,0.25,4.05
1,0.0,4.05
2,0.25,4.05
1,0.5,4.05
1,0.0,4.05
1,0.0,4.05
1,0.0,4.05
1,1.0,4.05
1,0.0,4.05
0,0.5,4.05
1,0.0,4.05
1,0.0,4.05
1,0.25,4.966666666666666
1,0.25,4.966666666666666
1,0.25,4.966666666666666
1,0.0,4.966666666666666
0,0.0,4.966666666666666
2,0.25,4.966666666666666
1,0.25,4.966666666666666
1,0.3333333333333333,4.966666666666666
0,0.0,4.966666666666666
1,0.5,4.966666666666666
1,0.0,4.966666666666666
1,0.25,10.424999999999999
0,0.3333333333333333,10.424999999999999
1,0.0,10.424999999999999
1,0.25,10.424999999999999
1,0.5,10.424999999999999
1,0.0,10.424999999999999
2,0.0,10.424999999999999
1,0.0,10.424999999999999
1,0.0,10.424999999999999
1,0.3333333333333333,10.424999999999999
1,0.25,12.3
1,0.4,12.3
1,0.25,12.3
1,0.0,12.3
1,0.25,12.3
1,0.0,12.3
2,0.0,12.3
1,0.0,12.3
1,0.25,12.3
1,0.3333333333333333,12.3
1,0.25,12.3
1,0.0,11.866666666666667
1,0.5,11.866666666666667
2,0.5,11.866666666666667
1,0.25,11.866666666666667
0,0.0,11.866666666666667
1,0.0,11.866666666666667
1,0.25,11.866666666666667
1,0.5,11.866666666666667
0,0.25,11.866666666666667
1,0.0,11.866666666666667
1,0.5,11.325
1,0.5,11.325
2,0.6,11.325
1,0.4,11.325
1,0.0,11.325
1,1.0,11.325
1,0.3333333333333333,11.325
2,0.0,11.325
1,0.25,11.325
1,0.2,11.325
1,0.25,11.325
1,0.8,11.325
1,0.5,12.8
1,0.0,12.8
2,0.5,12.8
0,1.0,12.8
1,0.0,12.8
1,0.0,12.8
1,0.3333333333333333,12.8
1,0.0,12.8
1,0.6,12.8
1,0.4,12.8
1,0.2,12.8
1,0.25,12.8
1,0.75,12.8
1,0.2,10.75
1,0.0,10.75
2,0.0,10.75
1,0.0,10.75
1,0.3333333333333333,10.75
0,0.0,10.75
1,0.0,10.75
1,0.0,10.75
1,0.0,10.75
1,1.0,10.75
1,0.25,10.75
1,0.0,10.75
1,0.0,15.65
2,0.0,15.65
1,0.25,15.65
1,0.25,15.65
1,0.3333333333333333,15.65
1,0.0,15.65
1,1.0,15.65
1,0.5,15.65
0,0.0,15.65
1,0.5,15.65
1,0.0,15.65
1,0.0,15.65
1,0.5,15.075
1,0.0,15.075
2,0.0,15.075
1,0.25,15.075
1,0.3333333333333333,15.075
1,0.5,15.075
1,0.0,15.075
1,0.0,15.075
1,0.0,15.075
1,0.6666666666666666,15.075
1,0.25,15.925
1,0.2,15.925
1,0.4,15.925
1,0.3333333333333333,15.925
1,0.0,15.925
2,0.5,15.925
1,0.25,15.925
1,0.25,15.925
1,0.5,15.925
1,1.0,15.925
1,0.0,15.925
0,0.0,15.925
1,0.0,17.099999999999998
1,0.0,17.099999999999998
1,0.25,17.099999999999998
2,0.3333333333333333,17.099999999999998
1,0.25,17.099999999999998
1,0.3333333333333333,17.099999999999998
1,0.0,17.099999999999998
1,0.0,17.099999999999998
1,0.0,17.099999999999998
1,0.0,17.099999999999998
1,0.0,17.099999999999998
1,0.3333333333333333,19.775000000000002
1,0.0,19.775000000000002
1,0.25,19.775000000000002
1,0.5,19.775000000000002
2,0.0,19.775000000000002
1,0.0,19.775000000000002
1,0.0,19.775000000000002
1,0.6666666666666666,19.775000000000002
1,0.0,19.775000000000002
1,0.2,25.75
1,0.6,25.75
1,0.4,25.75
1,0.2,25.75
1,0.2,25.75
2,0.0,25.75
1,0.0,25.75
1,0.0,25.75
1,0.0,25.75
1,1.0,25.75
1,0.3333333333333333,25.75
1,0.0,22.275
1,0.0,22.275
1,0.0,22.275
1,0.75,22.275
1,1.0,22.275
1,0.25,22.275
2,1.0,22.275
1,0.0,22.275
1,0.0,22.275
0,0.0,22.275
1,0.6666666666666666,22.275
1,0.4,9.35
2,0.0,9.35
1,0.25,9.35
1,0.0,9.35
1,0.0,9.35
1,0.0,9.35
1,0.5,9.35
1,0.0,9.35
0,0.5,9.35
1,0.0,9.35
1,0.0,9.35
1,1.0,9.35
1,0.0,10.025
1,0.3333333333333333,10.025
1,0.3333333333333333,10.025
1,0.0,10.025
1,0.25,10.025
2,0.25,10.025
1,0.25,10.025
1,0.3333333333333333,10.025
1,0.0,10.025
1,0.0,10.025
1,0.25,7.833333333333333
1,0.25,7.833333333333333
2,0.0,7.833333333333333
1,0.0,7.833333333333333
1,0.0,7.833333333333333
1,0.0,7.833333333333333
1,0.0,7.833333333333333
1,0.0,7.833333333333333
1,0.3333333333333333,7.833333333333333
1,0.0,7.833333333333333
1,0.25,11.966666666666667
1,0.0,11.966666666666667
1,0.0,11.966666666666667
1,0.0,11.966666666666667
1,0.75,11.966666666666667
1,0.0,11.966666666666667
1,0.0,11.966666666666667
2,0.3333333333333333,11.966666666666667
1,0.0,11.966666666666667
1,0.3333333333333333,11.966666666666667
1,0.4,8.85
1,0.4,8.85
2,0.0,8.85
1,0.5,8.85
1,0.0,8.85
1,0.0,8.85
1,0.0,8.85
1,0.0,8.85
1,0.5,8.85
0,0.0,8.85
1,0.0,8.85
1,0.75,8.85
2,0.0,15.675
1,0.0,15.675
1,0.2,15.675
1,0.25,15.675
1,0.3333333333333333,15.675
1,0.5,15.675
1,0.0,15.675
1,1.0,15.675
0,0.0,15.675
1,0.25,15.675
1,0.2,18.6
1,0.0,18.6
1,1.0,18.6
1,0.0,18.6
1,1.0,18.6
1,0.5,18.6
1,0.25,18.6
1,0.25,18.6
1,0.5,18.6
1,0.0,18.6
1,0.5,18.6
1,0.25,18.6
1,0.0,20.3
1,0.25,20.3
1,0.0,20.3
1,0.25,20.3
1,0.3333333333333333,20.3
1,0.5,20.3
1,0.0,20.3
1,0.0,20.3
1,0.0,20.3
1,0.0,20.3
1,0.0,17.125
1,0.3333333333333333,17.125
1,0.0,17.125
1,0.25,17.125
2,0.5,17.125
1,0.25,17.125
1,0.0,17.125
1,0.0,17.125
1,0.0,17.125
1,1.0,17.125
1,0.0,17.125
1,0.25,14.433333333333332
1,0.3333333333333333,14.433333333333332
1,0.0,14.433333333333332
2,1.0,14.433333333333332
1,0.25,14.433333333333332
1,0.0,14.433333333333332
1,0.25,14.433333333333332
1,0.0,14.433333333333332
1,0.3333333333333333,14.433333333333332
0,0.3333333333333333,14.433333333333332
1,0.0,20.166666666666668
1,0.3333333333333333,20.166666666666668
1,0.0,20.166666666666668
2,0.0,20.166666666666668
1,0.0,20.166666666666668
1,0.0,20.166666666666668
1,0.6666666666666666,20.166666666666668
1,0.3333333333333333,20.166666666666668
1,0.0,20.166666666666668
1,0.0,20.166666666666668
1,0.0,17.5
1,0.5,17.5
1,0.0,17.5
2,0.0,17.5
1,0.0,17.5
1,0.75,17.5
1,0.4,17.5
1,0.5,17.5
1,0.0,17.5
1,0.6666666666666666,17.5
0,0.25,17.5
1,0.0,16.28
1,0.5,16.28
0,0.25,16.28
1,0.0,16.28
2,0.3333333333333333,16.28
1,0.3333333333333333,16.28
1,0.5,16.28
1,0.0,16.28
1,0.25,16.28
1,0.0,16.28
1,0.0,16.28
0,0.4,16.28
1,0.0,16.725
0,0.25,16.725
2,0.5,16.725
1,0.25,16.725
1,0.5,16.725
1,0.0,16.725
1,0.0,16.725
1,0.25,16.725
1,0.25,16.725
1,0.75,16.725
1,0.2,13.5
0,0.0,13.5
1,0.0,13.5
2,0.6666666666666666,13.5
1,0.25,13.5
1,0.0,13.5
1,0.5,13.5
1,0.0,13.5
1,0.25,13.5
1,0.75,13.5
1,0.5,13.033333333333333
1,0.0,13.033333333333333
2,0.0,13.033333333333333
1,0.25,13.033333333333333
1,0.0,13.033333333333333
1,0.5,13.033333333333333
1,0.6666666666666666,13.033333333333333
1,0.25,13.033333333333333
1,0.3333333333333333,13.033333333333333
1,0.0,17.6
1,0.0,17.6
1,0.25,17.6
2,0.0,17.6
1,0.5,17.6
1,0.5,17.6
1,0.0,17.6
1,0.25,17.6
1,0.6666666666666666,17.6
0,0.3333333333333333,17.6
1,0.6666666666666666,17.6
0,0.0,24.775
1,0.5,24.775
1,0.0,24.775
1,0.0,24.775
2,0.6666666666666666,24.775
1,0.25,24.775
1,0.0,24.775
1,0.25,24.775
1,0.5,24.775
1,0.6666666666666666,24.775
1,0.0,24.775
1,0.25,24.775
1,0.3333333333333333,21.65
1,0.5,21.65
1,0.2,21.65
2,0.2,21.65
1,0.0,21.65
1,0.5,21.65
1,0.5,21.65
1,0.3333333333333333,21.65
1,0.0,21.65
0,1.0,21.65
1,0.5,21.65
1,0.25,22.099999999999998
1,0.0,22.099999999999998
1,0.0,22.099999999999998
2,0.25,22.099999999999998
1,0.0,22.099999999999998
1,0.3333333333333333,22.099999999999998
1,0.75,22.099999999999998
1,0.3333333333333333,22.099999999999998
1,0.3333333333333333,22.099999999999998
1,0.0,22.099999999999998
0,0.25,22.099999999999998
1,0.25,22.099999999999998
1,0.0,23.775
1,0.5,23.775
1,0.0,23.775
1,0.25,23.775
2,0.4,23.775
1,0.0,23.775
1,0.2,23.775
1,0.0,23.775
0,0.0,23.775
1,0.25,23.775
1,0.25,15.233333333333333
1,0.5,15.233333333333333
2,0.0,15.233333333333333
1,0.3333333333333333,15.233333333333333
1,0.0,15.233333333333333
1,0.0,15.233333333333333
1,0.25,15.233333333333333
1,0.3333333333333333,15.233333333333333
0,0.5,15.233333333333333
1,0.3333333333333333,14.266666666666666
1,0.25,14.266666666666666
1,0.5,14.266666666666666
2,0.3333333333333333,14.266666666666666
1,0.25,14.266666666666666
1,0.0,14.266666666666666
1,0.0,14.266666666666666
1,0.0,14.266666666666666
1,0.0,14.266666666666666
1,0.2,11.22
1,0.2,11.22
1,0.0,11.22
1,0.0,11.22
1,0.3333333333333333,11.22
0,0.0,11.22
2,0.6,11.22
1,0.0,11.22
1,0.0,11.22
1,0.0,11.22
1,0.0,11.22
1,0.3333333333333333,14.700000000000001
1,0.25,14.700000000000001
2,0.3333333333333333,14.700000000000001
1,0.3333333333333333,14.700000000000001
1,0.25,14.700000000000001
1,0.25,14.700000000000001
1,0.0,14.700000000000001
1,0.0,14.700000000000001
1,0.0,14.700000000000001
1,0.25,15.575
1,0.0,15.575
1,1.0,15.575
2,0.0,15.575
1,0.6666666666666666,15.575
1,0.25,15.575
1,0.0,15.575
1,0.0,15.575
1,0.3333333333333333,15.575
0,0.3333333333333333,15.575
1,0.0,15.575
1,0.2,16.55
1,0.0,16.55
2,0.0,16.55
1,0.25,16.55
1,0.2,16.55
1,0.2,16.55
1,0.4,16.55
1,0.0,16.55
1,0.0,16.55
1,0.25,16.55
1,0.0,20.175
1,0.0,20.175
1,0.0,20.175
2,0.25,20.175
1,0.0,20.175
1,0.25,20.175
1,0.3333333333333333,20.175
0,0.6666666666666666,20.175
1,1.0,20.175
1,0.0,20.175
1,0.25,21.400000000000002
1,0.0,21.400000000000002
2,0.0,21.400000000000002
1,0.0,21.400000000000002
1,0.25,21.400000000000002
0,0.5,21.400000000000002
1,0.25,21.400000000000002
1,0.3333333333333333,21.400000000000002
1,0.0,21.400000000000002
1,1.0,18.599999999999998
1,0.0,18.599999999999998
1,0.0,18.599999999999998
1,0.0,18.599999999999998
2,0.25,18.599999999999998
1,0.25,18.599999999999998
0,0.25,18.599999999999998
1,0.6666666666666666,18.599999999999998
1,0.0,18.599999999999998
1,0.5,18.599999999999998
1,0.0,18.599999999999998
1,0.6,23.7
1,0.25,23.7
2,0.25,23.7
1,0.0,23.7
1,0.3333333333333333,23.7
1,0.0,23.7
1,1.0,23.7
0,0.0,23.7
1,0.3333333333333333,23.7
1,0.0,23.7
1,0.3333333333333333,23.7
1,1.0,23.7
1,0.0,20.099999999999998
1,0.0,20.099999999999998
2,0.5,20.099999999999998
1,0.3333333333333333,20.099999999999998
1,0.0,20.099999999999998
1,0.0,20.099999999999998
1,0.0,20.099999999999998
1,0.0,20.099999999999998
1,0.0,20.099999999999998
1,0.0,20.099999999999998
1,0.0,16.35
1,0.3333333333333333,16.35
1,0.0,16.35
2,0.0,16.35
1,0.25,16.35
1,0.25,16.35
1,0.0,16.35
1,0.0,16.35
1,0.3333333333333333,16.35
1,0.0,16.35
1,0.0,16.35
1,0.3333333333333333,17.46666666666667
1,0.0,17.46666666666667
1,0.25,17.46666666666667
2,0.0,17.46666666666667
1,0.6666666666666666,17.46666666666667
0,0.5,17.46666666666667
1,0.75,17.46666666666667
1,0.0,17.46666666666667
1,0.5,17.46666666666667
1,0.25,17.46666666666667
1,0.5,16.825
1,0.0,16.825
2,0.3333333333333333,16.825
1,0.0,16.825
1,0.0,16.825
1,0.0,16.825
1,0.0,16.825
1,0.0,16.825
1,0.0,16.825
1,0.3333333333333333,16.825
1,0.0,16.825
1,0.0,16.825
1,0.3333333333333333,23.133333333333336
1,0.25,23.133333333333336
1,0.25,23.133333333333336
2,0.0,23.133333333333336
1,0.6666666666666666,23.133333333333336
1,0.0,23.133333333333336
0,0.0,23.133333333333336
1,0.0,23.133333333333336
1,0.5,23.133333333333336
0,0.0,23.133333333333336
1,0.0,23.133333333333336
1,0.3333333333333333,25.525
1,1.0,25.525
1,0.6,25.525
1,0.5,25.525
1,0.25,25.525
1,0.25,25.525
1,0.25,25.525
1,1.0,25.525
0,0.0,25.525
1,0.0,25.525
1,0.25,25.525
1,0.0,24.799999999999997
1,0.0,24.799999999999997
1,0.25,24.799999999999997
1,0.3333333333333333,24.799999999999997
2,0.5,24.799999999999997
1,0.0,24.799999999999997
1,0.3333333333333333,24.799999999999997
1,0.25,24.799999999999997
1,0.25,24.799999999999997
1,0.0,24.799999999999997
1,1.0,24.799999999999997
1,0.0,24.799999999999997
1,0.0,20.225
1,0.3333333333333333,20.225
1,0.4,20.225
2,0.3333333333333333,20.225
1,0.0,20.225
1,0.0,20.225
1,0.25,20.225
1,0.5,20.225
0,0.6666666666666666,20.225
1,0.6666666666666666,17.933333333333334
1,0.2,17.933333333333334
1,0.6,17.933333333333334
2,1.0,17.933333333333334
1,0.2,17.933333333333334
1,0.0,17.933333333333334
1,0.0,17.933333333333334
1,0.0,17.933333333333334
1,0.4,17.933333333333334
0,0.3333333333333333,17.933333333333334
1,0.25,14.866666666666667
1,0.75,14.866666666666667
1,0.0,14.866666666666667
2,0.3333333333333333,14.866666666666667
1,0.5,14.866666666666667
1,0.0,14.866666666666667
1,0.25,14.866666666666667
1,0.0,14.866666666666667
1,0.3333333333333333,14.866666666666667
1,0.6,18.675
1,0.25,18.675
1,0.0,18.675
2,0.0,18.675
1,0.3333333333333333,18.675
1,0.25,18.675
1,1.0,18.675
1,1.0,18.675
1,0.0,18.675
1,0.0,18.675
0,0.0,18.675
1,0.5,18.675
1,0.25,25.7
1,0.0,25.7
1,0.0,25.7
1,0.6,25.7
2,0.25,25.7
1,0.5,25.7
1,0.5,25.7
1,0.0,25.7
1,0.5,25.7
1,0.6666666666666666,25.7
1,0.4,22.675
1,0.0,22.675
1,1.0,22.675
1,0.4,22.675
2,1.0,22.675
1,0.0,22.675
1,0.5,22.675
1,1.0,22.675
1,0.25,22.675
1,0.0,22.675
1,0.0,22.675
1,0.0,22.675
1,0.5,29.46666666666667
1,0.5,29.46666666666667
2,0.0,29.46666666666667
1,0.25,29.46666666666667
1,0.3333333333333333,29.46666666666667
2,0.0,29.46666666666667
1,0.5,29.46666666666667
0,0.3333333333333333,29.46666666666667
1,0.0,29.46666666666667
1,0.0,29.46666666666667
1,0.0,28.233333333333334
1,0.0,28.233333333333334
2,0.75,28.233333333333334
1,0.0,28.233333333333334
1,0.25,28.233333333333334
1,0.0,28.233333333333334
2,0.0,28.233333333333334
0,0.0,28.233333333333334
1,0.0,28.233333333333334
1,0.3333333333333333,28.233333333333334
1,0.3333333333333333,28.233333333333334
1,0.2,27.53333333333333
1,0.5,27.53333333333333
2,1.0,27.53333333333333
1,0.0,27.53333333333333
1,0.3333333333333333,27.53333333333333
1,0.0,27.53333333333333
1,0.5,27.53333333333333
1,0.3333333333333333,27.53333333333333
1,0.0,27.53333333333333
1,0.3333333333333333,27.53333333333333
1,0.0,27.53333333333333
1,0.0,27.53333333333333
1,0.25,27.266666666666666
1,0.0,27.266666666666666
2,0.3333333333333333,27.266666666666666
1,0.0,27.266666666666666
1,0.0,27.266666666666666
2,0.0,27.266666666666666
1,0.0,27.266666666666666
0,0.25,27.266666666666666
1,0.3333333333333333,27.266666666666666
0,0.0,27.266666666666666
1,0.2,30.125
1,0.4,30.125
1,0.2,30.125
1,0.25,30.125
1,0.6666666666666666,30.125
1,0.0,30.125
1,0.5,30.125
2,0.0,30.125
1,0.0,30.125
1,0.5,30.125
1,0.0,30.125
2,0.0,30.125
1,0.0,29.275
1,0.75,29.275
2,0.0,29.275
1,0.3333333333333333,29.275
1,0.25,29.275
1,0.0,29.275
1,0.0,29.275
1,0.0,29.275
1,0.0,29.275
1,0.0,29.275
1,0.0,29.275
1,0.0,29.275
1,0.0,29.275
1,0.0,27.566666666666666
1,0.0,27.566666666666666
1,0.0,27.566666666666666
1,0.25,27.566666666666666
1,0.0,27.566666666666666
1,0.25,27.566666666666666
2,0.0,27.566666666666666
2,0.0,27.566666666666666
1,0.6666666666666666,27.566666666666666
1,0.3333333333333333,27.566666666666666
1,0.5,27.566666666666666
1,0.5,29.5
1,0.0,29.5
1,0.6666666666666666,29.5
1,0.0,29.5
1,0.0,29.5
1,0.0,29.5
1,0.0,29.5
1,0.0,29.5
2,0.0,29.5
1,0.5,29.5
1,0.0,29.5
1,0.0,30.266666666666666
1,0.5,30.266666666666666
1,0.25,30.266666666666666
1,0.25,30.266666666666666
1,0.0,30.266666666666666
2,0.25,30.266666666666666
1,0.5,30.266666666666666
1,0.3333333333333333,30.266666666666666
1,0.0,30.266666666666666
1,0.0,30.266666666666666
2,0.0,30.266666666666666
1,0.75,27.433333333333334
1,0.25,27.433333333333334
2,0.5,27.433333333333334
1,0.25,27.433333333333334
2,0.25,27.433333333333334
1,0.3333333333333333,27.433333333333334
1,0.0,27.433333333333334
0,0.0,27.433333333333334
1,0.0,27.433333333333334
1,0.3333333333333333,28.45
1,0.5,28.45
1,0.25,28.45
2,0.0,28.45
2,0.8,28.45
1,0.8,28.45
1,0.75,28.45
1,0.0,28.45
1,0.0,28.45
1,0.6666666666666666,28.45
1,0.2,29.775
1,0.0,29.775
2,0.3333333333333333,29.775
1,0.3333333333333333,29.775
1,0.25,29.775
1,0.5,29.775
1,0.6666666666666666,29.775
1,0.0,29.775
1,0.25,29.775
1,0.25,29.775
1,0.1666666666666666,29.82
1,0.2,29.82
1,0.0,29.82
2,0.6,29.82
1,0.6666666666666666,29.82
1,0.25,29.82
1,0.0,29.82
1,0.3333333333333333,29.82
1,0.0,29.82
1,0.25,29.82
2,1.0,29.82
1,0.5,29.96666666666667
1,0.0,29.96666666666667
1,0.0,29.96666666666667
1,0.5,29.96666666666667
2,0.5,29.96666666666667
2,0.5,29.96666666666667
1,0.3333333333333333,29.96666666666667
1,0.5,29.96666666666667
1,0.25,29.96666666666667
1,0.6,29.96666666666667
1,0.6666666666666666,29.96666666666667
1,0.0,29.96666666666667
1,1.0,29.96666666666667
0,0.3333333333333333,29.96666666666667
1,0.0,18.875
1,0.25,18.875
1,0.5,18.875
2,0.0,18.875
1,0.0,18.875
1,0.0,18.875
1,0.0,18.875
1,0.6666666666666666,18.875
0,0.5,18.875
1,0.0,18.875
1,0.25,23.95
1,0.5,23.95
1,0.6,23.95
2,0.0,23.95
1,0.3333333333333333,23.95
1,0.0,23.95
1,0.0,23.95
1,0.5,23.95
1,0.5,23.95
1,0.25,23.95
1,0.2,25.675
1,0.2,25.675
1,0.25,25.675
2,0.5,25.675
1,0.5,25.675
1,0.75,25.675
1,0.0,25.675
1,0.3333333333333333,25.675
1,0.0,25.675
1,0.25,27.933333333333334
1,0.0,27.933333333333334
1,0.0,27.933333333333334
1,0.0,27.933333333333334
2,0.5,27.933333333333334
1,0.0,27.933333333333334
1,0.0,27.933333333333334
1,0.25,27.933333333333334
1,0.0,27.933333333333334
0,0.5,27.933333333333334
1,0.5,28.475
1,0.4,28.475
2,0.6,28.475
1,0.25,28.475
1,0.0,28.475
1,0.0,28.475
1,1.0,28.475
1,0.4,28.475
1,0.2,28.475
0,0.4,28.475
1,0.5,28.475
1,0.25,31.866666666666664
1,0.0,31.866666666666664
2,0.0,31.866666666666664
1,0.5,31.866666666666664
1,0.25,31.866666666666664
1,0.3333333333333333,31.866666666666664
1,0.3333333333333333,31.866666666666664
1,0.0,31.866666666666664
1,0.0,31.866666666666664
1,0.25,31.675
1,0.0,31.675
2,0.0,31.675
1,0.25,31.675
1,1.0,31.675
1,0.25,31.675
1,0.0,31.675
1,0.0,31.675
1,0.0,31.675
1,0.2,25.400000000000002
1,0.25,25.400000000000002
1,0.0,25.400000000000002
1,0.25,25.400000000000002
2,0.3333333333333333,25.400000000000002
1,0.3333333333333333,25.400000000000002
1,0.5,25.400000000000002
1,0.0,25.400000000000002
1,0.5,25.400000000000002
1,0.25,25.400000000000002
1,0.0,27.580000000000002
1,0.0,27.580000000000002
1,0.4,27.580000000000002
2,0.0,27.580000000000002
1,0.2,27.580000000000002
2,0.25,27.580000000000002
1,0.25,27.580000000000002
1,0.0,27.580000000000002
1,0.4,27.580000000000002
1,0.4,27.580000000000002
1,0.4,27.580000000000002
0,0.3333333333333333,27.580000000000002
1,0.0,27.580000000000002
1,0.0,25.833333333333332
1,0.5,25.833333333333332
1,0.25,25.833333333333332
2,0.5,25.833333333333332
1,0.25,25.833333333333332
1,0.0,25.833333333333332
1,0.0,25.833333333333332
2,0.0,25.833333333333332
0,0.0,25.833333333333332
1,0.0,25.833333333333332
1,0.0,25.833333333333332
1,0.5,25.833333333333332
1,0.0,26.1
1,0.5,26.1
2,0.25,26.1
1,0.5,26.1
1,0.6666666666666666,26.1
1,0.25,26.1
1,0.0,26.1
1,0.5,26.1
1,0.0,26.1
1,0.0,26.475
1,0.4,26.475
2,0.25,26.475
1,0.4,26.475
1,0.2,26.475
1,0.6666666666666666,26.475
1,0.0,26.475
0,0.5,26.475
2,0.0,26.475
1,0.3333333333333333,26.475
1,0.0,32.9
1,0.25,32.9
1,0.0,32.9
1,0.0,32.9
1,0.5,32.9
1,0.3333333333333333,32.9
1,0.0,32.9
1,0.25,32.9
1,0.25,32.9
1,0.5,36.025
1,0.4,36.025
1,0.25,36.025
1,0.0,36.025
2,0.5,36.025
1,0.6666666666666666,36.025
1,0.0,36.025
1,0.0,36.025
1,0.75,36.025
1,0.0,36.025
1,0.6,35.7
1,0.4,35.7
1,0.3333333333333333,35.7
1,1.0,35.7
2,0.5,35.7
1,0.0,35.7
1,0.0,35.7
1,0.0,35.7
1,0.2,35.7
1,0.25,35.7
1,0.5,35.7
1,0.0,35.7
1,0.5,35.7
1,0.5,27.866666666666664
1,0.3333333333333333,27.866666666666664
1,0.0,27.866666666666664
1,0.5,27.866666666666664
1,0.0,27.866666666666664
2,0.0,27.866666666666664
2,0.0,27.866666666666664
1,0.0,27.866666666666664
1,0.6666666666666666,27.866666666666664
1,0.6666666666666666,27.866666666666664
1,0.5,28.2
1,0.25,28.2
2,0.0,28.2
1,0.0,28.2
1,1.0,28.2
1,0.0,28.2
1,1.0,28.2
1,0.0,28.2
1,0.0,28.2
1,0.3333333333333333,28.2
1,0.0,28.2
0,0.0,28.2
1,0.25,25.025
1,0.0,25.025
1,0.0,25.025
1,0.0,25.025
1,0.0,25.025
2,0.3333333333333333,25.025
1,0.0,25.025
1,0.0,25.025
1,0.0,25.025
1,0.0,26.53333333333333
1,0.0,26.53333333333333
2,0.0,26.53333333333333
2,0.5,26.53333333333333
1,0.0,26.53333333333333
1,0.25,26.53333333333333
1,0.0,26.53333333333333
1,0.5,26.53333333333333
1,0.0,26.53333333333333
1,0.0,27.266666666666666
1,0.0,27.266666666666666
1,0.0,27.266666666666666
2,0.25,27.266666666666666
1,0.5,27.266666666666666
2,0.0,27.266666666666666
1,0.3333333333333333,27.266666666666666
1,0.0,27.266666666666666
0,0.0,27.266666666666666
1,0.0,27.266666666666666
1,0.0,27.266666666666666
1,0.0,27.266666666666666
1,0.25,26.275
1,0.0,26.275
1,0.25,26.275
1,0.25,26.275
2,0.0,26.275
1,0.6666666666666666,26.275
1,0.0,26.275
1,0.0,26.275
1,0.0,26.275
2,0.0,26.275
1,0.3333333333333333,26.275
1,0.2,24.95
1,0.0,24.95
1,0.5,24.95
2,0.3333333333333333,24.95
1,0.5,24.95
1,0.3333333333333333,24.95
1,0.25,24.95
1,0.25,24.95
1,0.0,24.95
1,0.0,24.95
2,0.0,24.95
1,0.0,25.225
1,0.0,25.225
1,0.0,25.225
1,0.3333333333333333,25.225
1,0.0,25.225
2,0.5,25.225
0,0.0,25.225
1,0.3333333333333333,25.225
1,0.0,25.225
1,0.0,25.225
1,0.3333333333333333,25.225
1,0.5,25.225
1,0.5,25.225
1,0.3333333333333333,29.3
1,0.5,29.3
2,0.0,29.3
1,0.25,29.3
1,0.0,29.3
1,0.0,29.3
1,0.0,29.3
1,0.0,29.3
0,0.5,29.3
1,1.0,29.3
1,0.25,29.3
1,0.0,26.05
1,0.8,26.05
2,0.25,26.05
2,0.0,26.05
1,0.4,26.05
1,0.75,26.05
1,0.5,26.05
1,0.0,26.05
1,0.2,26.05
1,0.25,26.05
1,0.5,26.05
1,0.0,31.375
1,0.5,31.375
1,0.5,31.375
1,0.0,31.375
2,0.5,31.375
1,0.0,31.375
1,0.2,31.375
1,0.6,31.375
1,0.5,31.375
1,0.6666666666666666,31.375
1,0.0,31.375
1,0.25,31.375
1,0.4,25.825
1,0.25,25.825
1,0.2,25.825
2,0.25,25.825
1,0.6,25.825
1,1.0,25.825
1,0.0,25.825
1,0.0,25.825
1,0.0,25.825
1,0.3333333333333333,26.975
1,0.0,26.975
1,0.25,26.975
1,0.0,26.975
2,0.5,26.975
1,0.6666666666666666,26.975
1,0.25,26.975
1,0.5,26.975
1,0.5,26.975
1,0.25,26.975
1,0.0,23.95
1,0.0,23.95
1,0.5,23.95
1,0.25,23.95
2,0.6666666666666666,23.95
1,0.0,23.95
1,1.0,23.95
1,0.0,23.95
1,0.0,23.95
1,0.0,23.95
1,0.0,23.95
1,1.0,23.95
0,0.3333333333333333,23.95
1,0.3333333333333333,23.95
1,0.25,23.53333333333333
1,0.25,23.53333333333333
1,0.0,23.53333333333333
2,0.25,23.53333333333333
1,0.0,23.53333333333333
1,0.0,23.53333333333333
1,0.0,23.53333333333333
1,0.3333333333333333,23.53333333333333
1,0.3333333333333333,23.53333333333333
1,0.5,23.53333333333333
1,0.0,26.525
1,0.0,26.525
1,0.6,26.525
1,0.0,26.525
1,0.0,26.525
2,0.5,26.525
1,0.25,26.525
1,0.75,26.525
1,0.5,26.525
1,0.5,26.525
1,0.0,26.525
1,0.3333333333333333,27.275
1,0.3333333333333333,27.275
1,0.0,27.275
1,1.0,27.275
2,0.25,27.275
1,0.0,27.275
1,0.0,27.275
1,0.3333333333333333,27.275
1,0.5,27.275
1,0.3333333333333333,27.275
1,0.0,27.275
1,0.0,27.275
1,0.5,21.375
1,0.0,21.375
1,0.5,21.375
2,0.5,21.375
1,0.0,21.375
1,0.5,21.375
1,0.0,21.375
1,0.3333333333333333,21.375
1,0.0,21.375
1,0.25,21.9
1,0.5,21.9
1,0.25,21.9
2,0.0,21.9
1,0.3333333333333333,21.9
1,0.3333333333333333,21.9
1,0.0,21.9
1,0.5,21.9
1,0.0,21.9
1,0.0,21.9
1,0.2,26.1
1,0.0,26.1
1,0.25,26.1
1,0.0,26.1
2,0.0,26.1
1,0.3333333333333333,26.1
1,0.0,26.1
1,0.5,26.1
1,0.3333333333333333,26.1
1,0.0,26.1
1,0.5,30.225
1,1.0,30.225
1,0.0,30.225
1,0.6666666666666666,30.225
2,0.6666666666666666,30.225
1,0.0,30.225
1,0.25,30.225
1,0.0,30.225
1,0.0,30.225
1,0.75,30.225
1,0.2,30.225
1,0.5,30.225
1,0.0,30.225
1,0.0,30.066666666666666
2,0.0,30.066666666666666
2,0.0,30.066666666666666
1,0.0,30.066666666666666
1,0.0,30.066666666666666
1,0.3333333333333333,30.066666666666666
1,0.0,30.066666666666666
1,0.3333333333333333,30.066666666666666
1,0.3333333333333333,30.066666666666666
1,0.3333333333333333,30.066666666666666
1,0.2,27.775
1,0.4,27.775
1,0.3333333333333333,27.775
1,1.0,27.775
2,0.0,27.775
2,0.0,27.775
1,0.4,27.775
1,0.3333333333333333,27.775
1,0.0,27.775
1,0.6666666666666666,27.775
0,0.25,27.775
1,0.25,27.775
1,0.0,28.32
2,0.0,28.32
1,0.5,28.32
1,0.0,28.32
1,0.5,28.32
1,0.0,28.32
1,0.0,28.32
1,0.0,28.32
1,0.0,28.32
1,0.3333333333333333,28.32
2,1.0,28.32
1,0.5,28.32
1,0.0,33.166666666666664
1,0.5,33.166666666666664
1,0.25,33.166666666666664
2,0.5,33.166666666666664
1,0.25,33.166666666666664
1,0.25,33.166666666666664
1,0.3333333333333333,33.166666666666664
1,1.0,33.166666666666664
1,0.0,33.166666666666664
1,0.0,33.166666666666664
1,0.25,33.166666666666664
1,0.0,33.125
1,0.25,33.125
1,0.25,33.125
2,0.0,33.125
1,0.25,33.125
1,0.0,33.125
1,0.0,33.125
1,0.0,33.125
2,0.0,33.125
1,0.3333333333333333,33.125
1,0.0,33.125
1,0.3333333333333333,23.65
1,0.0,23.65
0,0.75,23.65
2,0.3333333333333333,23.65
1,0.3333333333333333,23.65
1,0.0,23.65
1,0.3333333333333333,23.65
1,0.0,23.65
1,0.75,23.65
1,0.0,23.65
1,0.4,21.6
0,0.75,21.6
1,0.0,21.6
2,0.5,21.6
1,0.0,21.6
1,0.75,21.6
1,0.75,21.6
1,0.0,21.6
1,0.5,21.6
1,0.4,21.6
1,0.25,21.6
1,0.0,21.6
0,0.0,21.6
1,0.25,22.566666666666666
0,0.0,22.566666666666666
2,0.25,22.566666666666666
1,0.75,22.566666666666666
1,0.5,22.566666666666666
1,0.0,22.566666666666666
1,1.0,22.566666666666666
1,0.0,22.566666666666666
1,1.0,22.566666666666666
1,0.25,22.566666666666666
0,0.0,22.566666666666666
1,0.0,22.566666666666666
1,0.5,19.9
0,0.5,19.9
2,0.4,19.9
1,0.0,19.9
1,0.0,19.9
1,0.4,19.9
1,0.0,19.9
1,0.0,19.9
1,0.25,19.9
1,0.4,19.9
1,0.0,19.9
1,0.0,19.9
1,0.0,19.9
1,0.5,22.766666666666666
0,0.0,22.766666666666666
1,0.0,22.766666666666666
2,0.0,22.766666666666666
1,0.3333333333333333,22.766666666666666
1,0.0,22.766666666666666
1,0.0,22.766666666666666
1,0.3333333333333333,22.766666666666666
1,0.0,22.766666666666666
1,0.3333333333333333,22.766666666666666
1,0.5,27.275
1,0.0,27.275
1,0.4,27.275
2,0.25,27.275
1,0.0,27.275
1,0.3333333333333333,27.275
1,0.5,27.275
1,0.0,27.275
1,1.0,27.275
1,0.5,27.275
1,0.0,27.275
1,0.25,27.275
1,0.3333333333333333,27.275
1,0.25,25.825
1,0.0,25.825
1,0.0,25.825
1,0.0,25.825
2,0.4,25.825
1,0.2,25.825
1,0.2,25.825
1,0.25,25.825
1,0.25,25.825
1,0.25,25.825
1,0.25,25.825
1,0.3333333333333333,25.225
1,0.0,25.225
1,0.25,25.225
2,0.0,25.225
1,0.75,25.225
1,0.3333333333333333,25.225
1,0.25,25.225
1,0.25,25.225
1,0.0,25.225
1,0.5,25.225
1,0.5,19.55
2,0.4,19.55
1,0.4,19.55
1,0.0,19.55
1,0.4,19.55
1,0.3333333333333333,19.55
1,0.0,19.55
1,1.0,19.55
1,1.0,19.55
0,0.0,19.55
1,1.0,19.55
1,0.5,19.55
1,0.0,17.8
2,0.3333333333333333,17.8
1,0.25,17.8
1,0.3333333333333333,17.8
1,0.25,17.8
1,1.0,17.8
1,0.0,17.8
1,0.0,17.8
1,0.0,17.8
1,0.0,17.8
1,0.0,17.8
1,0.25,20.6
1,0.0,20.6
2,0.0,20.6
1,0.25,20.6
1,0.0,20.6
1,0.0,20.6
1,0.0,20.6
1,0.0,20.6
1,0.5,20.6
1,0.0,20.6
1,0.0,20.6
1,0.0,22.55
1,0.5,22.55
2,0.0,22.55
1,0.0,22.55
1,0.0,22.55
1,0.0,22.55
1,0.0,22.55
1,0.3333333333333333,22.55
1,0.0,22.55
1,0.25,24.5
1,0.0,24.5
1,0.0,24.5
1,0.0,24.5
1,0.0,24.5
1,0.25,24.5
1,0.0,24.5
1,0.0,24.5
1,0.3333333333333333,24.5
1,0.3333333333333333,24.5
1,0.6,25.625
2,0.0,25.625
1,0.0,25.625
1,0.25,25.625
1,1.0,25.625
1,0.3333333333333333,25.625
1,0.0,25.625
1,0.5,25.625
1,0.0,25.625
1,0.0,25.625
1,0.0,25.625
1,0.5,25.46666666666667
0,0.25,25.46666666666667
1,0.25,25.46666666666667
1,0.0,25.46666666666667
1,0.0,25.46666666666667
1,0.0,25.46666666666667
1,0.0,25.46666666666667
1,0.25,25.46666666666667
1,0.0,25.46666666666667
1,0.5,25.46666666666667
1,0.5,23.433333333333334
1,0.3333333333333333,23.433333333333334
1,0.0,23.433333333333334
1,0.3333333333333333,23.433333333333334
0,0.0,23.433333333333334
1,0.0,23.433333333333334
1,0.0,23.433333333333334
1,0.3333333333333333,23.433333333333334
1,0.0,23.433333333333334
1,0.0,23.433333333333334
1,0.0,23.433333333333334
1,0.0,23.433333333333334
1,0.0,23.433333333333334
1,0.0,13.200000000000001
1,0.0,13.200000000000001
2,0.6666666666666666,13.200000000000001
1,0.0,13.200000000000001
1,0.6666666666666666,13.200000000000001
1,0.5,13.200000000000001
1,0.6666666666666666,13.200000000000001
1,0.0,13.200000000000001
1,1.0,13.200000000000001
1,0.0,13.200000000000001
1,0.5,13.875
1,0.0,13.875
2,0.0,13.875
1,1.0,13.875
2,0.6666666666666666,13.875
1,0.25,13.875
1,0.5,13.875
1,0.3333333333333333,13.875
1,0.0,13.875
1,0.5,13.875
1,0.25,13.875
1,0.6666666666666666,25.15
1,0.0,25.15
1,0.0,25.15
1,0.0,25.15
2,0.6,25.15
1,0.0,25.15
0,0.5,25.15
1,0.0,25.15
1,0.0,25.15
1,0.2,25.15
1,0.25,25.15
1,0.25,25.15
1,0.25,23.9
1,0.0,23.9
1,0.0,23.9
1,0.5,23.9
2,0.25,23.9
2,0.6666666666666666,23.9
1,0.0,23.9
1,0.0,23.9
1,0.0,23.9
1,0.0,23.9
1,0.0,23.9
1,0.25,25.425
1,0.0,25.425
1,0.0,25.425
0,0.0,25.425
2,0.5,25.425
1,0.6666666666666666,25.425
1,0.25,25.425
1,0.0,25.425
1,0.5,25.425
1,0.25,25.425
1,0.25,25.425
1,0.3333333333333333,27.8
1,1.0,27.8
1,0.1666666666666666,27.8
2,0.75,27.8
1,0.25,27.8
1,0.5,27.8
2,0.0,27.8
1,0.0,27.8
1,0.6666666666666666,27.8
0,0.2,27.8
1,0.5,27.8
1,0.0,27.8
1,0.25,22.925
1,0.0,22.925
1,0.0,22.925
1,0.3333333333333333,22.925
2,0.5,22.925
1,0.3333333333333333,22.925
1,0.25,22.925
1,0.0,22.925
1,0.5,22.925
1,0.25,22.925
1,0.0,22.925
1,0.0,20.933333333333334
1,0.25,20.933333333333334
2,0.0,20.933333333333334
1,0.5,20.933333333333334
1,0.0,20.933333333333334
1,0.0,20.933333333333334
1,0.0,20.933333333333334
1,0.0,20.933333333333334
1,0.0,20.933333333333334
1,0.4,12.25
1,0.0,12.25
1,0.25,12.25
1,0.25,12.25
1,0.25,12.25
1,0.3333333333333333,12.25
2,0.0,12.25
1,0.0,12.25
1,0.0,12.25
1,1.0,12.25
1,0.2,12.225
1,0.75,12.225
1,0.25,12.225
1,0.0,12.225
1,0.25,12.225
1,0.25,12.225
2,0.0,12.225
1,0.0,12.225
1,0.6666666666666666,12.225
1,0.0,12.225
1,0.4,8.475000000000001
1,0.25,8.475000000000001
1,0.4,8.475000000000001
1,0.0,8.475000000000001
1,0.6666666666666666,8.475000000000001
1,0.0,8.475000000000001
1,0.25,8.475000000000001
1,0.25,8.475000000000001
1,0.0,8.475000000000001
2,0.0,8.475000000000001
1,0.25,4.575
1,0.4,4.575
1,0.5,4.575
1,0.25,4.575
1,0.25,4.575
1,0.25,4.575
1,0.0,4.575
1,0.25,4.575
1,0.25,4.575
1,0.4,4.05
1,0.5,4.05
1,0.0,4.05
1,0.0,4.05
1,0.3333333333333333,4.05
1,0.3333333333333333,4.05
2,0.5,4.05
1,0.0,4.05
1,0.0,4.05
1,0.0,4.05
1,0.2,12.075
1,0.3333333333333333,12.075
2,0.0,12.075
1,0.3333333333333333,12.075
1,0.0,12.075
1,0.0,12.075
1,0.5,12.075
1,0.25,12.075
1,0.0,12.075
1,0.5,12.075
1,0.0,12.075
1,0.0,12.075
1,0.0,12.075
1,0.5,18.05
2,0.0,18.05
1,0.25,18.05
1,0.0,18.05
1,0.25,18.05
1,0.5,18.05
1,0.25,18.05
1,0.0,18.05
1,0.0,18.05
1,0.25,17.25
1,0.0,17.25
2,0.0,17.25
1,0.6666666666666666,17.25
1,0.5,17.25
1,0.75,17.25
1,0.3333333333333333,17.25
1,0.75,17.25
1,0.0,17.25
1,0.0,17.25
1,0.25,17.25
1,0.25,18.075
1,0.5,18.075
1,0.0,18.075
1,0.6666666666666666,18.075
1,0.25,18.075
1,0.25,18.075
1,0.3333333333333333,18.075
1,0.3333333333333333,18.075
1,0.25,18.075
1,0.4,17.5
1,0.25,17.5
1,0.5,17.5
1,0.6,17.5
1,0.4,17.5
1,0.0,17.5
2,0.6,17.5
1,0.0,17.5
1,1.0,17.5
1,0.5,17.5
1,0.0,17.5
1,0.0,17.5
1,0.25,16.56
1,0.5,16.56
1,1.0,16.56
1,0.0,16.56
1,0.0,16.56
1,0.2,16.56
1,0.0,16.56
1,0.25,16.56
1,0.0,16.56
1,0.0,16.56
1,0.4,16.56
1,0.0,16.56
1,0.2,16.125
1,0.0,16.125
1,0.5,16.125
1,0.0,16.125
1,0.0,16.125
1,0.75,16.125
1,0.3333333333333333,16.125
1,0.0,16.125
1,0.0,16.125
1,0.0,16.125
1,0.0,16.125
2,0.0,16.125
1,1.0,16.125
1,0.0,16.125
1,0.5,16.125
1,0.4,16.950000000000003
1,0.5,16.950000000000003
2,0.3333333333333333,16.950000000000003
1,0.25,16.950000000000003
1,0.0,16.950000000000003
1,0.5,16.950000000000003
1,0.0,16.950000000000003
1,0.6,16.950000000000003
1,0.2,16.950000000000003
1,0.6,16.950000000000003
1,0.2,12.1
1,0.25,12.1
1,0.0,12.1
1,0.0,12.1
1,0.3333333333333333,12.1
1,0.0,12.1
1,0.0,12.1
1,0.5,12.1
1,0.0,12.1
1,0.0,12.1
1,0.0,12.1
2,0.0,12.1
1,0.2,20.275
1,0.0,20.275
1,0.5,20.275
1,0.25,20.275
1,0.3333333333333333,20.275
1,0.3333333333333333,20.275
1,0.0,20.275
1,0.0,20.275
1,0.0,20.275
1,0.5,20.275
1,0.25,22.5
1,0.3333333333333333,22.5
0,0.4,22.5
1,0.0,22.5
1,0.25,22.5
1,0.75,22.5
1,0.3333333333333333,22.5
1,0.0,22.5
1,0.0,22.5
1,0.0,22.5
1,0.0,22.5
1,0.6666666666666666,19.9
1,0.2857142857142857,19.9
0,0.75,19.9
1,0.0,19.9
1,0.0,19.9
1,0.5,19.9
1,0.0,19.9
1,0.1666666666666666,19.9
1,0.0,19.9
1,0.5,19.9
1,0.3333333333333333,19.9
1,0.0,19.9
0,0.5,19.9
1,0.6666666666666666,14.233333333333334
1,0.0,14.233333333333334
0,0.25,14.233333333333334
1,0.3333333333333333,14.233333333333334
1,0.5,14.233333333333334
0,0.3333333333333333,14.233333333333334
1,0.0,14.233333333333334
1,0.75,14.233333333333334
1,0.25,14.233333333333334
1,0.25,14.233333333333334
1,0.3333333333333333,14.366666666666667
1,0.0,14.366666666666667
1,0.0,14.366666666666667
0,0.0,14.366666666666667
1,0.0,14.366666666666667
1,0.25,14.366666666666667
0,0.3333333333333333,14.366666666666667
1,1.0,14.366666666666667
1,0.6666666666666666,14.366666666666667
1,0.0,14.366666666666667
1,0.3333333333333333,14.366666666666667
1,0.6,16.25
1,0.0,16.25
1,1.0,16.25
0,0.0,16.25
1,0.0,16.25
1,0.3333333333333333,16.25
0,0.0,16.25
1,0.5,16.25
1,0.0,16.25
1,0.5,16.25
1,0.0,16.25
1,1.0,16.25
1,0.0,24.4
1,0.2,24.4
0,0.4,24.4
1,0.6666666666666666,24.4
1,0.2,24.4
1,0.6,24.4
0,0.0,24.4
1,0.3333333333333333,24.4
1,0.0,24.4
1,0.0,24.4
1,0.2,24.4
1,0.0,15.675
1,0.0,15.675
0,0.25,15.675
1,0.25,15.675
1,0.5,15.675
1,0.25,15.675
1,0.0,15.675
1,0.0,15.675
1,0.0,15.675
1,0.25,15.675
1,0.0,18.6
1,0.0,18.6
0,0.25,18.6
1,0.0,18.6
0,0.0,18.6
1,0.0,18.6
1,0.0,18.6
1,0.5,18.6
1,0.0,18.6
1,0.5,18.6
1,0.5,20.3
1,0.25,20.3
0,0.3333333333333333,20.3
1,0.0,20.3
1,0.25,20.3
1,0.3333333333333333,20.3
1,0.0,20.3
1,0.0,20.3
1,0.6666666666666666,20.3
1,0.0,20.3
1,0.25,16.525
1,0.0,16.525
1,0.0,16.525
0,0.0,16.525
1,0.0,16.525
1,0.5,16.525
1,0.75,16.525
1,0.6666666666666666,16.525
1,0.0,16.525
1,0.0,16.525
1,1.0,16.525
1,0.0,24.933333333333334
1,0.0,24.933333333333334
0,0.0,24.933333333333334
1,0.5,24.933333333333334
1,0.3333333333333333,24.933333333333334
0,0.3333333333333333,24.933333333333334
1,1.0,24.933333333333334
1,0.0,24.933333333333334
1,0.0,24.933333333333334
1,0.2,19.7
1,0.6666666666666666,19.7
1,0.0,19.7
1,0.0,19.7
1,0.0,19.7
0,0.0,19.7
1,1.0,19.7
1,0.75,19.7
1,0.3333333333333333,19.7
1,0.5,19.7
1,0.6,16.925
1,1.0,16.925
1,0.2,16.925
0,0.0,16.925
1,0.5,16.925
1,0.6666666666666666,16.925
1,0.5,16.925
1,0.6,16.925
1,0.0,16.925
1,0.0,16.925
1,0.2,16.925
1,0.2,21.125
1,0.0,21.125
1,0.0,21.125
0,0.0,21.125
1,0.0,21.125
1,0.3333333333333333,21.125
1,0.5,21.125
1,0.25,21.125
1,0.0,21.125
1,1.0,21.125
1,0.3333333333333333,21.125
1,0.0,21.125
1,0.0,21.0
1,0.5,21.0
0,0.0,21.0
1,0.2,21.0
1,0.4,21.0
1,0.3333333333333333,21.0
1,0.5,21.0
1,0.75,21.0
1,0.0,21.0
1,0.3333333333333333,22.733333333333334
1,0.25,22.733333333333334
0,1.0,22.733333333333334
1,0.5,22.733333333333334
1,0.0,22.733333333333334
1,0.25,22.733333333333334
1,0.5,22.733333333333334
1,0.0,22.733333333333334
1,0.5,22.733333333333334
1,0.3333333333333333,21.733333333333334
1,0.3333333333333333,21.733333333333334
1,0.0,21.733333333333334
0,0.0,21.733333333333334
1,0.0,21.733333333333334
1,0.0,21.733333333333334
1,0.0,21.733333333333334
0,0.3333333333333333,21.733333333333334
1,0.25,21.733333333333334
1,0.0,21.733333333333334
1,0.0,23.599999999999998
1,0.0,23.599999999999998
0,0.3333333333333333,23.599999999999998
1,0.5,23.599999999999998
1,0.3333333333333333,23.599999999999998
1,0.3333333333333333,23.599999999999998
1,1.0,23.599999999999998
1,0.6666666666666666,23.599999999999998
1,0.25,23.599999999999998
1,0.0,23.599999999999998
1,0.2,23.2
1,0.3333333333333333,23.2
0,0.0,23.2
1,0.5,23.2
1,0.25,23.2
1,0.3333333333333333,23.2
1,0.25,23.2
1,0.5,23.2
1,0.0,23.2
1,0.0,23.2
1,0.0,23.425
1,0.3333333333333333,23.425
0,0.0,23.425
1,0.3333333333333333,23.425
1,0.5,23.425
1,0.0,23.425
1,0.0,23.425
1,0.0,23.425
1,0.0,23.425
1,0.0,23.425
1,0.0,20.18
1,0.0,20.18
0,0.0,20.18
1,0.25,20.18
1,0.0,20.18
1,0.3333333333333333,20.18
1,0.0,20.18
1,0.0,20.18
1,0.0,20.18
1,0.3333333333333333,20.18
1,0.0,20.18
1,0.25,20.18
1,0.0,15.233333333333333
1,0.25,15.233333333333333
0,0.25,15.233333333333333
1,0.0,15.233333333333333
1,0.25,15.233333333333333
1,0.5,15.233333333333333
1,0.25,15.233333333333333
1,0.5,15.233333333333333
1,0.25,15.233333333333333
1,0.0,14.266666666666666
1,0.0,14.266666666666666
1,0.0,14.266666666666666
0,0.0,14.266666666666666
1,0.75,14.266666666666666
1,0.25,14.266666666666666
1,0.0,14.266666666666666
1,0.0,14.266666666666666
1,0.0,14.266666666666666
1,0.0,14.266666666666666
1,0.5,11.22
1,0.4,11.22
0,0.0,11.22
1,0.0,11.22
1,0.25,11.22
1,0.3333333333333333,11.22
1,0.0,11.22
1,0.2,11.22
1,0.0,11.22
1,0.25,11.22
1,0.3333333333333333,23.25
1,0.0,23.25
1,0.0,23.25
1,0.0,23.25
1,0.5,23.25
1,0.2,23.25
0,0.25,23.25
1,0.3333333333333333,23.25
1,0.5,23.25
1,0.0,23.25
1,0.0,23.25
1,0.3333333333333333,23.25
1,0.5,20.175
1,0.6666666666666666,20.175
1,0.5,20.175
1,0.0,20.175
1,0.0,20.175
0,0.0,20.175
1,0.25,20.175
1,0.0,20.175
1,0.0,20.175
1,0.0,20.175
1,0.0,20.175
1,0.4,21.400000000000002
1,0.25,21.400000000000002
1,0.0,21.400000000000002
1,0.5,21.400000000000002
1,0.6666666666666666,21.400000000000002
0,0.0,21.400000000000002
1,0.25,21.400000000000002
1,0.5,21.400000000000002
1,0.5,21.400000000000002
1,0.5,15.98
1,0.0,15.98
1,0.6666666666666666,15.98
1,0.0,15.98
1,0.2,15.98
1,0.0,15.98
1,0.0,15.98
0,0.6666666666666666,15.98
1,0.3333333333333333,15.98
1,0.25,15.98
1,0.3333333333333333,15.98
1,0.0,18.3
1,0.5,18.3
1,0.0,18.3
1,0.5,18.3
0,0.3333333333333333,18.3
1,0.0,18.3
1,0.3333333333333333,18.3
1,0.3333333333333333,18.3
1,0.0,18.3
1,0.0,18.3
1,1.0,20.6
1,0.0,20.6
1,0.5,20.6
1,0.3333333333333333,20.6
1,0.0,20.6
0,0.0,20.6
1,0.0,20.6
1,0.0,20.6
1,0.5,20.6
1,0.6666666666666666,25.1
1,1.0,25.1
1,0.0,25.1
1,0.0,25.1
1,0.5,25.1
1,0.0,25.1
1,0.3333333333333333,25.1
0,0.5,25.1
1,0.25,25.1
1,0.0,25.1
1,0.0,25.1
1,0.75,25.1
1,0.3333333333333333,22.45
1,0.25,22.45
1,0.75,22.45
1,0.0,22.45
1,0.3333333333333333,22.45
1,0.25,22.45
0,0.25,22.45
1,0.3333333333333333,22.45
1,0.0,22.45
1,0.0,23.55
1,0.4,23.55
1,0.5,23.55
1,0.0,23.55
1,0.4,23.55
1,0.25,23.55
1,0.3333333333333333,23.55
0,0.25,23.55
1,0.0,23.55
2,0.3333333333333333,23.55
1,1.0,23.55
1,0.4,25.475
1,0.2,25.475
1,0.8,25.475
1,0.4,25.475
0,0.0,25.475
1,0.5,25.475
1,0.0,25.475
1,0.0,25.475
1,0.5,25.475
1,0.5,25.475
1,0.0,25.475
1,0.6666666666666666,26.4
1,0.0,26.4
1,0.0,26.4
1,0.3333333333333333,26.4
1,0.0,26.4
1,0.0,26.4
1,0.5,26.4
1,0.25,26.4
1,0.3333333333333333,26.4
0,0.0,26.4
1,0.0,26.4
1,0.0,26.4
1,0.3333333333333333,22.1
1,0.8,22.1
1,0.6666666666666666,22.1
1,0.6666666666666666,22.1
1,0.2,22.1
1,0.0,22.1
1,0.5,22.1
1,0.0,22.1
1,0.0,22.1
1,0.3333333333333333,22.25
1,0.0,22.25
1,0.25,22.25
1,0.3333333333333333,22.25
1,0.25,22.25
1,0.0,22.25
1,0.0,22.25
0,0.3333333333333333,22.25
1,0.0,22.25
1,0.0,22.25
1,0.0,22.25
1,0.25,22.25
1,0.3333333333333333,22.25
1,0.0,20.975
1,0.2,20.975
1,0.2,20.975
1,0.25,20.975
1,0.0,20.975
1,0.2,20.975
0,0.3333333333333333,20.975
1,1.0,20.975
1,0.0,20.975
1,0.0,20.975
1,0.0,20.975
1,0.25,25.266666666666666
1,0.3333333333333333,25.266666666666666
1,0.3333333333333333,25.266666666666666
1,0.0,25.266666666666666
1,0.25,25.266666666666666
1,0.6666666666666666,25.266666666666666
0,0.5,25.266666666666666
1,0.0,25.266666666666666
1,0.3333333333333333,25.266666666666666
1,0.0,26.400000000000002
1,0.0,26.400000000000002
1,1.0,26.400000000000002
1,0.0,26.400000000000002
1,0.0,26.400000000000002
0,0.3333333333333333,26.400000000000002
1,0.0,26.400000000000002
1,0.5,26.400000000000002
1,0.0,26.400000000000002
1,0.0,26.400000000000002
1,0.5,26.400000000000002
1,0.0,28.7
1,0.0,28.7
1,0.0,28.7
1,0.5,28.7
1,0.6666666666666666,28.7
1,0.25,28.7
1,0.25,28.7
0,0.5,28.7
1,0.0,28.7
1,0.0,28.7
1,0.5,28.7
1,0.0,28.666666666666668
1,0.25,28.666666666666668
1,0.0,28.666666666666668
1,0.3333333333333333,28.666666666666668
1,0.0,28.666666666666668
1,0.0,28.666666666666668
0,0.0,28.666666666666668
1,0.0,28.666666666666668
1,0.3333333333333333,28.666666666666668
1,0.0,28.666666666666668
1,0.0,28.666666666666668
1,0.2,28.625
1,0.25,28.625
1,0.4,28.625
1,0.4,28.625
0,0.5,28.625
2,0.3333333333333333,28.625
1,0.0,28.625
1,0.0,28.625
1,0.5,28.625
1,0.0,28.625
1,0.5,28.625
1,1.0,28.625
1,0.4,29.95
1,0.0,29.95
1,0.3333333333333333,29.95
1,0.6666666666666666,29.95
1,0.25,29.95
0,0.6666666666666666,29.95
1,0.6,29.95
1,0.0,29.95
1,0.5,29.95
1,0.4,29.95
1,0.0,29.95
2,0.0,29.95
0,1.0,29.95
1,0.0,27.366666666666664
1,0.0,27.366666666666664
1,1.0,27.366666666666664
1,0.0,27.366666666666664
1,0.25,27.366666666666664
0,0.0,27.366666666666664
1,0.25,27.366666666666664
1,0.5,27.366666666666664
1,0.5,27.366666666666664
1,0.6666666666666666,27.366666666666664
1,0.0,27.366666666666664
1,0.3333333333333333,27.366666666666664
1,0.0,27.366666666666664
1,0.25,27.366666666666664
0,0.25,27.366666666666664
1,0.0,27.366666666666664
1,0.25,27.366666666666664
1,0.0,27.366666666666664
1,0.25,28.566666666666666
2,0.5,28.566666666666666
1,0.0,28.566666666666666
1,0.0,28.566666666666666
0,0.25,28.566666666666666
1,0.3333333333333333,28.566666666666666
1,0.0,28.566666666666666
1,0.0,28.566666666666666
1,0.3333333333333333,28.566666666666666
1,0.0,28.566666666666666
1,0.25,27.566666666666666
2,0.0,27.566666666666666
1,0.0,27.566666666666666
1,0.0,27.566666666666666
1,0.0,27.566666666666666
0,0.5,27.566666666666666
1,0.3333333333333333,27.566666666666666
1,0.6666666666666666,27.566666666666666
1,1.0,27.566666666666666
1,0.0,27.566666666666666
1,0.0,27.566666666666666
1,0.25,29.5
1,0.25,29.5
1,0.0,29.5
1,0.25,29.5
1,0.25,29.5
2,0.0,29.5
1,0.0,29.5
1,0.6666666666666666,29.5
1,0.5,29.5
1,0.75,30.266666666666666
1,0.0,30.266666666666666
1,0.0,30.266666666666666
1,0.25,30.266666666666666
1,0.5,30.266666666666666
1,1.0,30.266666666666666
1,0.0,30.266666666666666
1,0.3333333333333333,30.266666666666666
1,0.0,30.266666666666666
1,0.0,30.7
1,0.0,30.7
1,0.0,30.7
1,0.5,30.7
1,0.0,30.7
0,0.25,30.7
1,0.3333333333333333,30.7
1,0.0,30.7
1,0.0,30.7
1,0.0,30.7
1,0.3333333333333333,30.7
1,0.6666666666666666,30.75
1,0.0,30.75
1,0.5,30.75
1,0.0,30.75
1,0.6666666666666666,30.75
1,0.25,30.75
1,0.0,30.75
2,0.6666666666666666,30.75
1,0.0,30.75
1,0.3333333333333333,30.75
1,0.3333333333333333,32.86666666666667
1,0.0,32.86666666666667
1,0.0,32.86666666666667
1,0.0,32.86666666666667
1,0.0,32.86666666666667
2,0.3333333333333333,32.86666666666667
1,0.5,32.86666666666667
1,0.0,32.86666666666667
1,0.5,32.86666666666667
1,0.6666666666666666,32.86666666666667
1,0.0,29.125
1,0.2,29.125
1,0.6666666666666666,29.125
1,0.5,29.125
1,0.0,29.125
1,0.6666666666666666,29.125
1,0.0,29.125
2,0.25,29.125
1,0.0,29.125
1,0.2,29.125
1,0.3333333333333333,29.125
1,0.0,30.3
1,0.25,30.3
1,0.25,30.3
1,0.25,30.3
0,0.0,30.3
1,0.0,30.3
1,0.0,30.3
2,0.0,30.3
1,0.3333333333333333,30.3
1,0.0,30.3
1,0.0,31.03333333333333
2,0.0,31.03333333333333
1,0.25,31.03333333333333
1,0.0,31.03333333333333
1,0.3333333333333333,31.03333333333333
1,0.0,31.03333333333333
1,0.0,31.03333333333333
1,0.0,31.03333333333333
1,0.0,31.03333333333333
1,0.3333333333333333,31.03333333333333
1,0.25,20.8
1,0.0,20.8
2,0.0,20.8
1,0.25,20.8
1,0.0,20.8
1,0.3333333333333333,20.8
0,0.5,20.8
1,0.0,20.8
1,0.5,20.8
1,0.0,20.8
1,0.0,20.8
1,0.25,20.825
1,0.0,20.825
1,0.0,20.825
1,0.3333333333333333,20.825
1,0.0,20.825
1,0.0,20.825
2,0.0,20.825
1,0.5,20.825
1,0.0,20.825
1,0.0,20.825
1,1.0,20.825
1,0.25,26.4
1,0.25,26.4
1,0.0,26.4
1,0.25,26.4
1,0.0,26.4
1,0.5,26.4
1,0.5,26.4
1,1.0,26.4
1,1.0,26.4
2,0.75,26.4
1,0.0,26.4
1,0.6,28.924999999999997
1,0.0,28.924999999999997
1,0.6666666666666666,28.924999999999997
1,0.0,28.924999999999997
1,0.5,28.924999999999997
1,0.0,28.924999999999997
2,0.6,28.924999999999997
1,0.5,28.924999999999997
1,0.5,28.924999999999997
1,0.0,28.924999999999997
1,0.25,30.400000000000002
1,0.0,30.400000000000002
1,0.0,30.400000000000002
2,0.0,30.400000000000002
1,0.25,30.400000000000002
1,0.6666666666666666,30.400000000000002
0,0.25,30.400000000000002
1,0.5,30.400000000000002
1,0.3333333333333333,30.400000000000002
1,0.25,30.400000000000002
1,0.6,32.45
1,0.2,32.45
2,0.0,32.45
1,1.0,32.45
1,0.6666666666666666,32.45
1,0.6666666666666666,32.45
1,0.5,32.45
1,0.0,32.45
1,0.25,32.45
1,0.25,32.45
1,0.25,32.45
1,0.0,35.199999999999996
1,0.0,35.199999999999996
1,0.25,35.199999999999996
1,0.3333333333333333,35.199999999999996
1,0.5,35.199999999999996
1,0.6666666666666666,35.199999999999996
1,0.25,35.199999999999996
1,0.0,35.199999999999996
1,0.0,35.199999999999996
1,0.25,25.833333333333332
2,0.0,25.833333333333332
1,0.25,25.833333333333332
1,0.5,25.833333333333332
1,0.25,25.833333333333332
1,0.3333333333333333,25.833333333333332
1,0.0,25.833333333333332
1,0.0,25.833333333333332
1,0.0,25.833333333333332
1,0.25,25.833333333333332
1,0.5,26.1
2,0.25,26.1
1,0.0,26.1
1,0.25,26.1
1,0.0,26.1
1,0.3333333333333333,26.1
1,0.0,26.1
1,0.0,26.1
1,0.3333333333333333,26.1
1,0.0,26.1
1,0.6666666666666666,26.1
2,0.5,26.475
1,0.2,26.475
1,0.3333333333333333,26.475
1,0.25,26.475
1,0.0,26.475
1,0.25,26.475
1,0.0,26.475
1,0.3333333333333333,26.475
1,0.0,26.475
1,0.25,26.475
1,0.0,28.96666666666667
1,1.0,28.96666666666667
1,1.0,28.96666666666667
1,0.3333333333333333,28.96666666666667
1,0.0,28.96666666666667
1,0.0,28.96666666666667
1,0.25,28.96666666666667
1,0.0,28.96666666666667
1,0.3333333333333333,28.96666666666667
1,0.4,31.75
1,0.0,31.75
1,0.25,31.75
1,0.3333333333333333,31.75
2,0.3333333333333333,31.75
1,0.25,31.75
1,0.5,31.75
1,0.5,31.75
1,0.2,33.925
1,0.8,33.925
1,0.6,33.925
1,0.5,33.925
2,0.0,33.925
1,0.0,33.925
1,0.0,33.925
1,0.25,33.925
1,0.3333333333333333,33.925
1,1.0,33.925
1,0.5,33.925
1,0.0,31.475
1,0.0,31.475
1,0.0,31.475
1,0.4,31.475
1,0.0,31.475
1,0.0,31.475
2,0.75,31.475
1,0.0,31.475
1,1.0,31.475
1,0.0,31.475
1,0.0,31.475
0,0.0,31.475
1,0.75,31.475
1,0.4,31.525
2,0.3333333333333333,31.525
1,0.3333333333333333,31.525
1,0.5,31.525
1,0.6,31.525
1,0.4,31.525
1,0.4,31.525
1,0.25,31.525
1,0.6,31.525
2,0.0,29.7
1,0.4,29.7
1,0.6666666666666666,29.7
1,0.0,29.7
1,0.0,29.7
1,0.0,29.7
1,0.25,29.7
1,0.3333333333333333,29.7
0,0.0,29.7
1,0.25,29.7
1,0.3333333333333333,26.53333333333333
1,0.5,26.53333333333333
1,0.0,26.53333333333333
1,0.25,26.53333333333333
1,0.25,26.53333333333333
2,0.3333333333333333,26.53333333333333
1,0.25,26.53333333333333
1,0.25,26.53333333333333
1,0.0,26.53333333333333
2,0.0,27.266666666666666
1,0.0,27.266666666666666
1,0.5,27.266666666666666
1,0.0,27.266666666666666
1,0.0,27.266666666666666
1,0.0,27.266666666666666
1,0.0,27.266666666666666
1,0.0,27.266666666666666
1,0.6666666666666666,27.266666666666666
2,0.3333333333333333,26.275
0,0.0,26.275
1,0.0,26.275
1,0.3333333333333333,26.275
1,0.6666666666666666,26.275
1,0.0,26.275
1,0.0,26.275
1,1.0,26.275
1,0.3333333333333333,26.275
1,0.0,26.275
1,0.5,26.275
1,0.5,26.275
2,0.0,30.433333333333334
1,0.0,30.433333333333334
1,0.5,30.433333333333334
1,0.0,30.433333333333334
1,0.5,30.433333333333334
1,0.0,30.433333333333334
1,0.0,30.433333333333334
1,1.0,30.433333333333334
1,0.25,30.433333333333334
1,0.0,30.433333333333334
1,1.0,30.433333333333334
1,0.0,30.433333333333334
1,0.0,34.0
1,0.0,34.0
1,0.4,34.0
1,0.0,34.0
1,0.75,34.0
1,0.6666666666666666,34.0
2,0.0,34.0
1,0.0,34.0
1,0.0,34.0
1,1.0,34.0
1,0.0,34.0
0,0.0,34.0
1,0.0,34.0
1,0.25,33.23333333333333
1,0.3333333333333333,33.23333333333333
1,0.0,33.23333333333333
1,0.0,33.23333333333333
1,0.0,33.23333333333333
1,0.5,33.23333333333333
1,0.3333333333333333,33.23333333333333
1,0.0,33.23333333333333
1,0.0,33.23333333333333
1,0.25,30.55
1,0.25,30.55
1,0.3333333333333333,30.55
1,0.5,30.55
1,0.3333333333333333,30.55
1,0.25,30.55
1,0.0,30.55
1,0.5,30.55
1,0.3333333333333333,30.55
1,0.25,29.933333333333334
1,0.6666666666666666,29.933333333333334
1,0.0,29.933333333333334
1,0.3333333333333333,29.933333333333334
1,0.0,29.933333333333334
1,0.25,29.933333333333334
2,0.5,29.933333333333334
1,0.0,29.933333333333334
1,0.0,29.933333333333334
1,0.0,29.933333333333334
1,1.0,29.933333333333334
1,0.0,23.53333333333333
1,0.5,23.53333333333333
1,0.25,23.53333333333333
1,0.0,23.53333333333333
1,0.3333333333333333,23.53333333333333
1,0.25,23.53333333333333
1,0.5,23.53333333333333
2,0.0,23.53333333333333
1,0.0,23.53333333333333
1,0.25,26.525
1,0.5,26.525
1,0.2,26.525
1,0.5,26.525
1,0.75,26.525
1,0.0,26.525
1,0.0,26.525
1,0.0,26.525
2,0.0,26.525
1,0.0,26.525
1,0.0,26.525
1,0.0,26.525
1,0.0,27.275
1,0.4,27.275
1,0.5,27.275
1,0.2,27.275
1,0.0,27.275
1,0.5,27.275
1,0.0,27.275
1,0.0,27.275
1,0.0,27.275
1,0.3333333333333333,27.275
1,0.2,26.175
1,0.4,26.175
1,0.25,26.175
1,0.0,26.175
1,0.0,26.175
1,0.25,26.175
1,0.5,26.175
1,0.0,26.175
1,0.5,26.175
1,0.0,26.175
1,0.0,29.866666666666664
1,0.5,29.866666666666664
1,0.5,29.866666666666664
1,1.0,29.866666666666664
1,0.0,29.866666666666664
1,0.0,29.866666666666664
1,0.25,29.866666666666664
0,0.6666666666666666,29.866666666666664
1,0.5,29.866666666666664
1,0.0,29.866666666666664
1,0.2,30.775
1,0.75,30.775
1,0.4,30.775
1,0.0,30.775
1,0.25,30.775
1,0.3333333333333333,30.775
0,0.0,30.775
1,0.3333333333333333,30.775
1,0.0,30.775
1,0.3333333333333333,30.775
1,0.0,30.775
1,0.25,31.325000000000003
1,1.0,31.325000000000003
1,0.5,31.325000000000003
1,0.0,31.325000000000003
1,0.5,31.325000000000003
1,0.0,31.325000000000003
1,0.5,31.325000000000003
0,0.5,31.325000000000003
1,1.0,31.325000000000003
1,0.3333333333333333,31.325000000000003
1,0.6666666666666666,31.325000000000003
1,0.0,28.85
1,0.3333333333333333,28.85
1,0.0,28.85
1,0.25,28.85
1,0.5,28.85
0,0.6666666666666666,28.85
1,0.0,28.85
1,0.0,28.85
1,1.0,28.85
1,0.0,28.85
1,0.0,28.85
1,0.25,31.775
1,0.25,31.775
1,0.0,31.775
1,0.75,31.775
0,0.25,31.775
1,0.5,31.775
1,0.0,31.775
1,0.25,31.775
1,0.0,31.775
1,0.25,28.633333333333336
1,0.5,28.633333333333336
1,0.2,28.633333333333336
1,0.2,28.633333333333336
0,0.5,28.633333333333336
1,0.3333333333333333,28.633333333333336
1,0.3333333333333333,28.633333333333336
1,1.0,28.633333333333336
1,0.5,28.633333333333336
1,0.0,28.633333333333336
1,0.0,28.633333333333336
1,0.4,29.4
1,1.0,29.4
1,0.2,29.4
1,0.25,29.4
1,1.0,29.4
0,0.5,29.4
1,0.2,29.4
0,0.75,29.4
1,0.3333333333333333,29.4
1,0.0,29.4
1,0.5,29.4
1,0.0,32.75
1,0.0,32.75
1,0.25,32.75
1,0.0,32.75
0,0.25,32.75
1,0.0,32.75
1,0.0,32.75
1,0.6666666666666666,32.75
1,0.3333333333333333,32.75
1,0.0,32.75
1,0.25,34.05
1,0.6666666666666666,34.05
1,0.25,34.05
1,0.5,34.05
0,0.0,34.05
1,0.25,34.05
0,0.0,34.05
1,0.0,34.05
1,0.5,34.05
1,0.0,34.05
1,0.3333333333333333,34.05
1,0.0,34.05
1,0.0,23.65
1,0.0,23.65
1,0.25,23.65
1,0.5,23.65
1,0.25,23.65
0,0.25,23.65
1,0.3333333333333333,23.65
1,0.0,23.65
1,0.5,23.65
1,0.0,23.65
1,1.0,23.65
1,0.25,23.65
1,0.25,25.333333333333332
1,0.25,25.333333333333332
1,0.0,25.333333333333332
0,0.0,25.333333333333332
1,0.0,25.333333333333332
1,0.0,25.333333333333332
1,0.0,25.333333333333332
1,0.0,25.333333333333332
1,0.0,25.333333333333332
1,0.0,25.333333333333332
1,0.25,29.75
1,0.0,29.75
1,0.0,29.75
1,0.25,29.75
1,0.5,29.75
1,0.3333333333333333,29.75
1,0.3333333333333333,29.75
0,0.6666666666666666,29.75
1,0.3333333333333333,29.75
1,0.0,29.75
1,0.25,31.9
1,0.4,31.9
1,0.0,31.9
1,0.5,31.9
1,0.0,31.9
0,0.5,31.9
1,0.25,31.9
1,0.5,31.9
1,0.0,31.9
1,0.5,31.9
1,0.2,33.35
1,0.25,33.35
1,1.0,33.35
1,0.3333333333333333,33.35
0,0.25,33.35
1,0.75,33.35
1,0.3333333333333333,33.35
1,0.0,33.35
1,0.5,33.35
1,0.0,33.35
1,0.4,25.325
1,0.5,25.325
1,0.2,25.325
1,0.25,25.325
0,0.75,25.325
1,0.25,25.325
1,0.4,25.325
1,0.4,25.325
1,0.6,25.325
1,0.0,25.225
1,0.0,25.225
1,0.0,25.225
1,0.3333333333333333,25.225
0,1.0,25.225
1,0.3333333333333333,25.225
1,0.0,25.225
1,0.0,25.225
1,0.5,25.225
1,0.0,25.225
1,0.25,28.15
1,0.2,28.15
1,0.8,28.15
1,0.0,28.15
0,0.4,28.15
1,0.5,28.15
1,0.3333333333333333,28.15
1,0.0,28.15
1,0.0,28.15
1,0.0,28.15
1,0.0,28.15
1,0.2,27.7
1,0.25,27.7
1,0.3333333333333333,27.7
1,0.3333333333333333,27.7
0,0.0,27.7
1,0.0,27.7
1,0.3333333333333333,27.7
1,0.0,27.7
1,0.0,27.7
1,1.0,27.7
1,0.5,27.7
1,0.5,27.7
1,0.0,26.5
1,0.0,26.5
1,0.0,26.5
1,0.0,26.5
1,0.5,26.5
1,0.0,26.5
0,0.3333333333333333,26.5
1,0.3333333333333333,26.5
1,0.0,26.5
1,0.0,26.5
1,0.3333333333333333,27.8
1,0.0,27.8
1,0.0,27.8
1,0.0,27.8
0,0.5,27.8
1,0.3333333333333333,27.8
1,0.5,27.8
1,0.0,27.8
1,0.0,27.8
1,0.0,27.8
1,0.5,21.633333333333336
1,0.0,21.633333333333336
1,0.6,21.633333333333336
0,0.2,21.633333333333336
1,0.25,21.633333333333336
1,0.25,21.633333333333336
1,0.25,21.633333333333336
1,0.4,21.633333333333336
1,0.0,21.633333333333336
1,0.75,21.633333333333336
1,0.1666666666666666,23.025
1,0.3333333333333333,23.025
0,0.4,23.025
1,0.25,23.025
1,0.5,23.025
1,0.0,23.025
1,0.3333333333333333,23.025
1,0.0,23.025
1,1.0,23.025
1,0.6,23.025
1,0.4,23.4
1,0.3333333333333333,23.4
1,0.0,23.4
0,0.5,23.4
1,0.0,23.4
1,0.75,23.4
1,0.25,23.4
1,0.0,23.4
1,0.0,23.4
1,0.0,23.4
1,0.0,25.46666666666667
1,0.5,25.46666666666667
1,0.0,25.46666666666667
1,0.0,25.46666666666667
1,0.0,25.46666666666667
1,0.25,25.46666666666667
1,0.0,25.46666666666667
1,0.0,25.46666666666667
1,0.3333333333333333,25.46666666666667
1,0.3333333333333333,25.46666666666667
1,0.6666666666666666,24.833333333333332
1,1.0,24.833333333333332
1,0.2,24.833333333333332
1,0.6666666666666666,24.833333333333332
1,0.0,24.833333333333332
1,1.0,24.833333333333332
1,0.3333333333333333,24.833333333333332
0,0.4,24.833333333333332
1,0.5,24.833333333333332
1,0.0,24.833333333333332
1,0.0,24.833333333333332
1,0.6666666666666666,24.833333333333332
1,0.0,24.833333333333332
1,0.5,27.125
1,0.0,27.125
1,0.4,27.125
1,0.3333333333333333,27.125
1,0.25,27.125
0,0.0,27.125
1,0.3333333333333333,27.125
1,0.25,27.125
1,0.0,27.125
1,0.0,27.125
1,1.0,27.125
1,0.25,25.15
1,0.0,25.15
1,0.4,25.15
0,0.5,25.15
1,0.0,25.15
1,0.0,25.15
1,0.4,25.15
1,0.25,25.15
1,0.3333333333333333,25.15
1,0.25,25.15
1,0.25,23.9
1,0.6666666666666666,23.9
0,0.25,23.9
1,0.0,23.9
1,0.0,23.9
1,0.0,23.9
1,0.6666666666666666,23.9
1,0.0,23.9
1,0.0,23.9
1,0.25,25.425
1,0.3333333333333333,25.425
0,0.0,25.425
1,0.0,25.425
1,0.75,25.425
1,0.0,25.425
1,0.0,25.425
1,0.0,25.425
1,0.0,25.425
1,0.0,25.425
1,0.0,25.425
1,0.6666666666666666,27.8
1,0.25,27.8
1,0.5,27.8
1,0.5,27.8
1,0.0,27.8
0,0.0,27.8
1,0.25,27.8
1,0.0,27.8
1,0.0,27.8
1,0.0,27.8
1,0.25,27.8
1,0.5,22.925
1,0.0,22.925
1,0.25,22.925
1,0.25,22.925
1,0.0,22.925
0,0.25,22.925
1,0.25,22.925
1,0.0,22.925
1,0.0,22.925
1,0.0,22.925
1,0.25,20.933333333333334
1,0.3333333333333333,20.933333333333334
1,0.0,20.933333333333334
1,0.25,20.933333333333334
0,0.0,20.933333333333334
1,0.0,20.933333333333334
1,0.0,20.933333333333334
1,0.3333333333333333,20.933333333333334
1,0.6666666666666666,20.933333333333334
1,0.5,20.15
1,0.25,20.15
1,0.0,20.15
1,0.5,20.15
0,0.25,20.15
1,0.3333333333333333,20.15
1,0.0,20.15
1,0.0,20.15
1,0.0,20.15
1,0.0,20.15
1,0.25,20.15
1,0.6,18.925
1,1.0,18.925
1,0.5,18.925
1,0.2,18.925
0,0.25,18.925
1,0.4,18.925
1,0.0,18.925
1,1.0,18.925
1,0.0,18.925
1,0.0,18.925
1,0.75,12.15
0,0.0,12.15
1,0.25,12.15
1,0.3333333333333333,12.15
1,0.25,12.15
1,0.25,12.15
1,0.3333333333333333,12.15
0,0.0,12.15
1,0.0,12.15
1,0.25,12.525
0,0.0,12.525
1,0.0,12.525
1,0.5,12.525
1,0.25,12.525
1,0.5,12.525
1,0.5,12.525
0,0.3333333333333333,12.525
2,0.0,12.525
0,0.0,12.525
1,0.0,12.525
1,0.0,8.725
0,0.0,8.725
1,0.0,8.725
1,0.0,8.725
1,0.0,8.725
1,0.0,8.725
1,0.3333333333333333,8.725
0,0.3333333333333333,8.725
1,0.0,8.725
1,0.0,8.725
1,0.25,12.55
0,0.5,12.55
1,0.0,12.55
1,0.25,12.55
1,0.0,12.55
1,0.0,12.55
0,0.0,12.55
0,0.3333333333333333,12.55
1,0.0,12.55
1,0.0,12.55
1,0.0,12.55
1,0.0,12.55
1,0.0,13.26
0,0.0,13.26
1,0.3333333333333333,13.26
1,0.8,13.26
1,0.4,13.26
1,0.0,13.26
0,0.3333333333333333,13.26
1,0.0,13.26
1,0.2,13.26
2,0.0,13.26
1,0.0,13.26
1,0.0,13.26
1,0.5,12.033333333333333
0,0.5,12.033333333333333
1,0.5,12.033333333333333
1,0.0,12.033333333333333
1,0.0,12.033333333333333
1,0.0,12.033333333333333
1,0.0,12.033333333333333
1,1.0,12.033333333333333
1,0.0,12.033333333333333
2,0.0,12.033333333333333
1,0.0,12.033333333333333
0,0.0,12.033333333333333
1,0.4,12.05
0,0.4,12.05
1,0.25,12.05
1,0.25,12.05
1,0.25,12.05
1,0.25,12.05
0,0.75,12.05
1,0.5,12.05
1,0.0,12.05
0,0.0,12.05
1,0.0,12.05
1,0.2,15.666666666666666
0,0.0,15.666666666666666
1,0.5,15.666666666666666
1,0.25,15.666666666666666
1,0.25,15.666666666666666
1,0.5,15.666666666666666
1,0.0,15.666666666666666
0,0.0,15.666666666666666
1,0.25,15.666666666666666
1,0.0,15.666666666666666
1,0.25,16.333333333333332
0,0.0,16.333333333333332
1,0.0,16.333333333333332
1,0.0,16.333333333333332
1,0.25,16.333333333333332
1,0.0,16.333333333333332
0,0.0,16.333333333333332
1,0.0,16.333333333333332
1,0.0,16.333333333333332
0,0.0,16.333333333333332
1,0.0,16.333333333333332
1,0.25,11.475
0,0.2,11.475
1,0.6,11.475
1,0.25,11.475
1,0.3333333333333333,11.475
1,0.25,11.475
1,0.5,11.475
0,0.0,11.475
1,0.0,11.475
1,0.0,11.475
1,0.8,19.96
0,0.25,19.96
1,0.6666666666666666,19.96
1,0.4,19.96
1,0.0,19.96
1,0.3333333333333333,19.96
1,0.0,19.96
1,0.2,19.96
0,0.0,19.96
2,0.5,19.96
1,0.0,19.96
1,0.0,19.96
1,0.4,18.775
0,0.4,18.775
1,0.25,18.775
1,0.6666666666666666,18.775
1,0.3333333333333333,18.775
1,0.25,18.775
1,0.0,18.775
1,0.3333333333333333,18.775
1,0.0,18.775
1,0.0,18.775
1,0.3333333333333333,17.619999999999997
0,0.5,17.619999999999997
1,0.2,17.619999999999997
1,0.0,17.619999999999997
1,0.4,17.619999999999997
1,0.25,17.619999999999997
1,0.5,17.619999999999997
1,0.0,17.619999999999997
0,0.0,17.619999999999997
1,0.0,17.619999999999997
1,0.8,18.619999999999997
0,0.5,18.619999999999997
1,0.3333333333333333,18.619999999999997
1,0.0,18.619999999999997
1,0.3333333333333333,18.619999999999997
1,0.25,18.619999999999997
1,0.0,18.619999999999997
1,0.0,18.619999999999997
1,0.0,18.619999999999997
1,0.0,18.619999999999997
0,0.0,18.619999999999997
1,0.0,17.433333333333334
0,0.3333333333333333,17.433333333333334
1,0.25,17.433333333333334
1,0.25,17.433333333333334
1,0.5,17.433333333333334
1,0.25,17.433333333333334
1,0.25,17.433333333333334
1,0.0,17.433333333333334
1,0.0,17.433333333333334
0,0.0,17.433333333333334
1,0.2,19.78
0,0.25,19.78
1,0.4,19.78
1,0.5,19.78
1,0.0,19.78
1,0.5,19.78
1,0.0,19.78
1,0.0,19.78
1,0.0,19.78
1,1.0,19.78
1,0.0,19.78
0,0.0,19.78
0,0.0,19.78
1,0.0,19.525
0,0.0,19.525
1,0.0,19.525
1,0.4,19.525
1,0.0,19.525
1,0.0,19.525
1,0.5,19.525
1,0.5,19.525
1,0.5,19.525
1,1.0,19.525
1,0.0,19.525
1,0.0,18.533333333333335
0,0.6666666666666666,18.533333333333335
1,0.8,18.533333333333335
1,0.4,18.533333333333335
1,0.4,18.533333333333335
1,0.2,18.533333333333335
1,0.0,18.533333333333335
1,0.0,18.533333333333335
1,0.5,18.533333333333335
1,0.0,18.533333333333335
1,0.0,18.533333333333335
1,0.6,13.875
0,0.0,13.875
1,0.4,13.875
1,0.2,13.875
1,0.2,13.875
1,0.2,13.875
1,0.5,13.875
1,0.0,13.875
1,0.5,13.875
1,0.0,13.875
0,1.0,13.875
1,0.25,18.225
0,1.0,18.225
1,0.5,18.225
1,0.0,18.225
1,0.25,18.225
1,0.0,18.225
1,0.0,18.225
0,0.0,18.225
1,0.0,18.225
0,0.0,18.225
1,0.0,18.225
1,0.0,18.225
1,0.0,16.64
0,0.75,16.64
1,0.0,16.64
1,0.2,16.64
1,0.0,16.64
0,0.3333333333333333,16.64
1,0.3333333333333333,16.64
1,0.0,16.64
1,0.0,16.64
1,0.0,16.64
1,0.0,16.64
1,0.0,16.64
1,0.0,16.64
1,0.0,16.64
1,0.25,20.475
0,0.25,20.475
1,0.0,20.475
1,0.0,20.475
1,0.0,20.475
0,0.3333333333333333,20.475
0,0.25,20.475
1,0.0,20.475
2,0.0,20.475
1,0.0,20.475
1,0.4,21.275
0,0.25,21.275
1,0.4,21.275
1,0.0,21.275
1,0.25,21.275
0,0.2,21.275
1,0.0,21.275
1,0.0,21.275
1,0.0,21.275
1,1.0,21.275
1,0.0,21.275
2,0.0,21.275
1,0.0,18.5
0,0.0,18.5
1,0.0,18.5
1,0.25,18.5
1,0.3333333333333333,18.5
0,0.25,18.5
0,0.0,18.5
1,0.0,18.5
1,0.0,18.5
2,1.0,18.5
1,0.0,18.5
1,0.0,18.5
1,0.25,21.7
0,0.4,21.7
1,0.0,21.7
1,0.6,21.7
1,0.2,21.7
2,0.5,21.7
0,1.0,21.7
0,0.0,21.7
1,1.0,21.7
1,0.0,21.7
1,0.0,21.7
1,0.2,22.3
0,0.2,22.3
1,0.5,22.3
1,0.25,22.3
1,0.0,22.3
2,0.0,22.3
1,0.3333333333333333,22.3
0,0.3333333333333333,22.3
1,0.0,22.3
1,1.0,22.3
1,0.0,26.0
0,0.25,26.0
1,0.0,26.0
1,0.0,26.0
1,0.25,26.0
2,0.3333333333333333,26.0
0,0.0,26.0
1,0.0,26.0
0,0.3333333333333333,26.0
1,0.0,26.0
1,0.25,24.125
0,0.6,24.125
1,0.6,24.125
1,0.2,24.125
1,0.0,24.125
2,0.0,24.125
0,1.0,24.125
1,0.25,24.125
0,0.0,24.125
1,0.0,24.125
1,0.0,24.125
1,0.0,24.125
1,0.25,16.35
0,0.5,16.35
1,0.0,16.35
1,0.0,16.35
1,1.0,16.35
2,0.0,16.35
1,0.0,16.35
0,0.0,16.35
1,0.0,16.35
1,0.0,17.46666666666667
0,0.0,17.46666666666667
1,0.3333333333333333,17.46666666666667
1,0.5,17.46666666666667
1,0.25,17.46666666666667
1,0.25,17.46666666666667
2,0.5,17.46666666666667
0,0.0,17.46666666666667
1,0.0,17.46666666666667
1,0.5,16.825
0,0.0,16.825
1,0.5,16.825
1,0.25,16.825
1,0.0,16.825
2,0.5,16.825
1,0.0,16.825
0,0.25,16.825
0,0.0,16.825
1,0.25,16.825
1,0.4,19.275
0,0.3333333333333333,19.275
1,0.2,19.275
1,0.25,19.275
1,0.5,19.275
1,0.0,19.275
1,0.5,19.275
1,0.25,19.275
0,0.0,19.275
1,0.5,19.275
1,0.4,19.916666666666668
0,0.6666666666666666,19.916666666666668
1,0.1666666666666666,19.916666666666668
1,0.1666666666666666,19.916666666666668
1,0.5,19.916666666666668
2,0.25,19.916666666666668
1,0.25,19.916666666666668
1,0.5,19.916666666666668
1,0.2,19.916666666666668
1,0.0,26.22
0,0.25,26.22
1,0.0,26.22
1,0.4,26.22
1,0.25,26.22
2,0.25,26.22
0,0.0,26.22
1,0.3333333333333333,26.22
1,0.0,26.22
1,0.6666666666666666,26.22
1,0.0,26.22
1,0.2,26.22
1,0.0,26.2
0,0.25,26.2
1,0.25,26.2
1,0.3333333333333333,26.2
1,0.3333333333333333,26.2
1,0.25,26.2
2,0.3333333333333333,26.2
1,0.0,26.2
1,0.5,26.2
1,0.0,26.2
1,0.0,32.43333333333334
0,0.75,32.43333333333334
1,0.5,32.43333333333334
1,0.25,32.43333333333334
1,0.0,32.43333333333334
2,0.5,32.43333333333334
0,0.0,32.43333333333334
1,0.0,32.43333333333334
1,0.0,32.43333333333334
2,0.0,32.43333333333334
1,0.0,32.43333333333334
1,0.25,31.325
0,0.0,31.325
1,0.3333333333333333,31.325
1,0.25,31.325
1,0.5,31.325
1,0.25,31.325
1,0.25,31.325
1,0.3333333333333333,31.325
1,0.0,31.325
1,0.75,27.6
0,0.25,27.6
1,0.0,27.6
1,0.5,27.6
2,0.0,27.6
1,0.0,27.6
1,0.0,27.6
1,0.0,27.6
1,0.0,27.6
1,0.5,27.6
1,1.0,27.6
1,0.0,27.6
1,1.0,27.6
0,1.0,27.6
1,0.2,29.666666666666668
0,0.25,29.666666666666668
1,0.6666666666666666,29.666666666666668
1,0.0,29.666666666666668
1,0.75,29.666666666666668
1,0.5,29.666666666666668
0,0.5,29.666666666666668
1,0.0,29.666666666666668
2,0.0,29.666666666666668
1,0.25,29.933333333333334
0,0.25,29.933333333333334
1,0.6666666666666666,29.933333333333334
1,0.5,29.933333333333334
1,0.25,29.933333333333334
1,0.0,29.933333333333334
1,0.0,29.933333333333334
1,0.3333333333333333,29.933333333333334
1,0.3333333333333333,29.933333333333334
1,0.0,29.933333333333334
0,1.0,29.933333333333334
1,0.6666666666666666,32.025
0,0.0,32.025
1,0.5,32.025
1,0.4,32.025
1,0.5,32.025
1,0.25,32.025
0,0.25,32.025
1,0.0,32.025
1,0.0,32.025
0,0.0,32.025
1,1.0,32.025
1,0.8,28.9
0,0.25,28.9
1,0.25,28.9
1,0.4,28.9
1,0.2,28.9
1,0.3333333333333333,28.9
1,0.5,28.9
0,0.0,28.9
1,0.5,28.9
1,0.0,28.9
1,0.5,32.4
0,0.2,32.4
1,0.2,32.4
1,0.5,32.4
1,0.0,32.4
1,0.3333333333333333,32.4
0,0.0,32.4
1,1.0,32.4
1,0.0,32.4
1,0.3333333333333333,32.4
1,0.5,32.4
2,0.0,32.4
1,0.25,27.925
0,0.0,27.925
1,0.25,27.925
1,0.6666666666666666,27.925
1,0.25,27.925
1,0.0,27.925
1,0.25,27.925
0,0.4,27.925
1,0.0,27.925
1,0.0,27.925
1,0.0,27.925
1,0.25,31.73333333333333
0,0.3333333333333333,31.73333333333333
1,0.25,31.73333333333333
1,0.3333333333333333,31.73333333333333
1,0.0,31.73333333333333
1,0.3333333333333333,31.73333333333333
1,0.0,31.73333333333333
0,0.0,31.73333333333333
2,0.0,31.73333333333333
1,0.0,31.73333333333333
1,0.0,31.73333333333333
1,0.4,33.15
0,0.25,33.15
1,0.0,33.15
1,0.2,33.15
1,0.5,33.15
1,0.75,33.15
1,0.3333333333333333,33.15
1,0.3333333333333333,33.15
1,0.0,33.15
0,0.0,33.15
1,0.2,27.174999999999997
0,0.5,27.174999999999997
1,0.2,27.174999999999997
1,0.25,27.174999999999997
1,0.2,27.174999999999997
1,0.0,27.174999999999997
1,0.5,27.174999999999997
0,0.25,27.174999999999997
1,0.3333333333333333,27.174999999999997
2,0.0,27.174999999999997
1,0.2,29.066666666666666
0,0.0,29.066666666666666
1,0.5,29.066666666666666
1,0.3333333333333333,29.066666666666666
1,0.25,29.066666666666666
1,0.5,29.066666666666666
1,0.0,29.066666666666666
0,0.6666666666666666,29.066666666666666
1,0.0,29.066666666666666
1,0.0,29.066666666666666
0,0.0,29.066666666666666
1,0.25,30.55
0,0.3333333333333333,30.55
1,0.25,30.55
1,0.0,30.55
1,0.25,30.55
1,0.0,30.55
0,0.0,30.55
1,0.0,30.55
1,0.0,30.55
2,0.0,30.55
0,0.0,30.55
2,0.0,30.55
1,0.2,33.175
0,0.5,33.175
1,0.25,33.175
1,0.2,33.175
1,0.3333333333333333,33.175
1,0.0,33.175
1,0.0,33.175
0,0.3333333333333333,33.175
1,0.5,33.175
0,1.0,33.175
1,0.8,32.239999999999995
0,0.5,32.239999999999995
1,0.0,32.239999999999995
1,0.2,32.239999999999995
1,0.0,32.239999999999995
0,0.0,32.239999999999995
1,0.0,32.239999999999995
0,0.25,32.239999999999995
1,0.0,32.239999999999995
2,0.0,32.239999999999995
1,0.0,32.239999999999995
1,0.0,31.3
0,0.5,31.3
1,0.0,31.3
1,0.25,31.3
1,0.5,31.3
2,0.0,31.3
1,0.0,31.3
1,0.0,31.3
0,0.3333333333333333,31.3
1,1.0,31.3
1,0.0,31.3
1,0.4,28.160000000000004
0,0.2,28.160000000000004
1,0.0,28.160000000000004
1,1.0,28.160000000000004
1,0.0,28.160000000000004
1,0.3333333333333333,28.160000000000004
1,0.2,28.160000000000004
1,0.0,28.160000000000004
1,0.0,28.160000000000004
0,1.0,28.160000000000004
1,0.0,28.160000000000004
1,0.0,28.160000000000004
0,1.0,28.160000000000004
1,0.4,28.3
0,0.0,28.3
1,0.5,28.3
1,0.5,28.3
1,0.0,28.3
1,0.3333333333333333,28.3
1,0.0,28.3
1,0.6666666666666666,28.3
0,0.6666666666666666,28.3
2,0.0,28.3
2,0.0,28.3
1,0.25,27.975
0,0.0,27.975
0,0.5,27.975
1,0.0,27.975
1,0.8,27.975
1,0.6,27.975
0,0.75,27.975
1,0.5,27.975
1,0.3333333333333333,27.975
1,0.0,27.975
1,0.25,27.1
0,0.0,27.1
1,0.25,27.1
1,0.5,27.1
1,0.0,27.1
0,0.0,27.1
1,0.3333333333333333,27.1
1,0.0,27.1
1,0.0,27.1
1,0.0,27.1
1,1.0,27.1
0,0.5,27.1
1,0.3333333333333333,30.833333333333332
0,0.0,30.833333333333332
1,0.0,30.833333333333332
1,0.0,30.833333333333332
1,0.0,30.833333333333332
0,0.0,30.833333333333332
1,0.25,30.833333333333332
1,0.0,30.833333333333332
1,0.0,30.833333333333332
1,0.6,28.2
0,0.0,28.2
1,0.2,28.2
1,0.0,28.2
1,1.0,28.2
0,0.0,28.2
1,0.25,28.2
1,0.0,28.2
1,0.0,28.2
1,0.0,28.2
1,0.0,31.399999999999995
0,0.3333333333333333,31.399999999999995
1,0.3333333333333333,31.399999999999995
1,0.0,31.399999999999995
1,0.3333333333333333,31.399999999999995
1,0.25,31.399999999999995
1,0.75,31.399999999999995
1,0.0,31.399999999999995
1,0.0,31.399999999999995
1,0.0,33.55
0,0.0,33.55
1,0.3333333333333333,33.55
1,0.0,33.55
1,0.5,33.55
0,0.25,33.55
1,0.5,33.55
1,0.0,33.55
1,0.5,33.55
1,0.0,33.55
0,0.3333333333333333,30.6
0,0.0,30.6
1,0.3333333333333333,30.6
1,0.5,30.6
1,0.5,30.6
1,0.0,30.6
0,0.0,30.6
1,1.0,30.6
1,0.0,30.6
1,0.25,30.6
2,0.0,30.6
1,1.0,30.6
0,0.0,30.6
1,0.25,30.8
0,0.5,30.8
1,0.25,30.8
1,0.0,30.8
1,0.0,30.8
1,0.3333333333333333,30.8
1,1.0,30.8
1,0.0,30.8
0,0.6666666666666666,30.8
1,0.0,30.8
1,0.0,30.8
0,0.0,30.8
1,0.4,30.2
0,0.25,30.2
1,0.25,30.2
1,0.0,30.2
1,0.5,30.2
0,0.4,30.2
1,0.3333333333333333,30.2
0,0.25,30.2
1,0.0,30.2
1,0.0,30.2
1,0.0,30.2
0,0.0,30.2
1,0.0,29.54
0,0.6,29.54
1,0.2,29.54
1,0.0,29.54
1,0.2,29.54
1,0.0,29.54
0,0.0,29.54
1,0.0,29.54
0,0.4,29.54
1,0.0,29.54
0,0.0,29.54
1,0.0,31.925
0,0.8,31.925
1,0.2,31.925
1,0.5,31.925
1,0.2,31.925
0,0.0,31.925
0,0.5,31.925
1,0.6666666666666666,31.925
1,0.0,31.925
1,0.4,31.925
1,0.0,31.925
1,0.0,29.339999999999996
0,0.25,29.339999999999996
1,0.25,29.339999999999996
1,0.0,29.339999999999996
1,0.25,29.339999999999996
0,0.0,29.339999999999996
1,0.0,29.339999999999996
1,0.0,29.339999999999996
1,0.5,29.339999999999996
1,0.0,29.339999999999996
1,0.0,30.225
0,0.0,30.225
1,0.5,30.225
1,0.0,30.225
1,0.5,30.225
0,0.25,30.225
1,0.3333333333333333,30.225
0,0.0,30.225
1,1.0,30.225
0,0.0,30.225
1,0.0,30.225
1,0.0,30.225
0,0.5,28.525
0,0.25,28.525
1,0.0,28.525
1,0.25,28.525
1,0.3333333333333333,28.525
1,0.25,28.525
1,0.25,28.525
0,0.5,28.525
1,0.0,28.525
0,0.0,28.525
1,0.0,28.525
1,0.0,30.2
1,0.0,30.2
1,0.5,30.2
1,0.2,30.2
1,0.0,30.2
0,0.5,30.2
1,0.25,30.2
1,0.0,30.2
1,0.0,30.2
0,0.0,30.2
0,0.0,30.133333333333336
0,0.0,30.133333333333336
1,0.3333333333333333,30.133333333333336
1,0.75,30.133333333333336
1,0.0,30.133333333333336
1,0.0,30.133333333333336
1,0.25,30.133333333333336
1,0.25,30.133333333333336
1,0.5,30.133333333333336
1,1.0,30.133333333333336
1,0.4,27.6
0,0.0,27.6
1,0.5,27.6
1,0.6666666666666666,27.6
1,0.0,27.6
0,0.25,27.6
0,0.3333333333333333,27.6
1,0.0,27.6
1,0.25,27.6
2,0.0,27.6
0,0.0,27.6
1,0.5,27.6
1,0.3333333333333333,28.119999999999997
1,1.0,28.119999999999997
1,0.0,28.119999999999997
0,0.4,28.119999999999997
1,0.25,28.119999999999997
1,0.5,28.119999999999997
1,0.5,28.119999999999997
1,0.0,28.119999999999997
0,0.0,28.119999999999997
1,0.5,28.119999999999997
0,0.0,28.119999999999997
1,0.0,28.119999999999997
1,0.0,28.119999999999997
1,1.0,28.119999999999997
1,0.0,28.119999999999997
1,0.4,26.725
0,0.0,26.725
1,1.0,26.725
1,0.3333333333333333,26.725
1,1.0,26.725
0,0.2,26.725
1,0.6666666666666666,26.725
0,0.0,26.725
1,0.0,26.725
1,0.0,26.725
1,0.0,26.725
0,0.0,26.725
1,0.0,26.725
1,0.0,26.725
1,0.25,25.975
0,0.5,25.975
1,0.4,25.975
1,0.5,25.975
0,0.4,25.975
2,0.6666666666666666,25.975
0,1.0,25.975
1,0.6666666666666666,25.975
1,0.0,25.975
1,0.0,25.975
1,0.0,25.975
1,0.0,25.975
1,0.0,25.975
0,0.5,25.975
1,0.5,23.380000000000003
0,0.0,23.380000000000003
1,1.0,23.380000000000003
1,0.6666666666666666,23.380000000000003
1,0.25,23.380000000000003
1,0.3333333333333333,23.380000000000003
1,0.0,23.380000000000003
1,0.25,23.380000000000003
0,0.25,23.380000000000003
1,0.0,23.380000000000003
2,0.5,23.380000000000003
1,0.0,23.380000000000003
1,0.0,23.380000000000003
0,0.0,23.380000000000003
1,0.3333333333333333,21.833333333333332
0,0.25,21.833333333333332
1,0.0,21.833333333333332
1,0.0,21.833333333333332
2,0.0,21.833333333333332
1,0.3333333333333333,21.833333333333332
1,0.25,21.833333333333332
0,0.0,21.833333333333332
1,0.6666666666666666,21.833333333333332
1,0.25,21.833333333333332
1,0.0,21.833333333333332
1,0.0,21.833333333333332
1,0.1666666666666666,24.419999999999998
0,0.3333333333333333,24.419999999999998
1,0.75,24.419999999999998
1,0.0,24.419999999999998
1,0.0,24.419999999999998
1,0.3333333333333333,24.419999999999998
0,0.0,24.419999999999998
2,0.0,24.419999999999998
1,0.0,24.419999999999998
0,0.0,24.419999999999998
1,0.0,24.419999999999998
1,0.25,24.419999999999998
2,0.0,24.419999999999998
1,0.3333333333333333,24.419999999999998
1,0.5,20.15
0,0.25,20.15
1,0.25,20.15
1,0.25,20.15
1,0.0,20.15
1,0.25,20.15
0,0.0,20.15
1,0.0,20.15
1,0.0,20.15
1,0.25,18.925
0,0.3333333333333333,18.925
1,0.3333333333333333,18.925
1,0.25,18.925
1,0.0,18.925
0,0.5,18.925
2,0.5,18.925
1,0.0,18.925
0,0.0,18.925
1,0.5,18.925
1,0.0,18.925
1,0.0,18.925
1,0.0,18.925
0,0.6666666666666666,19.8
2,0.75,19.8
1,0.25,19.8
1,0.2,19.8
2,0.4,19.8
2,0.0,19.8
1,0.6,19.8
1,0.25,19.8
1,1.0,19.8
1,0.0,19.8
1,0.0,19.8
1,1.0,19.8
1,0.0,19.8
0,0.25,5.033333333333334
2,0.2,5.033333333333334
1,0.6666666666666666,5.033333333333334
1,0.3333333333333333,5.033333333333334
2,0.5,5.033333333333334
1,0.0,5.033333333333334
1,0.2,5.033333333333334
1,0.75,5.033333333333334
1,0.0,5.033333333333334
1,0.5,5.033333333333334
1,0.0,5.033333333333334
1,0.0,5.033333333333334
1,0.0,5.033333333333334
0,0.0,13.774999999999999
1,1.0,13.774999999999999
2,0.25,13.774999999999999
1,0.5,13.774999999999999
1,0.5,13.774999999999999
2,0.0,13.774999999999999
2,0.0,13.774999999999999
1,0.25,13.774999999999999
1,0.5,13.774999999999999
1,0.5,13.774999999999999
1,0.0,13.774999999999999
1,0.0,13.774999999999999
1,0.0,11.975
0,0.0,11.975
2,0.25,11.975
1,0.0,11.975
1,0.25,11.975
2,0.5,11.975
1,0.25,11.975
1,0.5,11.975
1,0.25,11.975
1,0.0,11.975
1,1.0,11.975
1,1.0,11.975
1,0.0,14.666666666666666
2,0.0,14.666666666666666
2,0.75,14.666666666666666
1,0.25,14.666666666666666
1,0.5,14.666666666666666
2,0.25,14.666666666666666
1,0.0,14.666666666666666
1,0.25,14.666666666666666
1,0.0,14.666666666666666
1,0.0,14.666666666666666
0,0.6666666666666666,11.5
2,0.5,11.5
1,0.25,11.5
1,0.75,11.5
2,0.3333333333333333,11.5
1,0.3333333333333333,11.5
2,0.5,11.5
1,0.0,11.5
1,0.0,11.5
1,1.0,11.5
1,1.0,11.5
0,0.5,12.05
2,0.0,12.05
1,0.25,12.05
1,0.25,12.05
2,0.0,12.05
1,0.5,12.05
1,0.0,12.05
1,0.0,12.05
1,0.0,12.05
1,0.0,12.05
1,0.0,12.05
1,0.0,12.05
0,0.0,15.666666666666666
2,0.5,15.666666666666666
1,0.25,15.666666666666666
1,0.5,15.666666666666666
2,0.0,15.666666666666666
1,0.3333333333333333,15.666666666666666
2,0.0,15.666666666666666
1,0.0,15.666666666666666
1,0.0,15.666666666666666
1,0.0,15.666666666666666
1,0.0,15.666666666666666
1,0.0,16.333333333333332
2,0.5,16.333333333333332
1,0.25,16.333333333333332
1,0.25,16.333333333333332
1,0.25,16.333333333333332
2,0.25,16.333333333333332
1,0.0,16.333333333333332
1,0.0,16.333333333333332
1,0.0,16.333333333333332
1,0.0,16.333333333333332
2,0.0,16.333333333333332
0,0.0,17.04
2,0.0,17.04
1,0.5,17.04
1,0.6,17.04
2,0.0,17.04
1,0.4,17.04
1,0.25,17.04
1,0.0,17.04
1,0.2,17.04
1,0.0,17.04
1,0.0,17.04
2,0.0,17.04
0,0.2,15.275
2,0.2,15.275
1,0.2,15.275
1,1.0,15.275
2,0.25,15.275
1,0.3333333333333333,15.275
2,0.25,15.275
1,0.5,15.275
1,0.0,15.275
1,1.0,15.275
0,0.0,18.025
1,0.0,18.025
2,0.0,18.025
1,0.0,18.025
1,0.25,18.025
2,0.3333333333333333,18.025
2,0.0,18.025
1,0.5,18.025
1,0.0,18.025
1,0.3333333333333333,18.025
1,0.0,18.025
1,0.0,18.025
0,0.0,17.766666666666666
1,0.0,17.766666666666666
1,0.2,17.766666666666666
1,0.75,17.766666666666666
1,0.0,17.766666666666666
2,0.0,17.766666666666666
1,0.0,17.766666666666666
2,0.25,17.766666666666666
1,0.3333333333333333,17.766666666666666
1,0.5,17.766666666666666
2,1.0,17.766666666666666
1,0.0,17.766666666666666
1,0.6666666666666666,17.475
1,0.0,17.475
1,0.4,17.475
1,0.0,17.475
2,0.2,17.475
1,0.3333333333333333,17.475
2,0.3333333333333333,17.475
0,0.0,17.475
1,0.0,17.475
1,0.5,17.475
1,0.0,17.475
1,1.0,17.475
1,0.25,15.933333333333332
1,0.3333333333333333,15.933333333333332
1,0.5,15.933333333333332
1,0.25,15.933333333333332
1,0.0,15.933333333333332
2,0.0,15.933333333333332
1,0.3333333333333333,15.933333333333332
0,0.0,15.933333333333332
1,1.0,15.933333333333332
1,0.3333333333333333,17.1
1,0.3333333333333333,17.1
1,0.5,17.1
1,0.5,17.1
1,0.3333333333333333,17.1
1,0.0,17.1
1,0.25,17.1
1,0.0,17.1
2,0.0,17.1
0,0.0,17.1
1,0.0,17.1
1,0.0,17.1
1,0.0,20.2
1,0.0,20.2
1,0.0,20.2
1,0.0,20.2
1,0.0,20.2
1,0.25,20.2
1,0.5,20.2
2,0.25,20.2
0,0.6666666666666666,20.2
0,0.25,20.2
1,0.0,20.2
1,0.0,20.2
1,0.0,20.2
1,0.5,20.225
0,0.4,20.225
1,0.25,20.225
1,0.25,20.225
1,0.0,20.225
1,0.3333333333333333,20.225
2,0.25,20.225
1,0.3333333333333333,20.225
0,0.0,20.225
1,1.0,20.225
1,0.0,20.225
1,1.0,20.225
1,0.6666666666666666,19.875
0,0.6,19.875
1,0.4,19.875
1,0.4,19.875
1,0.5,19.875
2,0.3333333333333333,19.875
1,0.0,19.875
1,0.0,19.875
1,0.0,19.875
0,0.0,19.875
1,0.0,19.875
1,0.0,19.875
1,1.0,19.875
1,1.0,19.875
1,0.2,20.4
0,0.5,20.4
1,0.25,20.4
1,0.0,20.4
1,0.4,20.4
2,0.25,20.4
1,0.25,20.4
0,0.0,20.4
1,0.0,20.4
1,0.0,20.4
1,0.0,20.4
1,0.0,20.4
1,0.6666666666666666,18.8
0,0.0,18.8
1,0.0,18.8
1,0.6666666666666666,18.8
1,0.5,18.8
1,0.3333333333333333,18.8
1,0.25,18.8
2,0.25,18.8
1,0.0,18.8
0,0.0,18.8
1,0.0,18.8
1,0.0,18.8
1,0.3333333333333333,17.25
0,0.0,17.25
1,0.3333333333333333,17.25
1,0.0,17.25
1,0.3333333333333333,17.25
1,0.5,17.25
2,0.0,17.25
1,1.0,17.25
0,0.0,17.25
1,0.0,17.25
1,0.0,17.25
1,0.0,17.25
1,0.0,21.075
0,0.5,21.075
1,0.25,21.075
1,0.2,21.075
1,0.0,21.075
1,0.2,21.075
2,0.75,21.075
1,0.25,21.075
1,0.0,21.075
1,0.0,21.075
1,0.0,21.075
1,0.0,21.075
1,0.0,18.133333333333336
0,0.3333333333333333,18.133333333333336
1,0.0,18.133333333333336
1,0.3333333333333333,18.133333333333336
1,0.0,18.133333333333336
2,0.0,18.133333333333336
1,0.3333333333333333,18.133333333333336
1,0.3333333333333333,18.133333333333336
1,0.5,18.133333333333336
1,0.0,18.133333333333336
1,0.2,18.52
2,0.5,18.52
1,0.3333333333333333,18.52
1,0.4,18.52
1,0.0,18.52
1,0.2,18.52
1,0.0,18.52
1,0.0,18.52
1,0.0,18.52
1,0.0,18.52
1,0.0,18.52
1,0.0,18.52
0,1.0,18.52
1,0.5,21.53333333333333
2,0.3333333333333333,21.53333333333333
1,0.0,21.53333333333333
1,0.5,21.53333333333333
1,0.0,21.53333333333333
1,0.3333333333333333,21.53333333333333
1,0.0,21.53333333333333
1,0.0,21.53333333333333
1,0.3333333333333333,21.53333333333333
1,0.0,21.53333333333333
1,0.0,21.53333333333333
1,0.2,25.066666666666666
2,0.0,25.066666666666666
1,0.5,25.066666666666666
1,0.25,25.066666666666666
2,0.0,25.066666666666666
1,0.5,25.066666666666666
1,0.25,25.066666666666666
1,0.3333333333333333,25.066666666666666
1,1.0,25.066666666666666
2,0.0,25.066666666666666
1,0.0,25.066666666666666
1,0.25,18.533333333333335
0,0.0,18.533333333333335
1,0.0,18.533333333333335
1,0.25,18.533333333333335
1,0.25,18.533333333333335
2,0.0,18.533333333333335
1,0.0,18.533333333333335
1,0.0,18.533333333333335
2,0.0,18.533333333333335
1,0.0,18.533333333333335
1,0.0,18.533333333333335
1,0.0,13.875
0,0.5,13.875
1,0.6666666666666666,13.875
1,0.0,13.875
1,0.0,13.875
2,0.0,13.875
1,0.25,13.875
2,0.5,13.875
1,0.0,13.875
1,0.25,13.875
1,0.0,13.875
1,0.3333333333333333,13.875
1,0.75,18.225
2,0.3333333333333333,18.225
0,0.25,18.225
1,0.0,18.225
1,0.3333333333333333,18.225
2,0.25,18.225
2,0.25,18.225
1,0.0,18.225
1,0.5,18.225
1,0.0,18.225
1,0.0,18.225
1,0.2,18.099999999999998
2,0.6666666666666666,18.099999999999998
0,0.25,18.099999999999998
1,0.0,18.099999999999998
1,0.0,18.099999999999998
2,0.0,18.099999999999998
2,0.25,18.099999999999998
1,0.5,18.099999999999998
1,0.0,18.099999999999998
1,0.0,18.099999999999998
1,0.0,18.099999999999998
1,0.25,21.325
0,0.5,21.325
1,0.25,21.325
2,0.0,21.325
1,0.0,21.325
1,0.3333333333333333,21.325
2,0.0,21.325
1,0.3333333333333333,21.325
2,0.0,21.325
1,0.0,21.325
1,0.0,21.066666666666666
0,0.0,21.066666666666666
1,0.25,21.066666666666666
2,0.25,21.066666666666666
1,0.0,21.066666666666666
1,0.3333333333333333,21.066666666666666
2,0.0,21.066666666666666
1,0.3333333333333333,21.066666666666666
0,0.0,21.066666666666666
1,0.0,21.066666666666666
1,0.4,21.54
0,0.2,21.54
1,0.2,21.54
1,0.0,21.54
1,0.0,21.54
1,0.0,21.54
1,0.6666666666666666,21.54
2,0.3333333333333333,21.54
1,0.5,21.54
1,0.25,21.54
1,0.0,21.54
2,0.0,21.54
1,0.5,21.54
1,0.25,22.275
1,0.0,22.275
1,0.6666666666666666,22.275
2,0.0,22.275
1,0.0,22.275
0,0.3333333333333333,22.275
1,0.0,22.275
1,0.3333333333333333,22.275
1,0.0,22.275
1,0.0,22.275
2,0.0,22.275
1,0.0,22.575
2,0.0,22.575
1,0.0,22.575
2,0.0,22.575
1,0.0,22.575
1,0.75,22.575
1,0.25,22.575
1,0.3333333333333333,22.575
1,0.0,22.575
0,0.0,22.575
1,0.0,21.433333333333334
1,0.5,21.433333333333334
1,0.25,21.433333333333334
2,0.0,21.433333333333334
1,0.3333333333333333,21.433333333333334
1,0.0,21.433333333333334
2,0.3333333333333333,21.433333333333334
1,0.0,21.433333333333334
1,0.0,21.433333333333334
1,1.0,21.433333333333334
1,0.0,23.366666666666664
1,0.0,23.366666666666664
1,0.0,23.366666666666664
2,0.5,23.366666666666664
1,0.0,23.366666666666664
1,0.3333333333333333,23.366666666666664
2,0.3333333333333333,23.366666666666664
1,0.0,23.366666666666664
2,0.5,23.366666666666664
1,0.0,23.366666666666664
0,0.0,25.666666666666668
1,0.0,25.666666666666668
1,0.5,25.666666666666668
2,0.6666666666666666,25.666666666666668
1,0.25,25.666666666666668
1,0.0,25.666666666666668
1,0.0,25.666666666666668
2,0.5,25.666666666666668
1,0.25,25.666666666666668
0,0.0,25.666666666666668
1,1.0,25.666666666666668
1,0.5,25.666666666666668
1,0.25,18.666666666666668
1,0.25,18.666666666666668
1,0.25,18.666666666666668
2,0.3333333333333333,18.666666666666668
1,0.5,18.666666666666668
2,0.5,18.666666666666668
1,0.0,18.666666666666668
1,0.25,18.666666666666668
1,0.3333333333333333,18.666666666666668
1,0.0,17.099999999999998
1,0.0,17.099999999999998
1,0.25,17.099999999999998
2,0.6666666666666666,17.099999999999998
1,0.0,17.099999999999998
2,0.3333333333333333,17.099999999999998
1,0.5,17.099999999999998
1,0.5,17.099999999999998
2,0.0,17.099999999999998
1,0.25,19.825
1,0.0,19.825
1,0.6666666666666666,19.825
2,0.0,19.825
1,0.0,19.825
1,0.5,19.825
0,0.0,19.825
1,0.25,19.825
1,0.3333333333333333,19.825
1,0.0,19.825
1,0.0,19.825
1,0.4,17.025
1,0.0,17.025
1,0.25,17.025
2,0.5,17.025
1,0.0,17.025
2,0.3333333333333333,17.025
1,0.0,17.025
1,0.6666666666666666,17.025
1,0.0,17.025
1,0.0,17.025
1,0.0,17.025
1,1.0,17.025
1,0.6666666666666666,20.766666666666666
1,0.0,20.766666666666666
1,0.0,20.766666666666666
1,0.75,20.766666666666666
2,0.25,20.766666666666666
1,0.25,20.766666666666666
1,0.0,20.766666666666666
2,0.25,20.766666666666666
1,0.25,20.766666666666666
1,0.0,20.766666666666666
1,0.0,20.025
1,0.25,20.025
1,0.3333333333333333,20.025
2,0.5,20.025
1,0.25,20.025
1,0.0,20.025
0,0.5,20.025
1,0.25,20.025
1,0.25,20.025
1,0.5,20.025
1,0.0,20.025
1,0.0,21.725
1,0.3333333333333333,21.725
1,0.5,21.725
2,0.6666666666666666,21.725
0,0.0,21.725
1,0.0,21.725
1,1.0,21.725
1,0.0,21.725
1,0.75,21.725
2,0.0,21.725
1,0.0,21.725
1,0.25,22.575
1,0.0,22.575
1,0.5,22.575
2,0.0,22.575
2,0.0,22.575
1,0.0,22.575
1,0.0,22.575
0,0.0,22.575
1,0.0,22.575
1,0.5,22.575
0,0.0,22.575
1,0.0,24.0
1,0.2,24.0
1,0.5,24.0
2,0.25,24.0
1,0.0,24.0
2,0.3333333333333333,24.0
1,0.0,24.0
0,1.0,24.0
1,0.0,24.0
1,0.0,24.0
1,0.2,23.775
0,0.0,23.775
1,0.0,23.775
1,0.0,23.775
2,0.0,23.775
1,0.5,23.775
1,0.0,23.775
1,0.25,23.775
1,0.0,23.775
1,0.0,23.775
1,0.5,23.775
1,0.0,23.55
2,0.25,23.55
1,0.25,23.55
2,0.0,23.55
1,0.0,23.55
1,0.0,23.55
1,0.0,23.55
1,0.6666666666666666,23.55
1,0.0,23.55
1,0.0,23.55
1,0.0,23.55
1,0.0,23.55
1,0.6666666666666666,25.96666666666667
1,0.0,25.96666666666667
1,0.0,25.96666666666667
2,0.0,25.96666666666667
1,0.5,25.96666666666667
2,0.0,25.96666666666667
1,0.5,25.96666666666667
1,0.3333333333333333,25.96666666666667
1,0.0,25.96666666666667
2,0.0,25.96666666666667
1,0.0,25.96666666666667
1,0.0,26.266666666666666
1,0.0,26.266666666666666
1,0.3333333333333333,26.266666666666666
1,0.6666666666666666,26.266666666666666
1,0.25,26.266666666666666
2,0.0,26.266666666666666
1,0.5,26.266666666666666
1,0.0,26.266666666666666
1,0.0,26.266666666666666
1,0.0,26.266666666666666
1,0.5,22.1
1,0.0,22.1
0,0.25,22.1
1,0.25,22.1
1,0.5,22.1
1,0.25,22.1
2,0.25,22.1
2,0.5,22.1
1,0.5,22.1
1,0.0,22.1
1,0.0,22.1
1,0.5,22.25
0,0.25,22.25
1,0.0,22.25
1,0.0,22.25
1,0.8,22.25
1,0.0,22.25
2,0.25,22.25
2,0.3333333333333333,22.25
1,0.0,22.25
1,0.5,22.25
1,0.0,20.975
0,0.0,20.975
2,0.25,20.975
1,0.0,20.975
1,0.25,20.975
1,0.0,20.975
2,0.0,20.975
1,0.25,20.975
1,0.0,20.975
1,0.0,20.975
1,0.25,20.975
1,0.25,23.675
2,0.0,23.675
1,1.0,23.675
1,0.2,23.675
2,0.0,23.675
1,0.25,23.675
1,0.25,23.675
1,0.25,23.675
1,0.0,23.675
1,0.0,23.675
1,0.25,24.450000000000003
1,0.0,24.450000000000003
2,0.2,24.450000000000003
1,0.4,24.450000000000003
1,0.5,24.450000000000003
1,0.0,24.450000000000003
2,0.0,24.450000000000003
1,0.25,24.450000000000003
1,0.0,24.450000000000003
1,0.3333333333333333,24.450000000000003
1,0.4,28.2
1,0.25,28.2
1,0.25,28.2
1,0.25,28.2
1,0.25,28.2
1,0.0,28.2
1,0.0,28.2
2,0.5,28.2
2,0.6666666666666666,28.2
1,0.5,28.2
1,0.25,29.46666666666667
2,0.0,29.46666666666667
1,0.3333333333333333,29.46666666666667
1,0.0,29.46666666666667
2,0.25,29.46666666666667
1,0.6666666666666666,29.46666666666667
1,0.5,29.46666666666667
1,0.0,29.46666666666667
1,0.0,29.46666666666667
1,0.0,29.46666666666667
1,0.0,29.46666666666667
1,0.0,29.46666666666667
1,0.5,28.233333333333334
2,0.5,28.233333333333334
1,0.25,28.233333333333334
1,0.3333333333333333,28.233333333333334
1,0.5,28.233333333333334
1,0.3333333333333333,28.233333333333334
2,0.0,28.233333333333334
1,0.5,28.233333333333334
0,0.0,28.233333333333334
1,0.0,27.53333333333333
1,0.0,27.53333333333333
1,0.0,27.53333333333333
1,0.0,27.53333333333333
1,0.0,27.53333333333333
1,0.0,27.53333333333333
2,0.0,27.53333333333333
2,0.0,27.53333333333333
1,0.0,27.53333333333333
1,0.0,27.53333333333333
1,0.5,27.53333333333333
1,0.25,26.46666666666667
2,0.0,26.46666666666667
1,0.25,26.46666666666667
1,0.5,26.46666666666667
1,0.0,26.46666666666667
1,0.5,26.46666666666667
1,0.25,26.46666666666667
1,0.3333333333333333,26.46666666666667
1,0.5,26.46666666666667
1,0.25,29.366666666666664
1,0.0,29.366666666666664
1,0.5,29.366666666666664
1,0.0,29.366666666666664
1,0.25,29.366666666666664
1,0.25,29.366666666666664
1,0.0,29.366666666666664
1,0.0,29.366666666666664
1,0.5,29.366666666666664
2,0.0,29.366666666666664
2,0.0,29.366666666666664
1,1.0,29.366666666666664
1,0.3333333333333333,31.55
2,0.6666666666666666,31.55
1,0.0,31.55
1,0.5,31.55
1,0.0,31.55
1,0.0,31.55
1,0.0,31.55
2,0.0,31.55
1,0.75,31.55
1,0.0,31.55
1,0.0,31.55
1,0.4,27.45
2,0.75,27.45
1,0.2,27.45
1,0.0,27.45
1,0.0,27.45
1,0.3333333333333333,27.45
1,0.5,27.45
1,0.5,27.45
1,0.0,27.45
1,1.0,27.45
1,0.25,26.2
1,0.6666666666666666,26.2
1,0.5,26.2
1,0.5,26.2
1,0.3333333333333333,26.2
1,0.0,26.2
1,0.0,26.2
1,0.0,26.2
1,0.0,26.2
1,0.0,26.2
1,1.0,26.2
1,1.0,32.025
1,0.2,32.025
1,0.0,32.025
1,0.0,32.025
1,0.25,32.025
1,0.0,32.025
1,1.0,32.025
1,0.6666666666666666,32.025
2,0.0,32.025
2,0.0,32.025
1,0.25,31.0
1,0.25,31.0
1,0.25,31.0
1,0.5,31.0
1,0.0,31.0
1,0.25,31.0
1,0.3333333333333333,31.0
1,0.0,31.0
1,0.0,31.0
2,0.0,31.0
1,0.0,28.3
1,0.0,28.3
1,0.0,28.3
1,0.3333333333333333,28.3
2,0.0,28.3
1,0.3333333333333333,28.3
1,0.0,28.3
1,0.0,28.3
1,1.0,28.3
2,1.0,28.3
1,0.0,29.975
1,0.4,29.975
1,0.0,29.975
1,0.2,29.975
2,0.3333333333333333,29.975
1,0.0,29.975
2,0.0,29.975
1,0.25,29.975
1,0.0,29.975
1,0.25,29.975
1,1.0,29.975
2,0.5,29.975
1,0.0,29.975
1,1.0,29.975
1,0.0,29.975
1,0.25,32.6
1,0.6666666666666666,32.6
1,0.0,32.6
1,0.25,32.6
1,0.25,32.6
2,0.25,32.6
2,0.0,32.6
1,0.3333333333333333,32.6
1,0.0,32.6
1,1.0,32.6
1,1.0,32.6
1,0.0,32.6
1,0.25,30.275
1,0.0,30.275
1,0.25,30.275
1,0.0,30.275
2,0.3333333333333333,30.275
1,0.5,30.275
2,0.0,30.275
1,1.0,30.275
1,0.75,30.275
1,0.0,30.275
1,0.0,30.275
1,1.0,30.275
1,0.0,28.139999999999997
1,0.25,28.139999999999997
1,1.0,28.139999999999997
1,0.25,28.139999999999997
2,0.0,28.139999999999997
1,1.0,28.139999999999997
1,0.2,28.139999999999997
2,0.3333333333333333,28.139999999999997
1,0.0,28.139999999999997
1,1.0,28.139999999999997
1,0.0,28.139999999999997
1,0.5,28.139999999999997
1,1.0,28.139999999999997
1,0.0,28.139999999999997
1,0.25,23.025
1,0.0,23.025
1,0.0,23.025
1,0.0,23.025
2,0.25,23.025
1,0.0,23.025
1,0.4,23.025
2,0.0,23.025
1,0.6666666666666666,23.025
1,0.5,23.025
1,0.0,23.025
1,0.0,23.025
1,1.0,23.025
1,0.3333333333333333,25.3
1,0.75,25.3
1,0.25,25.3
2,0.0,25.3
1,0.25,25.3
1,0.5,25.3
2,0.0,25.3
1,0.3333333333333333,25.3
2,0.3333333333333333,25.3
1,0.0,25.3
1,0.25,27.275
1,0.4,27.275
1,0.25,27.275
2,0.0,27.275
1,0.0,27.275
1,0.0,27.275
1,0.3333333333333333,27.275
1,1.0,27.275
1,0.0,27.275
2,0.0,27.275
1,0.0,27.275
1,0.0,27.275
1,0.6666666666666666,27.375
1,0.0,27.375
1,0.3333333333333333,27.375
2,0.25,27.375
1,0.0,27.375
1,0.0,27.375
1,0.0,27.375
1,0.5,27.375
1,0.25,27.375
0,0.0,27.375
1,1.0,27.375
1,0.3333333333333333,27.925
1,0.0,27.925
1,0.25,27.925
1,0.0,27.925
1,0.25,27.925
1,0.0,27.925
1,0.0,27.925
1,0.25,27.925
1,0.0,27.925
1,0.0,27.925
2,0.0,27.925
1,0.25,31.73333333333333
1,0.0,31.73333333333333
1,0.0,31.73333333333333
1,0.0,31.73333333333333
1,0.0,31.73333333333333
1,0.25,31.73333333333333
1,0.3333333333333333,31.73333333333333
1,0.3333333333333333,31.73333333333333
1,0.0,31.73333333333333
1,0.0,31.73333333333333
1,0.0,31.73333333333333
2,0.0,31.73333333333333
1,0.0,31.73333333333333
1,0.2,33.15
1,0.25,33.15
1,0.6,33.15
1,0.25,33.15
1,0.25,33.15
1,0.0,33.15
1,0.25,33.15
1,0.0,33.15
1,0.6666666666666666,33.15
1,0.0,33.15
1,0.0,33.15
1,1.0,33.15
1,0.5,31.3
1,0.25,31.3
1,0.0,31.3
2,0.3333333333333333,31.3
1,0.0,31.3
1,0.5,31.3
1,0.3333333333333333,31.3
1,1.0,31.3
1,0.3333333333333333,31.3
1,0.0,31.3
1,0.0,31.3
2,1.0,31.3
1,0.0,31.3
1,0.5,31.6
1,0.75,31.6
1,0.3333333333333333,31.6
2,0.3333333333333333,31.6
1,1.0,31.6
1,0.5,31.6
1,0.3333333333333333,31.6
1,0.0,31.6
1,0.0,31.6
1,0.5,31.6
1,0.0,31.6
1,0.25,30.575
1,0.0,30.575
1,0.0,30.575
1,0.5,30.575
2,0.5,30.575
1,0.25,30.575
1,0.0,30.575
1,0.0,30.575
1,0.0,30.575
1,0.3333333333333333,30.575
0,0.0,30.575
1,0.5,30.575
1,0.4,30.15
1,0.6666666666666666,30.15
1,0.2,30.15
2,0.0,30.15
0,1.0,30.15
1,0.3333333333333333,30.15
1,0.25,30.15
1,0.3333333333333333,30.15
1,0.0,30.15
1,0.0,30.15
1,1.0,30.15
1,0.0,30.15
1,0.4,30.35
1,0.0,30.35
1,0.25,30.35
2,0.25,30.35
1,0.3333333333333333,30.35
1,0.5,30.35
1,0.3333333333333333,30.35
1,0.0,30.35
0,0.0,30.35
1,0.0,30.35
1,0.0,30.35
1,0.25,27.174999999999997
1,0.3333333333333333,27.174999999999997
1,0.0,27.174999999999997
2,0.25,27.174999999999997
1,0.25,27.174999999999997
1,0.5,27.174999999999997
1,0.0,27.174999999999997
1,0.0,27.174999999999997
1,0.3333333333333333,27.174999999999997
1,0.0,27.174999999999997
1,0.0,27.174999999999997
1,0.3333333333333333,31.425
1,0.25,31.425
1,0.0,31.425
2,0.5,31.425
1,0.5,31.425
1,0.0,31.425
1,0.25,31.425
1,0.0,31.425
1,0.0,31.425
2,0.0,31.425
1,0.0,31.425
1,0.5,31.425
1,0.0,35.166666666666664
1,0.0,35.166666666666664
1,0.25,35.166666666666664
2,0.5,35.166666666666664
1,0.6666666666666666,35.166666666666664
1,0.0,35.166666666666664
1,0.0,35.166666666666664
1,0.0,35.166666666666664
1,0.3333333333333333,35.166666666666664
1,0.3333333333333333,35.166666666666664
1,0.0,35.166666666666664
1,0.0,35.166666666666664
0,1.0,35.166666666666664
1,0.0,31.8
1,0.0,31.8
0,0.0,31.8
2,0.75,31.8
1,0.0,31.8
2,0.0,31.8
1,0.5,31.8
1,0.0,31.8
1,0.0,31.8
1,0.0,31.8
1,0.3333333333333333,32.03333333333333
1,0.25,32.03333333333333
1,0.25,32.03333333333333
2,0.0,32.03333333333333
1,0.25,32.03333333333333
1,0.6666666666666666,32.03333333333333
1,0.3333333333333333,32.03333333333333
1,0.0,32.03333333333333
0,0.0,32.03333333333333
1,0.0,32.03333333333333
1,0.0,30.4
0,0.0,30.4
1,0.25,30.4
2,0.0,30.4
1,0.0,30.4
2,0.0,30.4
1,0.0,30.4
1,0.3333333333333333,30.4
1,1.0,30.4
1,0.0,30.4
1,0.5,30.2
0,0.0,30.2
1,0.6,30.2
1,0.3333333333333333,30.2
2,0.6,30.2
1,0.3333333333333333,30.2
1,0.3333333333333333,30.2
1,0.25,30.2
1,0.6,30.2
1,0.0,30.2
1,1.0,30.2
1,0.2,28.1
1,0.0,28.1
1,0.6,28.1
2,0.3333333333333333,28.1
1,1.0,28.1
1,0.0,28.1
2,1.0,28.1
1,0.0,28.1
1,0.0,28.1
1,0.0,28.1
1,1.0,28.1
1,0.0,28.1
1,0.0,28.1
1,0.0,27.166666666666668
1,0.3333333333333333,27.166666666666668
1,0.0,27.166666666666668
2,0.25,27.166666666666668
1,0.0,27.166666666666668
1,0.0,27.166666666666668
1,0.3333333333333333,27.166666666666668
1,0.3333333333333333,27.166666666666668
1,0.0,27.166666666666668
1,0.0,27.166666666666668
1,0.0,27.166666666666668
1,0.5,27.03333333333333
1,0.6666666666666666,27.03333333333333
1,0.5,27.03333333333333
2,0.3333333333333333,27.03333333333333
1,0.25,27.03333333333333
2,0.0,27.03333333333333
1,0.0,27.03333333333333
1,0.3333333333333333,27.03333333333333
0,0.0,27.03333333333333
1,0.4,28.3
1,0.25,28.3
1,0.25,28.3
2,0.5,28.3
1,0.0,28.3
1,0.25,28.3
1,0.5,28.3
1,0.0,28.3
1,0.0,28.3
2,0.0,28.3
1,0.0,28.3
1,0.25,28.2
1,0.0,28.2
2,1.0,28.2
1,0.3333333333333333,28.2
2,0.0,28.2
1,0.0,28.2
1,0.0,28.2
1,1.0,28.2
1,0.3333333333333333,28.2
1,0.3333333333333333,28.2
1,0.0,28.2
2,0.5,28.2
1,0.0,31.399999999999995
2,0.0,31.399999999999995
1,0.3333333333333333,31.399999999999995
1,0.0,31.399999999999995
2,0.0,31.399999999999995
1,0.0,31.399999999999995
1,0.0,31.399999999999995
1,0.0,31.399999999999995
1,0.0,31.399999999999995
1,0.0,31.399999999999995
1,0.5,31.399999999999995
1,0.75,33.55
0,0.0,33.55
2,0.0,33.55
1,0.0,33.55
1,0.25,33.55
2,0.0,33.55
1,0.25,33.55
1,0.75,33.55
1,0.5,33.55
1,0.0,33.55
2,0.0,33.55
1,0.0,33.55
1,0.0,33.55
1,0.6,29.275
2,0.0,29.275
1,1.0,29.275
0,0.0,29.275
1,0.3333333333333333,29.275
1,0.4,29.275
1,0.8,29.275
1,0.8,29.275
1,0.2,29.275
1,0.0,29.275
1,0.2,30.05
2,0.0,30.05
1,0.0,30.05
1,0.0,30.05
1,0.0,30.05
1,0.3333333333333333,30.05
1,0.3333333333333333,30.05
1,0.0,30.05
1,0.0,30.05
0,1.0,30.05
2,0.0,30.05
1,1.0,30.05
1,0.5,30.65
1,0.4,30.65
1,0.2,30.65
1,0.4,30.65
1,0.25,30.65
1,0.5,30.65
1,0.25,30.65
0,0.25,30.65
1,0.0,30.65
2,0.0,30.65
2,0.0,30.65
1,0.25,30.2
1,0.0,30.2
2,0.0,30.2
0,1.0,30.2
1,0.0,30.2
1,1.0,30.2
1,0.3333333333333333,30.2
1,0.0,30.2
1,0.25,30.2
1,0.3333333333333333,30.2
1,0.75,30.2
1,0.0,30.2
1,0.5,34.36666666666667
0,0.0,34.36666666666667
1,0.0,34.36666666666667
1,0.6666666666666666,34.36666666666667
1,0.0,34.36666666666667
1,0.0,34.36666666666667
1,0.0,34.36666666666667
1,0.3333333333333333,34.36666666666667
1,0.0,34.36666666666667
1,0.0,34.36666666666667
2,1.0,34.36666666666667
1,0.6666666666666666,35.46666666666667
1,0.0,35.46666666666667
2,1.0,35.46666666666667
1,0.0,35.46666666666667
2,0.0,35.46666666666667
1,0.0,35.46666666666667
1,0.0,35.46666666666667
1,0.5,35.46666666666667
1,0.25,35.46666666666667
1,0.25,35.46666666666667
1,0.0,35.46666666666667
1,0.3333333333333333,35.46666666666667
1,0.25,30.7
1,0.5,30.7
1,0.0,30.7
1,0.25,30.7
1,0.0,30.7
1,0.0,30.7
1,0.3333333333333333,30.7
1,0.0,30.7
1,0.0,30.7
2,1.0,30.7
1,0.5,26.333333333333332
1,0.25,26.333333333333332
1,0.0,26.333333333333332
1,0.0,26.333333333333332
2,0.3333333333333333,26.333333333333332
1,0.0,26.333333333333332
1,0.0,26.333333333333332
1,0.3333333333333333,26.333333333333332
0,0.0,26.333333333333332
1,0.0,26.333333333333332
1,0.0,26.333333333333332
1,0.25,31.275
1,0.5,31.275
1,0.25,31.275
1,0.0,31.275
2,0.25,31.275
1,0.25,31.275
1,0.0,31.275
1,0.0,31.275
1,0.0,31.275
1,0.0,31.275
1,0.0,31.275
2,0.25,30.675
1,0.6,30.675
1,0.25,30.675
1,0.6666666666666666,30.675
1,0.0,30.675
1,0.5,30.675
1,0.25,30.675
0,0.25,30.675
1,0.0,30.675
1,0.0,30.675
1,1.0,30.675
1,0.25,29.25
0,0.3333333333333333,29.25
1,0.6,29.25
1,0.75,29.25
1,0.0,29.25
1,0.5,29.25
1,0.0,29.25
1,0.75,29.25
0,0.0,29.25
2,0.0,29.25
1,0.0,27.475
0,0.0,27.475
1,0.0,27.475
1,0.3333333333333333,27.475
1,0.3333333333333333,27.475
1,0.6666666666666666,27.475
1,0.0,27.475
1,0.3333333333333333,27.475
1,0.3333333333333333,27.475
1,0.0,27.475
2,0.5,27.475
1,0.25,29.633333333333336
2,0.5,29.633333333333336
1,0.25,29.633333333333336
1,0.0,29.633333333333336
1,0.0,29.633333333333336
1,0.0,29.633333333333336
1,0.25,29.633333333333336
1,0.25,29.633333333333336
1,0.0,29.633333333333336
1,0.4,31.52
2,0.2,31.52
1,0.5,31.52
1,0.25,31.52
1,0.4,31.52
1,0.75,31.52
1,0.0,31.52
0,0.0,31.52
2,1.0,31.52
1,0.3333333333333333,31.52
1,0.0,31.52
1,0.0,31.52
1,0.0,31.52
1,0.0,33.12
2,0.4,33.12
1,0.0,33.12
1,0.4,33.12
1,0.4,33.12
1,0.25,33.12
1,1.0,33.12
1,0.6666666666666666,33.12
1,0.0,33.12
1,0.0,33.12
1,0.0,29.3
2,0.25,29.3
1,0.25,29.3
1,0.25,29.3
1,0.25,29.3
1,0.25,29.3
1,0.3333333333333333,29.3
1,0.6666666666666666,29.3
1,0.0,29.3
1,0.0,28.375
2,0.5,28.375
1,0.3333333333333333,28.375
1,0.5,28.375
1,0.5,28.375
1,0.0,28.375
1,0.6666666666666666,28.375
1,0.25,28.375
0,0.0,28.375
1,0.0,28.375
1,0.0,28.375
0,0.25,24.725
2,0.5,24.725
1,0.25,24.725
1,0.3333333333333333,24.725
1,0.0,24.725
1,0.25,24.725
1,0.0,24.725
1,0.0,24.725
1,0.0,24.725
1,0.0,24.725
1,0.0,24.725
1,0.4,28.119999999999997
2,0.4,28.119999999999997
1,0.0,28.119999999999997
1,0.6666666666666666,28.119999999999997
1,0.75,28.119999999999997
1,0.3333333333333333,28.119999999999997
1,0.4,28.119999999999997
1,0.5,28.119999999999997
1,0.0,28.119999999999997
1,0.0,28.119999999999997
1,0.0,28.119999999999997
1,0.0,28.119999999999997
2,1.0,28.119999999999997
1,0.6,29.45
2,0.25,29.45
1,0.25,29.45
1,0.0,29.45
1,0.4,29.45
1,0.25,29.45
1,0.25,29.45
1,0.6666666666666666,29.45
1,0.25,29.45
1,0.0,29.45
1,1.0,29.45
1,0.0,29.45
1,0.0,27.900000000000002
2,0.25,27.900000000000002
1,0.25,27.900000000000002
1,0.3333333333333333,27.900000000000002
1,0.3333333333333333,27.900000000000002
1,0.0,27.900000000000002
2,0.0,27.900000000000002
1,0.5,27.900000000000002
1,0.0,27.900000000000002
1,0.0,27.900000000000002
1,0.0,27.900000000000002
1,0.0,27.900000000000002
1,0.5,28.75
2,0.0,28.75
1,0.0,28.75
1,0.25,28.75
1,0.0,28.75
1,0.0,28.75
1,0.3333333333333333,28.75
1,0.25,28.75
1,0.0,28.75
1,0.3333333333333333,28.75
1,0.0,28.75
1,0.4,25.8
2,0.0,25.8
1,0.3333333333333333,25.8
1,0.0,25.8
1,0.3333333333333333,25.8
1,0.0,25.8
1,0.0,25.8
1,0.0,25.8
0,0.0,25.8
1,0.25,25.8
1,0.5,25.8
0,0.0,25.8
1,0.0,25.8
0,0.0,23.4
2,0.25,23.4
1,0.0,23.4
1,0.75,23.4
1,0.0,23.4
1,0.75,23.4
1,0.25,23.4
1,1.0,23.4
1,0.6666666666666666,23.4
1,0.0,23.4
1,0.0,24.766666666666666
2,0.25,24.766666666666666
1,0.25,24.766666666666666
1,0.25,24.766666666666666
1,0.0,24.766666666666666
1,0.3333333333333333,24.766666666666666
1,0.0,24.766666666666666
1,0.6666666666666666,24.766666666666666
1,0.0,24.766666666666666
1,0.0,24.766666666666666
1,0.75,29.725
2,0.25,29.725
1,0.75,29.725
1,0.25,29.725
1,0.25,29.725
1,0.0,29.725
1,0.3333333333333333,29.725
1,0.0,29.725
1,0.0,29.725
1,0.0,29.725
1,0.0,29.725
1,0.75,21.96666666666667
2,0.3333333333333333,21.96666666666667
1,0.25,21.96666666666667
1,0.0,21.96666666666667
1,0.3333333333333333,21.96666666666667
1,0.0,21.96666666666667
1,0.25,21.96666666666667
1,0.0,21.96666666666667
1,0.0,21.96666666666667
1,0.0,21.96666666666667
1,0.0,21.96666666666667
1,1.0,21.96666666666667
0,0.0,21.96666666666667
1,0.0,25.775
2,0.25,25.775
1,0.75,25.775
1,0.6666666666666666,25.775
1,0.5,25.775
1,0.0,25.775
1,0.25,25.775
2,0.0,25.775
1,0.3333333333333333,25.775
1,0.25,25.775
1,0.0,25.775
1,0.0,25.775
1,0.0,25.775
1,0.0,26.6
1,1.0,26.6
0,0.0,26.6
2,0.6666666666666666,26.6
1,0.25,26.6
1,1.0,26.6
1,0.0,26.6
1,0.0,26.6
1,0.2,26.6
1,0.0,26.6
1,0.0,26.6
1,0.5,26.6
1,0.4,25.325000000000003
2,0.0,25.325000000000003
0,0.0,25.325000000000003
1,0.3333333333333333,25.325000000000003
1,0.25,25.325000000000003
1,0.3333333333333333,25.325000000000003
1,0.5,25.325000000000003
1,0.4,25.325000000000003
1,0.0,25.325000000000003
1,0.0,25.325000000000003
1,0.0,25.325000000000003
1,0.0,25.325000000000003
1,0.0,25.325000000000003
1,0.0,25.325000000000003
0,0.5,24.125
2,1.0,24.125
1,0.0,24.125
1,0.0,24.125
1,0.6666666666666666,24.125
1,0.25,24.125
1,0.3333333333333333,24.125
1,0.0,24.125
1,0.0,24.125
1,0.5,24.125
1,0.0,24.125
1,0.6666666666666666,19.433333333333334
1,0.0,19.433333333333334
2,0.25,19.433333333333334
1,1.0,19.433333333333334
1,0.0,19.433333333333334
1,0.0,19.433333333333334
1,0.0,19.433333333333334
1,0.2,19.433333333333334
1,0.5,19.433333333333334
0,0.25,19.433333333333334
1,1.0,19.433333333333334
1,0.0,19.433333333333334
0,0.0,19.433333333333334
1,0.0,17.3
2,0.0,17.3
1,0.0,17.3
1,0.0,17.3
1,0.3333333333333333,17.3
0,0.3333333333333333,17.3
1,0.0,17.3
1,0.0,17.3
1,0.0,17.3
1,0.0,17.3
1,0.5,21.78
2,0.0,21.78
1,0.0,21.78
0,0.5,21.78
1,0.0,21.78
1,0.5,21.78
1,0.0,21.78
1,0.25,21.78
1,1.0,21.78
1,0.5,21.78
1,0.25,21.78
1,1.0,21.78
1,0.3333333333333333,21.78
1,0.25,20.9
0,0.25,20.9
1,0.25,20.9
2,0.3333333333333333,20.9
1,0.6666666666666666,20.9
0,0.0,20.9
1,0.0,20.9
1,0.6666666666666666,20.9
1,0.0,20.9
0,1.0,20.9
1,0.25,5.65
0,0.0,5.65
1,0.25,5.65
2,0.0,5.65
1,0.0,5.65
0,0.0,5.65
1,0.0,5.65
1,0.0,5.65
1,0.0,5.65
2,0.0,5.65
1,0.0,5.65
0,0.0,5.65
1,0.75,12.299999999999999
0,0.25,12.299999999999999
1,0.0,12.299999999999999
1,0.0,12.299999999999999
1,0.0,12.299999999999999
1,0.3333333333333333,12.299999999999999
0,0.0,12.299999999999999
1,0.0,12.299999999999999
1,0.0,12.299999999999999
0,0.0,12.299999999999999
0,0.0,12.299999999999999
1,0.2,12.55
0,0.4,12.55
0,0.6,12.55
1,0.0,12.55
1,0.5,12.55
1,0.0,12.55
1,0.25,12.55
1,0.3333333333333333,12.55
1,0.0,12.55
2,0.0,12.55
1,1.0,12.55
1,0.1666666666666666,13.26
0,0.1666666666666666,13.26
0,0.3333333333333333,13.26
2,0.2,13.26
1,0.6,13.26
1,0.6,13.26
1,0.0,13.26
1,0.5,13.26
1,0.0,13.26
1,0.0,13.26
1,1.0,13.26
1,0.0,13.26
1,0.0,13.26
1,0.0,13.26
0,1.0,13.26
0,0.0,13.26
1,0.5,12.033333333333333
0,0.25,12.033333333333333
0,0.0,12.033333333333333
2,0.3333333333333333,12.033333333333333
1,0.25,12.033333333333333
1,0.0,12.033333333333333
1,0.25,12.033333333333333
1,0.3333333333333333,12.033333333333333
2,0.0,12.033333333333333
1,0.0,12.033333333333333
1,0.0,12.033333333333333
1,0.25,12.85
0,0.5,12.85
0,0.25,12.85
2,0.0,12.85
1,0.0,12.85
0,0.3333333333333333,12.85
1,0.0,12.85
1,0.0,12.85
1,0.0,12.85
1,0.0,12.85
1,0.0,12.85
1,0.3333333333333333,16.275
0,0.0,16.275
1,0.6,16.275
2,0.5,16.275
1,0.25,16.275
1,0.0,16.275
0,0.2,16.275
1,0.25,16.275
1,0.0,16.275
1,0.3333333333333333,16.275
1,0.0,16.275
1,0.0,16.275
1,0.0,16.275
0,0.0,16.275
1,0.0,19.125
0,0.4,19.125
0,0.3333333333333333,19.125
1,0.25,19.125
1,0.6666666666666666,19.125
1,0.25,19.125
0,0.5,19.125
1,0.25,19.125
1,0.0,19.125
1,0.0,19.125
0,0.0,19.125
1,0.0,19.125
1,0.0,17.04
0,0.4,17.04
1,0.2,17.04
1,0.1666666666666666,17.04
1,0.2,17.04
1,0.75,17.04
0,0.2,17.04
1,0.25,17.04
2,0.0,17.04
1,0.0,17.04
0,0.0,17.04
1,0.25,15.275
0,0.5,15.275
0,0.25,15.275
1,0.25,15.275
1,0.0,15.275
1,0.0,15.275
1,0.0,15.275
1,0.0,15.275
1,0.0,15.275
0,0.0,15.275
1,1.0,15.275
1,0.4,18.099999999999998
0,0.6666666666666666,18.099999999999998
1,0.5,18.099999999999998
1,0.3333333333333333,18.099999999999998
1,0.0,18.099999999999998
1,0.0,18.099999999999998
1,0.0,18.099999999999998
1,0.25,18.099999999999998
2,1.0,18.099999999999998
1,0.25,15.933333333333332
0,0.0,15.933333333333332
1,0.3333333333333333,15.933333333333332
1,0.0,15.933333333333332
1,0.5,15.933333333333332
1,0.0,15.933333333333332
1,0.3333333333333333,15.933333333333332
1,0.0,15.933333333333332
0,0.0,15.933333333333332
0,0.0,15.933333333333332
2,0.0,15.933333333333332
1,1.0,15.933333333333332
1,0.25,17.1
0,0.0,17.1
1,0.25,17.1
1,0.25,17.1
1,0.6666666666666666,17.1
1,0.3333333333333333,17.1
0,0.0,17.1
1,0.0,17.1
1,0.0,17.1
2,0.0,17.1
1,0.0,17.1
1,0.5,20.2
0,0.4,20.2
1,0.4,20.2
0,0.6,20.2
1,0.0,20.2
0,1.0,20.2
1,0.4,20.2
1,0.25,20.2
1,0.0,20.2
1,0.5,20.2
1,0.0,20.2
1,0.25,28.5
1,0.25,28.5
1,0.25,28.5
0,0.25,28.5
1,0.0,28.5
1,0.3333333333333333,28.5
1,0.0,28.5
1,0.3333333333333333,28.5
0,0.0,28.5
1,0.0,23.425
0,0.3333333333333333,23.425
1,0.0,23.425
0,0.25,23.425
1,0.0,23.425
1,0.3333333333333333,23.425
1,0.0,23.425
1,0.0,23.425
1,0.0,23.425
0,0.0,23.425
0,0.0,23.425
1,0.2,18.775
0,0.25,18.775
1,0.25,18.775
0,0.3333333333333333,18.775
1,0.0,18.775
1,0.0,18.775
1,0.25,18.775
1,0.0,18.775
1,0.0,18.775
2,0.0,18.775
0,0.5,18.775
0,0.5,17.619999999999997
0,0.4,17.619999999999997
1,0.0,17.619999999999997
0,0.25,17.619999999999997
1,0.0,17.619999999999997
1,0.0,17.619999999999997
0,0.0,17.619999999999997
1,0.0,17.619999999999997
1,0.0,17.619999999999997
1,0.0,17.619999999999997
1,0.0,17.619999999999997
0,0.4,18.619999999999997
0,0.4,18.619999999999997
0,0.25,18.619999999999997
0,0.25,18.619999999999997
1,0.5,18.619999999999997
1,0.25,18.619999999999997
1,0.3333333333333333,18.619999999999997
1,0.0,18.619999999999997
1,1.0,18.619999999999997
1,0.0,18.619999999999997
1,0.0,18.619999999999997
1,0.0,18.619999999999997
0,0.0,19.5
0,0.0,19.5
1,0.3333333333333333,19.5
0,0.0,19.5
1,0.0,19.5
0,0.0,19.5
1,0.0,19.5
1,0.6666666666666666,19.5
1,0.5,19.5
1,0.0,19.5
0,0.25,17.2
0,0.25,17.2
1,0.5,17.2
0,0.3333333333333333,17.2
1,0.0,17.2
0,0.0,17.2
1,0.0,17.2
1,0.0,17.2
2,0.0,17.2
1,0.0,17.2
0,0.0,21.333333333333332
0,0.25,21.333333333333332
1,0.5,21.333333333333332
0,0.0,21.333333333333332
1,0.0,21.333333333333332
1,0.25,21.333333333333332
1,0.0,21.333333333333332
1,0.0,21.333333333333332
2,0.0,21.333333333333332
0,0.0,21.18
0,0.6,21.18
1,0.3333333333333333,21.18
0,0.3333333333333333,21.18
1,0.0,21.18
1,0.3333333333333333,21.18
1,0.4,21.18
1,0.4,21.18
2,0.0,21.18
1,0.0,21.18
0,0.0,17.825
0,0.5,17.825
1,0.75,17.825
0,0.2,17.825
1,0.0,17.825
1,0.25,17.825
1,0.0,17.825
1,0.0,17.825
1,0.0,17.825
1,0.0,17.825
0,0.0,18.725
0,0.5,18.725
1,0.2,18.725
0,0.5,18.725
1,0.0,18.725
1,0.2,18.725
1,0.25,18.725
1,0.0,18.725
1,0.0,18.725
1,0.0,18.725
1,0.0,18.725
0,0.3333333333333333,21.53333333333333
0,0.0,21.53333333333333
1,0.25,21.53333333333333
0,0.3333333333333333,21.53333333333333
1,0.25,21.53333333333333
1,0.6666666666666666,21.53333333333333
1,0.0,21.53333333333333
1,0.0,21.53333333333333
1,0.0,21.53333333333333
2,0.0,21.53333333333333
1,0.25,25.066666666666666
0,0.0,25.066666666666666
1,0.0,25.066666666666666
0,0.5,25.066666666666666
1,0.0,25.066666666666666
0,0.3333333333333333,25.066666666666666
1,0.0,25.066666666666666
1,0.0,25.066666666666666
1,0.0,25.066666666666666
0,0.0,25.066666666666666
1,0.5,23.733333333333334
0,0.0,23.733333333333334
1,0.0,23.733333333333334
2,0.0,23.733333333333334
0,0.3333333333333333,23.733333333333334
0,0.5,23.733333333333334
1,0.25,23.733333333333334
1,0.0,23.733333333333334
2,0.0,23.733333333333334
1,0.0,23.733333333333334
1,0.75,15.4
0,0.4,15.4
1,0.25,15.4
2,0.3333333333333333,15.4
1,0.6666666666666666,15.4
0,0.0,15.4
0,0.3333333333333333,15.4
1,0.0,15.4
1,0.0,15.4
1,0.0,15.4
1,0.3333333333333333,15.4
2,0.0,15.4
1,0.0,15.4
1,0.0,17.033333333333335
0,0.0,17.033333333333335
1,0.25,17.033333333333335
2,0.0,17.033333333333335
1,0.3333333333333333,17.033333333333335
0,0.3333333333333333,17.033333333333335
1,0.0,17.033333333333335
0,0.0,17.033333333333335
1,0.3333333333333333,17.033333333333335
1,0.5,17.033333333333335
1,1.0,17.033333333333335
1,0.0,18.775
0,0.0,18.775
1,0.5,18.775
2,0.25,18.775
1,0.25,18.775
0,0.0,18.775
1,0.5,18.775
0,0.3333333333333333,18.775
1,0.0,18.775
2,0.0,18.775
1,1.0,18.775
1,1.0,18.775
1,0.25,21.633333333333336
0,0.5,21.633333333333336
1,0.0,21.633333333333336
2,0.0,21.633333333333336
1,0.25,21.633333333333336
1,0.25,21.633333333333336
0,0.0,21.633333333333336
1,0.0,21.633333333333336
1,0.0,21.633333333333336
1,1.0,21.633333333333336
1,0.3333333333333333,23.633333333333336
0,0.3333333333333333,23.633333333333336
1,0.0,23.633333333333336
2,0.5,23.633333333333336
1,0.75,23.633333333333336
1,0.0,23.633333333333336
0,0.25,23.633333333333336
1,0.0,23.633333333333336
1,0.0,23.633333333333336
1,0.0,23.633333333333336
1,0.0,23.633333333333336
1,0.3333333333333333,16.64
0,0.0,16.64
1,0.25,16.64
2,0.0,16.64
1,0.0,16.64
1,0.0,16.64
0,0.0,16.64
1,1.0,16.64
1,0.0,16.64
1,0.3333333333333333,16.64
1,0.0,16.64
1,0.3333333333333333,16.64
2,0.0,16.64
1,1.0,16.64
1,0.3333333333333333,20.475
0,0.5,20.475
1,0.25,20.475
2,0.0,20.475
1,0.0,20.475
0,0.0,20.475
1,0.0,20.475
1,0.0,20.475
2,0.0,20.475
1,1.0,20.475
1,0.0,21.25
0,0.4,21.25
1,0.3333333333333333,21.25
2,0.4,21.25
1,0.8,21.25
1,0.25,21.25
1,0.6666666666666666,21.25
1,0.6,21.25
2,0.0,21.25
1,0.0,21.25
1,0.25,23.325
0,0.25,23.325
1,0.5,23.325
2,0.25,23.325
1,0.5,23.325
1,0.25,23.325
1,0.0,23.325
1,0.0,23.325
1,0.0,23.325
1,1.0,23.325
1,0.0,23.325
1,0.2,23.55
0,0.5,23.55
1,0.4,23.55
2,0.3333333333333333,23.55
0,0.0,23.55
1,0.4,23.55
1,0.25,23.55
0,0.0,23.55
1,0.3333333333333333,23.55
1,0.75,23.55
1,0.0,23.55
1,0.0,23.55
1,0.2,25.15
0,0.5,25.15
1,0.0,25.15
2,0.75,25.15
0,0.0,25.15
1,0.6666666666666666,25.15
1,0.75,25.15
0,0.0,25.15
1,0.3333333333333333,25.15
1,0.0,25.15
2,0.0,25.15
1,0.0,25.15
1,0.0,24.35
0,0.25,24.35
1,0.75,24.35
2,0.25,24.35
1,0.25,24.35
1,0.75,24.35
1,0.0,24.35
1,0.0,24.35
1,0.0,24.35
0,0.5,24.35
2,0.0,24.35
1,0.0,24.35
1,1.0,24.35
1,0.0,24.35
1,0.5,23.075
0,0.5,23.075
1,0.25,23.075
2,0.0,23.075
1,0.6666666666666666,23.075
0,0.75,23.075
0,0.0,23.075
0,0.25,23.075
1,0.0,23.075
1,0.5,23.8
0,0.5,23.8
1,0.25,23.8
2,0.5,23.8
0,0.25,23.8
1,0.5,23.8
0,0.0,23.8
1,0.0,23.8
0,0.0,23.8
2,0.0,23.8
1,0.5,20.9
0,0.25,20.9
1,0.25,20.9
2,0.0,20.9
1,0.0,20.9
0,0.3333333333333333,20.9
1,0.0,20.9
1,0.0,20.9
0,0.0,20.9
0,0.0,20.9
1,0.0,20.9
1,0.0,20.9
1,0.4,15.275
1,0.3333333333333333,15.275
1,0.4,15.275
0,0.6,15.275
1,0.6666666666666666,15.275
0,0.0,15.275
1,0.75,15.275
1,0.0,15.275
1,0.0,15.275
1,0.0,15.275
1,0.0,16.56
2,0.0,16.56
1,0.5,16.56
0,0.75,16.56
1,0.3333333333333333,16.56
1,0.25,16.56
1,0.6666666666666666,16.56
1,0.0,16.56
1,0.5,16.56
1,0.0,16.56
1,0.5,22.2
2,0.0,22.2
1,0.6666666666666666,22.2
0,0.3333333333333333,22.2
1,0.0,22.2
0,0.0,22.2
1,0.0,22.2
1,0.0,22.2
2,0.0,22.2
1,1.0,22.2
1,0.25,17.049999999999997
2,0.4,17.049999999999997
1,0.5,17.049999999999997
0,0.2,17.049999999999997
1,0.3333333333333333,17.049999999999997
1,0.5,17.049999999999997
1,0.0,17.049999999999997
1,0.0,17.049999999999997
1,0.25,17.049999999999997
1,0.3333333333333333,21.8
2,0.0,21.8
1,0.3333333333333333,21.8
0,0.0,21.8
1,0.0,21.8
1,0.3333333333333333,21.8
1,0.0,21.8
1,0.0,21.8
1,0.3333333333333333,21.8
1,1.0,21.8
1,0.3333333333333333,21.8
0,0.0,21.8
1,0.5,23.133333333333336
1,0.6666666666666666,23.133333333333336
1,0.25,23.133333333333336
0,0.0,23.133333333333336
1,0.0,23.133333333333336
1,0.5,23.133333333333336
0,0.3333333333333333,23.133333333333336
1,0.0,23.133333333333336
1,0.3333333333333333,23.133333333333336
2,0.0,23.133333333333336
1,0.2,25.525
1,0.75,25.525
1,0.0,25.525
0,0.0,25.525
1,0.75,25.525
1,0.25,25.525
0,0.0,25.525
1,0.0,25.525
1,0.0,25.525
1,0.0,25.525
1,0.0,25.525
0,1.0,25.525
1,0.0,25.525
1,0.0,24.799999999999997
1,0.0,24.799999999999997
1,0.5,24.799999999999997
0,0.5,24.799999999999997
0,1.0,24.799999999999997
1,0.3333333333333333,24.799999999999997
1,0.25,24.799999999999997
1,0.6666666666666666,24.799999999999997
1,0.0,24.799999999999997
1,0.0,24.799999999999997
1,0.0,24.799999999999997
0,0.5,24.799999999999997
1,0.0,23.766666666666666
1,0.0,23.766666666666666
1,0.0,23.766666666666666
0,0.25,23.766666666666666
1,0.0,23.766666666666666
1,0.3333333333333333,23.766666666666666
1,0.3333333333333333,23.766666666666666
1,0.0,23.766666666666666
0,0.3333333333333333,23.766666666666666
1,0.25,22.433333333333334
1,0.0,22.433333333333334
1,0.0,22.433333333333334
0,0.3333333333333333,22.433333333333334
1,0.0,22.433333333333334
1,0.25,22.433333333333334
1,0.5,22.433333333333334
0,0.0,22.433333333333334
1,0.3333333333333333,22.433333333333334
1,0.3333333333333333,22.433333333333334
1,0.0,25.366666666666664
1,0.25,25.366666666666664
1,0.25,25.366666666666664
0,0.0,25.366666666666664
1,0.25,25.366666666666664
1,0.0,25.366666666666664
1,0.0,25.366666666666664
0,0.3333333333333333,25.366666666666664
1,0.5,25.366666666666664
1,0.0,25.366666666666664
1,0.0,25.266666666666666
1,0.0,25.266666666666666
1,0.5,25.266666666666666
0,0.3333333333333333,25.266666666666666
1,0.0,25.266666666666666
1,0.0,25.266666666666666
1,0.0,25.266666666666666
1,0.0,25.266666666666666
0,0.0,25.266666666666666
1,0.0,25.266666666666666
0,0.0,25.266666666666666
1,0.0,26.400000000000002
1,0.5,26.400000000000002
1,0.25,26.400000000000002
0,0.0,26.400000000000002
1,0.0,26.400000000000002
1,0.0,26.400000000000002
1,0.3333333333333333,26.400000000000002
0,0.3333333333333333,26.400000000000002
1,0.0,26.400000000000002
1,0.0,26.400000000000002
1,0.5,28.7
1,0.3333333333333333,28.7
1,0.0,28.7
0,0.3333333333333333,28.7
1,0.75,28.7
1,0.0,28.7
1,0.25,28.7
0,0.0,28.7
0,0.3333333333333333,28.7
1,0.0,28.7
1,0.0,27.066666666666666
1,0.0,27.066666666666666
1,0.0,27.066666666666666
0,0.6666666666666666,27.066666666666666
1,0.0,27.066666666666666
1,0.0,27.066666666666666
0,0.0,27.066666666666666
1,0.0,27.066666666666666
0,0.0,27.066666666666666
1,0.0,27.066666666666666
2,0.0,27.066666666666666
0,0.0,27.066666666666666
1,0.0,27.75
0,0.25,27.75
1,0.5,27.75
0,0.6666666666666666,27.75
1,0.25,27.75
1,0.0,27.75
1,0.3333333333333333,27.75
1,0.0,27.75
1,0.0,27.75
1,1.0,27.75
2,0.0,27.75
1,0.0,27.75
1,0.0,25.475
1,0.0,25.475
1,0.5,25.475
0,0.25,25.475
1,0.0,25.475
1,0.5,25.475
1,0.0,25.475
1,0.0,25.475
1,0.0,25.475
1,1.0,25.475
1,0.0,25.475
1,0.0,25.275
1,0.0,25.275
1,0.0,25.275
0,0.0,25.275
1,0.3333333333333333,25.275
1,0.0,25.275
0,0.0,25.275
1,0.0,25.275
1,0.0,25.275
1,0.0,25.275
2,0.0,25.275
1,0.0,25.275
0,0.0,29.366666666666664
1,0.3333333333333333,29.366666666666664
1,0.0,29.366666666666664
0,0.5,29.366666666666664
1,0.3333333333333333,29.366666666666664
1,0.3333333333333333,29.366666666666664
1,0.3333333333333333,29.366666666666664
0,0.0,29.366666666666664
1,0.0,29.366666666666664
1,0.4,29.424999999999997
1,0.0,29.424999999999997
1,0.5,29.424999999999997
0,0.2,29.424999999999997
1,0.2,29.424999999999997
1,0.4,29.424999999999997
1,0.5,29.424999999999997
0,0.6666666666666666,29.424999999999997
1,0.0,29.424999999999997
1,0.0,29.424999999999997
1,0.0,29.424999999999997
1,0.0,29.424999999999997
1,0.0,26.2
1,0.6666666666666666,26.2
1,0.0,26.2
0,0.25,26.2
1,0.3333333333333333,26.2
1,0.0,26.2
1,0.25,26.2
0,0.0,26.2
1,0.0,26.2
2,0.0,26.2
1,0.0,26.2
1,0.25,32.025
1,0.25,32.025
1,0.25,32.025
0,0.25,32.025
1,0.5,32.025
1,0.0,32.025
1,1.0,32.025
0,0.0,32.025
1,0.5,32.025
2,0.0,32.025
1,0.0,32.025
1,0.0,31.0
1,0.0,31.0
1,0.25,31.0
0,0.0,31.0
1,0.3333333333333333,31.0
1,0.3333333333333333,31.0
1,0.0,31.0
1,0.0,31.0
1,0.0,31.0
2,0.5,31.0
1,0.0,31.0
1,0.3333333333333333,26.55
1,0.3333333333333333,26.55
1,0.25,26.55
0,0.0,26.55
1,0.0,26.55
0,0.3333333333333333,26.55
1,0.3333333333333333,26.55
1,0.0,26.55
1,0.0,26.55
1,0.0,26.55
1,0.0,26.933333333333334
1,0.0,26.933333333333334
1,0.5,26.933333333333334
0,0.6666666666666666,26.933333333333334
1,0.0,26.933333333333334
1,0.3333333333333333,26.933333333333334
0,0.0,26.933333333333334
1,0.0,26.933333333333334
1,0.0,26.933333333333334
1,0.0,26.933333333333334
1,0.75,27.0
1,0.75,27.0
1,0.0,27.0
0,0.3333333333333333,27.0
1,0.25,27.0
1,1.0,27.0
1,0.0,27.0
0,0.0,27.0
0,0.25,27.0
1,0.0,27.0
1,0.0,27.0
1,0.0,27.0
1,0.0,27.0
1,0.0,27.6
1,0.25,27.6
1,0.0,27.6
0,0.0,27.6
1,0.3333333333333333,27.6
0,1.0,27.6
1,0.25,27.6
1,0.25,27.6
0,0.5,27.6
2,0.0,27.6
1,0.0,27.6
1,0.0,27.6
1,0.3333333333333333,29.666666666666668
1,0.0,29.666666666666668
1,0.0,29.666666666666668
0,0.0,29.666666666666668
1,0.0,29.666666666666668
1,0.0,29.666666666666668
0,0.3333333333333333,29.666666666666668
1,0.3333333333333333,29.666666666666668
1,0.0,29.666666666666668
1,0.0,29.666666666666668
1,0.0,29.666666666666668
1,0.25,29.933333333333334
1,0.0,29.933333333333334
1,0.25,29.933333333333334
0,0.75,29.933333333333334
1,0.0,29.933333333333334
1,0.0,29.933333333333334
0,0.5,29.933333333333334
1,0.3333333333333333,29.933333333333334
1,0.0,29.933333333333334
2,0.0,29.933333333333334
1,0.0,29.933333333333334
0,0.0,29.933333333333334
1,0.2,29.933333333333334
1,0.4,29.933333333333334
1,0.0,29.933333333333334
1,0.0,29.933333333333334
0,0.25,29.933333333333334
1,0.0,29.933333333333334
1,0.25,29.933333333333334
1,0.6666666666666666,29.933333333333334
0,1.0,29.933333333333334
1,0.5,29.933333333333334
1,0.6666666666666666,29.933333333333334
1,0.0,29.933333333333334
1,0.2,28.660000000000004
1,0.4,28.660000000000004
1,0.0,28.660000000000004
1,0.5,28.660000000000004
1,0.0,28.660000000000004
0,0.2,28.660000000000004
1,0.2,28.660000000000004
1,0.0,28.660000000000004
1,0.4,28.660000000000004
1,0.4,28.660000000000004
2,0.0,28.660000000000004
1,1.0,28.660000000000004
0,0.0,28.660000000000004
1,0.0,23.025
1,0.4,23.025
1,0.0,23.025
0,0.2,23.025
1,0.0,23.025
1,0.3333333333333333,23.025
1,0.25,23.025
0,0.0,23.025
1,0.0,23.025
2,0.0,23.025
1,0.0,23.025
1,0.25,25.3
1,0.5,25.3
1,0.25,25.3
0,0.25,25.3
1,0.0,25.3
1,0.0,25.3
1,0.0,25.3
0,0.3333333333333333,25.3
1,0.0,25.3
1,0.0,25.3
1,0.0,25.3
1,0.0,25.3
1,0.0,27.275
1,0.3333333333333333,27.275
1,0.25,27.275
0,0.3333333333333333,27.275
1,0.3333333333333333,27.275
1,0.3333333333333333,27.275
1,0.0,27.275
1,0.0,27.275
1,0.3333333333333333,27.275
2,0.0,27.275
1,0.0,27.275
1,0.5,29.400000000000002
0,0.0,29.400000000000002
1,0.3333333333333333,29.400000000000002
0,0.25,29.400000000000002
1,0.0,29.400000000000002
1,0.0,29.400000000000002
1,0.0,29.400000000000002
1,0.0,29.400000000000002
1,0.0,29.400000000000002
1,0.3333333333333333,29.950000000000003
0,0.0,29.950000000000003
1,0.3333333333333333,29.950000000000003
0,0.25,29.950000000000003
1,0.0,29.950000000000003
1,0.5,29.950000000000003
0,0.6666666666666666,29.950000000000003
1,0.0,29.950000000000003
2,0.0,29.950000000000003
1,0.0,29.950000000000003
1,0.3333333333333333,26.5
0,0.0,26.5
1,0.3333333333333333,26.5
0,0.0,26.5
1,0.3333333333333333,26.5
1,0.3333333333333333,26.5
1,0.0,26.5
1,0.0,26.5
2,0.5,26.5
1,0.25,31.65
1,0.25,31.65
2,0.0,31.65
0,0.5,31.65
1,0.25,31.65
1,0.25,31.65
0,0.0,31.65
1,0.0,31.65
1,0.25,31.65
2,0.0,31.65
1,1.0,31.65
1,0.4,31.6
1,0.0,31.6
1,0.2,31.6
0,0.4,31.6
1,0.6666666666666666,31.6
2,0.25,31.6
1,0.25,31.6
1,0.0,31.6
0,0.5,31.6
1,0.5,31.6
1,0.0,31.6
0,1.0,31.6
1,0.25,34.26666666666667
0,0.25,34.26666666666667
1,0.25,34.26666666666667
0,0.0,34.26666666666667
1,0.3333333333333333,34.26666666666667
2,0.75,34.26666666666667
1,0.25,34.26666666666667
1,0.25,34.26666666666667
1,0.0,34.26666666666667
1,0.0,34.26666666666667
1,0.25,30.55
0,0.25,30.55
1,0.25,30.55
0,0.0,30.55
1,0.25,30.55
1,0.25,30.55
0,0.5,30.55
1,0.3333333333333333,30.55
2,0.0,30.55
1,0.0,30.55
2,0.0,30.55
1,0.0,30.05
0,0.25,30.05
1,0.0,30.05
0,0.3333333333333333,30.05
2,0.0,30.05
0,0.3333333333333333,30.05
0,0.3333333333333333,30.05
1,0.3333333333333333,30.05
2,0.0,30.05
2,0.0,30.05
1,1.0,30.05
1,0.1666666666666666,28.925
0,0.4,28.925
1,0.6,28.925
0,0.75,28.925
1,1.0,28.925
2,0.0,28.925
1,0.5,28.925
1,0.6,28.925
0,0.25,28.925
1,1.0,28.925
1,0.0,28.925
2,0.0,28.925
1,1.0,28.925
0,1.0,28.925
1,0.6,27.174999999999997
0,0.25,27.174999999999997
1,0.4,27.174999999999997
2,0.0,27.174999999999997
1,0.0,27.174999999999997
1,0.6666666666666666,27.174999999999997
1,0.75,27.174999999999997
0,0.25,27.174999999999997
1,0.0,27.174999999999997
2,0.0,27.174999999999997
2,0.0,27.174999999999997
1,0.6,31.425
0,0.0,31.425
1,0.2,31.425
1,0.6,31.425
1,0.2,31.425
2,0.5,31.425
1,0.0,31.425
1,0.3333333333333333,31.425
1,0.0,31.425
2,0.3333333333333333,31.425
2,0.0,31.425
1,0.25,35.166666666666664
0,0.25,35.166666666666664
1,0.5,35.166666666666664
1,0.6666666666666666,35.166666666666664
1,0.25,35.166666666666664
2,0.25,35.166666666666664
1,0.0,35.166666666666664
1,0.0,35.166666666666664
1,0.0,35.166666666666664
2,1.0,35.166666666666664
1,0.25,31.98
0,0.0,31.98
1,0.6,31.98
1,0.5,31.98
2,0.3333333333333333,31.98
0,0.5,31.98
1,0.25,31.98
1,0.3333333333333333,31.98
2,0.5,31.98
0,0.0,31.860000000000003
1,0.5,31.860000000000003
0,0.0,31.860000000000003
1,0.0,31.860000000000003
2,0.4,31.860000000000003
0,0.5,31.860000000000003
1,0.25,31.860000000000003
1,0.75,31.860000000000003
1,0.5,31.860000000000003
1,1.0,31.860000000000003
2,0.0,31.860000000000003
2,0.0,31.860000000000003
1,0.0,31.860000000000003
1,0.6,30.339999999999996
0,1.0,30.339999999999996
1,0.6,30.339999999999996
1,0.2,30.339999999999996
2,0.2,30.339999999999996
1,0.5,30.339999999999996
0,0.0,30.339999999999996
1,0.0,30.339999999999996
1,0.0,30.339999999999996
2,0.0,30.339999999999996
1,0.0,30.339999999999996
1,0.25,30.2
0,0.25,30.2
1,0.25,30.2
1,0.0,30.2
2,0.6666666666666666,30.2
1,0.3333333333333333,30.2
1,1.0,30.2
1,0.5,30.2
0,0.0,30.2
1,1.0,30.2
2,0.0,30.2
1,0.0,30.2
1,0.2,28.1
0,0.75,28.1
1,0.4,28.1
1,0.0,28.1
2,0.3333333333333333,28.1
1,0.0,28.1
1,0.0,28.1
0,1.0,28.1
1,0.0,28.1
2,0.0,28.1
2,1.0,28.1
2,0.0,28.1
1,0.25,27.85
0,0.4,27.85
1,0.0,27.85
2,0.4,27.85
1,0.8,27.85
1,0.5,27.85
1,0.4,27.85
0,0.6666666666666666,27.85
0,0.0,27.85
1,0.0,27.85
2,0.0,27.85
1,0.0,27.85
1,0.0,27.85
1,0.25,27.03333333333333
0,0.3333333333333333,27.03333333333333
1,0.5,27.03333333333333
1,0.0,27.03333333333333
1,0.0,27.03333333333333
2,0.0,27.03333333333333
1,0.5,27.03333333333333
0,0.0,27.03333333333333
1,0.0,27.03333333333333
1,0.0,27.03333333333333
0,0.25,28.3
1,0.4,28.3
1,0.4,28.3
2,0.2,28.3
1,0.3333333333333333,28.3
1,0.5,28.3
0,0.25,28.3
0,0.0,28.3
1,1.0,28.3
1,1.0,28.3
1,0.0,28.3
2,0.0,28.3
0,0.3333333333333333,31.560000000000002
1,0.2,31.560000000000002
1,0.0,31.560000000000002
2,0.3333333333333333,31.560000000000002
0,1.0,31.560000000000002
1,0.0,31.560000000000002
1,0.8,31.560000000000002
1,0.2,31.560000000000002
0,0.4,31.560000000000002
2,0.0,31.560000000000002
0,0.6,35.53333333333333
1,0.0,35.53333333333333
1,0.2,35.53333333333333
2,0.0,35.53333333333333
1,0.25,35.53333333333333
1,0.6666666666666666,35.53333333333333
1,0.5,35.53333333333333
0,0.25,35.53333333333333
1,0.0,35.53333333333333
2,0.0,35.53333333333333
0,0.25,35.550000000000004
1,0.4,35.550000000000004
1,0.3333333333333333,35.550000000000004
1,0.25,35.550000000000004
1,1.0,35.550000000000004
2,0.75,35.550000000000004
1,0.0,35.550000000000004
1,0.25,35.550000000000004
0,0.0,35.550000000000004
1,0.0,35.550000000000004
1,0.0,35.550000000000004
2,0.0,35.550000000000004
1,0.0,35.550000000000004
1,0.0,35.550000000000004
1,0.0,35.550000000000004
0,0.2,28.725
1,0.25,28.725
1,0.0,28.725
2,0.6666666666666666,28.725
1,0.3333333333333333,28.725
0,0.0,28.725
1,0.5,28.725
1,0.0,28.725
0,0.25,28.725
1,0.0,28.725
2,0.0,28.725
2,0.0,28.725
0,0.25,28.95
1,0.4,28.95
1,0.4,28.95
2,0.4,28.95
1,1.0,28.95
1,0.0,28.95
2,0.0,28.95
0,0.25,28.95
0,0.3333333333333333,28.95
1,0.5,28.95
1,0.5,28.95
0,0.0,30.53333333333333
1,0.5,30.53333333333333
1,0.0,30.53333333333333
1,0.5,30.53333333333333
1,0.0,30.53333333333333
2,0.0,30.53333333333333
1,0.0,30.53333333333333
0,0.0,30.53333333333333
2,0.0,30.53333333333333
1,0.0,30.53333333333333
0,0.3333333333333333,30.2
1,0.75,30.2
1,0.25,30.2
2,0.0,30.2
1,0.25,30.2
1,0.0,30.2
1,0.0,30.2
0,0.0,30.2
2,0.0,30.2
2,0.0,30.2
1,1.0,30.2
0,0.0,34.36666666666667
1,0.5,34.36666666666667
2,0.25,34.36666666666667
1,0.0,34.36666666666667
1,0.0,34.36666666666667
1,0.0,34.36666666666667
1,0.3333333333333333,34.36666666666667
1,0.0,34.36666666666667
1,0.0,34.36666666666667
1,0.0,34.36666666666667
1,0.0,34.36666666666667
0,0.6666666666666666,35.46666666666667
1,0.0,35.46666666666667
1,0.5,35.46666666666667
2,0.25,35.46666666666667
1,0.25,35.46666666666667
1,0.25,35.46666666666667
1,0.0,35.46666666666667
0,0.0,35.46666666666667
1,0.0,35.46666666666667
1,0.0,35.46666666666667
0,0.25,29.339999999999996
1,0.3333333333333333,29.339999999999996
1,0.25,29.339999999999996
0,0.0,29.339999999999996
1,0.0,29.339999999999996
1,0.0,29.339999999999996
1,0.75,29.339999999999996
1,0.5,29.339999999999996
1,0.25,29.339999999999996
0,0.0,29.339999999999996
2,1.0,29.339999999999996
2,0.0,29.339999999999996
0,0.0,30.225
1,0.0,30.225
1,0.5,30.225
2,0.0,30.225
1,0.0,30.225
1,0.0,30.225
1,0.0,30.225
1,0.0,30.225
1,0.5,30.225
1,0.0,30.225
2,0.0,30.225
0,0.25,28.525
1,0.0,28.525
1,0.0,28.525
2,0.25,28.525
1,0.5,28.525
1,0.75,28.525
0,0.3333333333333333,28.525
1,0.3333333333333333,28.525
1,0.0,28.525
1,0.0,28.525
0,0.0,28.4
1,0.0,28.4
1,0.25,28.4
2,0.25,28.4
1,0.25,28.4
1,0.25,28.4
0,0.0,28.4
1,1.0,28.4
1,1.0,28.4
1,0.6666666666666666,28.4
2,0.5,28.4
2,0.0,28.4
1,0.0,28.4
0,0.5,29.32
1,0.2,29.32
1,0.6,29.32
1,0.0,29.32
1,0.4,29.32
1,0.0,29.32
1,0.25,29.32
0,0.0,29.32
1,0.0,29.32
1,0.0,29.32
2,1.0,29.32
2,0.0,29.32
0,0.3333333333333333,29.225
1,0.0,29.225
1,0.0,29.225
2,0.0,29.225
1,0.0,29.225
1,0.3333333333333333,29.225
0,0.5,29.225
1,0.0,29.225
2,0.0,29.225
1,0.0,29.225
1,1.0,29.225
0,0.2,31.0
1,0.6,31.0
1,0.5,31.0
2,0.6,31.0
1,0.25,31.0
1,0.0,31.0
1,0.2,31.0
0,0.25,31.0
1,0.3333333333333333,31.0
2,0.0,31.0
2,0.0,31.0
0,0.0,32.1
1,0.0,32.1
1,0.5,32.1
2,0.3333333333333333,32.1
1,0.0,32.1
1,0.6666666666666666,32.1
1,0.0,32.1
0,0.25,32.1
1,0.0,32.1
2,1.0,32.1
0,0.5,26.75
1,0.5,26.75
1,0.0,26.75
2,0.0,26.75
1,0.0,26.75
1,0.0,26.75
1,0.5,26.75
1,0.0,26.75
0,0.3333333333333333,24.475
1,0.25,24.475
1,0.25,24.475
1,0.25,24.475
1,0.75,24.475
1,0.0,24.475
0,0.0,24.475
2,1.0,24.475
2,0.0,24.475
1,0.25,24.475
0,0.3333333333333333,24.475
0,0.2,26.275
1,0.0,26.275
1,0.0,26.275
2,0.0,26.275
1,0.6666666666666666,26.275
1,0.25,26.275
0,0.0,26.275
1,1.0,26.275
1,0.25,26.275
1,0.0,26.275
1,0.0,26.275
2,1.0,26.275
0,0.5,27.5
1,0.25,27.5
1,0.0,27.5
2,0.5,27.5
1,0.25,27.5
1,0.0,27.5
1,0.3333333333333333,27.5
0,0.3333333333333333,27.5
1,0.0,27.5
1,1.0,27.5
0,0.4,25.0
1,0.4,25.0
1,0.3333333333333333,25.0
1,0.0,25.0
2,0.4,25.0
1,0.5,25.0
1,0.4,25.0
1,0.25,25.0
1,0.5,25.0
2,0.0,25.0
1,1.0,25.0
0,0.6,26.65
1,0.4,26.65
1,0.0,26.65
2,0.6,26.65
1,0.5,26.65
1,0.25,26.65
1,0.2,26.65
1,0.25,26.65
1,0.0,26.65
1,0.0,26.65
0,0.75,29.45
1,0.0,29.45
1,0.3333333333333333,29.45
2,0.3333333333333333,29.45
1,0.25,29.45
1,0.5,29.45
1,0.25,29.45
1,0.25,29.45
1,0.0,29.45
1,1.0,29.45
1,0.0,29.45
0,0.0,27.900000000000002
1,0.25,27.900000000000002
1,0.25,27.900000000000002
2,0.5,27.900000000000002
1,0.0,27.900000000000002
1,0.25,27.900000000000002
1,0.6666666666666666,27.900000000000002
1,0.0,27.900000000000002
2,0.0,27.900000000000002
0,0.0,31.5
1,0.5,31.5
1,0.25,31.5
2,0.5,31.5
1,0.25,31.5
1,0.0,31.5
1,0.0,31.5
1,0.0,31.5
1,0.0,31.5
2,0.0,31.5
0,0.25,27.7
1,0.25,27.7
1,0.4,27.7
2,0.5,27.7
1,0.0,27.7
1,0.0,27.7
1,0.5,27.7
1,0.25,27.7
1,0.5,27.7
1,0.0,27.7
1,0.0,27.7
0,0.4,25.025
1,0.0,25.025
1,0.0,25.025
2,0.25,25.025
1,1.0,25.025
1,0.3333333333333333,25.025
1,0.5,25.025
1,0.25,25.025
1,0.0,25.025
1,0.0,25.025
0,0.1666666666666666,24.419999999999998
1,1.0,24.419999999999998
1,0.0,24.419999999999998
1,0.3333333333333333,24.419999999999998
1,0.0,24.419999999999998
1,0.25,24.419999999999998
1,0.25,24.419999999999998
1,0.5,24.419999999999998
2,0.0,24.419999999999998
2,0.0,24.419999999999998
1,0.0,24.419999999999998
1,0.0,24.419999999999998
0,0.0,25.775
1,0.5,25.775
1,1.0,25.775
2,0.3333333333333333,25.775
1,0.0,25.775
1,0.3333333333333333,25.775
1,0.0,25.775
1,0.0,25.775
1,0.5,25.775
1,0.5,25.775
1,0.0,25.775
2,0.0,25.775
0,0.75,26.6
1,0.4,26.6
1,0.4,26.6
2,0.0,26.6
1,0.25,26.6
1,0.25,26.6
1,0.6,26.6
1,0.25,26.6
1,0.0,26.6
2,0.0,26.6
2,1.0,26.6
0,0.0,22.224999999999998
1,0.4,22.224999999999998
1,0.4,22.224999999999998
2,0.0,22.224999999999998
1,0.6666666666666666,22.224999999999998
1,1.0,22.224999999999998
1,0.2,22.224999999999998
1,0.4,22.224999999999998
1,0.25,22.224999999999998
1,0.0,22.224999999999998
2,1.0,22.224999999999998
1,1.0,22.224999999999998
0,0.0,22.224999999999998
0,0.4,23.65
1,0.6,23.65
1,0.0,23.65
1,1.0,23.65
1,0.0,23.65
2,1.0,23.65
2,0.5,23.65
1,0.5,23.65
1,0.0,23.65
1,0.0,23.65
1,0.0,23.65
1,0.5,23.65
0,0.0,23.65
1,1.0,23.65
0,0.5,23.65
1,0.0,23.65
1,0.0,23.65
1,0.5,23.65
0,0.25,19.9
1,1.0,19.9
1,0.5,19.9
1,1.0,19.9
1,1.0,19.9
1,0.5,19.9
1,0.0,19.9
0,0.0,19.9
1,0.6666666666666666,19.9
1,0.5,19.9
1,0.4,19.9
1,0.4,19.9
1,0.25,19.9
2,0.0,19.9
0,0.25,17.3
1,0.0,17.3
1,0.25,17.3
1,1.0,17.3
0,0.25,17.3
1,0.0,17.3
1,0.0,17.3
1,0.3333333333333333,17.3
2,0.0,17.3
2,0.0,17.3
0,0.5,21.78
1,0.3333333333333333,21.78
1,0.5,21.78
1,0.0,21.78
0,0.0,21.78
1,0.2,21.78
1,0.4,21.78
1,0.25,21.78
1,0.0,21.78
1,0.0,21.78
1,0.0,21.78
2,0.0,21.78
1,1.0,21.78
1,0.2,19.8
1,0.2,19.8
1,0.0,19.8
2,0.5,19.8
2,0.0,19.8
0,0.25,19.8
1,0.3333333333333333,19.8
0,0.25,19.8
0,0.0,19.8
1,1.0,19.8
1,0.0,19.8
1,0.0,5.033333333333334
1,0.0,5.033333333333334
1,0.3333333333333333,5.033333333333334
1,0.0,5.033333333333334
1,0.0,5.033333333333334
2,0.0,5.033333333333334
2,0.0,5.033333333333334
0,0.3333333333333333,5.033333333333334
1,0.0,5.033333333333334
0,0.0,5.033333333333334
1,0.5,5.033333333333334
1,0.0,5.033333333333334
1,0.0,5.033333333333334
0,0.5,13.774999999999999
1,0.0,13.774999999999999
2,0.0,13.774999999999999
2,0.25,13.774999999999999
1,0.25,13.774999999999999
1,0.0,13.774999999999999
1,0.0,13.774999999999999
1,0.5,13.774999999999999
1,0.3333333333333333,13.774999999999999
1,0.0,13.774999999999999
1,1.0,13.774999999999999
0,0.0,13.774999999999999
1,0.0,13.774999999999999
0,0.4,10.75
1,0.0,10.75
2,0.25,10.75
2,0.6,10.75
1,0.3333333333333333,10.75
1,0.0,10.75
1,0.0,10.75
1,0.0,10.75
1,0.0,10.75
1,1.0,10.75
1,0.6666666666666666,10.75
1,0.0,10.75
1,0.0,10.75
0,0.25,8.233333333333333
1,0.5,8.233333333333333
2,0.25,8.233333333333333
2,0.25,8.233333333333333
1,0.25,8.233333333333333
1,0.0,8.233333333333333
1,0.0,8.233333333333333
1,0.0,8.233333333333333
0,0.0,8.233333333333333
1,0.5,8.233333333333333
0,0.2,11.72
1,0.0,11.72
1,0.2,11.72
2,0.3333333333333333,11.72
1,0.0,11.72
2,0.0,11.72
1,0.25,11.72
1,0.0,11.72
1,0.0,11.72
1,0.0,11.72
1,0.0,11.72
1,0.0,11.72
1,0.0,11.72
1,0.0,11.72
0,0.25,15.666666666666666
1,0.0,15.666666666666666
2,0.0,15.666666666666666
2,0.75,15.666666666666666
1,0.25,15.666666666666666
1,0.0,15.666666666666666
0,0.0,15.666666666666666
1,0.0,15.666666666666666
2,0.0,15.666666666666666
0,0.0,16.5
1,0.5,16.5
2,0.25,16.5
2,0.0,16.5
1,0.3333333333333333,16.5
1,0.6666666666666666,16.5
1,0.25,16.5
1,0.25,16.5
0,1.0,16.5
1,0.0,16.5
1,0.0,16.5
0,0.0,18.099999999999998
1,0.0,18.099999999999998
2,0.25,18.099999999999998
2,0.5,18.099999999999998
1,0.0,18.099999999999998
1,0.6666666666666666,18.099999999999998
1,0.25,18.099999999999998
0,0.0,18.099999999999998
1,0.0,18.099999999999998
2,0.0,18.099999999999998
1,0.0,18.099999999999998
1,1.0,18.099999999999998
1,0.25,11.475
1,0.25,11.475
2,0.3333333333333333,11.475
2,0.0,11.475
1,0.3333333333333333,11.475
1,0.0,11.475
1,0.0,11.475
0,0.0,11.475
1,0.0,11.475
0,0.0,11.475
1,0.0,11.475
1,0.0,11.475
1,0.6,19.96
1,0.2,19.96
2,0.2,19.96
1,0.25,19.96
0,0.0,19.96
2,0.25,19.96
1,0.0,19.96
1,0.2,19.96
1,0.3333333333333333,19.96
1,0.0,19.96
1,0.0,19.96
1,0.0,19.96
1,0.0,19.96
0,0.0,19.96
1,0.0,20.225
1,0.0,20.225
1,0.3333333333333333,20.225
2,0.3333333333333333,20.225
2,0.3333333333333333,20.225
1,0.25,20.225
1,0.0,20.225
0,0.0,20.225
1,0.0,20.225
0,0.6666666666666666,20.225
1,1.0,20.225
1,0.0,20.225
1,0.5,20.225
0,0.0,19.875
1,1.0,19.875
2,0.25,19.875
1,0.0,19.875
1,0.0,19.875
2,0.5,19.875
1,0.3333333333333333,19.875
1,0.75,19.875
1,0.25,19.875
1,1.0,19.875
0,0.0,19.875
1,1.0,19.875
1,0.0,19.875
0,0.0,19.875
1,0.0,20.4
2,0.6666666666666666,20.4
1,0.4,20.4
2,0.25,20.4
1,0.0,20.4
1,0.0,20.4
1,0.5,20.4
1,1.0,20.4
0,0.25,20.4
2,0.0,20.4
1,0.0,20.4
1,0.0,20.4
1,0.5,20.4
1,0.0,20.4
1,0.75,17.525
2,0.5,17.525
1,0.0,17.525
1,0.0,17.525
2,0.0,17.525
1,0.0,17.525
1,0.25,17.525
0,0.25,17.525
0,0.0,17.525
1,0.0,17.525
0,0.0,17.525
1,0.0,17.525
1,0.0,17.525
1,0.2,14.725
2,0.25,14.725
1,1.0,14.725
1,0.25,14.725
2,0.6,14.725
1,0.25,14.725
1,0.5,14.725
1,0.0,14.725
1,0.4,14.725
0,0.8,14.725
1,0.0,14.725
0,0.5,14.725
0,0.25,20.900000000000002
2,0.5,20.900000000000002
0,0.5,20.900000000000002
2,0.25,20.900000000000002
1,0.0,20.900000000000002
1,0.0,20.900000000000002
1,0.0,20.900000000000002
1,0.0,20.900000000000002
1,0.6666666666666666,20.900000000000002
1,0.0,20.900000000000002
1,0.0,20.900000000000002
0,0.0,20.900000000000002
1,0.0,20.900000000000002
1,0.0,24.175
2,0.5,24.175
1,1.0,24.175
1,0.6666666666666666,24.175
2,0.2,24.175
0,0.25,24.175
1,0.3333333333333333,24.175
0,0.0,24.175
1,0.0,24.175
1,0.25,24.175
1,0.25,21.18
2,0.0,21.18
1,0.25,21.18
2,0.25,21.18
0,0.0,21.18
1,0.0,21.18
0,0.0,21.18
1,0.5,21.18
1,0.0,21.18
1,1.0,21.18
1,0.6666666666666666,21.18
1,0.25,17.825
2,0.3333333333333333,17.825
1,0.5,17.825
2,0.0,17.825
0,0.0,17.825
1,0.6666666666666666,17.825
1,0.25,17.825
1,0.0,17.825
1,0.0,17.825
1,0.3333333333333333,17.825
1,0.2,18.725
2,0.3333333333333333,18.725
1,0.0,18.725
2,0.3333333333333333,18.725
0,0.0,18.725
1,0.25,18.725
1,0.0,18.725
1,0.0,18.725
1,0.0,18.725
1,0.0,18.725
1,0.25,18.725
1,0.3333333333333333,18.25
1,0.0,18.25
0,0.25,18.25
2,0.25,18.25
1,0.0,18.25
2,0.0,18.25
0,0.0,18.25
0,0.0,18.25
1,0.0,18.25
1,0.0,18.25
1,0.0,18.25
0,0.0,18.25
1,0.0,18.225
1,1.0,18.225
1,0.0,18.225
0,0.2,18.225
2,0.4,18.225
1,0.0,18.225
2,0.0,18.225
1,0.0,18.225
1,0.25,18.225
1,0.6666666666666666,18.225
1,0.0,18.225
1,0.0,18.225
0,0.0,18.225
1,0.3333333333333333,18.099999999999998
1,0.0,18.099999999999998
2,0.3333333333333333,18.099999999999998
1,0.5,18.099999999999998
0,0.25,18.099999999999998
2,1.0,18.099999999999998
1,0.0,18.099999999999998
0,0.0,18.099999999999998
1,0.0,18.099999999999998
1,0.0,18.099999999999998
1,0.0,18.099999999999998
1,0.4,21.325
0,0.0,21.325
2,0.0,21.325
1,0.0,21.325
0,0.2,21.325
2,0.5,21.325
1,0.0,21.325
1,0.25,21.325
1,0.5,21.325
0,1.0,21.325
2,0.0,21.325
1,0.0,21.325
1,1.0,21.325
1,0.25,21.066666666666666
2,0.3333333333333333,21.066666666666666
1,0.5,21.066666666666666
0,0.0,21.066666666666666
2,0.3333333333333333,21.066666666666666
1,0.3333333333333333,21.066666666666666
1,0.0,21.066666666666666
0,0.3333333333333333,21.066666666666666
1,0.0,21.066666666666666
1,0.0,22.233333333333334
0,0.3333333333333333,22.233333333333334
1,0.0,22.233333333333334
1,0.0,22.233333333333334
2,0.5,22.233333333333334
2,0.0,22.233333333333334
0,0.3333333333333333,22.233333333333334
1,0.0,22.233333333333334
1,0.0,22.233333333333334
1,0.5,22.233333333333334
1,0.0,22.233333333333334
2,0.0,22.233333333333334
1,0.0,22.233333333333334
1,0.0,21.25
1,0.0,21.25
2,0.4,21.25
2,0.0,21.25
0,0.5,21.25
0,0.3333333333333333,21.25
1,0.5,21.25
1,0.0,21.25
1,0.0,21.25
1,0.0,21.25
1,0.0,23.325
2,0.6,23.325
1,0.5,23.325
2,0.6666666666666666,23.325
0,0.5,23.325
0,0.25,23.325
1,0.0,23.325
0,0.25,23.325
1,0.0,23.325
1,0.0,23.325
1,1.0,23.325
1,0.2,23.55
2,0.3333333333333333,23.55
1,0.0,23.55
2,0.0,23.55
0,0.3333333333333333,23.55
0,0.5,23.55
1,0.75,23.55
0,0.0,23.55
1,0.0,23.55
0,0.0,23.55
0,0.0,23.55
1,0.0,23.55
1,0.4,26.675
0,1.0,26.675
2,0.0,26.675
1,0.0,26.675
2,0.25,26.675
1,0.0,26.675
1,0.0,26.675
1,0.25,26.675
0,0.0,26.675
1,0.0,26.675
2,0.0,26.675
1,0.0,26.675
0,0.0,26.675
1,0.5,21.7
0,0.0,21.7
2,0.0,21.7
1,0.0,21.7
1,0.3333333333333333,21.7
0,0.0,21.7
2,0.25,21.7
1,0.0,21.7
1,0.0,21.7
1,0.25,21.7
0,0.4,21.7
1,0.0,21.7
1,0.0,21.7
1,0.0,21.7
1,0.0,18.666666666666668
0,0.25,18.666666666666668
2,0.0,18.666666666666668
1,0.5,18.666666666666668
2,0.25,18.666666666666668
1,0.25,18.666666666666668
1,0.3333333333333333,18.666666666666668
1,0.3333333333333333,18.666666666666668
1,0.0,18.666666666666668
1,0.0,18.666666666666668
0,0.0,18.666666666666668
1,0.0,17.099999999999998
1,0.0,17.099999999999998
0,0.0,17.099999999999998
2,0.0,17.099999999999998
1,0.0,17.099999999999998
1,0.25,17.099999999999998
0,0.3333333333333333,17.099999999999998
0,0.0,17.099999999999998
1,1.0,17.099999999999998
1,0.0,17.099999999999998
1,1.0,17.099999999999998
1,0.4,19.825
1,0.25,19.825
2,0.2,19.825
2,0.25,19.825
1,0.25,19.825
1,0.3333333333333333,19.825
0,0.3333333333333333,19.825
1,0.3333333333333333,19.825
0,0.0,19.825
2,0.0,19.825
1,0.0,19.825
0,0.0,19.825
1,1.0,19.825
1,0.0,18.25
0,0.0,18.25
1,1.0,18.25
1,0.0,18.25
0,0.0,18.25
2,0.25,18.25
0,0.6666666666666666,18.25
1,0.0,18.25
1,0.0,18.25
1,0.0,18.25
2,0.0,18.25
0,1.0,18.25
1,0.0,19.2
1,0.0,19.2
0,0.3333333333333333,19.2
0,0.0,19.2
2,0.3333333333333333,19.2
1,0.0,19.2
1,0.6666666666666666,19.2
1,0.25,19.2
1,0.5,19.2
1,0.0,19.2
1,0.0,19.2
0,0.0,19.2
1,0.25,19.666666666666668
1,0.0,19.666666666666668
0,0.25,19.666666666666668
2,0.3333333333333333,19.666666666666668
0,0.25,19.666666666666668
1,0.25,19.666666666666668
1,0.25,19.666666666666668
0,0.0,19.666666666666668
2,0.0,19.666666666666668
1,0.0,19.666666666666668
1,0.0,19.666666666666668
1,0.2,15.275
0,0.0,15.275
1,0.0,15.275
1,0.0,15.275
2,0.25,15.275
1,0.5,15.275
1,0.0,15.275
0,0.3333333333333333,15.275
2,1.0,15.275
1,0.0,15.275
1,1.0,15.275
1,0.0,15.275
1,0.0,15.275
0,1.0,15.275
0,0.25,16.56
1,0.25,16.56
1,0.25,16.56
2,0.25,16.56
0,0.0,16.56
1,0.25,16.56
0,0.5,16.56
0,0.3333333333333333,16.56
1,0.0,16.56
1,0.0,16.56
1,0.0,16.56
0,0.5,22.2
1,0.0,22.2
0,0.0,22.2
2,0.0,22.2
1,0.0,22.2
0,0.3333333333333333,22.2
0,0.0,22.2
2,0.0,22.2
1,0.5,22.2
1,1.0,22.2
1,0.0,22.2
0,0.0,23.55
0,0.0,23.55
2,0.6666666666666666,23.55
2,0.25,23.55
0,0.0,23.55
1,0.0,23.55
1,0.0,23.55
1,0.0,23.55
0,0.0,23.55
1,0.0,23.55
1,0.6666666666666666,23.55
1,0.0,23.55
1,0.0,23.55
1,0.0,23.55
1,0.25,25.475
0,0.3333333333333333,25.475
0,0.0,25.475
2,0.3333333333333333,25.475
2,0.25,25.475
1,0.25,25.475
1,0.0,25.475
0,0.0,25.475
1,0.3333333333333333,25.475
1,0.0,25.475
1,0.0,25.475
1,0.3333333333333333,26.4
1,0.0,26.4
1,0.0,26.4
2,0.3333333333333333,26.4
2,0.3333333333333333,26.4
0,0.25,26.4
0,0.0,26.4
0,0.0,26.4
1,0.3333333333333333,26.4
1,0.0,26.4
1,0.0,26.4
1,0.25,20.225
1,0.0,20.225
1,0.0,20.225
2,0.25,20.225
2,0.5,20.225
1,0.0,20.225
1,0.0,20.225
0,0.0,20.225
1,0.0,20.225
0,0.0,20.225
1,0.0,20.225
1,0.25,17.933333333333334
2,0.25,17.933333333333334
0,0.75,17.933333333333334
2,0.5,17.933333333333334
1,0.25,17.933333333333334
1,0.0,17.933333333333334
1,0.25,17.933333333333334
0,0.0,17.933333333333334
1,0.0,17.933333333333334
1,0.0,14.866666666666667
2,0.25,14.866666666666667
0,0.25,14.866666666666667
2,0.0,14.866666666666667
1,0.0,14.866666666666667
1,0.0,14.866666666666667
1,0.25,14.866666666666667
1,0.3333333333333333,14.866666666666667
0,0.0,14.866666666666667
1,1.0,14.866666666666667
1,0.0,14.866666666666667
1,0.0,14.866666666666667
1,0.0,21.825
1,0.0,21.825
2,0.0,21.825
2,0.5,21.825
0,0.5,21.825
1,1.0,21.825
0,0.0,21.825
1,0.3333333333333333,21.825
1,0.25,21.825
1,0.3333333333333333,23.933333333333334
2,0.25,23.933333333333334
0,0.0,23.933333333333334
2,0.0,23.933333333333334
1,0.25,23.933333333333334
1,0.3333333333333333,23.933333333333334
0,0.0,23.933333333333334
1,0.5,23.933333333333334
1,0.0,23.933333333333334
1,0.0,23.933333333333334
1,0.5,23.933333333333334
1,0.0,26.825
2,0.4,26.825
0,0.75,26.825
2,0.0,26.825
1,0.0,26.825
1,0.0,26.825
1,0.6666666666666666,26.825
1,0.0,26.825
1,1.0,26.825
0,0.0,26.825
1,0.3333333333333333,26.825
1,0.1666666666666666,28.76
1,0.25,28.76
2,0.6666666666666666,28.76
2,0.0,28.76
0,0.4,28.76
1,0.0,28.76
1,0.1666666666666666,28.76
1,0.25,28.76
1,0.5,28.76
1,0.0,28.76
1,0.0,28.76
1,0.0,28.76
1,0.5,27.9
1,0.3333333333333333,27.9
2,0.25,27.9
2,0.25,27.9
0,0.25,27.9
1,0.0,27.9
0,0.0,27.9
1,1.0,27.9
1,1.0,27.9
1,0.0,27.9
2,0.0,27.9
0,0.0,27.9
1,0.0,27.9
1,0.3333333333333333,27.53333333333333
2,0.0,27.53333333333333
0,0.5,27.53333333333333
2,0.25,27.53333333333333
1,0.3333333333333333,27.53333333333333
1,0.0,27.53333333333333
1,0.0,27.53333333333333
1,0.0,27.53333333333333
0,0.0,27.53333333333333
2,1.0,27.53333333333333
1,0.0,27.53333333333333
1,0.6,25.880000000000003
1,0.0,25.880000000000003
1,0.5,25.880000000000003
0,0.2,25.880000000000003
2,0.25,25.880000000000003
2,0.5,25.880000000000003
1,0.5,25.880000000000003
1,0.25,25.880000000000003
1,0.4,25.880000000000003
1,0.0,25.880000000000003
1,0.0,25.880000000000003
1,1.0,25.880000000000003
1,0.0,25.880000000000003
1,0.6,29.05
1,0.5,29.05
2,0.5,29.05
1,0.0,29.05
2,0.3333333333333333,29.05
0,0.0,29.05
1,0.3333333333333333,29.05
1,0.5,29.05
0,0.25,29.05
1,0.0,29.05
1,0.25,31.759999999999998
1,0.0,31.759999999999998
1,0.0,31.759999999999998
0,0.5,31.759999999999998
2,0.5,31.759999999999998
1,0.25,31.759999999999998
1,0.0,31.759999999999998
1,0.25,31.759999999999998
0,0.0,31.759999999999998
1,0.0,31.759999999999998
1,0.0,31.759999999999998
1,0.0,31.759999999999998
1,0.0,31.759999999999998
1,0.0,31.759999999999998
1,0.25,26.2
1,0.3333333333333333,26.2
0,0.4,26.2
2,0.25,26.2
1,0.25,26.2
1,0.0,26.2
1,0.0,26.2
1,0.25,26.2
2,0.5,26.2
1,0.5,26.2
1,0.25,32.43333333333334
1,0.0,32.43333333333334
0,0.0,32.43333333333334
0,0.25,32.43333333333334
2,0.0,32.43333333333334
1,0.0,32.43333333333334
1,0.3333333333333333,32.43333333333334
0,0.5,32.43333333333334
1,0.0,32.43333333333334
1,0.3333333333333333,32.43333333333334
1,0.0,32.43333333333334
1,0.0,32.43333333333334
1,0.0,32.43333333333334
1,0.0,31.325
0,0.3333333333333333,31.325
0,0.0,31.325
2,0.0,31.325
1,0.0,31.325
1,0.0,31.325
1,0.3333333333333333,31.325
1,0.0,31.325
2,0.0,31.325
1,0.0,31.325
1,0.0,31.325
1,0.5,30.880000000000003
1,0.25,30.880000000000003
1,0.0,30.880000000000003
0,0.0,30.880000000000003
2,0.25,30.880000000000003
1,0.3333333333333333,30.880000000000003
1,0.5,30.880000000000003
1,0.0,30.880000000000003
0,0.0,30.880000000000003
1,0.25,30.880000000000003
1,0.25,30.880000000000003
1,0.0,30.880000000000003
1,0.0,30.880000000000003
1,0.25,31.566666666666666
1,0.3333333333333333,31.566666666666666
0,0.0,31.566666666666666
2,0.25,31.566666666666666
1,0.0,31.566666666666666
1,0.0,31.566666666666666
0,0.0,31.566666666666666
1,0.5,31.566666666666666
1,0.3333333333333333,31.566666666666666
0,0.0,31.566666666666666
1,0.0,31.566666666666666
1,0.2,31.425
1,0.25,31.425
0,0.25,31.425
2,0.0,31.425
0,0.5,31.425
1,0.0,31.425
0,0.3333333333333333,31.425
1,0.6666666666666666,31.425
0,0.0,31.425
1,0.0,31.425
1,1.0,31.425
1,0.0,31.425
1,0.5,31.233333333333334
1,0.0,31.233333333333334
0,0.0,31.233333333333334
2,0.0,31.233333333333334
0,0.0,31.233333333333334
1,0.3333333333333333,31.233333333333334
1,0.3333333333333333,31.233333333333334
1,0.0,31.233333333333334
2,0.0,31.233333333333334
1,1.0,31.233333333333334
0,0.0,31.233333333333334
1,0.4,33.75
1,0.0,33.75
1,0.0,33.75
1,0.3333333333333333,33.75
0,0.5,33.75
2,0.4285714285714285,33.75
0,0.1666666666666666,33.75
1,0.3333333333333333,33.75
1,0.0,33.75
1,0.0,33.75
1,0.25,33.75
0,0.6,33.75
1,0.0,33.75
1,0.6666666666666666,33.75
1,0.2,35.375
1,0.25,35.375
0,0.5,35.375
2,0.25,35.375
0,0.3333333333333333,35.375
1,0.5,35.375
1,0.5,35.375
0,0.0,35.375
2,0.0,35.375
1,0.0,35.375
1,0.0,29.933333333333334
1,0.0,29.933333333333334
0,0.5,29.933333333333334
2,0.0,29.933333333333334
0,0.0,29.933333333333334
1,0.3333333333333333,29.933333333333334
1,0.0,29.933333333333334
1,0.3333333333333333,29.933333333333334
1,0.0,29.933333333333334
1,0.0,29.933333333333334
1,0.0,29.933333333333334
1,0.0,28.660000000000004
1,0.25,28.660000000000004
1,0.0,28.660000000000004
1,0.0,28.660000000000004
0,0.5,28.660000000000004
2,0.3333333333333333,28.660000000000004
1,0.2,28.660000000000004
1,0.0,28.660000000000004
0,0.0,28.660000000000004
1,0.0,28.660000000000004
1,0.0,28.660000000000004
1,1.0,28.660000000000004
0,0.0,28.660000000000004
1,0.0,28.660000000000004
0,0.0,28.660000000000004
1,0.4,27.375
0,0.25,27.375
0,0.75,27.375
2,0.3333333333333333,27.375
1,0.25,27.375
1,0.25,27.375
1,0.5,27.375
1,0.25,27.375
1,0.0,27.375
1,0.0,27.375
1,1.0,27.375
1,0.6666666666666666,28.133333333333336
1,0.0,28.133333333333336
0,0.25,28.133333333333336
2,0.0,28.133333333333336
0,0.6666666666666666,28.133333333333336
1,0.0,28.133333333333336
1,0.3333333333333333,28.133333333333336
1,0.0,28.133333333333336
0,0.5,28.133333333333336
1,1.0,28.133333333333336
1,0.3333333333333333,28.025
0,0.3333333333333333,28.025
0,0.8,28.025
2,0.75,28.025
1,0.0,28.025
1,0.5,28.025
1,0.0,28.025
0,0.25,28.025
1,0.5,28.025
1,0.0,28.025
1,0.0,28.025
1,0.0,28.85
1,1.0,28.85
0,0.6,28.85
0,0.25,28.85
2,0.0,28.85
1,0.5,28.85
1,0.25,28.85
1,0.25,28.85
1,0.25,28.85
2,0.0,28.85
1,0.0,28.85
1,0.0,28.85
0,0.0,28.85
1,0.0,29.325
0,0.25,29.325
0,0.3333333333333333,29.325
2,0.3333333333333333,29.325
1,0.3333333333333333,29.325
1,0.3333333333333333,29.325
1,0.5,29.325
1,0.0,29.325
1,0.0,29.325
1,1.0,29.325
1,0.0,28.46666666666667
0,0.3333333333333333,28.46666666666667
0,0.5,28.46666666666667
2,0.5,28.46666666666667
1,0.6666666666666666,28.46666666666667
1,0.0,28.46666666666667
1,0.0,28.46666666666667
0,0.0,28.46666666666667
1,0.6666666666666666,28.46666666666667
0,0.0,28.46666666666667
1,0.5,30.55
0,0.2,30.55
0,0.25,30.55
1,0.5,30.55
2,0.5,30.55
1,0.3333333333333333,30.55
1,0.25,30.55
1,0.25,30.55
2,0.5,30.55
1,0.0,30.55
1,0.0,30.05
0,0.3333333333333333,30.05
0,0.5,30.05
1,0.0,30.05
2,0.0,30.05
1,0.3333333333333333,30.05
1,0.25,30.05
1,0.0,30.05
2,0.0,30.05
1,0.75,28.925
0,0.0,28.925
0,0.0,28.925
1,0.25,28.925
2,0.6666666666666666,28.925
1,1.0,28.925
1,0.0,28.925
1,0.0,28.925
0,0.0,28.925
1,0.0,28.925
1,0.0,28.925
1,0.0,28.925
1,0.0,28.925
1,0.0,28.925
1,0.0,27.174999999999997
0,0.0,27.174999999999997
0,0.0,27.174999999999997
1,0.2,27.174999999999997
2,0.0,27.174999999999997
1,0.75,27.174999999999997
1,0.3333333333333333,27.174999999999997
1,0.3333333333333333,27.174999999999997
1,0.0,27.174999999999997
1,1.0,27.174999999999997
1,0.0,29.066666666666666
0,0.0,29.066666666666666
0,0.25,29.066666666666666
1,0.0,29.066666666666666
2,0.3333333333333333,29.066666666666666
1,0.0,29.066666666666666
0,0.0,29.066666666666666
1,0.0,29.066666666666666
1,0.0,29.066666666666666
1,0.0,29.066666666666666
1,0.0,29.066666666666666
1,0.3333333333333333,30.55
1,0.0,30.55
1,0.4,30.55
0,0.25,30.55
1,1.0,30.55
2,0.0,30.55
1,0.25,30.55
0,0.5,30.55
0,0.75,30.55
0,0.5,30.55
1,1.0,30.55
1,0.0,31.8
0,0.0,31.8
0,0.6666666666666666,31.8
1,0.3333333333333333,31.8
2,0.0,31.8
1,0.0,31.8
1,0.0,31.8
1,0.0,31.8
2,0.0,31.8
0,0.0,32.03333333333333
1,0.3333333333333333,32.03333333333333
0,0.25,32.03333333333333
1,0.0,32.03333333333333
2,0.0,32.03333333333333
1,0.0,32.03333333333333
1,0.0,32.03333333333333
1,0.0,32.03333333333333
1,0.0,32.03333333333333
2,0.0,32.03333333333333
1,0.0,32.03333333333333
1,0.5,30.4
1,0.0,30.4
0,0.0,30.4
1,0.0,30.4
2,0.5,30.4
1,0.25,30.4
1,0.0,30.4
0,0.3333333333333333,30.4
0,0.3333333333333333,30.4
1,0.0,30.4
1,0.2,28.160000000000004
0,0.1666666666666666,28.160000000000004
0,0.25,28.160000000000004
1,1.0,28.160000000000004
1,0.3333333333333333,28.160000000000004
2,0.25,28.160000000000004
1,0.25,28.160000000000004
1,0.0,28.160000000000004
1,0.2,28.160000000000004
1,0.0,28.160000000000004
1,0.0,28.160000000000004
1,1.0,28.160000000000004
1,0.3333333333333333,28.3
1,0.3333333333333333,28.3
0,0.0,28.3
1,0.25,28.3
2,0.0,28.3
1,0.3333333333333333,28.3
0,0.0,28.3
1,0.3333333333333333,28.3
1,0.0,28.3
1,0.0,28.3
0,0.0,28.3
1,0.0,27.975
1,0.0,27.975
1,0.0,27.975
1,0.75,27.975
0,0.5,27.975
1,0.0,27.975
2,0.25,27.975
1,0.25,27.975
0,0.25,27.975
1,0.25,27.975
0,0.0,27.975
1,0.3333333333333333,27.975
1,0.6,27.85
1,0.6,27.85
0,0.6,27.85
1,0.3333333333333333,27.85
1,0.0,27.85
1,0.0,27.85
1,0.0,27.85
0,0.0,27.85
0,0.3333333333333333,27.85
1,0.0,27.85
1,0.0,27.85
0,0.5,27.85
1,0.25,27.03333333333333
1,0.25,27.03333333333333
0,0.25,27.03333333333333
1,0.5,27.03333333333333
1,0.5,27.03333333333333
1,0.0,27.03333333333333
1,0.3333333333333333,27.03333333333333
0,0.0,27.03333333333333
2,0.0,27.03333333333333
1,0.0,27.03333333333333
1,0.0,28.3
1,0.5,28.3
1,0.5,28.3
0,0.0,28.3
1,0.0,28.3
1,0.3333333333333333,28.3
1,0.5,28.3
1,0.25,28.3
1,0.3333333333333333,28.3
2,0.0,28.3
1,0.0,28.3
0,0.0,28.3
0,0.0,28.3
1,0.5,32.13333333333333
1,0.3333333333333333,32.13333333333333
0,0.25,32.13333333333333
1,0.25,32.13333333333333
2,0.0,32.13333333333333
0,0.0,32.13333333333333
1,0.25,32.13333333333333
1,0.25,32.13333333333333
1,0.0,32.13333333333333
1,0.0,32.13333333333333
1,0.0,32.13333333333333
1,0.2,31.3
1,0.2,31.3
0,0.3333333333333333,31.3
1,0.5,31.3
2,0.75,31.3
1,0.2,31.3
0,0.0,31.3
1,0.0,31.3
1,0.3333333333333333,31.3
1,0.0,31.3
1,1.0,31.3
1,0.25,30.8
1,0.6,30.8
0,0.6,30.8
1,0.25,30.8
2,0.3333333333333333,30.8
1,0.2,30.8
1,0.4,30.8
0,0.4,30.8
0,0.5,30.8
1,0.0,30.8
1,0.0,29.275
1,0.5,29.275
0,0.25,29.275
1,0.0,29.275
2,0.0,29.275
0,0.0,29.275
1,0.3333333333333333,29.275
1,0.0,29.275
1,0.5,29.275
1,0.0,29.275
0,0.0,29.275
2,0.0,29.275
1,0.0,29.275
1,0.25,30.05
1,0.0,30.05
1,0.25,30.05
0,0.25,30.05
1,0.5,30.05
2,0.0,30.05
1,0.5,30.05
1,0.5,30.05
1,0.6666666666666666,30.05
2,0.0,30.05
1,0.0,30.05
1,0.0,30.65
1,0.0,30.65
0,0.25,30.65
1,0.0,30.65
2,0.5,30.65
1,0.0,30.65
1,0.25,30.65
0,0.6666666666666666,30.65
1,0.0,30.65
0,0.0,30.65
1,0.0,30.65
1,0.3333333333333333,30.2
1,0.0,30.2
1,0.0,30.2
0,0.25,30.2
1,0.5,30.2
2,0.0,30.2
1,0.25,30.2
1,0.0,30.2
1,0.3333333333333333,30.2
1,0.0,30.2
1,0.0,30.2
1,0.0,30.2
1,0.2,29.54
1,0.5,29.54
1,1.0,29.54
1,0.0,29.54
0,0.0,29.54
0,0.0,29.54
1,0.2,29.54
2,0.0,29.54
1,0.4,29.54
1,0.5,29.54
0,0.0,29.54
1,0.3333333333333333,29.54
1,1.0,29.54
0,0.0,29.54
1,0.5,29.54
1,0.0,29.54
1,0.0,29.54
1,0.0,31.925
1,0.25,31.925
0,0.0,31.925
1,0.5,31.925
2,0.0,31.925
1,0.0,31.925
0,0.3333333333333333,31.925
1,0.0,31.925
1,0.0,31.925
0,1.0,31.925
1,0.0,31.925
1,0.0,29.766666666666666
0,0.0,29.766666666666666
0,0.0,29.766666666666666
1,0.0,29.766666666666666
2,0.25,29.766666666666666
1,0.5,29.766666666666666
1,0.0,29.766666666666666
1,0.25,29.766666666666666
0,0.0,29.766666666666666
1,0.0,29.766666666666666
1,0.0,30.233333333333334
1,0.0,30.233333333333334
0,0.0,30.233333333333334
1,0.25,30.233333333333334
2,0.0,30.233333333333334
1,0.3333333333333333,30.233333333333334
1,0.3333333333333333,30.233333333333334
1,0.0,30.233333333333334
2,0.0,30.233333333333334
1,0.0,30.233333333333334
1,0.3333333333333333,29.3
1,0.25,29.3
0,0.5,29.3
1,0.0,29.3
2,0.25,29.3
0,0.0,29.3
1,0.0,29.3
0,0.3333333333333333,29.3
1,0.0,29.3
1,1.0,29.3
1,0.0,28.53333333333333
1,0.25,28.53333333333333
0,0.0,28.53333333333333
1,0.5,28.53333333333333
2,0.0,28.53333333333333
1,0.0,28.53333333333333
0,0.3333333333333333,28.53333333333333
1,0.0,28.53333333333333
1,0.0,28.53333333333333
1,0.0,28.53333333333333
1,0.0,28.53333333333333
1,0.0,28.53333333333333
1,0.3333333333333333,31.733333333333334
1,0.0,31.733333333333334
0,0.0,31.733333333333334
0,0.0,31.733333333333334
1,0.75,31.733333333333334
2,0.5,31.733333333333334
1,0.3333333333333333,31.733333333333334
1,0.0,31.733333333333334
1,0.3333333333333333,31.733333333333334
1,0.3333333333333333,31.733333333333334
1,0.0,31.733333333333334
1,0.25,31.075
1,0.6,31.075
1,0.25,31.075
1,1.0,31.075
1,0.4,31.075
2,0.25,31.075
0,0.0,31.075
1,0.75,31.075
1,0.3333333333333333,31.075
1,0.25,31.075
1,1.0,31.075
1,1.0,31.075
1,0.0,31.075
1,0.2,30.675
1,0.6666666666666666,30.675
0,0.5,30.675
1,0.5,30.675
2,0.25,30.675
1,0.0,30.675
1,0.0,30.675
1,0.25,30.675
0,0.0,30.675
1,0.0,30.675
1,0.0,30.675
1,0.3333333333333333,29.25
1,0.0,29.25
0,0.25,29.25
1,0.3333333333333333,29.25
2,0.25,29.25
1,0.0,29.25
1,0.0,29.25
1,0.25,29.25
1,0.0,29.25
1,0.0,29.25
1,0.6,27.475
1,0.4,27.475
0,0.25,27.475
1,0.6,27.475
2,0.4,27.475
1,0.5,27.475
1,0.0,27.475
0,0.6,27.475
1,0.5,27.475
1,0.0,27.475
0,0.0,27.475
1,0.25,24.475
1,0.5,24.475
1,0.5,24.475
1,0.0,24.475
0,0.6,24.475
1,0.2,24.475
2,0.2,24.475
1,0.2,24.475
1,0.5,24.475
1,0.75,24.475
1,0.0,24.475
1,0.0,24.475
1,0.6,26.275
1,0.0,26.275
0,0.5,26.275
1,0.5,26.275
2,0.0,26.275
1,0.0,26.275
1,0.5,26.275
1,0.0,26.275
1,0.0,26.275
1,0.0,26.275
1,0.0,26.275
1,0.0,26.275
1,0.25,27.5
1,0.0,27.5
1,0.0,27.5
0,0.0,27.5
1,0.0,27.5
2,0.5,27.5
1,0.0,27.5
1,0.5,27.5
0,0.5,27.5
1,0.0,27.5
1,1.0,27.5
0,0.0,27.5
1,0.0,29.05
1,0.6666666666666666,29.05
0,0.0,29.05
1,0.0,29.05
2,0.25,29.05
1,0.3333333333333333,29.05
1,0.6666666666666666,29.05
1,0.6666666666666666,29.05
0,0.0,29.05
1,0.0,29.05
1,0.0,28.375
1,0.25,28.375
0,0.25,28.375
1,0.25,28.375
2,0.25,28.375
1,0.25,28.375
1,0.5,28.375
1,0.3333333333333333,28.375
2,0.0,28.375
0,0.0,28.375
1,0.0,28.375
1,0.5,24.725
1,0.0,24.725
1,0.0,24.725
1,0.0,24.725
2,0.3333333333333333,24.725
1,0.3333333333333333,24.725
1,0.0,24.725
0,0.25,24.725
1,0.0,24.725
1,0.0,24.725
1,0.5,25.0
1,0.0,25.0
1,0.3333333333333333,25.0
1,0.0,25.0
2,0.25,25.0
0,0.25,25.0
1,0.25,25.0
1,0.0,25.0
1,0.0,25.0
0,0.0,25.0
1,0.0,25.0
1,0.5,25.0
1,0.3333333333333333,26.65
1,0.0,26.65
1,0.0,26.65
1,0.25,26.65
2,0.25,26.65
0,0.25,26.65
1,0.25,26.65
1,0.75,26.65
1,0.0,26.65
1,0.0,26.65
1,0.0,26.65
1,0.3333333333333333,29.775
1,0.6,29.775
0,0.4,29.775
1,0.0,29.775
2,0.0,29.775
1,0.25,29.775
0,0.3333333333333333,29.775
1,0.25,29.775
2,0.0,29.775
1,0.0,29.375
1,0.25,29.375
0,0.25,29.375
1,0.0,29.375
2,0.0,29.375
1,0.3333333333333333,29.375
0,0.25,29.375
1,0.0,29.375
1,0.5,29.375
1,0.0,29.375
1,0.5,29.375
1,0.0,28.75
1,0.25,28.75
0,0.0,28.75
1,0.0,28.75
2,0.5,28.75
1,0.0,28.75
1,0.0,28.75
0,0.0,28.75
1,0.5,28.75
1,0.0,28.75
0,0.0,28.75
1,0.0,28.75
1,0.0,28.75
1,0.5,25.8
1,0.25,25.8
0,0.3333333333333333,25.8
1,0.0,25.8
2,0.3333333333333333,25.8
1,0.3333333333333333,25.8
0,0.25,25.8
1,0.25,25.8
1,0.0,25.8
1,0.0,25.8
1,0.0,25.8
1,0.25,25.825
1,0.5,25.825
0,0.5,25.825
1,0.0,25.825
1,0.0,25.825
2,0.25,25.825
1,0.3333333333333333,25.825
0,0.0,25.825
1,0.0,25.825
1,0.5,25.825
1,0.0,25.825
1,1.0,25.825
1,0.0,24.166666666666668
1,0.0,24.166666666666668
1,0.0,24.166666666666668
1,0.25,24.166666666666668
0,0.3333333333333333,24.166666666666668
2,0.0,24.166666666666668
1,0.5,24.166666666666668
0,0.0,24.166666666666668
1,0.0,24.166666666666668
0,0.5,24.166666666666668
1,0.3333333333333333,24.166666666666668
1,0.0,24.166666666666668
1,1.0,24.166666666666668
1,0.4,23.380000000000003
1,0.4,23.380000000000003
0,0.25,23.380000000000003
1,0.0,23.380000000000003
2,0.25,23.380000000000003
1,0.0,23.380000000000003
1,1.0,23.380000000000003
1,0.0,23.380000000000003
1,0.75,23.380000000000003
1,0.4,23.380000000000003
1,0.3333333333333333,23.380000000000003
1,0.0,21.833333333333332
1,0.25,21.833333333333332
0,0.5,21.833333333333332
1,0.0,21.833333333333332
2,0.25,21.833333333333332
1,0.3333333333333333,21.833333333333332
0,0.5,21.833333333333332
1,0.0,21.833333333333332
1,0.0,21.833333333333332
1,0.0,21.833333333333332
1,1.0,21.833333333333332
1,0.0,21.55
1,0.0,21.55
1,0.25,21.55
0,0.25,21.55
1,0.3333333333333333,21.55
2,0.5,21.55
1,0.25,21.55
1,0.3333333333333333,21.55
1,0.0,21.55
1,0.0,21.55
1,1.0,21.55
1,0.0,21.55
1,0.5,26.475
1,0.0,26.475
1,0.25,26.475
0,0.5,26.475
1,0.6,26.475
2,0.6,26.475
1,0.5,26.475
0,0.0,26.475
1,0.5,26.475
1,0.3333333333333333,26.475
2,0.5,26.475
1,0.0,26.475
1,0.0,24.2
1,1.0,24.2
1,0.0,24.2
0,0.0,24.2
1,0.6666666666666666,24.2
2,0.0,24.2
1,0.5,24.2
1,0.0,24.2
1,0.0,24.2
0,0.0,24.2
1,1.0,24.2
1,0.0,24.2
1,0.3333333333333333,25.325000000000003
1,0.0,25.325000000000003
0,0.5,25.325000000000003
1,0.3333333333333333,25.325000000000003
1,0.0,25.325000000000003
0,0.0,25.325000000000003
0,0.5,25.325000000000003
1,0.2,25.325000000000003
2,0.25,25.325000000000003
1,0.0,25.325000000000003
0,0.2,25.325000000000003
1,0.0,25.325000000000003
1,0.0,25.325000000000003
0,0.2,25.325000000000003
1,0.0,25.325000000000003
1,0.75,25.325000000000003
1,0.3333333333333333,23.65
1,1.0,23.65
1,0.2,23.65
1,0.25,23.65
1,0.5,23.65
1,1.0,23.65
2,0.0,23.65
0,0.3333333333333333,23.65
1,0.0,23.65
0,0.0,23.65
1,0.0,23.65
1,0.0,23.65
0,0.0,23.65
1,0.4,19.9
0,0.0,19.9
1,0.2,19.9
1,1.0,19.9
0,0.0,19.9
2,0.3333333333333333,19.9
1,0.0,19.9
0,1.0,19.9
1,0.0,19.9
1,0.0,19.9
1,0.25,19.9
1,0.0,19.9
1,1.0,19.9
1,0.6,19.825
1,0.0,19.825
0,0.0,19.825
1,0.0,19.825
1,0.0,19.825
2,0.6666666666666666,19.825
1,0.6666666666666666,19.825
1,0.25,19.825
1,0.0,19.825
1,0.0,19.825
1,0.0,19.825
1,0.0,22.675
1,0.25,22.675
0,0.0,22.675
1,0.25,22.675
2,0.5,22.675
1,0.0,22.675
1,0.3333333333333333,22.675
0,0.5,22.675
1,0.0,22.675
1,0.0,22.675
1,0.0,22.675
1,0.25,12.25
1,0.0,12.25
1,0.4,12.25
2,0.4,12.25
0,0.25,12.25
2,0.0,12.25
1,0.0,12.25
1,0.75,12.25
1,0.3333333333333333,12.25
1,0.5,12.25
1,0.6,12.225
1,0.2,12.225
1,0.0,12.225
2,0.25,12.225
0,0.0,12.225
2,0.25,12.225
1,0.0,12.225
1,0.3333333333333333,12.225
1,1.0,12.225
1,0.0,12.225
1,0.2,8.475000000000001
1,0.25,8.475000000000001
1,0.0,8.475000000000001
1,0.0,8.475000000000001
2,0.5,8.475000000000001
0,0.0,8.475000000000001
2,0.3333333333333333,8.475000000000001
1,0.0,8.475000000000001
1,1.0,8.475000000000001
1,0.0,8.475000000000001
1,0.0,8.475000000000001
1,0.0,8.475000000000001
0,1.0,8.475000000000001
1,0.25,12.325
1,0.2,12.325
1,0.0,12.325
2,0.5,12.325
2,0.0,12.325
1,0.0,12.325
0,0.6666666666666666,12.325
1,0.0,12.325
1,0.5,12.325
1,0.5,12.325
1,0.5,8.5
1,0.2,8.5
1,0.0,8.5
2,0.5,8.5
2,0.0,8.5
0,0.0,8.5
1,0.5,8.5
1,0.5,8.5
1,0.0,8.5
1,0.0,8.5
0,0.0,8.5
1,0.0,13.166666666666666
1,0.0,13.166666666666666
1,0.25,13.166666666666666
2,0.25,13.166666666666666
2,0.25,13.166666666666666
1,0.3333333333333333,13.166666666666666
0,0.0,13.166666666666666
0,0.0,13.166666666666666
1,0.0,13.166666666666666
1,0.0,13.166666666666666
1,0.0,13.166666666666666
1,0.5,15.033333333333333
0,0.0,15.033333333333333
1,0.0,15.033333333333333
2,0.0,15.033333333333333
2,0.25,15.033333333333333
0,0.0,15.033333333333333
1,0.5,15.033333333333333
1,0.0,15.033333333333333
1,0.0,15.033333333333333
1,0.0,16.033333333333335
1,0.25,16.033333333333335
1,0.0,16.033333333333335
2,0.0,16.033333333333335
2,0.0,16.033333333333335
1,0.0,16.033333333333335
1,0.6666666666666666,16.033333333333335
0,0.0,16.033333333333335
1,0.0,16.033333333333335
1,1.0,16.125
1,0.5,16.125
1,0.2,16.125
2,0.8,16.125
0,0.0,16.125
2,0.0,16.125
1,0.0,16.125
1,0.2,16.125
1,0.0,16.125
1,0.0,16.125
1,0.5,16.125
0,1.0,16.125
1,0.0,16.125
1,0.0,16.950000000000003
1,1.0,16.950000000000003
1,0.0,16.950000000000003
1,0.0,16.950000000000003
2,0.25,16.950000000000003
2,0.0,16.950000000000003
1,0.0,16.950000000000003
1,0.0,16.950000000000003
0,0.0,16.950000000000003
1,0.5,16.950000000000003
1,0.0,16.950000000000003
1,0.0,15.925
1,0.5,15.925
2,0.25,15.925
2,0.25,15.925
1,0.25,15.925
1,0.25,15.925
1,0.0,15.925
0,0.0,15.925
1,0.0,15.925
1,0.0,15.925
1,0.0,17.099999999999998
1,0.25,17.099999999999998
2,0.3333333333333333,17.099999999999998
2,0.0,17.099999999999998
1,0.25,17.099999999999998
1,0.25,17.099999999999998
1,0.5,17.099999999999998
1,0.0,17.099999999999998
1,0.25,17.099999999999998
1,0.25,15.175
1,0.5,15.175
2,0.0,15.175
2,0.25,15.175
1,0.0,15.175
1,0.0,15.175
1,0.0,15.175
1,0.5,15.175
1,0.0,15.175
1,0.5,15.175
1,0.25,18.675
1,0.5,18.675
2,0.0,18.675
2,0.0,18.675
0,1.0,18.675
1,0.0,18.675
1,0.25,18.675
1,0.0,18.675
0,0.3333333333333333,18.675
1,0.0,18.675
1,0.3333333333333333,18.675
1,0.0,18.675
1,0.0,16.866666666666664
0,0.0,16.866666666666664
1,0.25,16.866666666666664
1,0.0,16.866666666666664
2,0.25,16.866666666666664
2,0.0,16.866666666666664
1,0.3333333333333333,16.866666666666664
1,0.25,16.866666666666664
1,0.3333333333333333,16.866666666666664
1,1.0,16.866666666666664
1,0.0,16.866666666666664
1,0.5,16.866666666666664
1,0.0,19.2
1,0.2,19.2
1,0.0,19.2
2,0.2,19.2
0,0.4,19.2
2,0.0,19.2
1,0.0,19.2
1,1.0,19.2
1,1.0,19.2
0,0.3333333333333333,19.2
1,0.3333333333333333,19.2
1,0.0,18.833333333333332
1,0.0,18.833333333333332
1,0.5,18.833333333333332
2,0.25,18.833333333333332
1,0.5,18.833333333333332
2,0.3333333333333333,18.833333333333332
1,0.5,18.833333333333332
1,0.0,18.833333333333332
1,0.0,18.833333333333332
1,0.0,7.833333333333333
1,0.0,7.833333333333333
1,0.3333333333333333,7.833333333333333
2,0.0,7.833333333333333
0,0.0,7.833333333333333
1,0.0,7.833333333333333
2,0.3333333333333333,7.833333333333333
1,0.0,7.833333333333333
1,0.0,7.833333333333333
1,0.0,7.833333333333333
1,0.0,7.833333333333333
1,0.3333333333333333,11.966666666666667
1,0.25,11.966666666666667
1,0.0,11.966666666666667
2,0.0,11.966666666666667
1,0.5,11.966666666666667
1,0.0,11.966666666666667
1,0.25,11.966666666666667
1,0.0,11.966666666666667
0,0.0,11.966666666666667
1,0.3333333333333333,11.966666666666667
1,0.4,8.85
1,0.4,8.85
1,0.6,8.85
2,0.5,8.85
0,0.25,8.85
2,0.25,8.85
1,0.0,8.85
1,0.25,8.85
1,0.0,8.85
1,0.0,18.666666666666668
1,0.5,18.666666666666668
1,0.0,18.666666666666668
2,0.25,18.666666666666668
1,0.5,18.666666666666668
1,0.25,18.666666666666668
1,0.0,18.666666666666668
1,0.0,18.666666666666668
1,0.3333333333333333,18.666666666666668
1,0.0,20.400000000000002
1,1.0,20.400000000000002
1,0.0,20.400000000000002
1,0.25,20.400000000000002
2,0.0,20.400000000000002
1,0.0,20.400000000000002
2,0.0,20.400000000000002
1,0.0,20.400000000000002
1,0.0,20.400000000000002
1,0.0,20.400000000000002
1,0.0,20.400000000000002
1,0.0,16.525
1,0.25,16.525
1,0.5,16.525
2,0.5,16.525
1,0.5,16.525
1,0.0,16.525
1,0.0,16.525
1,0.0,16.525
1,0.3333333333333333,16.525
1,0.0,24.933333333333334
1,0.0,24.933333333333334
1,0.0,24.933333333333334
1,0.25,24.933333333333334
2,0.0,24.933333333333334
2,0.0,24.933333333333334
1,0.25,24.933333333333334
1,0.0,24.933333333333334
0,0.5,24.933333333333334
1,0.0,24.933333333333334
1,0.5,24.933333333333334
1,0.25,19.7
1,0.3333333333333333,19.7
2,0.5,19.7
2,0.0,19.7
0,0.0,19.7
1,0.0,19.7
1,0.6666666666666666,19.7
1,0.75,19.7
1,0.3333333333333333,19.7
0,0.0,19.7
1,0.0,20.125
1,0.0,20.125
2,0.3333333333333333,20.125
0,0.0,20.125
1,0.5,20.125
1,0.0,20.125
0,0.0,20.125
2,0.25,20.125
1,0.0,20.125
1,0.0,20.125
1,0.0,20.125
1,1.0,20.125
1,0.5,18.15
1,0.6666666666666666,18.15
2,0.0,18.15
1,0.3333333333333333,18.15
1,0.0,18.15
1,0.3333333333333333,18.15
1,0.0,18.15
1,0.0,18.15
1,0.25,18.15
1,0.75,18.15
1,0.0,21.7
1,0.25,21.7
1,0.25,21.7
2,0.5,21.7
0,0.0,21.7
1,0.3333333333333333,21.7
1,0.25,21.7
1,0.0,21.7
1,0.3333333333333333,21.7
1,0.0,20.733333333333334
1,0.0,20.733333333333334
1,0.25,20.733333333333334
1,0.25,20.733333333333334
2,0.0,20.733333333333334
1,0.0,20.733333333333334
1,0.3333333333333333,20.733333333333334
1,0.0,20.733333333333334
1,0.0,20.733333333333334
1,0.6666666666666666,20.733333333333334
1,0.3333333333333333,20.96666666666667
1,0.5,20.96666666666667
1,0.5,20.96666666666667
2,0.3333333333333333,20.96666666666667
1,0.0,20.96666666666667
0,0.0,20.96666666666667
1,0.0,20.96666666666667
1,0.0,20.96666666666667
1,0.0,20.96666666666667
1,0.0,20.96666666666667
1,0.6666666666666666,20.96666666666667
1,0.25,22.099999999999998
1,0.5,22.099999999999998
1,0.25,22.099999999999998
2,0.0,22.099999999999998
2,0.0,22.099999999999998
1,0.5,22.099999999999998
1,0.0,22.099999999999998
1,0.3333333333333333,22.099999999999998
1,0.0,22.099999999999998
1,0.0,23.775
1,0.0,23.775
1,0.2,23.775
2,0.4,23.775
1,0.3333333333333333,23.775
2,0.2,23.775
1,0.0,23.775
1,0.0,23.775
1,0.25,23.775
1,0.0,23.775
1,1.0,23.775
1,0.25,25.266666666666666
1,0.0,25.266666666666666
1,0.0,25.266666666666666
2,0.0,25.266666666666666
2,0.0,25.266666666666666
1,0.5,25.266666666666666
1,0.0,25.266666666666666
0,0.0,25.266666666666666
1,0.0,25.266666666666666
1,0.0,23.366666666666664
1,0.25,23.366666666666664
1,0.25,23.366666666666664
2,0.0,23.366666666666664
1,0.0,23.366666666666664
1,0.0,23.366666666666664
1,0.0,23.366666666666664
1,0.5,23.366666666666664
1,0.25,23.366666666666664
1,1.0,23.366666666666664
1,0.5,21.875
1,1.0,21.875
1,0.0,21.875
1,0.0,21.875
1,0.6666666666666666,21.875
1,0.0,21.875
2,0.0,21.875
1,0.0,21.875
1,0.0,21.875
1,0.4,21.875
1,0.2,21.875
1,0.6666666666666666,21.875
1,0.6666666666666666,21.875
1,0.25,18.733333333333334
1,0.0,18.733333333333334
1,1.0,18.733333333333334
1,0.0,18.733333333333334
1,0.5,18.733333333333334
1,0.25,18.733333333333334
1,0.5,18.733333333333334
2,0.25,18.733333333333334
1,0.25,18.733333333333334
1,0.5,18.733333333333334
1,1.0,18.733333333333334
2,0.0,18.733333333333334
1,0.3333333333333333,19.266666666666666
1,0.0,19.266666666666666
1,0.25,19.266666666666666
1,0.3333333333333333,19.266666666666666
2,0.0,19.266666666666666
1,0.25,19.266666666666666
1,0.3333333333333333,19.266666666666666
0,0.0,19.266666666666666
1,0.0,19.266666666666666
1,0.0,23.125
1,0.0,23.125
1,0.6666666666666666,23.125
1,0.25,23.125
1,0.25,23.125
1,0.5,23.125
1,0.0,23.125
2,0.25,23.125
1,0.0,23.125
1,0.0,23.125
2,0.0,23.125
1,0.8,17.45
1,0.0,17.45
1,0.2,17.45
1,0.25,17.45
1,0.0,17.45
1,0.5,17.45
2,0.6666666666666666,17.45
1,0.3333333333333333,17.45
1,0.0,17.45
1,0.0,19.075
1,0.0,19.075
2,0.25,19.075
1,0.0,19.075
1,0.25,19.075
2,0.3333333333333333,19.075
1,0.25,19.075
1,0.25,19.075
1,0.5,19.075
1,1.0,19.075
1,0.0,18.599999999999998
1,0.0,18.599999999999998
1,0.25,18.599999999999998
2,0.0,18.599999999999998
1,0.75,18.599999999999998
2,0.0,18.599999999999998
1,0.0,18.599999999999998
1,0.6666666666666666,18.599999999999998
1,0.3333333333333333,18.599999999999998
1,0.25,23.7
1,0.25,23.7
1,0.25,23.7
1,0.0,23.7
1,0.25,23.7
1,0.0,23.7
1,0.3333333333333333,23.7
1,0.0,23.7
1,0.0,23.7
2,0.0,23.7
1,0.3333333333333333,23.7
1,0.5,20.099999999999998
1,0.6666666666666666,20.099999999999998
1,0.0,20.099999999999998
1,0.0,20.099999999999998
1,0.0,20.099999999999998
1,0.25,20.099999999999998
1,0.3333333333333333,20.099999999999998
1,0.3333333333333333,20.099999999999998
1,0.0,20.099999999999998
1,0.0,24.0
1,0.0,24.0
1,0.0,24.0
1,0.25,24.0
1,0.6666666666666666,24.0
1,0.5,24.0
1,0.0,24.0
1,0.5,24.0
1,0.0,24.0
0,0.0,24.0
1,0.0,24.0
1,0.25,23.775
1,0.0,23.775
1,0.25,23.775
1,0.25,23.775
2,0.3333333333333333,23.775
1,0.0,23.775
1,0.0,23.775
0,0.0,23.775
1,0.0,23.775
1,0.0,23.775
1,0.0,23.775
1,0.2,23.400000000000002
1,0.3333333333333333,23.400000000000002
1,0.25,23.400000000000002
1,0.0,23.400000000000002
2,0.25,23.400000000000002
1,0.3333333333333333,23.400000000000002
1,0.25,23.400000000000002
1,0.25,23.400000000000002
1,0.0,23.400000000000002
0,0.0,23.400000000000002
1,0.0,23.400000000000002
1,0.0,26.3
1,0.0,26.3
1,0.5,26.3
1,0.25,26.3
2,0.0,26.3
1,0.25,26.3
1,0.3333333333333333,26.3
1,0.0,26.3
1,0.0,26.3
0,0.3333333333333333,26.3
1,0.0,26.3
1,0.25,26.2
1,0.3333333333333333,26.2
1,0.25,26.2
1,0.0,26.2
1,0.0,26.2
1,0.5,26.2
1,0.0,26.2
0,0.0,26.2
1,0.5,26.2
2,0.5,26.2
1,0.0,26.2
1,0.0,23.366666666666664
1,0.75,23.366666666666664
1,0.25,23.366666666666664
1,0.25,23.366666666666664
1,0.0,23.366666666666664
1,0.75,23.366666666666664
0,0.5,23.366666666666664
1,0.5,23.366666666666664
1,0.0,23.366666666666664
1,0.2,20.96
1,0.2,20.96
1,0.5,20.96
1,0.2,20.96
1,0.0,20.96
0,0.0,20.96
0,0.0,20.96
1,0.0,20.96
1,0.0,20.96
0,0.0,20.96
1,0.0,20.96
1,0.25,20.96
1,0.0,20.96
1,0.0,20.96
2,0.0,20.96
1,0.6666666666666666,22.766666666666666
1,0.25,22.766666666666666
1,0.25,22.766666666666666
1,0.5,22.766666666666666
2,0.5,22.766666666666666
1,0.25,22.766666666666666
0,0.0,22.766666666666666
1,0.0,22.766666666666666
1,0.6666666666666666,22.766666666666666
1,0.3333333333333333,21.825
1,0.4,21.825
1,0.25,21.825
1,0.25,21.825
1,0.3333333333333333,21.825
1,0.0,21.825
0,0.0,21.825
1,0.5,21.825
1,0.3333333333333333,21.825
1,0.25,21.825
1,0.0,23.933333333333334
1,0.25,23.933333333333334
1,0.0,23.933333333333334
1,0.0,23.933333333333334
1,0.0,23.933333333333334
2,0.0,23.933333333333334
1,0.3333333333333333,23.933333333333334
1,0.0,23.933333333333334
1,0.0,23.933333333333334
1,0.0,23.933333333333334
1,0.25,26.825
1,0.0,26.825
1,0.3333333333333333,26.825
1,0.5,26.825
1,0.25,26.825
1,0.25,26.825
1,0.25,26.825
1,0.0,26.825
1,0.5,26.825
1,0.2,25.275
1,0.25,25.275
1,0.25,25.275
1,0.8,25.275
1,0.0,25.275
1,0.3333333333333333,25.275
1,0.5,25.275
1,0.0,25.275
1,0.0,25.275
1,1.0,25.275
1,0.5,29.366666666666664
1,0.0,29.366666666666664
1,0.0,29.366666666666664
1,0.0,29.366666666666664
1,0.0,29.366666666666664
1,0.5,29.366666666666664
1,0.25,29.366666666666664
1,0.5,29.366666666666664
1,0.3333333333333333,29.366666666666664
1,0.0,29.366666666666664
1,0.0,29.366666666666664
1,0.0,29.366666666666664
1,0.5,29.424999999999997
1,0.6,29.424999999999997
1,0.4,29.424999999999997
1,0.2,29.424999999999997
1,0.8,29.424999999999997
2,0.25,29.424999999999997
1,0.0,29.424999999999997
1,0.4,29.424999999999997
1,0.6,29.424999999999997
2,0.0,29.424999999999997
1,0.0,29.424999999999997
1,0.0,27.45
1,0.4,27.45
1,0.25,27.45
1,0.25,27.45
1,0.6666666666666666,27.45
1,0.5,27.45
1,0.5,27.45
1,0.0,27.45
1,0.3333333333333333,27.45
1,0.4,27.366666666666664
1,0.5,27.366666666666664
1,0.0,27.366666666666664
1,0.0,27.366666666666664
1,0.0,27.366666666666664
1,0.6666666666666666,27.366666666666664
0,0.0,27.366666666666664
1,0.5,27.366666666666664
1,0.0,27.366666666666664
1,0.0,27.366666666666664
1,0.0,27.366666666666664
1,0.3333333333333333,27.366666666666664
1,0.0,27.366666666666664
1,0.25,27.366666666666664
1,0.5,27.366666666666664
1,0.0,27.366666666666664
1,0.6666666666666666,27.366666666666664
2,0.3333333333333333,27.366666666666664
2,0.25,27.366666666666664
1,0.0,27.366666666666664
1,0.0,27.366666666666664
1,0.0,27.366666666666664
1,0.0,28.566666666666666
1,0.0,28.566666666666666
1,0.3333333333333333,28.566666666666666
1,0.0,28.566666666666666
1,0.5,28.566666666666666
2,0.3333333333333333,28.566666666666666
2,0.3333333333333333,28.566666666666666
1,0.5,28.566666666666666
0,0.0,28.566666666666666
1,0.25,28.566666666666666
1,0.0,28.075000000000003
1,0.0,28.075000000000003
1,0.25,28.075000000000003
1,0.0,28.075000000000003
1,0.0,28.075000000000003
1,0.0,28.075000000000003
2,0.3333333333333333,28.075000000000003
1,0.0,28.075000000000003
1,0.0,28.075000000000003
1,0.5,28.075000000000003
1,0.2,26.975
1,0.6,26.975
1,0.4,26.975
1,0.2,26.975
1,0.3333333333333333,26.975
2,0.25,26.975
1,0.3333333333333333,26.975
1,0.5,26.975
1,0.0,26.975
1,0.5,29.075
1,0.2,29.075
1,0.0,29.075
1,0.0,29.075
1,0.5,29.075
2,0.5,29.075
1,0.5,29.075
1,0.3333333333333333,29.075
0,0.0,29.075
1,0.6666666666666666,29.075
1,0.0,29.075
1,0.4,30.7
1,0.5,30.7
1,0.2,30.7
1,0.75,30.7
1,0.4,30.7
2,0.75,30.7
1,0.0,30.7
1,0.25,30.7
1,0.3333333333333333,30.7
1,0.0,30.7
1,0.4,33.45
1,0.2,33.45
1,0.25,33.45
1,0.5,33.45
1,0.25,33.45
2,0.6666666666666666,33.45
1,0.0,33.45
1,0.5,33.45
1,0.0,33.45
1,0.2,29.82
1,0.2,29.82
1,0.6,29.82
1,0.25,29.82
1,0.0,29.82
2,0.3333333333333333,29.82
1,0.0,29.82
1,0.25,29.82
0,0.0,29.82
1,0.0,29.82
1,0.25,29.82
1,0.6666666666666666,29.96666666666667
1,0.0,29.96666666666667
1,0.25,29.96666666666667
1,0.0,29.96666666666667
1,0.0,29.96666666666667
1,0.0,29.96666666666667
1,0.25,29.96666666666667
1,0.5,29.96666666666667
1,0.0,29.96666666666667
1,0.25,29.96666666666667
1,0.5,29.96666666666667
0,0.0,29.96666666666667
1,0.2,22.06
1,0.25,22.06
1,0.3333333333333333,22.06
1,0.1666666666666666,22.06
1,0.1666666666666666,22.06
1,0.4,22.06
2,0.1666666666666666,22.06
1,0.25,22.06
1,0.0,22.06
1,0.25,24.633333333333336
1,0.0,24.633333333333336
1,0.5,24.633333333333336
1,0.25,24.633333333333336
1,0.0,24.633333333333336
1,0.0,24.633333333333336
1,0.3333333333333333,24.633333333333336
1,0.0,24.633333333333336
1,0.3333333333333333,24.633333333333336
1,0.0,27.5
1,0.5,27.5
1,0.5,27.5
1,0.5,27.5
1,0.75,27.5
1,0.0,27.5
1,0.3333333333333333,27.5
2,0.0,27.5
1,0.5,27.5
1,0.0,27.5
1,0.0,28.924999999999997
1,0.0,28.924999999999997
1,0.0,28.924999999999997
1,0.0,28.924999999999997
1,0.25,28.924999999999997
1,0.0,28.924999999999997
1,0.5,28.924999999999997
1,0.25,28.924999999999997
1,0.5,28.924999999999997
1,0.75,28.924999999999997
1,0.0,30.400000000000002
1,0.25,30.400000000000002
1,0.0,30.400000000000002
1,0.0,30.400000000000002
1,0.75,30.400000000000002
2,0.0,30.400000000000002
1,0.0,30.400000000000002
1,0.0,30.400000000000002
1,0.3333333333333333,30.400000000000002
1,0.0,30.400000000000002
1,0.0,27.875
1,0.0,27.875
1,0.6,27.875
1,0.5,27.875
1,0.5,27.875
1,0.5,27.875
1,0.0,27.875
1,0.0,27.875
1,0.0,27.875
1,0.0,27.875
1,0.5,28.55
1,0.2,28.55
1,0.2,28.55
1,0.0,28.55
1,0.5,28.55
1,0.25,28.55
1,0.75,28.55
1,0.3333333333333333,28.55
1,0.5,28.55
1,0.2,29.4
1,0.3333333333333333,29.4
1,0.6,29.4
1,0.25,29.4
1,0.2,29.4
1,0.0,29.4
1,0.5,29.4
1,0.0,29.4
1,0.6666666666666666,29.4
1,1.0,29.4
1,0.3333333333333333,29.7
1,0.5,29.7
1,0.25,29.7
1,0.0,29.7
2,0.6666666666666666,29.7
1,0.0,29.7
1,0.0,29.7
1,0.6666666666666666,29.7
1,0.0,29.7
1,0.0,29.7
1,0.0,25.400000000000002
1,0.0,25.400000000000002
1,0.0,25.400000000000002
1,0.0,25.400000000000002
1,0.3333333333333333,25.400000000000002
1,0.0,25.400000000000002
1,0.3333333333333333,25.400000000000002
1,0.0,25.400000000000002
1,0.3333333333333333,25.400000000000002
1,0.2,27.580000000000002
1,0.1666666666666666,27.580000000000002
1,0.2,27.580000000000002
1,0.0,27.580000000000002
1,0.2,27.580000000000002
2,0.6,27.580000000000002
1,0.0,27.580000000000002
1,1.0,27.580000000000002
1,0.5,27.580000000000002
1,0.0,27.580000000000002
1,0.75,28.425
1,0.25,28.425
1,0.25,28.425
1,0.25,28.425
1,0.6666666666666666,28.425
2,0.3333333333333333,28.425
1,0.0,28.425
1,0.0,28.425
1,0.3333333333333333,28.425
1,0.0,28.125
1,0.25,28.125
1,0.25,28.125
1,0.5,28.125
2,0.3333333333333333,28.125
1,0.0,28.125
1,0.5,28.125
1,0.0,28.125
1,0.0,28.125
1,0.0,28.125
1,0.0,28.125
1,0.0,28.125
0,0.6666666666666666,28.125
1,0.0,27.425
1,0.4,27.425
2,0.5,27.425
1,0.0,27.425
1,0.25,27.425
1,0.5,27.425
0,0.0,27.425
1,0.0,27.425
1,0.0,27.425
1,0.3333333333333333,27.425
1,0.0,27.425
1,0.0,31.475
1,0.2,31.475
1,0.25,31.475
1,0.25,31.475
2,0.25,31.475
1,0.75,31.475
1,0.75,31.475
1,0.0,31.475
1,0.6666666666666666,31.475
1,0.2,31.525
1,0.2,31.525
1,0.5,31.525
1,0.0,31.525
1,0.0,31.525
2,0.0,31.525
1,1.0,31.525
0,0.3333333333333333,31.525
1,0.25,31.525
1,0.3333333333333333,31.525
1,0.25,31.525
1,0.3333333333333333,29.7
1,0.2,29.7
1,0.2,29.7
1,0.6666666666666666,29.7
2,0.0,29.7
1,0.0,29.7
1,0.0,29.7
1,0.0,29.7
1,0.0,29.7
1,0.6666666666666666,29.7
1,0.5,28.700000000000003
1,0.6,28.700000000000003
1,0.0,28.700000000000003
0,1.0,28.700000000000003
1,0.0,28.700000000000003
2,0.3333333333333333,28.700000000000003
1,0.5,28.700000000000003
1,0.0,28.700000000000003
1,0.3333333333333333,28.700000000000003
1,0.0,28.700000000000003
1,0.0,28.700000000000003
1,0.0,28.525
1,0.4,28.525
1,0.4,28.525
2,0.0,28.525
1,0.0,28.525
1,0.5,28.525
1,0.5,28.525
0,0.25,28.525
1,0.0,28.525
1,0.0,28.525
1,0.25,28.525
1,0.4,24.95
1,0.0,24.95
1,0.6666666666666666,24.95
2,0.6666666666666666,24.95
1,0.25,24.95
1,0.0,24.95
1,0.3333333333333333,24.95
1,0.0,24.95
1,0.0,24.95
1,0.5,24.95
1,0.3333333333333333,25.225
1,0.5,25.225
1,0.4,25.225
1,0.4,25.225
2,0.5,25.225
1,0.5,25.225
1,0.0,25.225
1,1.0,25.225
1,0.5,25.225
1,0.0,25.225
1,0.3333333333333333,25.225
1,0.0,25.225
1,0.0,25.225
1,0.25,30.433333333333334
1,0.0,30.433333333333334
1,0.0,30.433333333333334
2,0.0,30.433333333333334
1,0.5,30.433333333333334
1,0.0,30.433333333333334
1,0.0,30.433333333333334
1,0.5,30.433333333333334
1,0.0,30.433333333333334
1,0.3333333333333333,30.433333333333334
1,0.75,34.0
1,1.0,34.0
1,0.4,34.0
1,0.2,34.0
1,0.2,34.0
1,0.5,34.0
1,0.0,34.0
0,0.6666666666666666,34.0
1,0.4,34.0
1,0.25,34.0
1,0.5,33.23333333333333
1,0.3333333333333333,33.23333333333333
1,0.0,33.23333333333333
1,0.0,33.23333333333333
1,0.0,33.23333333333333
1,0.0,33.23333333333333
1,0.0,33.23333333333333
1,0.0,33.23333333333333
0,0.3333333333333333,33.23333333333333
1,0.0,33.23333333333333
1,0.0,29.525
1,0.75,29.525
1,0.2,29.525
2,0.25,29.525
1,0.4,29.525
1,0.2,29.525
1,0.5,29.525
1,0.0,29.525
1,0.0,29.525
1,0.3333333333333333,29.525
0,0.0,29.525
1,0.4,29.975
1,0.6666666666666666,29.975
1,0.5,29.975
1,0.5,29.975
1,0.0,29.975
1,0.0,29.975
1,0.25,29.975
1,0.5,29.975
1,0.5,29.975
1,0.2,31.349999999999998
1,0.2,31.349999999999998
1,0.75,31.349999999999998
1,0.75,31.349999999999998
2,0.0,31.349999999999998
1,0.0,31.349999999999998
1,0.0,31.349999999999998
1,0.3333333333333333,31.349999999999998
1,0.0,31.349999999999998
0,0.0,31.349999999999998
1,0.25,31.349999999999998
1,0.25,30.433333333333334
1,0.0,30.433333333333334
1,0.5,30.433333333333334
1,0.0,30.433333333333334
2,0.0,30.433333333333334
1,0.0,30.433333333333334
1,0.0,30.433333333333334
1,0.0,30.433333333333334
1,0.0,30.433333333333334
1,1.0,30.433333333333334
1,0.0,30.833333333333332
1,0.25,30.833333333333332
1,0.0,30.833333333333332
1,0.3333333333333333,30.833333333333332
1,0.0,30.833333333333332
1,0.0,30.833333333333332
1,0.0,30.833333333333332
0,0.6666666666666666,30.833333333333332
1,0.0,30.833333333333332
1,0.0,30.833333333333332
1,0.0,30.833333333333332
1,0.0,31.1
1,0.5,31.1
1,0.3333333333333333,31.1
1,0.0,31.1
1,0.5,31.1
1,0.25,31.1
0,0.0,31.1
1,0.5,31.1
1,0.0,31.1
1,0.6,30.52
1,0.0,30.52
1,0.2,30.52
2,0.0,30.52
1,0.5,30.52
1,0.0,30.52
1,0.1666666666666666,30.52
1,0.75,30.52
1,0.0,30.52
1,0.0,30.52
1,0.2,30.52
1,0.0,30.52
1,0.6,29.099999999999998
1,0.6,29.099999999999998
1,0.6,29.099999999999998
1,0.0,29.099999999999998
2,0.0,29.099999999999998
1,0.25,29.099999999999998
1,0.25,29.099999999999998
1,0.25,29.099999999999998
1,0.25,29.099999999999998
1,0.0,29.099999999999998
1,0.25,29.866666666666664
1,0.0,29.866666666666664
1,0.3333333333333333,29.866666666666664
1,0.0,29.866666666666664
2,0.25,29.866666666666664
1,0.5,29.866666666666664
1,0.0,29.866666666666664
0,0.3333333333333333,29.866666666666664
1,0.0,29.866666666666664
1,0.0,29.866666666666664
1,0.0,29.866666666666664
1,0.0,29.866666666666664
1,0.0,30.775
1,0.3333333333333333,30.775
1,0.5,30.775
1,0.25,30.775
0,0.25,30.775
1,0.6666666666666666,30.775
1,0.0,30.775
1,0.0,30.775
1,1.0,30.775
1,0.0,30.775
1,0.5,30.775
1,0.25,31.325000000000003
1,0.5,31.325000000000003
1,0.5,31.325000000000003
1,0.25,31.325000000000003
0,0.5,31.325000000000003
1,0.0,31.325000000000003
1,0.25,31.325000000000003
1,0.3333333333333333,31.325000000000003
1,0.5,31.325000000000003
1,0.3333333333333333,30.225
1,0.4,30.225
2,0.25,30.225
1,0.25,30.225
1,1.0,30.225
1,0.25,30.225
1,0.3333333333333333,30.225
1,0.0,30.225
1,0.3333333333333333,30.225
1,0.0,30.225
1,1.0,30.225
1,0.0,30.225
1,0.75,30.066666666666666
1,0.25,30.066666666666666
1,0.0,30.066666666666666
1,0.25,30.066666666666666
1,0.5,30.066666666666666
0,0.25,30.066666666666666
1,0.3333333333333333,30.066666666666666
2,0.3333333333333333,30.066666666666666
1,0.0,30.066666666666666
1,0.0,27.775
1,0.2,27.775
2,0.0,27.775
1,0.0,27.775
1,0.3333333333333333,27.775
2,1.0,27.775
1,0.3333333333333333,27.775
0,0.3333333333333333,27.775
1,0.0,27.775
1,0.0,27.775
1,0.25,27.775
1,0.25,27.775
1,0.6666666666666666,30.46666666666667
1,0.5,30.46666666666667
1,0.3333333333333333,30.46666666666667
2,0.0,30.46666666666667
1,0.0,30.46666666666667
0,0.25,30.46666666666667
1,0.0,30.46666666666667
1,0.0,30.46666666666667
1,0.3333333333333333,30.46666666666667
1,0.2,30.4
1,0.5,30.4
0,0.25,30.4
1,0.0,30.4
1,0.0,30.4
1,0.0,30.4
1,0.5,30.4
1,0.25,30.4
1,0.0,30.4
1,0.0,30.4
1,0.0,30.4
1,0.25,30.4
1,0.5,25.333333333333332
1,0.0,25.333333333333332
1,0.2,25.333333333333332
1,0.3333333333333333,25.333333333333332
1,0.5,25.333333333333332
2,0.5,25.333333333333332
0,0.25,25.333333333333332
1,0.25,25.333333333333332
1,0.25,25.333333333333332
1,0.75,25.333333333333332
1,0.0,25.333333333333332
1,0.25,23.725
1,0.0,23.725
1,0.0,23.725
1,0.25,23.725
1,0.3333333333333333,23.725
1,0.0,23.725
0,0.3333333333333333,23.725
1,0.0,23.725
1,0.0,23.725
1,0.0,23.725
1,0.25,24.34
1,0.4,24.34
1,0.5,24.34
1,0.0,24.34
2,1.0,24.34
1,0.0,24.34
1,0.0,24.34
1,0.0,24.34
1,0.4,24.34
0,0.0,24.34
1,0.5,24.34
1,0.75,24.34
1,0.0,29.05
1,0.5,29.05
1,0.25,29.05
1,1.0,29.05
1,0.25,29.05
1,0.0,29.05
1,0.0,29.05
1,0.75,29.05
0,0.0,29.05
1,0.0,29.05
1,0.0,29.05
1,0.3333333333333333,29.05
1,0.2,25.68
1,0.0,25.68
2,0.4,25.68
1,0.2,25.68
1,0.0,25.68
1,1.0,25.68
1,0.25,25.68
0,0.0,25.68
1,0.25,25.68
1,0.0,25.68
1,0.25,25.68
1,0.6,30.35
1,0.2,30.35
1,0.3333333333333333,30.35
1,0.5,30.35
1,0.25,30.35
1,0.0,30.35
1,0.5,30.35
1,0.0,30.35
1,0.3333333333333333,30.35
1,0.0,30.35
1,0.0,30.35
1,0.0,30.35
1,0.4,30.399999999999995
1,0.0,30.399999999999995
1,0.25,30.399999999999995
1,0.0,30.399999999999995
1,0.25,30.399999999999995
1,0.0,30.399999999999995
1,1.0,30.399999999999995
0,0.6666666666666666,30.399999999999995
1,0.0,30.399999999999995
2,0.0,30.399999999999995
1,0.25,30.399999999999995
1,0.4,26.066666666666666
1,0.3333333333333333,26.066666666666666
1,0.0,26.066666666666666
1,0.6666666666666666,26.066666666666666
1,0.3333333333333333,26.066666666666666
1,0.3333333333333333,26.066666666666666
1,0.5,26.066666666666666
1,0.0,26.066666666666666
0,0.0,26.066666666666666
1,0.3333333333333333,26.066666666666666
1,0.2,19.55
1,0.0,19.55
2,0.4,19.55
1,0.0,19.55
1,0.2,19.55
1,0.5,19.55
0,0.3333333333333333,19.55
1,0.3333333333333333,19.55
1,0.0,19.55
1,0.5,19.55
1,0.0,17.8
1,0.0,17.8
1,0.25,17.8
1,0.0,17.8
1,0.0,17.8
1,0.5,17.8
1,0.3333333333333333,17.8
0,0.3333333333333333,17.8
1,0.5,17.8
1,0.0,17.8
1,0.0,20.6
1,0.0,20.6
1,0.5,20.6
1,0.25,20.6
2,0.25,20.6
1,0.3333333333333333,20.6
1,1.0,20.6
1,0.3333333333333333,20.6
0,0.3333333333333333,20.6
1,0.3333333333333333,20.6
1,0.0,22.066666666666666
1,0.3333333333333333,22.066666666666666
1,0.0,22.066666666666666
1,0.0,22.066666666666666
1,0.0,22.066666666666666
1,0.5,22.066666666666666
1,0.5,22.066666666666666
1,0.0,22.066666666666666
1,0.0,22.066666666666666
1,0.3333333333333333,22.066666666666666
1,0.6,22.633333333333336
1,0.0,22.633333333333336
1,0.6666666666666666,22.633333333333336
1,0.0,22.633333333333336
1,0.0,22.633333333333336
1,0.75,22.633333333333336
0,0.6666666666666666,22.633333333333336
1,0.25,22.633333333333336
1,0.0,22.633333333333336
1,0.75,22.633333333333336
1,0.4,25.7
1,0.25,25.7
1,0.5,25.7
1,0.5,25.7
2,0.2,25.7
1,0.75,25.7
1,0.0,25.7
0,0.0,25.7
1,0.75,25.7
1,0.6666666666666666,25.7
1,0.5,24.5
1,0.0,24.5
1,0.0,24.5
2,0.0,24.5
1,0.5,24.5
0,0.0,24.5
1,0.3333333333333333,24.5
1,0.0,24.5
1,0.3333333333333333,24.5
1,0.4,25.625
1,0.0,25.625
1,0.0,25.625
1,0.0,25.625
2,0.0,25.625
1,0.0,25.625
1,0.5,25.625
1,0.6666666666666666,25.625
1,0.0,25.625
0,0.25,25.625
1,0.0,25.625
1,0.25,23.53333333333333
1,0.5,23.53333333333333
1,0.5,23.53333333333333
2,0.0,23.53333333333333
1,1.0,23.53333333333333
1,0.25,23.53333333333333
1,0.0,23.53333333333333
1,0.0,23.53333333333333
1,0.3333333333333333,23.53333333333333
1,0.5,23.53333333333333
1,0.0,23.53333333333333
1,0.0,23.53333333333333
1,0.0,23.53333333333333
1,0.25,23.433333333333334
1,0.25,23.433333333333334
1,0.25,23.433333333333334
2,0.3333333333333333,23.433333333333334
1,0.0,23.433333333333334
1,0.5,23.433333333333334
1,0.0,23.433333333333334
0,0.3333333333333333,23.433333333333334
1,0.3333333333333333,23.433333333333334
1,0.0,23.433333333333334
1,0.0,23.433333333333334
1,0.0,27.125
1,0.0,27.125
1,0.5,27.125
1,0.0,27.125
1,0.0,27.125
1,0.5,27.125
2,0.0,27.125
1,0.25,27.125
1,0.5,27.125
1,0.0,27.125
0,0.0,27.125
1,0.0,27.125
1,0.0,27.125
1,0.5,27.125
1,0.0,27.125
1,0.0,19.275
1,0.5,19.275
1,0.0,19.275
2,0.0,19.275
1,0.5,19.275
1,1.0,19.275
1,0.5,19.275
1,0.3333333333333333,19.275
1,0.25,19.275
1,0.3333333333333333,19.275
1,0.5,19.916666666666668
1,0.2,19.916666666666668
1,0.5,19.916666666666668
1,1.0,19.916666666666668
1,0.0,19.916666666666668
1,1.0,19.916666666666668
2,0.2,19.916666666666668
1,0.25,19.916666666666668
1,0.3333333333333333,19.916666666666668
1,0.6,19.916666666666668
1,0.0,19.916666666666668
1,0.0,19.916666666666668
1,0.25,26.22
1,0.0,26.22
1,0.0,26.22
1,0.0,26.22
1,0.0,26.22
1,0.3333333333333333,26.22
1,0.0,26.22
2,0.4,26.22
1,0.2,26.22
1,0.2,26.22
1,0.5,26.22
1,1.0,26.22
1,0.0,5.8
1,0.5,5.8
2,0.0,5.8
2,0.0,5.8
1,0.25,5.8
0,0.0,5.8
0,0.0,5.8
1,0.0,5.8
1,0.0,5.8
1,0.0,5.8
1,0.2,12.075
1,0.0,12.075
2,0.0,12.075
2,0.2,12.075
1,1.0,12.075
1,0.25,12.075
1,0.0,12.075
0,0.5,12.075
1,0.0,12.075
1,0.3333333333333333,12.075
0,0.0,12.075
1,0.5,12.075
1,0.25,18.05
1,0.25,18.05
2,0.3333333333333333,18.05
2,0.0,18.05
1,0.4,18.05
1,0.0,18.05
0,0.0,18.05
0,0.5,18.05
1,0.3333333333333333,18.05
1,0.3333333333333333,18.05
1,0.0,17.25
0,0.0,17.25
1,0.75,17.25
2,0.25,17.25
2,0.5,17.25
1,0.0,17.25
1,0.0,17.25
1,0.0,17.25
0,0.5,17.25
1,0.5,17.25
0,0.5,17.25
1,0.0,17.25
1,0.0,17.25
1,0.2,10.75
1,0.0,10.75
2,0.0,10.75
1,0.2,10.75
1,0.0,10.75
1,0.0,10.75
0,0.2,10.75
1,0.0,10.75
1,0.0,10.75
2,0.0,10.75
0,0.0,10.75
1,0.0,15.65
1,0.2,15.65
1,1.0,15.65
0,0.3333333333333333,15.65
2,0.0,15.65
0,0.5,15.65
2,0.3333333333333333,15.65
1,0.0,15.65
1,0.0,15.65
1,0.0,15.65
1,0.0,15.65
1,0.75,15.65
1,0.25,15.075
1,0.5,15.075
1,0.0,15.075
1,0.0,15.075
2,0.4,15.075
0,0.2,15.075
2,0.6,15.075
0,0.25,15.075
1,0.6666666666666666,15.075
0,1.0,15.075
1,0.3333333333333333,15.075
1,0.25,11.566666666666668
1,0.0,11.566666666666668
0,0.0,11.566666666666668
2,0.25,11.566666666666668
0,0.0,11.566666666666668
2,0.0,11.566666666666668
1,0.0,11.566666666666668
1,0.0,11.566666666666668
1,0.3333333333333333,11.566666666666668
1,0.3333333333333333,11.566666666666668
1,0.4,15.65
1,0.4,15.65
2,0.4,15.65
1,0.6,15.65
0,0.25,15.65
1,0.4,15.65
1,0.6666666666666666,15.65
1,0.5,15.65
1,0.0,15.65
2,0.0,15.65
1,0.25,19.85
1,0.2,19.85
2,0.4,19.85
1,0.25,19.85
0,0.6666666666666666,19.85
1,0.0,19.85
0,0.3333333333333333,19.85
0,1.0,19.85
1,0.0,19.85
1,0.4,19.85
0,0.4,19.85
1,0.3333333333333333,19.85
1,0.0,19.2
0,0.0,19.2
1,0.0,19.2
2,0.3333333333333333,19.2
2,0.0,19.2
0,0.0,19.2
1,0.0,19.2
1,0.0,19.2
1,0.0,19.2
1,0.0,19.2
1,0.0,19.2
1,0.0,19.2
1,0.0,19.2
1,0.0,19.2
0,0.5,19.2
1,0.25,18.833333333333332
1,0.0,18.833333333333332
2,0.25,18.833333333333332
1,0.25,18.833333333333332
0,0.25,18.833333333333332
1,0.25,18.833333333333332
1,0.0,18.833333333333332
0,0.0,18.833333333333332
1,1.0,18.833333333333332
1,0.0,18.833333333333332
0,0.0,18.833333333333332
1,0.5,17.125
1,0.25,17.125
1,0.5,17.125
2,0.3333333333333333,17.125
0,0.25,17.125
0,0.0,17.125
1,0.0,17.125
1,0.0,17.125
1,0.0,17.125
0,0.0,17.125
1,0.25,14.433333333333332
1,0.0,14.433333333333332
1,0.25,14.433333333333332
2,0.0,14.433333333333332
1,0.3333333333333333,14.433333333333332
0,0.25,14.433333333333332
1,0.3333333333333333,14.433333333333332
1,0.0,14.433333333333332
0,0.0,14.433333333333332
0,0.0,14.433333333333332
1,0.0,22.733333333333334
0,0.5,22.733333333333334
1,0.0,22.733333333333334
2,0.25,22.733333333333334
1,0.6666666666666666,22.733333333333334
0,0.0,22.733333333333334
1,0.6666666666666666,22.733333333333334
1,0.0,22.733333333333334
1,0.0,22.733333333333334
1,0.0,22.733333333333334
1,0.5,21.733333333333334
0,0.2,21.733333333333334
1,0.4,21.733333333333334
2,0.5,21.733333333333334
0,0.25,21.733333333333334
1,0.2,21.733333333333334
1,0.0,21.733333333333334
1,0.0,21.733333333333334
1,0.0,21.733333333333334
0,0.25,21.733333333333334
1,0.0,23.599999999999998
0,0.0,23.599999999999998
1,0.0,23.599999999999998
2,0.0,23.599999999999998
1,0.3333333333333333,23.599999999999998
1,0.3333333333333333,23.599999999999998
0,0.0,23.599999999999998
1,0.0,23.599999999999998
1,0.0,23.599999999999998
1,0.0,23.599999999999998
1,0.3333333333333333,17.275
0,0.2,17.275
1,0.25,17.275
2,0.0,17.275
2,0.0,17.275
1,0.0,17.275
1,0.25,17.275
1,0.0,17.275
1,0.0,17.275
1,0.25,14.799999999999999
1,0.0,14.799999999999999
1,0.6666666666666666,14.799999999999999
2,0.25,14.799999999999999
2,0.0,14.799999999999999
0,0.0,14.799999999999999
0,0.25,14.799999999999999
1,0.25,14.799999999999999
1,0.0,14.799999999999999
1,0.5,14.799999999999999
1,0.5,18.733333333333334
1,0.0,18.733333333333334
0,0.0,18.733333333333334
1,0.75,18.733333333333334
2,0.25,18.733333333333334
1,0.3333333333333333,18.733333333333334
1,0.25,18.733333333333334
0,0.25,18.733333333333334
0,0.0,18.733333333333334
2,0.0,18.733333333333334
1,0.0,18.733333333333334
1,0.2,19.266666666666666
1,0.0,19.266666666666666
0,0.3333333333333333,19.266666666666666
2,0.5,19.266666666666666
2,0.0,19.266666666666666
1,0.75,19.266666666666666
1,0.0,19.266666666666666
1,0.25,19.266666666666666
1,0.25,19.266666666666666
1,0.0,23.125
1,0.4,23.125
0,0.0,23.125
2,0.25,23.125
2,1.0,23.125
1,0.4,23.125
0,0.0,23.125
0,0.5,23.125
1,0.5,23.125
1,0.75,23.125
1,0.75,19.275
1,0.0,19.275
0,0.25,19.275
2,0.6666666666666666,19.275
2,0.0,19.275
1,0.3333333333333333,19.275
1,0.3333333333333333,19.275
1,0.0,19.275
1,0.0,19.275
1,0.0,19.275
0,0.0,19.275
1,0.2,20.240000000000002
1,0.2,20.240000000000002
1,0.2,20.240000000000002
2,0.0,20.240000000000002
2,0.4,20.240000000000002
1,0.4,20.240000000000002
1,0.25,20.240000000000002
1,0.0,20.240000000000002
1,0.5,20.240000000000002
1,0.0,20.240000000000002
0,1.0,20.240000000000002
1,0.25,22.5
1,0.0,22.5
1,0.0,22.5
2,0.25,22.5
1,0.6666666666666666,22.5
0,0.0,22.5
0,0.0,22.5
0,0.25,22.5
1,0.0,22.5
1,0.2,24.96666666666667
0,0.3333333333333333,24.96666666666667
0,0.3333333333333333,24.96666666666667
2,0.25,24.96666666666667
1,0.5,24.96666666666667
1,0.0,24.96666666666667
0,0.3333333333333333,24.96666666666667
1,0.5,24.96666666666667
2,0.0,24.96666666666667
1,0.0,24.96666666666667
1,0.0,24.96666666666667
1,0.0,25.46666666666667
1,0.75,25.46666666666667
1,0.25,25.46666666666667
2,0.25,25.46666666666667
0,0.0,25.46666666666667
1,0.25,25.46666666666667
1,0.6666666666666666,25.46666666666667
1,0.0,25.46666666666667
0,0.0,25.46666666666667
1,0.0,25.46666666666667
2,0.0,25.46666666666667
1,0.25,22.775
0,0.0,22.775
1,0.0,22.775
1,0.0,22.775
1,0.0,22.775
2,0.0,22.775
2,1.0,22.775
1,0.25,22.775
1,0.25,22.775
1,1.0,22.775
0,1.0,22.775
1,0.0,22.775
1,0.0,22.775
0,1.0,22.775
1,0.0,27.066666666666666
0,0.5,27.066666666666666
1,0.5,27.066666666666666
2,0.5,27.066666666666666
0,0.0,27.066666666666666
0,0.0,27.066666666666666
2,0.0,27.066666666666666
1,1.0,27.066666666666666
1,0.3333333333333333,27.066666666666666
1,0.0,27.066666666666666
1,0.0,27.066666666666666
1,0.0,27.75
0,0.0,27.75
1,0.2,27.75
2,0.3333333333333333,27.75
1,0.25,27.75
1,0.0,27.75
1,0.0,27.75
1,0.6666666666666666,27.75
1,0.0,27.75
1,0.0,27.75
1,0.5,25.475
0,0.0,25.475
1,0.5,25.475
2,0.5,25.475
0,0.0,25.475
1,0.3333333333333333,25.475
1,0.3333333333333333,25.475
1,0.0,25.475
2,0.0,25.475
1,0.0,25.475
1,0.0,25.475
1,1.0,25.475
1,0.6,26.46666666666667
0,0.25,26.46666666666667
1,0.0,26.46666666666667
2,0.5,26.46666666666667
0,0.0,26.46666666666667
1,0.25,26.46666666666667
1,0.0,26.46666666666667
1,0.3333333333333333,26.46666666666667
1,0.0,26.46666666666667
1,0.5,26.46666666666667
2,1.0,26.46666666666667
0,0.0,26.46666666666667
1,0.25,29.366666666666664
0,0.3333333333333333,29.366666666666664
1,0.25,29.366666666666664
2,0.0,29.366666666666664
1,0.5,29.366666666666664
1,0.25,29.366666666666664
0,0.0,29.366666666666664
1,0.0,29.366666666666664
2,0.0,29.366666666666664
1,0.0,29.366666666666664
0,0.0,29.366666666666664
1,0.0,31.55
0,0.3333333333333333,31.55
1,0.25,31.55
2,0.25,31.55
1,0.6,31.55
1,0.5,31.55
1,0.5,31.55
1,0.5,31.55
0,0.0,31.55
1,1.0,31.55
1,0.0,29.85
0,0.5,29.85
1,0.0,29.85
2,0.5,29.85
1,0.0,29.85
1,0.3333333333333333,29.85
1,0.0,29.85
0,0.3333333333333333,29.85
0,0.3333333333333333,29.85
1,0.0,29.85
1,0.0,29.85
1,0.0,29.32
1,0.0,29.32
1,0.2,29.32
2,0.0,29.32
1,0.0,29.32
0,0.5,29.32
1,0.6666666666666666,29.32
1,0.0,29.32
1,0.5,29.32
1,0.3333333333333333,29.32
1,0.0,29.32
0,0.5,30.7
1,0.0,30.7
1,0.25,30.7
2,0.0,30.7
1,0.5,30.7
1,0.0,30.7
1,0.25,30.7
1,0.0,30.7
1,0.5,30.7
0,0.25,30.75
1,0.0,30.75
1,0.0,30.75
2,0.6666666666666666,30.75
1,0.6666666666666666,30.75
1,0.0,30.75
1,0.0,30.75
1,0.0,30.75
0,0.3333333333333333,30.75
0,0.0,30.75
0,0.25,32.86666666666667
1,0.0,32.86666666666667
1,0.0,32.86666666666667
2,0.5,32.86666666666667
1,0.0,32.86666666666667
0,0.3333333333333333,32.86666666666667
1,0.0,32.86666666666667
1,0.0,32.86666666666667
1,0.0,32.86666666666667
1,0.0,32.86666666666667
1,0.25,22.06
0,0.25,22.06
1,0.0,22.06
0,1.0,22.06
1,0.0,22.06
2,0.3333333333333333,22.06
0,0.0,22.06
1,0.25,22.06
2,0.0,22.06
1,0.0,22.06
1,0.0,22.06
1,0.0,22.06
1,0.0,22.06
1,0.5,22.06
1,0.6666666666666666,24.633333333333336
1,0.3333333333333333,24.633333333333336
1,0.3333333333333333,24.633333333333336
2,0.0,24.633333333333336
1,0.3333333333333333,24.633333333333336
0,0.0,24.633333333333336
1,0.0,24.633333333333336
1,0.0,24.633333333333336
1,0.25,24.633333333333336
1,0.0,24.633333333333336
1,0.0,27.5
0,0.0,27.5
1,0.25,27.5
2,0.0,27.5
1,0.25,27.5
1,0.0,27.5
2,0.5,27.5
1,0.0,27.5
1,0.0,27.5
1,0.0,27.5
1,0.0,27.933333333333334
1,0.0,27.933333333333334
2,0.0,27.933333333333334
1,0.0,27.933333333333334
0,0.0,27.933333333333334
2,0.25,27.933333333333334
1,0.0,27.933333333333334
0,0.0,27.933333333333334
1,0.0,27.933333333333334
1,0.0,27.933333333333334
1,0.3333333333333333,27.933333333333334
1,0.2,29.225
0,0.0,29.225
1,0.0,29.225
2,0.25,29.225
1,0.25,29.225
2,0.0,29.225
1,0.75,29.225
1,0.0,29.225
1,0.0,29.225
1,1.0,29.225
1,0.0,29.225
1,0.5,30.375
1,0.0,30.375
1,0.25,30.375
2,0.5,30.375
1,0.0,30.375
2,0.0,30.375
1,0.0,30.375
1,0.0,30.375
0,0.0,30.375
1,0.0,30.375
1,0.6,31.15
1,0.0,31.15
1,0.2,31.15
2,0.75,31.15
0,0.2,31.15
2,0.3333333333333333,31.15
1,0.0,31.15
1,0.25,31.15
0,0.3333333333333333,31.15
1,0.0,31.15
1,0.2,31.0
1,0.6,31.0
1,0.2,31.0
2,0.25,31.0
0,0.25,31.0
2,0.5,31.0
1,0.0,31.0
1,0.0,31.0
1,0.25,31.0
0,0.6666666666666666,31.0
1,0.25,30.65
1,0.25,30.65
1,0.5,30.65
2,0.3333333333333333,30.65
1,0.0,30.65
2,0.0,30.65
1,0.0,30.65
1,0.0,30.65
0,1.0,30.65
1,0.0,30.65
0,0.3333333333333333,30.65
1,0.0,27.866666666666664
1,0.25,27.866666666666664
1,0.0,27.866666666666664
2,0.25,27.866666666666664
1,0.25,27.866666666666664
2,0.25,27.866666666666664
1,0.6666666666666666,27.866666666666664
1,0.0,27.866666666666664
0,0.0,27.866666666666664
0,0.0,27.866666666666664
1,0.0,28.2
1,0.25,28.2
1,0.25,28.2
2,0.0,28.2
1,0.0,28.2
2,0.3333333333333333,28.2
1,0.0,28.2
1,0.0,28.2
1,0.0,28.2
1,0.0,25.025
1,0.0,25.025
1,0.5,25.025
1,0.4,25.025
2,0.75,25.025
1,0.0,25.025
1,1.0,25.025
2,0.3333333333333333,25.025
1,0.0,25.025
0,0.0,25.025
0,0.0,25.025
1,0.6666666666666666,25.025
1,0.25,25.025
1,0.0,30.8
0,0.3333333333333333,30.8
0,0.0,30.8
2,0.0,30.8
1,0.0,30.8
2,0.0,30.8
1,0.0,30.8
1,0.6666666666666666,30.8
1,0.0,30.8
1,1.0,30.8
1,0.0,34.63333333333333
0,0.0,34.63333333333333
1,0.25,34.63333333333333
2,0.5,34.63333333333333
0,0.25,34.63333333333333
2,0.0,34.63333333333333
1,0.0,34.63333333333333
1,0.3333333333333333,34.63333333333333
1,0.0,34.63333333333333
0,0.2,34.0
0,0.1666666666666666,34.0
0,0.25,34.0
2,0.2,34.0
1,0.4,34.0
2,0.2,34.0
1,0.2,34.0
1,0.0,34.0
1,0.0,34.0
1,0.4,34.0
1,0.25,30.55
0,0.0,30.55
0,0.0,30.55
2,0.25,30.55
1,0.0,30.55
2,0.0,30.55
1,0.5,30.55
1,0.3333333333333333,30.55
1,0.3333333333333333,30.55
1,0.0,29.933333333333334
1,0.0,29.933333333333334
1,0.0,29.933333333333334
1,0.25,29.933333333333334
2,0.5,29.933333333333334
1,0.3333333333333333,29.933333333333334
2,0.3333333333333333,29.933333333333334
0,0.3333333333333333,29.933333333333334
1,0.3333333333333333,29.933333333333334
1,0.0,29.933333333333334
0,0.0,29.933333333333334
1,0.0,29.933333333333334
0,0.0,29.933333333333334
1,0.2,30.433333333333334
1,0.5,30.433333333333334
0,0.0,30.433333333333334
2,0.0,30.433333333333334
1,0.25,30.433333333333334
2,0.3333333333333333,30.433333333333334
1,0.5,30.433333333333334
1,0.3333333333333333,30.433333333333334
0,0.0,30.433333333333334
1,0.0,30.433333333333334
0,1.0,30.433333333333334
1,0.0,30.433333333333334
1,0.3333333333333333,30.833333333333332
1,0.0,30.833333333333332
0,0.25,30.833333333333332
2,0.5,30.833333333333332
1,0.0,30.833333333333332
2,0.0,30.833333333333332
1,0.3333333333333333,30.833333333333332
0,0.5,30.833333333333332
1,0.3333333333333333,30.833333333333332
1,0.0,31.1
1,0.25,31.1
0,0.25,31.1
2,0.0,31.1
1,0.0,31.1
1,0.0,31.1
2,0.0,31.1
1,0.25,31.1
0,0.3333333333333333,31.1
1,0.0,31.1
1,0.25,32.233333333333334
0,0.3333333333333333,32.233333333333334
0,0.25,32.233333333333334
2,0.25,32.233333333333334
1,0.0,32.233333333333334
1,0.3333333333333333,32.233333333333334
0,0.0,32.233333333333334
1,0.25,32.233333333333334
2,0.0,32.233333333333334
1,0.0,32.233333333333334
1,0.0,27.4
0,0.4,27.4
0,0.75,27.4
2,0.4,27.4
1,0.25,27.4
1,0.6666666666666666,27.4
0,0.5,27.4
1,0.5,27.4
2,0.3333333333333333,27.4
1,0.0,27.4
1,0.0,27.4
1,0.4,25.660000000000004
0,0.2,25.660000000000004
0,0.5,25.660000000000004
2,0.2,25.660000000000004
1,0.4,25.660000000000004
1,0.25,25.660000000000004
1,0.0,25.660000000000004
1,0.25,25.660000000000004
2,0.0,25.660000000000004
0,0.0,25.660000000000004
1,0.4,22.566666666666666
0,0.5,22.566666666666666
0,0.5,22.566666666666666
2,0.25,22.566666666666666
1,0.25,22.566666666666666
1,0.6666666666666666,22.566666666666666
2,0.25,22.566666666666666
1,0.0,22.566666666666666
1,0.0,22.566666666666666
1,0.2,19.9
0,0.2,19.9
0,0.2,19.9
2,0.25,19.9
1,0.5,19.9
0,0.0,19.9
1,0.5,19.9
2,0.2,19.9
1,0.0,19.9
1,0.0,19.9
1,0.0,19.9
1,0.0,19.9
1,0.25,22.766666666666666
0,0.0,22.766666666666666
0,0.0,22.766666666666666
2,0.25,22.766666666666666
1,0.25,22.766666666666666
1,0.0,22.766666666666666
2,0.25,22.766666666666666
1,0.5,22.766666666666666
1,0.0,22.766666666666666
1,0.5,27.275
0,0.0,27.275
0,0.6666666666666666,27.275
1,0.0,27.275
2,0.0,27.275
1,0.0,27.275
1,0.25,27.275
1,0.25,27.275
2,0.5,27.275
1,0.3333333333333333,27.275
1,0.0,27.275
1,0.5,27.275
1,0.2,25.325
0,0.0,25.325
0,0.0,25.325
1,0.5,25.325
2,0.3333333333333333,25.325
1,1.0,25.325
1,0.75,25.325
1,0.25,25.325
2,0.25,25.325
1,0.0,25.325
1,0.0,25.325
1,0.3333333333333333,25.325
1,0.0,22.175
0,0.0,22.175
0,0.0,22.175
2,0.25,22.175
1,0.0,22.175
0,0.25,22.175
2,0.5,22.175
1,0.0,22.175
1,1.0,22.175
1,0.3333333333333333,22.175
1,0.0,22.25
0,0.6666666666666666,22.25
0,0.25,22.25
2,0.0,22.25
1,0.0,22.25
1,0.25,22.25
0,0.0,22.25
1,0.0,22.25
1,0.0,22.25
1,0.0,22.25
1,0.5,22.25
1,0.4,24.0
0,0.5,24.0
0,0.0,24.0
0,0.5,24.0
2,0.5,24.0
1,0.75,24.0
1,0.75,24.0
1,0.25,24.0
1,0.0,24.0
1,0.25,24.0
1,0.25,22.066666666666666
0,0.25,22.066666666666666
1,0.0,22.066666666666666
2,0.0,22.066666666666666
1,0.0,22.066666666666666
2,0.25,22.066666666666666
1,0.0,22.066666666666666
0,0.0,22.066666666666666
1,0.0,22.066666666666666
1,0.5,22.066666666666666
1,0.0,22.633333333333336
0,0.25,22.633333333333336
1,0.25,22.633333333333336
2,0.0,22.633333333333336
1,0.0,22.633333333333336
2,0.0,22.633333333333336
1,0.0,22.633333333333336
1,0.0,22.633333333333336
0,1.0,22.633333333333336
1,0.0,22.633333333333336
1,0.6,24.675
0,0.2,24.675
1,0.2,24.675
2,0.3333333333333333,24.675
1,0.0,24.675
2,0.25,24.675
1,0.0,24.675
1,0.0,24.675
1,1.0,24.675
1,0.3333333333333333,24.675
1,0.2,25.0
0,0.0,25.0
1,0.5,25.0
2,0.5,25.0
1,0.0,25.0
2,0.0,25.0
1,0.5,25.0
1,0.25,25.0
0,0.3333333333333333,25.0
1,0.6666666666666666,21.625
0,0.0,21.625
1,0.2,21.625
2,0.0,21.625
1,0.0,21.625
1,0.2,21.625
2,0.0,21.625
1,0.75,21.625
1,0.5,21.625
1,0.0,21.625
1,0.0,21.625
1,0.0,21.625
1,0.0,22.766666666666666
0,0.5,22.766666666666666
1,0.5,22.766666666666666
2,0.5,22.766666666666666
1,0.25,22.766666666666666
1,0.25,22.766666666666666
0,0.0,22.766666666666666
1,0.0,22.766666666666666
1,1.0,22.766666666666666
1,0.0,22.766666666666666
