日付,時刻,降水量(mm),気温(°C),露点温度(°C),蒸気圧(hPa),湿度(%),風速(m/s),風向,日照時間(h),全天日射量(MJ/㎡),天気,視程(km)
2025328,01:00,0.0,15.8,14.9,16.9,94,3.1,西,0.0,0.0,雨,5.50
2025328,02:00,2.0,14.2,13.7,15.7,97,5.8,北北西,0.0,0.0,雨,1.57
2025328,03:00,0.0,13.7,13.4,15.4,98,4.3,北北西,0.0,0.0,雨,3.29
2025328,04:00,0.5,13.3,12.7,14.7,96,2.9,北北西,0.0,0.0,雨,3.63
2025328,05:00,0.0,13.3,12.0,14.1,92,3.2,北西,0.0,0.0,曇,9.05
2025328,06:00,0.0,13.6,11.3,13.4,86,2.2,北西,0.0,0.00,曇,11.0
2025328,07:00,0.0,13.5,11.6,13.6,88,3.0,北西,0.0,0.02,雨,9.87
2025328,08:00,1.0,12.8,11.7,13.7,93,3.4,北北西,0.0,0.06,雨,4.76
2025328,09:00,0.0,13.4,11.6,13.7,89,2.8,西北西,0.0,0.28,曇,11.7
2025328,10:00,0.5,13.3,11.4,13.4,88,2.6,西北西,0.0,0.24,雨,8.24
2025328,11:00,0.5,12.0,9.9,12.2,87,4.1,西南西,0.0,0.26,雨,10.5
2025328,12:00,0.0,11.7,8.9,11.4,83,2.1,西北西,0.0,0.62,曇,11.8
2025328,13:00,0.0,11.7,7.0,10.0,73,3.3,西,0.0,0.73,曇,12.7
2025328,14:00,0.0,12.5,5.9,9.3,64,5.7,西北西,0.0,1.13,曇,15.9
2025328,15:00,0.0,13.5,5.7,9.1,59,5.0,西北西,0.8,2.23,曇,15.9
2025328,16:00,0.0,12.4,6.2,9.5,66,4.2,西南西,0.3,1.15,曇,13.4
2025328,17:00,0.0,12.5,6.6,9.7,67,3.1,西北西,0.0,0.41,曇,13.4
2025328,18:00,0.0,12.3,8.4,11.0,77,3.2,北,0.0,0.06,曇,16.9
2025328,19:00,0.0,12.4,6.7,9.8,68,6.3,北,0.0,0.01,曇,20.0
2025328,20:00,0.0,12.2,6.5,9.7,68,5.2,北,0.0,0.00,曇,20.0
2025328,21:00,0.0,12.1,6.6,9.7,69,6.3,北,0.0,0.0,曇,20.0
2025328,22:00,0.0,11.6,7.5,10.4,76,6.7,北,0.0,0.0,曇,20.0
2025328,23:00,0.0,10.9,6.7,9.8,75,6.7,北北東,0.0,0.0,曇,20.0
2025328,24:00,0.0,10.7,6.1,9.4,73,5.8,北北東,0.0,0.0,曇,20.0
2025329,01:00,0.0,10.4,5.4,9.0,71,3.4,北東,0.0,0.0,曇,20.0
2025329,02:00,0.0,10.3,5.5,9.0,72,3.5,北北東,0.0,0.0,曇,20.0
2025329,03:00,0.0,10.1,4.7,8.5,69,3.0,北北東,0.0,0.0,曇,20.0
2025329,04:00,0.0,10.0,4.8,8.6,70,1.7,北北東,0.0,0.0,曇,20.0
2025329,05:00,0.0,9.9,4.3,8.3,68,2.1,北北東,0.0,0.0,曇,20.0
2025329,06:00,0.0,9.3,4.1,8.2,70,1.4,北北東,0.0,0.00,晴れ,20.0
2025329,07:00,0.0,9.8,5.2,8.8,73,1.3,西北西,0.4,0.16,晴れ,20.0
2025329,08:00,0.0,11.2,5.1,8.8,66,1.0,西北西,0.9,0.73,曇,20.0
2025329,09:00,0.0,12.1,1.1,6.6,47,4.2,北,0.6,1.26,曇,20.0
2025329,10:00,0.0,12.4,1.7,6.9,48,3.6,北北西,0.7,1.68,曇,20.0
2025329,11:00,0.0,13.6,1.3,6.7,43,4.0,北,0.8,2.35,曇,20.0
2025329,12:00,0.0,13.7,2.6,7.4,47,5.2,北北西,0.7,2.46,雨,20.0
2025329,13:00,0.0,13.0,0.7,6.4,43,5.2,北北西,0.3,1.60,曇,20.0
2025329,14:00,0.0,13.8,-1.4,5.5,35,6.0,北北西,1.0,2.78,晴れ,20.0
2025329,15:00,0.0,12.1,-4.1,4.5,32,4.9,北西,0.1,1.36,曇,20.0
2025329,16:00,0.0,11.8,-4.3,4.4,32,3.7,西,0.0,0.67,曇,20.0
2025329,17:00,0.0,11.2,-7.1,3.6,27,5.0,西,0.0,0.52,曇,20.0
2025329,18:00,0.0,10.7,-4.5,4.4,34,3.5,西北西,0.0,0.21,曇,20.0
2025329,19:00,0.0,10.5,-2.9,5.0,39,2.8,西,0.0,0.02,曇,20.0
2025329,20:00,0.0,10.4,-1.6,5.4,43,2.4,西,0.0,0.00,曇,20.0
2025329,21:00,0.0,10.2,-0.9,5.7,46,3.0,西北西,0.0,0.0,曇,20.0
2025329,22:00,0.0,9.9,-0.6,5.9,48,3.6,北西,0.0,0.0,曇,20.0
2025329,23:00,0.0,9.6,0.2,6.2,52,4.5,西北西,0.0,0.0,曇,20.0
2025329,24:00,0.0,9.2,-0.4,5.9,51,4.6,西北西,0.0,0.0,曇,20.0
2025330,01:00,0.0,8.8,-1.6,5.4,48,3.4,西北西,0.0,0.0,曇,20.0
2025330,02:00,0.0,8.7,-2.0,5.3,47,4.9,北西,0.0,0.0,曇,20.0
2025330,03:00,0.0,8.5,-2.2,5.2,47,6.2,北北西,0.0,0.0,曇,20.0
2025330,04:00,0.0,8.1,-3.1,4.9,45,7.2,北北西,0.0,0.0,曇,20.0
2025330,05:00,0.0,7.4,-5.6,4.0,39,7.3,北,0.0,0.0,曇,20.0
2025330,06:00,0.0,6.8,-5.8,4.0,40,7.7,北,0.0,0.00,曇,20.0
2025330,07:00,0.0,6.9,-4.8,4.3,43,6.7,北,0.0,0.07,曇,20.0
2025330,08:00,0.0,7.7,-5.4,4.1,39,7.6,北,0.7,0.75,曇,20.0
2025330,09:00,0.0,8.6,-6.0,3.9,35,6.1,北,1.0,1.60,晴れ,20.0
2025330,10:00,0.0,8.9,-5.7,4.0,35,7.5,北,1.0,2.36,晴れ,20.0
2025330,11:00,0.0,8.9,-5.3,4.1,36,7.1,北北西,1.0,2.76,晴れ,20.0
2025330,12:00,0.0,9.0,-4.2,4.5,39,6.5,北,1.0,3.23,晴れ,20.0
2025330,13:00,0.0,8.9,-3.6,4.7,41,7.0,北,0.8,2.88,曇,20.0
2025330,14:00,0.0,8.8,-3.7,4.6,41,6.5,北北西,1.0,2.86,晴れ,20.0
2025330,15:00,0.0,8.3,-3.8,4.6,42,6.2,北,0.7,1.98,曇,20.0
2025330,16:00,0.0,7.9,-3.3,4.8,45,6.5,北,0.1,1.18,曇,20.0
2025330,17:00,0.0,7.2,-3.9,4.6,45,7.1,北,0.1,0.86,曇,20.0
2025330,18:00,0.0,7.3,-3.8,4.6,45,5.9,北,0.0,0.36,曇,20.0
2025330,19:00,0.0,6.6,-5.1,4.2,43,3.4,北東,0.0,0.03,曇,20.0
2025330,20:00,0.0,6.5,-5.2,4.2,43,2.9,北北東,0.0,0.00,曇,20.0
2025330,21:00,0.0,6.6,-4.2,4.5,46,2.6,北北東,0.0,0.0,曇,20.0
2025330,22:00,0.0,6.5,-5.5,4.1,42,2.5,北北東,0.0,0.0,曇,20.0
2025330,23:00,0.0,6.2,-6.1,3.9,41,2.4,東北東,0.0,0.0,曇,20.0
2025330,24:00,0.0,5.7,-5.3,4.1,45,1.5,北北東,0.0,0.0,曇,20.0
202542,01:00,5.5,10.2,9.8,12.1,97,2.8,北,0.0,0.0,雨,6.11
202542,02:00,3.5,9.1,8.7,11.2,97,4.2,北北西,0.0,0.0,雨,6.05
202542,03:00,1.5,9.3,9.0,11.5,98,4.7,北北西,0.0,0.0,雨,6.45
202542,04:00,3.5,9.7,9.3,11.7,97,5.0,北北西,0.0,0.0,雨,5.15
202542,05:00,3.0,9.8,9.4,11.8,97,4.9,北北西,0.0,0.0,雨,11.4
202542,06:00,2.5,8.7,8.3,10.9,97,4.1,北西,0.0,0.0,雨,7.16
202542,07:00,2.0,8.4,7.8,10.6,96,4.4,北北西,0.0,0.0,雨,6.11
202542,08:00,0.5,8.9,8.3,10.9,96,5.7,北北西,0.0,0.0,雨,17.4
202542,09:00,0.5,9.3,8.7,11.2,96,5.3,北西,0.0,0.0,雨,5.34
202542,10:00,1.5,9.8,9.2,11.6,96,5.5,北北西,0.0,0.0,雨,7.08
202542,11:00,0.0,10.8,9.9,12.2,94,4.9,北北西,0.0,0.0,曇,6.85
202542,12:00,0.0,11.7,10.5,12.6,92,5.4,北北西,0.0,0.0,雨,20.0
202542,13:00,0.0,13.1,11.7,13.7,91,6.1,北北西,0.0,0.0,曇,12.8
202542,14:00,0.5,12.8,11.5,13.6,92,5.5,北北西,0.0,0.0,雨,5.67
202542,15:00,0.0,12.7,11.4,13.5,92,4.2,北北東,0.0,0.0,雨,7.42
202542,16:00,0.0,12.0,10.3,12.5,89,4.4,北北東,0.0,0.0,曇,15.5
202542,17:00,0.0,11.8,9.5,11.9,86,5.1,北北東,0.1,0.0,曇,20.0
202542,18:00,0.0,11.6,9.0,11.5,84,4.0,北東,0.0,0.0,曇,20.0
202542,19:00,0.0,11.1,8.2,10.8,82,6.7,北東,0.0,0.0,曇,20.0
202542,20:00,0.0,10.7,7.9,10.7,83,5.3,北東,0.0,0.0,曇,20.0
202542,21:00,0.0,10.1,7.4,10.3,83,4.4,北北東,0.0,0.0,曇,20.0
202542,22:00,0.0,9.7,7.1,10.1,84,4.1,北北東,0.0,0.0,曇,20.0
202542,23:00,0.0,9.5,7.1,10.1,85,3.0,北北東,0.0,0.0,曇,20.0
202542,24:00,0.0,9.5,6.9,10.0,84,4.5,北北東,0.0,0.0,曇,20.0
202543,01:00,0.0,9.4,7.0,10.0,85,2.5,北,0.0,0.0,曇,20.0
202543,02:00,0.0,9.1,6.9,9.9,86,2.8,北,0.0,0.0,雨,19.8
202543,03:00,0.0,8.9,6.9,9.9,87,2.3,北北東,0.0,0.0,曇,20.0
202543,04:00,0.0,8.8,6.6,9.7,86,2.8,北北東,0.0,0.0,曇,20.0
202543,05:00,0.0,8.8,6.3,9.5,84,3.0,北,0.0,0.0,曇,20.0
202543,06:00,0.0,8.8,6.1,9.4,83,3.0,北北東,0.0,0.0,曇,20.0
202543,07:00,0.0,8.9,6.4,9.6,84,2.3,北北東,0.0,0.0,雨,20.0
202543,08:00,0.5,8.5,7.0,10.0,90,3.4,北北東,0.0,0.0,雨,15.8
202543,09:00,0.5,8.9,7.7,10.5,92,3.3,北北東,0.0,0.0,雨,17.7
202543,10:00,1.5,9.0,7.6,10.4,91,4.6,北東,0.0,0.0,雨,17.7
202543,11:00,0.5,9.5,7.9,10.7,90,3.0,北北東,0.0,0.0,雨,20.0
202543,12:00,0.0,9.4,7.4,10.3,87,2.9,北北東,0.0,0.0,雨,20.0
202543,13:00,0.5,8.9,7.2,10.1,89,3.1,北,0.0,0.0,雨,20.0
202543,14:00,0.0,8.6,7.1,10.1,90,3.2,北,0.0,0.0,雨,20.0
202543,15:00,1.5,8.5,7.1,10.1,91,1.9,北,0.0,0.0,雨,7.07
202543,16:00,0.5,8.4,7.0,10.0,91,5.0,北東,0.0,0.0,雨,20.0
202543,17:00,0.0,8.5,6.8,9.9,89,2.7,北,0.0,0.0,雨,20.0
202543,18:00,0.0,8.1,6.6,9.7,90,2.8,北北東,0.0,0.0,雨,20.0
202543,19:00,0.0,8.0,6.3,9.5,89,1.8,北東,0.0,0.0,曇,20.0
202543,20:00,0.0,8.2,6.3,9.6,88,1.6,北北東,0.0,0.0,曇,20.0
202543,21:00,0.0,8.1,6.4,9.6,89,2.1,北北東,0.0,0.0,曇,20.0
202543,22:00,0.0,8.3,6.4,9.6,88,1.3,北,0.0,0.0,曇,20.0
202543,23:00,0.0,8.4,6.5,9.7,88,1.6,北北東,0.0,0.0,曇,20.0
202543,24:00,0.0,8.1,6.4,9.6,89,1.8,北北東,0.0,0.0,曇,20.0
202544,01:00,0.0,8.0,6.3,9.5,89,2.4,北北東,0.0,0.0,晴れ,20.0
202544,02:00,0.0,7.4,6.0,9.4,91,2.0,北北西,0.0,0.0,曇,20.0
202544,03:00,0.0,7.1,5.9,9.3,92,1.9,北北西,0.0,0.0,曇,20.0
202544,04:00,0.0,6.4,5.4,8.9,93,0.5,北,0.0,0.0,曇,11.9
202544,05:00,0.0,6.7,5.5,9.0,92,1.4,北北西,0.0,0.0,曇,16.9
202544,06:00,0.0,6.5,5.5,9.0,93,1.0,北西,0.0,0.0,曇,12.4
202544,07:00,0.0,7.5,5.8,9.2,89,0.8,北北東,0.9,0.0,晴れ,14.8
202544,08:00,0.0,9.8,6.0,9.3,77,1.8,北,1.0,0.0,晴れ,18.7
202544,09:00,0.0,12.5,4.7,8.6,59,1.7,北北西,1.0,0.0,晴れ,20.0
202544,10:00,0.0,13.2,6.1,9.4,62,2.2,西,1.0,0.0,晴れ,20.0
202544,11:00,0.0,14.7,2.3,7.2,43,4.8,北西,1.0,0.0,晴れ,20.0
202544,12:00,0.0,16.1,2.9,7.5,41,4.4,北西,1.0,0.0,晴れ,20.0
202544,13:00,0.0,16.5,3.2,7.7,41,3.9,北北西,1.0,0.0,晴れ,20.0
202544,14:00,0.0,17.2,3.1,7.7,39,4.9,北北西,1.0,0.0,晴れ,20.0
202544,15:00,0.0,17.2,0.8,6.5,33,3.3,北北西,0.9,0.0,晴れ,20.0
202544,16:00,0.0,17.2,-1.0,5.7,29,4.1,北西,0.6,0.0,晴れ,20.0
202544,17:00,0.0,14.2,5.0,8.7,54,3.6,南東,0.2,0.0,晴れ,20.0
202544,18:00,0.0,13.5,5.2,8.8,57,4.3,南東,0.4,0.0,曇,20.0
202544,19:00,0.0,13.8,-1.4,5.5,35,3.0,北西,0.0,0.0,曇,20.0
202544,20:00,0.0,12.2,4.4,8.4,59,4.6,東北東,0.0,0.0,晴れ,20.0
202544,21:00,0.0,11.8,5.2,8.9,64,1.7,北,0.0,0.0,晴れ,20.0
202544,22:00,0.0,11.8,3.1,7.6,55,3.7,北西,0.0,0.0,曇,20.0
202544,23:00,0.0,10.9,-0.2,6.0,46,3.7,北西,0.0,0.0,曇,20.0
202544,24:00,0.0,10.4,-0.7,5.8,46,3.6,北北西,0.0,0.0,曇,20.0
202545,01:00,0.0,10.0,-0.5,5.9,48,3.1,北北西,0.0,0.0,曇,20.0
202545,02:00,0.0,9.3,-0.6,5.9,50,1.7,北,0.0,0.0,晴れ,20.0
202545,03:00,0.0,8.8,-0.5,5.9,52,1.7,北北西,0.0,0.0,晴れ,20.0
202545,04:00,0.0,8.0,-0.5,5.9,55,2.7,北北西,0.0,0.0,晴れ,20.0
202545,05:00,0.0,7.2,0.0,6.1,60,2.0,北北西,0.0,0.0,晴れ,20.0
202545,06:00,0.0,7.4,0.2,6.2,60,1.8,北北東,0.2,0.0,晴れ,20.0
202545,07:00,0.0,8.9,0.6,6.4,56,2.2,北東,1.0,0.0,晴れ,20.0
202545,08:00,0.0,10.8,-0.3,6.0,46,4.0,北東,1.0,0.0,晴れ,20.0
202545,09:00,0.0,13.0,2.3,7.2,48,1.5,北東,1.0,0.0,晴れ,20.0
202545,10:00,0.0,14.5,4.2,8.3,50,2.3,南南東,1.0,0.0,晴れ,20.0
202545,11:00,0.0,13.8,3.9,8.0,51,4.1,南南東,0.7,0.0,晴れ,20.0
202545,12:00,0.0,14.2,4.2,8.3,51,3.7,東,0.2,0.0,曇,20.0
202545,13:00,0.0,15.3,5.2,8.9,51,4.4,南東,0.6,0.0,晴れ,20.0
202545,14:00,0.0,15.0,5.5,9.0,53,5.0,南東,0.3,0.0,曇,20.0
202545,15:00,0.0,15.3,6.1,9.4,54,6.3,南東,0.7,0.0,曇,20.0
202545,16:00,0.0,14.8,6.1,9.4,56,7.5,南東,1.0,0.0,晴れ,20.0
202545,17:00,0.0,14.1,6.5,9.7,60,8.4,南東,0.8,0.0,曇,20.0
202545,18:00,0.0,14.0,7.5,10.4,65,5.9,南東,0.0,0.0,曇,20.0
202545,19:00,0.0,13.3,8.4,11.0,72,6.2,南東,0.0,0.0,曇,20.0
202545,20:00,0.0,12.9,9.4,11.8,79,5.2,南東,0.0,0.0,曇,20.0
202545,21:00,0.0,12.7,9.7,12.0,82,5.4,南東,0.0,0.0,曇,20.0
202545,22:00,0.0,12.7,9.9,12.2,83,4.3,南東,0.0,0.0,曇,20.0
202545,23:00,0.0,12.6,10.0,12.3,84,5.3,南東,0.0,0.0,曇,17.8
202545,24:00,0.0,12.8,10.0,12.3,83,3.1,南南東,0.0,0.0,曇,20.0
202546,01:00,0.0,13.0,9.6,12.0,80,3.6,南南東,0.0,0.0,曇,20.0
202546,02:00,0.0,13.7,9.0,11.4,73,3.8,南,0.0,0.0,曇,20.0
202546,03:00,0.0,14.2,9.4,11.8,73,3.8,南南西,0.0,0.0,曇,20.0
202546,04:00,0.0,14.1,9.3,11.7,73,3.5,南西,0.0,0.0,曇,20.0
202546,05:00,0.0,12.8,8.3,10.9,74,2.7,南東,0.0,0.0,曇,20.0
202546,06:00,0.0,13.1,8.0,10.7,71,2.0,南南東,0.0,0.0,曇,20.0
202546,07:00,0.0,14.5,9.3,11.7,71,3.5,南南東,0.4,0.0,晴れ,20.0
202546,08:00,0.0,16.3,9.0,11.5,62,2.5,南西,0.9,0.0,晴れ,20.0
202546,09:00,0.0,16.3,8.0,10.7,58,3.0,西南西,1.0,0.0,晴れ,20.0
202546,10:00,0.0,16.3,9.0,11.5,62,3.2,南西,0.2,0.0,曇,20.0
202546,11:00,0.0,17.9,10.1,12.3,60,5.3,南西,0.1,0.0,曇,20.0
202546,12:00,0.0,16.4,10.9,13.1,70,4.0,南南西,0.0,0.0,雨,20.0
202546,13:00,0.0,15.7,12.1,14.1,79,5.7,西南西,0.0,0.0,雨,20.0
202546,14:00,0.0,14.6,11.0,13.1,79,6.5,南西,0.0,0.0,雨,20.0
202546,15:00,0.0,16.1,10.4,12.6,69,4.6,南,0.0,0.0,曇,20.0
202546,16:00,0.0,17.4,10.8,12.9,65,6.4,南,0.6,0.0,晴れ,20.0
202546,17:00,0.0,17.0,11.3,13.4,69,6.1,南西,0.8,0.0,晴れ,20.0
202546,18:00,0.0,16.0,11.8,13.8,76,6.7,南西,0.3,0.0,曇,20.0
202546,19:00,0.0,15.8,12.2,14.2,79,7.0,南南東,0.0,0.0,曇,20.0
202546,20:00,0.0,15.4,12.4,14.3,82,6.1,南,0.0,0.0,晴れ,20.0
202546,21:00,0.0,15.1,12.6,14.6,85,5.9,南,0.0,0.0,晴れ,20.0
202546,22:00,0.0,14.7,12.9,14.9,89,4.2,南南東,0.0,0.0,晴れ,20.0
202546,23:00,0.0,14.7,13.1,15.1,90,4.2,南南東,0.0,0.0,晴れ,20.0
202546,24:00,0.0,14.5,13.1,15.0,91,2.4,西,0.0,0.0,晴れ,20.0
2025411,01:00,0.0,16.3,12.7,14.6,79,1.9,西南西,0.0,0.0,曇,20.0
2025411,02:00,0.0,16.2,12.9,14.9,81,0.5,南南西,0.0,0.0,曇,20.0
2025411,03:00,0.0,16.9,12.5,14.4,75,2.8,南西,0.0,0.0,曇,20.0
2025411,04:00,0.0,17.2,11.3,13.3,68,5.7,南南西,0.0,0.0,雨,20.0
2025411,05:00,0.0,17.0,10.4,12.6,65,5.7,南西,0.0,0.0,雨,20.0
2025411,06:00,0.0,16.6,11.3,13.4,71,5.3,南西,0.0,0.0,曇,20.0
2025411,07:00,0.0,16.1,12.9,14.8,81,3.2,西南西,0.0,0.0,曇,20.0
2025411,08:00,0.0,16.4,12.8,14.7,79,1.4,西,0.0,0.0,曇,18.7
2025411,09:00,0.0,16.5,12.9,14.8,79,1.0,北西,0.0,0.0,雨,15.0
2025411,10:00,0.0,17.1,11.6,13.7,70,2.1,西南西,0.0,0.0,曇,20.0
2025411,11:00,0.0,17.5,12.2,14.2,71,1.4,西南西,0.0,0.0,曇,20.0
2025411,12:00,0.0,18.1,12.6,14.5,70,2.5,西南西,0.0,0.0,曇,20.0
2025411,13:00,0.0,17.9,12.1,14.2,69,3.2,西,0.0,0.0,曇,20.0
2025411,14:00,0.0,18.3,12.5,14.5,69,1.8,西南西,0.0,0.0,曇,20.0
2025411,15:00,0.0,18.6,13.7,15.6,73,2.3,西,0.0,0.0,曇,20.0
2025411,16:00,0.0,18.3,13.4,15.4,73,3.1,西北西,0.0,0.0,曇,20.0
2025411,17:00,0.0,17.9,14.0,16.0,78,2.0,西北西,0.0,0.0,曇,20.0
2025411,18:00,0.0,17.6,13.1,15.1,75,3.5,北北西,0.0,0.0,曇,20.0
2025411,19:00,0.5,15.6,13.5,15.4,87,2.4,北東,0.0,0.0,雨,16.3
2025411,20:00,0.0,15.7,13.7,15.7,88,2.4,北北東,0.0,0.0,曇,12.7
2025411,21:00,0.0,15.6,12.5,14.5,82,2.8,北北西,0.0,0.0,曇,19.6
2025411,22:00,0.0,15.1,10.9,13.0,76,3.3,北西,0.0,0.0,曇,20.0
2025411,23:00,0.0,14.4,11.0,13.1,80,3.2,北北西,0.0,0.0,晴れ,20.0
2025411,24:00,0.0,14.1,11.3,13.4,83,3.4,北北西,0.0,0.0,晴れ,20.0
2025412,01:00,0.0,13.6,11.3,13.4,86,3.3,北北西,0.0,0.0,晴れ,20.0
2025412,02:00,0.0,13.1,11.0,13.1,87,2.8,北,0.0,0.0,晴れ,12.4
2025412,03:00,0.0,12.3,10.9,13.0,91,2.7,北北東,0.0,0.0,晴れ,9.45
2025412,04:00,0.0,11.9,10.0,12.3,88,3.7,北北東,0.0,0.0,晴れ,12.9
2025412,05:00,0.0,11.6,9.7,12.0,88,3.3,北北東,0.0,0.0,晴れ,13.7
2025412,06:00,0.0,11.6,9.9,12.2,89,2.5,北北東,0.1,0.0,晴れ,12.9
2025412,07:00,0.0,12.8,10.4,12.6,85,2.4,北,1.0,0.0,晴れ,16.6
2025412,08:00,0.0,13.9,9.8,12.1,76,3.7,北北東,0.9,0.0,晴れ,17.9
2025412,09:00,0.0,15.4,8.6,11.2,64,5.3,北東,1.0,0.0,晴れ,20.0
2025412,10:00,0.0,14.9,9.3,11.7,69,3.6,北東,0.2,0.0,曇,20.0
2025412,11:00,0.0,16.1,9.5,11.9,65,3.5,北東,0.2,0.0,晴れ,20.0
2025412,12:00,0.0,17.4,9.6,11.9,60,6.1,北東,0.4,0.0,曇,20.0
2025412,13:00,0.0,17.8,8.7,11.2,55,6.1,北東,0.6,0.0,晴れ,20.0
2025412,14:00,0.0,18.3,9.1,11.6,55,2.8,北北東,1.0,0.0,晴れ,20.0
2025412,15:00,0.0,17.6,9.0,11.5,57,5.4,東北東,1.0,0.0,晴れ,20.0
2025412,16:00,0.0,16.6,8.8,11.3,60,4.9,東北東,1.0,0.0,晴れ,20.0
2025412,17:00,0.0,15.3,8.5,11.1,64,5.3,東,1.0,0.0,晴れ,20.0
2025412,18:00,0.0,14.3,8.3,10.9,67,4.9,東,0.4,0.0,晴れ,20.0
2025412,19:00,0.0,13.2,8.3,10.9,72,3.3,東,0.0,0.0,晴れ,20.0
2025412,20:00,0.0,12.7,8.6,11.2,76,2.4,東,0.0,0.0,晴れ,20.0
2025412,21:00,0.0,12.1,8.6,11.2,79,3.5,東南東,0.0,0.0,晴れ,20.0
2025412,22:00,0.0,12.0,8.9,11.4,81,3.2,東,0.0,0.0,曇,20.0
2025412,23:00,0.0,12.0,9.0,11.5,82,2.5,東南東,0.0,0.0,曇,20.0
2025412,24:00,0.0,11.9,8.9,11.4,82,3.3,東,0.0,0.0,曇,20.0
2025415,01:00,0.0,15.6,9.7,12.1,68,6.6,南南西,0.0,0.0,曇,20.0
2025415,02:00,0.0,15.7,9.8,12.1,68,8.9,南南西,0.0,0.0,晴れ,20.0
2025415,03:00,0.0,15.4,9.1,11.5,66,8.0,南南西,0.0,0.0,曇,20.0
2025415,04:00,0.0,14.4,10.2,12.5,76,7.7,南,0.0,0.0,曇,20.0
2025415,05:00,1.0,13.6,11.8,13.9,89,6.5,南南西,0.0,0.0,雨,15.4
2025415,06:00,0.5,13.5,10.7,12.8,83,5.3,南,0.0,0.0,曇,20.0
2025415,07:00,0.0,14.4,11.2,13.3,81,6.2,南南東,0.2,0.0,晴れ,20.0
2025415,08:00,0.0,15.7,12.3,14.3,80,9.9,南南東,0.3,0.0,曇,20.0
2025415,09:00,0.0,16.2,11.0,13.1,71,8.6,南,0.1,0.0,曇,20.0
2025415,10:00,0.0,19.3,12.6,14.6,65,7.8,南南西,0.9,0.0,晴れ,20.0
2025415,11:00,0.0,19.5,10.5,12.7,56,10.9,南西,0.8,0.0,晴れ,16.8
2025415,12:00,0.0,19.2,9.1,11.6,52,11.5,南西,0.8,0.0,晴れ,20.0
2025415,13:00,0.0,19.4,8.4,11.0,49,7.9,南西,1.0,0.0,晴れ,20.0
2025415,14:00,0.0,18.6,6.1,9.4,44,10.5,南西,1.0,0.0,晴れ,20.0
2025415,15:00,0.0,18.4,3.5,7.8,37,10.5,南西,1.0,0.0,晴れ,20.0
2025415,16:00,0.0,17.9,2.6,7.4,36,10.4,南南西,1.0,0.0,晴れ,20.0
2025415,17:00,0.0,16.6,5.6,9.1,48,10.6,南西,1.0,0.0,晴れ,20.0
2025415,18:00,0.0,16.0,5.6,9.1,50,9.6,南西,0.3,0.0,曇,20.0
2025415,19:00,0.0,16.4,0.1,6.2,33,5.2,西,0.0,0.0,雨,20.0
2025415,20:00,0.0,16.5,-2.1,5.3,28,4.6,北西,0.0,0.0,曇,20.0
2025415,21:00,0.0,14.8,-2.6,5.1,30,7.4,北西,0.0,0.0,曇,20.0
2025415,22:00,0.0,14.2,-2.2,5.2,32,5.4,西北西,0.0,0.0,曇,20.0
2025415,23:00,0.0,13.4,-3.4,4.8,31,6.2,北西,0.0,0.0,晴れ,20.0
2025415,24:00,0.0,12.7,-3.1,4.8,33,4.2,北西,0.0,0.0,晴れ,20.0
2025416,01:00,0.0,12.2,-2.8,5.0,35,4.7,北西,0.0,0.0,晴れ,20.0
2025416,02:00,0.0,11.6,-2.2,5.2,38,4.4,北西,0.0,0.0,晴れ,20.0
2025416,03:00,0.0,11.4,-2.8,5.0,37,3.0,西北西,0.0,0.0,晴れ,20.0
2025416,04:00,0.0,10.7,-2.7,5.0,39,4.2,北西,0.0,0.0,晴れ,20.0
2025416,05:00,0.0,10.9,-1.8,5.3,41,3.5,北西,0.0,0.0,晴れ,20.0
2025416,06:00,0.0,11.7,-0.4,5.9,43,2.9,西,0.6,0.0,曇,20.0
2025416,07:00,0.0,13.4,-0.6,5.8,38,2.2,西,1.0,0.0,晴れ,20.0
2025416,08:00,0.0,13.8,1.5,6.8,43,2.4,南西,1.0,0.0,晴れ,20.0
2025416,09:00,0.0,14.8,3.3,7.7,46,4.8,南西,1.0,0.0,晴れ,20.0
2025416,10:00,0.0,15.3,2.1,7.1,41,5.7,南西,1.0,0.0,晴れ,20.0
2025416,11:00,0.0,16.4,3.5,7.8,42,5.4,西南西,1.0,0.0,晴れ,20.0
2025416,12:00,0.0,17.9,2.6,7.4,36,7.1,南西,1.0,0.0,晴れ,20.0
2025416,13:00,0.0,17.4,3.0,7.6,38,9.3,南西,1.0,0.0,晴れ,20.0
2025416,14:00,0.0,17.8,6.1,9.4,46,8.4,西南西,1.0,0.0,晴れ,20.0
2025416,15:00,0.0,18.1,6.3,9.6,46,7.4,南西,1.0,0.0,晴れ,20.0
2025416,16:00,0.0,18.0,6.2,9.5,46,9.1,南西,1.0,0.0,晴れ,20.0
2025416,17:00,0.0,17.5,6.4,9.6,48,6.5,南西,1.0,0.0,晴れ,20.0
2025416,18:00,0.0,17.1,6.9,9.9,51,7.4,南西,0.6,0.0,晴れ,20.0
2025416,19:00,0.0,17.4,4.4,8.3,42,2.4,北,0.0,0.0,晴れ,20.0
2025416,20:00,0.0,16.8,-3.3,4.8,25,0.9,西南西,0.0,0.0,晴れ,20.0
2025416,21:00,0.0,16.6,-3.0,4.9,26,1.7,北北西,0.0,0.0,晴れ,20.0
2025416,22:00,0.0,15.7,-1.8,5.4,30,2.0,北北東,0.0,0.0,晴れ,20.0
2025416,23:00,0.0,14.8,-0.9,5.7,34,1.2,東北東,0.0,0.0,晴れ,20.0
2025416,24:00,0.0,12.2,4.2,8.2,58,1.3,東,0.0,0.0,晴れ,20.0
2025418,01:00,0.0,14.2,8.8,11.3,70,1.2,西北西,0.0,0.0,曇,20.0
2025418,02:00,0.0,13.3,9.2,11.6,76,1.0,西北西,0.0,0.0,曇,20.0
2025418,03:00,0.0,14.0,9.5,11.8,74,2.6,西南西,0.0,0.0,曇,20.0
2025418,04:00,0.0,13.5,9.2,11.6,75,1.9,南東,0.0,0.0,曇,20.0
2025418,05:00,0.0,13.5,9.4,11.8,76,1.4,北西,0.0,0.00,曇,20.0
2025418,06:00,0.0,13.4,9.5,11.8,77,0.7,東南東,0.0,0.05,曇,20.0
2025418,07:00,0.0,14.9,10.1,12.4,73,1.0,西南西,0.0,0.32,曇,20.0
2025418,08:00,0.0,15.8,9.7,12.0,67,0.7,南東,0.0,0.71,曇,20.0
2025418,09:00,0.0,17.4,9.6,11.9,60,1.7,東北東,0.0,1.28,曇,20.0
2025418,10:00,0.0,18.7,9.8,12.1,56,1.7,北東,0.0,1.27,曇,20.0
2025418,11:00,0.0,19.3,10.6,12.8,57,2.2,東,0.0,1.20,曇,20.0
2025418,12:00,0.0,20.3,9.9,12.1,51,1.4,南東,0.2,1.67,曇,20.0
2025418,13:00,0.0,21.3,10.8,12.9,51,2.1,東北東,0.2,1.80,曇,20.0
2025418,14:00,0.0,21.6,8.5,11.1,43,2.1,北北東,0.3,1.52,曇,20.0
2025418,15:00,0.0,20.4,12.9,14.9,62,6.7,北,0.1,1.00,曇,20.0
2025418,16:00,0.0,19.8,14.0,15.9,69,3.3,北北東,0.5,0.97,曇,20.0
2025418,17:00,0.0,18.1,8.4,11.0,53,3.8,南東,0.9,0.82,晴れ,20.0
2025418,18:00,0.0,16.4,8.4,11.0,59,2.4,南東,0.0,0.22,晴れ,20.0
2025418,19:00,0.0,15.4,8.6,11.2,64,1.0,東南東,0.0,0.01,晴れ,20.0
2025418,20:00,0.0,14.6,10.6,12.8,77,0.4,南,0.0,0.0,晴れ,13.0
2025418,21:00,0.0,14.3,10.9,13.0,80,1.1,南東,0.0,0.0,晴れ,11.5
2025418,22:00,0.0,14.3,10.5,12.7,78,1.0,北西,0.0,0.0,曇,10.2
2025418,23:00,0.0,13.9,10.5,12.7,80,0.7,南,0.0,0.0,曇,9.20
2025418,24:00,0.0,13.9,10.0,12.2,77,1.2,北北東,0.0,0.0,雷電,15.8
2025419,01:00,0.0,14.2,10.2,12.5,77,0.9,南南東,0.0,0.0,雨,16.4
2025419,02:00,0.0,14.5,11.1,13.2,80,4.7,南,0.0,0.0,雨,20.0
2025419,03:00,0.0,13.0,10.9,13.0,87,3.4,北東,0.0,0.0,曇,7.58
2025419,04:00,0.0,13.3,10.7,12.8,84,3.6,北北西,0.0,0.0,曇,9.01
2025419,05:00,0.0,13.1,11.2,13.3,88,2.7,北北西,0.0,0.00,曇,11.5
2025419,06:00,0.0,13.3,11.2,13.3,87,1.5,北北西,0.0,0.10,曇,12.4
2025419,07:00,0.0,14.5,11.5,13.5,82,1.7,北西,0.6,0.59,曇,16.3
2025419,08:00,0.0,16.8,12.2,14.2,74,0.4,北西,1.0,1.28,晴れ,17.5
2025419,09:00,0.0,20.4,13.4,15.3,64,0.7,東,1.0,2.16,晴れ,19.7
2025419,10:00,0.0,22.6,12.3,14.3,52,1.6,南南東,1.0,2.73,晴れ,17.3
2025419,11:00,0.0,25.1,12.0,14.0,44,3.9,南,1.0,2.94,晴れ,17.1
2025419,12:00,0.0,25.3,10.0,12.3,38,5.6,西,0.7,2.58,晴れ,18.2
2025419,13:00,0.0,26.0,11.0,13.1,39,5.5,西南西,1.0,2.86,晴れ,20.0
2025419,14:00,0.0,25.7,12.6,14.5,44,5.5,西北西,0.9,2.28,晴れ,20.0
2025419,15:00,0.0,23.1,13.3,15.3,54,4.6,南南東,0.1,1.27,曇,20.0
2025419,16:00,0.0,19.5,12.3,14.3,63,4.5,南東,0.1,0.88,曇,19.0
2025419,17:00,0.0,19.5,12.8,14.7,65,3.3,南東,0.6,0.70,晴れ,18.2
2025419,18:00,0.0,18.6,13.0,15.0,70,2.4,南東,0.0,0.21,晴れ,15.7
2025419,19:00,0.0,17.1,12.8,14.8,76,2.9,南東,0.0,0.00,曇,12.0
2025419,20:00,0.0,16.4,13.1,15.1,81,1.9,南南東,0.0,0.0,曇,10.1
2025419,21:00,0.0,15.6,13.5,15.4,87,1.3,東南東,0.0,0.0,曇,7.02
2025419,22:00,0.0,15.3,13.5,15.5,89,2.9,北東,0.0,0.0,曇,6.28
2025419,23:00,0.0,14.5,14.0,16.0,97,2.3,北東,0.0,0.0,曇,1.70
2025419,24:00,0.0,14.1,13.3,15.3,95,2.4,北東,0.0,0.0,曇,6.17
2025420,01:00,0.0,13.6,12.8,14.8,95,1.6,東北東,0.0,0.0,曇,4.27
2025420,02:00,0.0,13.3,12.8,14.8,97,1.7,北北東,0.0,0.0,雨,2.73
2025420,03:00,0.0,13.0,12.5,14.5,97,1.5,北北東,0.0,0.0,曇,3.40
2025420,04:00,0.0,13.1,12.8,14.8,98,1.3,北北東,0.0,0.0,曇,2.40
2025420,05:00,0.0,13.1,13.0,14.9,99,1.3,北北東,0.0,0.00,曇,1.23
2025420,06:00,0.0,13.0,12.7,14.7,98,1.5,東南東,0.0,0.03,曇,2.64
2025420,07:00,0.0,13.8,13.0,15.0,95,1.6,南南東,0.0,0.19,曇,3.62
2025420,08:00,0.0,14.8,13.2,15.2,90,0.7,西南西,0.0,0.58,曇,5.01
2025420,09:00,0.0,15.0,13.0,15.0,88,1.9,北,0.0,0.72,曇,5.53
2025420,10:00,0.0,16.9,13.4,15.4,80,1.6,南南東,0.0,0.96,曇,7.29
2025420,11:00,0.0,16.6,13.1,15.1,80,2.3,南南東,0.0,1.05,曇,9.77
2025420,12:00,0.0,16.6,13.0,14.9,79,3.6,南東,0.0,1.16,曇,11.9
2025420,13:00,0.0,18.2,13.7,15.7,75,3.6,南東,0.0,1.22,曇,13.6
2025420,14:00,0.0,16.2,13.1,15.1,82,3.6,南東,0.0,1.09,曇,17.3
2025420,15:00,0.0,16.2,13.3,15.3,83,2.6,南東,0.0,0.55,雨,17.0
2025420,16:00,0.0,17.4,13.5,15.5,78,1.6,北北東,0.0,0.44,曇,17.8
2025420,17:00,0.0,17.4,14.5,16.5,83,3.7,北北西,0.0,0.05,雨,5.91
2025420,18:00,1.5,15.5,14.4,16.4,93,2.2,北,0.0,0.02,雨,7.77
2025420,19:00,0.5,13.6,12.2,14.2,91,4.3,北北西,0.0,0.00,雨,20.0
2025420,20:00,0.0,14.9,12.9,14.9,88,4.4,北西,0.0,0.0,曇,20.0
2025420,21:00,0.0,15.4,11.6,13.6,78,2.7,北北西,0.0,0.0,曇,20.0
2025420,22:00,0.0,14.2,9.7,12.0,74,1.8,北西,0.0,0.0,曇,20.0
2025420,23:00,0.0,11.5,8.2,10.9,80,3.1,北,0.0,0.0,曇,20.0
2025420,24:00,0.0,10.5,7.0,10.0,79,3.8,北,0.0,0.0,曇,20.0
2025422,01:00,0.0,14.3,9.1,11.6,71,1.7,南東,0.0,0.0,晴れ,17.7
2025422,02:00,0.0,14.0,8.8,11.3,71,1.6,南東,0.0,0.0,晴れ,20.0
2025422,03:00,0.0,13.3,9.0,11.5,75,2.2,南南東,0.0,0.0,晴れ,20.0
2025422,04:00,0.0,13.5,9.0,11.5,74,0.9,南南東,0.0,0.0,晴れ,20.0
2025422,05:00,0.0,12.9,8.8,11.3,76,1.6,南東,0.0,0.0,晴れ,20.0
2025422,06:00,0.0,14.2,9.2,11.7,72,1.7,東南東,0.1,0.0,晴れ,20.0
2025422,07:00,0.0,15.1,10.1,12.4,72,2.0,東南東,0.0,0.0,曇,20.0
2025422,08:00,0.0,17.5,11.5,13.6,68,1.3,南東,0.2,0.0,曇,20.0
2025422,09:00,0.0,18.6,12.4,14.4,67,2.7,西南西,0.3,0.0,曇,20.0
2025422,10:00,0.0,18.8,12.3,14.3,66,3.4,西南西,0.5,0.0,曇,20.0
2025422,11:00,0.0,19.4,14.0,16.0,71,5.6,西南西,0.1,0.0,曇,20.0
2025422,12:00,0.0,21.9,13.3,15.2,58,6.7,南西,0.5,0.0,曇,20.0
2025422,13:00,0.0,21.4,12.5,14.5,57,7.6,南西,0.3,0.0,晴れ,20.0
2025422,14:00,0.0,23.0,12.0,14.1,50,6.8,南西,1.0,0.0,晴れ,20.0
2025422,15:00,0.0,21.2,13.4,15.4,61,7.3,南西,0.9,0.0,曇,20.0
2025422,16:00,0.0,22.0,12.6,14.5,55,6.3,南西,0.8,0.0,曇,20.0
2025422,17:00,0.0,21.3,9.2,11.7,46,8.9,南南西,0.0,0.0,曇,20.0
2025422,18:00,0.0,19.9,11.1,13.2,57,9.9,南南西,0.0,0.0,曇,20.0
2025422,19:00,0.0,19.2,12.9,14.9,67,7.6,南南西,0.0,0.0,曇,20.0
2025422,20:00,0.0,19.0,13.4,15.4,70,7.9,南,0.0,0.0,曇,19.1
2025422,21:00,0.0,18.7,13.8,15.7,73,7.7,南,0.0,0.0,曇,20.0
2025422,22:00,0.0,18.7,13.8,15.7,73,6.6,南,0.0,0.0,曇,20.0
2025422,23:00,0.0,18.8,13.9,15.8,73,6.4,南,0.0,0.0,曇,20.0
2025422,24:00,0.0,18.5,13.6,15.5,73,4.7,南,0.0,0.0,曇,20.0
2025423,01:00,0.0,18.5,13.4,15.3,72,6.2,南,0.0,0.0,曇,20.0
2025423,02:00,0.0,18.1,13.6,15.6,75,6.2,南,0.0,0.0,雨,20.0
2025423,03:00,0.0,17.4,13.9,15.9,80,5.1,南,0.0,0.0,雨,20.0
2025423,04:00,0.5,17.2,14.7,16.7,85,6.9,南南東,0.0,0.0,雨,20.0
2025423,05:00,1.0,16.8,15.0,17.0,89,4.7,南,0.0,0.0,雨,15.2
2025423,06:00,0.0,16.5,13.8,15.8,84,6.8,南,0.0,0.0,雨,20.0
2025423,07:00,0.5,16.4,14.4,16.4,88,10.5,南南東,0.0,0.0,雨,20.0
2025423,08:00,0.0,16.9,14.7,16.8,87,8.5,南南東,0.0,0.0,曇,20.0
2025423,09:00,0.0,17.4,15.8,17.9,90,6.0,南東,0.0,0.0,曇,13.6
2025423,10:00,0.0,18.4,16.6,18.8,89,7.0,南南東,0.0,0.0,曇,17.4
2025423,11:00,0.0,19.2,17.0,19.4,87,8.0,南南東,0.0,0.0,曇,20.0
2025423,12:00,0.0,19.4,17.4,19.8,88,6.6,南南東,0.0,0.0,雨,11.8
2025423,13:00,1.0,19.3,18.1,20.8,93,4.9,南南東,0.0,0.0,雨,6.28
2025423,14:00,3.5,19.7,19.1,22.0,96,3.1,南南西,0.0,0.0,雨,3.10
2025423,15:00,3.5,19.5,19.0,22.0,97,2.0,南西,0.0,0.0,雨,2.64
2025423,16:00,1.0,19.8,19.5,22.6,98,1.6,南南東,0.0,0.0,雨,4.09
2025423,17:00,0.5,19.7,19.4,22.5,98,2.3,北西,0.0,0.0,雨,4.47
2025423,18:00,0.0,18.6,18.3,21.0,98,2.8,西北西,0.0,0.0,雨,8.53
2025423,19:00,0.0,18.9,18.6,21.4,98,1.9,北西,0.0,0.0,曇,9.57
2025423,20:00,0.0,19.0,18.7,21.5,98,2.4,北西,0.0,0.0,曇,6.60
2025423,21:00,0.0,19.0,18.4,21.1,96,2.3,北北西,0.0,0.0,曇,17.5
2025423,22:00,0.0,18.5,17.9,20.4,96,2.8,北西,0.0,0.0,曇,9.96
2025423,23:00,0.0,18.3,17.7,20.2,96,2.0,北北西,0.0,0.0,曇,9.90
2025423,24:00,0.0,18.3,17.5,20.0,95,1.1,北西,0.0,0.0,曇,11.1
2025425,01:00,0.0,13.7,7.5,10.3,66,0.6,北東,0.0,0.0,曇,20.0
2025425,02:00,0.0,13.6,8.2,10.9,70,3.3,南東,0.0,0.0,曇,20.0
2025425,03:00,0.0,12.8,8.5,11.1,75,5.1,南東,0.0,0.0,雨,20.0
2025425,04:00,0.0,11.5,7.6,10.4,77,4.7,東南東,0.0,0.0,晴れ,20.0
2025425,05:00,0.0,11.0,7.7,10.5,80,5.0,東南東,0.0,0.01,晴れ,20.0
2025425,06:00,0.0,11.2,7.9,10.6,80,5.0,東南東,0.4,0.25,晴れ,20.0
2025425,07:00,0.0,10.9,7.6,10.4,80,4.6,南東,0.5,0.68,晴れ,20.0
2025425,08:00,0.0,11.0,7.5,10.4,79,6.3,南東,0.3,0.88,曇,20.0
2025425,09:00,0.0,11.8,7.3,10.2,74,4.6,東南東,0.0,0.71,曇,20.0
2025425,10:00,0.0,12.5,6.6,9.7,67,4.9,南東,0.0,0.97,曇,20.0
2025425,11:00,0.0,12.1,6.8,9.9,70,5.3,南南東,0.0,0.68,雨,20.0
2025425,12:00,0.0,11.0,7.9,10.6,81,4.9,南南東,0.0,0.81,雨,20.0
2025425,13:00,0.0,12.0,8.7,11.2,80,2.0,南東,0.0,1.27,雨,20.0
2025425,14:00,0.5,10.7,9.0,11.5,89,3.7,北,0.0,0.37,雨,12.1
2025425,15:00,0.5,10.1,6.1,9.4,76,4.3,北西,0.0,0.38,雨,20.0
2025425,16:00,0.0,8.9,5.7,9.1,80,6.6,北,0.0,0.28,曇,20.0
2025425,17:00,0.0,9.1,5.3,8.9,77,5.7,北北西,0.6,0.80,晴れ,20.0
2025425,18:00,0.0,8.2,5.3,8.9,82,4.7,北北西,0.3,0.27,晴れ,20.0
2025425,19:00,0.0,7.8,4.9,8.7,82,0.9,東南東,0.0,0.02,晴れ,20.0
2025425,20:00,0.0,7.5,4.8,8.6,83,0.4,北,0.0,0.0,晴れ,20.0
2025425,21:00,0.0,7.5,4.8,8.6,83,1.9,南,0.0,0.0,晴れ,20.0
2025425,22:00,0.0,7.7,4.3,8.3,79,2.2,南南東,0.0,0.0,晴れ,20.0
2025425,23:00,0.0,7.0,3.3,7.7,77,3.7,南東,0.0,0.0,晴れ,20.0
2025425,24:00,0.0,6.4,2.5,7.3,76,3.6,東南東,0.0,0.0,晴れ,20.0
2025426,01:00,0.0,6.3,1.8,7.0,73,2.4,東南東,0.0,0.0,晴れ,20.0
2025426,02:00,0.0,6.1,2.2,7.2,76,0.7,南西,0.0,0.0,晴れ,20.0
2025426,03:00,0.0,8.1,1.3,6.7,62,5.9,南南西,0.0,0.0,晴れ,20.0
2025426,04:00,0.0,8.3,1.2,6.7,61,4.1,南,0.0,0.0,晴れ,20.0
2025426,05:00,0.0,7.9,1.3,6.7,63,4.7,南南東,0.0,0.02,晴れ,20.0
2025426,06:00,0.0,7.5,2.2,7.2,69,4.5,南南東,0.2,0.17,晴れ,20.0
2025426,07:00,0.0,9.6,2.0,7.1,59,3.3,南東,1.0,1.03,晴れ,20.0
2025426,08:00,0.0,11.5,-1.0,5.7,42,4.1,南西,0.9,1.49,晴れ,20.0
2025426,09:00,0.0,12.0,0.2,6.2,44,5.5,南西,1.0,2.26,雨,20.0
2025426,10:00,0.5,10.5,0.3,6.2,49,5.9,南,0.3,1.16,雨,20.0
2025426,11:00,0.5,8.8,1.5,6.8,60,6.7,南南西,0.4,1.79,雨,17.9
2025426,12:00,0.0,11.2,0.0,6.1,46,6.7,南西,0.3,1.56,雨,20.0
2025426,13:00,0.0,11.4,1.6,6.9,51,1.4,南,0.7,2.78,晴れ,20.0
2025426,14:00,0.0,11.9,1.3,6.7,48,2.4,西南西,0.7,2.16,雨,20.0
2025426,15:00,0.0,12.1,-0.4,5.9,42,3.1,南南西,1.0,2.31,晴れ,20.0
2025426,16:00,0.0,11.9,0.4,6.3,45,3.9,南南西,0.7,1.44,曇,20.0
2025426,17:00,0.0,10.9,1.7,6.9,53,1.3,南南西,0.7,0.92,曇,20.0
2025426,18:00,0.0,10.4,-0.7,5.8,46,4.5,西南西,0.5,0.42,晴れ,20.0
2025426,19:00,0.0,9.6,-0.9,5.7,48,2.4,南西,0.0,0.02,晴れ,20.0
2025426,20:00,0.0,9.1,-0.8,5.8,50,2.9,南,0.0,0.0,晴れ,20.0
2025426,21:00,0.0,9.2,-1.2,5.6,48,3.0,南南西,0.0,0.0,曇,20.0
2025426,22:00,0.0,8.7,-0.1,6.1,54,3.8,東南東,0.0,0.0,曇,20.0
2025426,23:00,0.0,8.6,-0.2,6.0,54,1.9,東南東,0.0,0.0,曇,20.0
2025426,24:00,0.0,8.4,0.6,6.4,58,3.3,南南西,0.0,0.0,曇,20.0
2025427,01:00,0.0,8.2,1.1,6.6,61,4.3,南,0.0,0.0,曇,20.0
2025427,02:00,0.0,7.5,2.8,7.5,72,4.8,南南西,0.0,0.0,雨,16.4
2025427,03:00,0.0,7.1,3.2,7.7,76,1.8,南南西,0.0,0.0,雨,20.0
2025427,04:00,0.0,7.0,2.3,7.2,72,1.6,西南西,0.0,0.0,晴れ,20.0
2025427,05:00,0.0,7.0,2.5,7.3,73,0.6,南南西,0.0,0.04,曇,20.0
2025427,06:00,0.0,7.6,2.7,7.4,71,1.1,南西,0.0,0.23,曇,20.0
2025427,07:00,0.0,8.5,2.5,7.3,66,1.2,西北西,0.0,0.33,雨,20.0
2025427,08:00,0.0,8.2,3.3,7.7,71,4.6,北西,0.4,0.96,雨,20.0
2025427,09:00,0.5,7.2,3.1,7.6,75,8.4,北西,0.3,1.35,雨,9.73
2025427,10:00,0.0,9.2,2.8,7.4,64,4.5,西北西,0.4,1.92,晴れ,20.0
2025427,11:00,0.0,9.7,2.6,7.3,61,6.7,北北西,0.6,2.43,雨,20.0
2025427,12:00,0.0,9.7,2.3,7.2,60,5.5,北北西,0.5,2.56,晴れ,20.0
2025427,13:00,0.0,9.8,3.8,8.0,66,6.3,北北西,0.6,2.16,曇,20.0
2025427,14:00,0.0,9.2,2.8,7.4,64,5.9,北北西,0.3,1.78,曇,20.0
2025427,15:00,0.0,8.3,2.3,7.2,66,3.2,北北西,0.0,0.92,曇,20.0
2025427,16:00,0.0,8.1,2.6,7.3,68,4.4,北北西,0.0,0.52,曇,20.0
2025427,17:00,0.0,7.7,2.2,7.1,68,3.5,北北西,0.0,0.53,曇,20.0
2025427,18:00,0.0,7.4,1.9,7.0,68,3.7,北,0.0,0.14,曇,20.0
2025427,19:00,0.0,7.3,2.2,7.2,70,3.9,北北西,0.0,0.02,曇,20.0
2025427,20:00,0.0,7.2,2.3,7.2,71,4.1,北西,0.0,0.0,曇,20.0
2025427,21:00,0.0,7.1,2.4,7.3,72,2.7,北北西,0.0,0.0,曇,20.0
2025427,22:00,0.0,6.9,2.6,7.4,74,2.5,北西,0.0,0.0,晴れ,20.0
2025427,23:00,0.0,6.7,2.6,7.4,75,2.7,西北西,0.0,0.0,晴れ,20.0
2025427,24:00,0.0,6.4,2.3,7.2,75,2.4,北西,0.0,0.0,晴れ,20.0
2025429,01:00,0.0,13.2,10.7,12.9,85,1.0,北北西,0.0,0.0,,
2025429,02:00,0.0,13.4,11.6,13.7,89,1.0,北北東,0.0,0.0,,
2025429,03:00,0.0,13.3,10.1,12.4,81,2.9,北西,0.0,0.0,雨,10.0
2025429,04:00,0.0,12.8,8.9,11.4,77,1.4,北,0.0,0.0,,
2025429,05:00,0.0,12.9,6.0,9.4,63,0.7,北北東,0.0,0.00,,
2025429,06:00,0.0,13.0,5.7,9.1,61,1.4,北,0.4,0.11,快晴,12.0
2025429,07:00,0.0,13.5,4.7,8.5,55,1.7,西,1.0,0.69,,
2025429,08:00,0.0,14.4,5.5,9.0,55,2.9,北北西,1.0,1.43,,
2025429,09:00,0.0,15.1,3.0,7.6,44,3.3,北西,0.6,1.75,晴れ,15.0
2025429,10:00,0.0,16.0,4.1,8.2,45,3.2,西北西,1.0,2.97,,
2025429,11:00,0.0,16.5,1.8,6.9,37,4.1,北北西,1.0,3.48,,
2025429,12:00,0.0,17.7,1.7,6.9,34,3.1,西北西,1.0,3.58,晴れ,30.0
2025429,13:00,0.0,17.4,0.6,6.4,32,2.3,北,1.0,3.55,,
2025429,14:00,0.0,19.4,0.4,6.3,28,4.2,北北西,1.0,3.35,,
2025429,15:00,0.0,19.2,-1.3,5.6,25,3.2,北北西,1.0,2.84,晴れ,25.0
2025429,16:00,0.0,18.2,4.0,8.2,39,1.9,南南西,1.0,2.24,,
2025429,17:00,0.0,17.4,1.8,7.0,35,2.7,南西,1.0,1.44,,
2025429,18:00,0.0,17.3,-0.9,5.7,29,4.4,北,1.0,0.61,快晴,25.0
2025429,19:00,0.0,15.8,-1.7,5.4,30,5.7,北北東,0.3,0.08,,
2025429,20:00,0.0,14.7,-2.7,5.0,30,2.6,北北東,0.0,0.00,,
2025429,21:00,0.0,14.0,-1.2,5.6,35,3.5,北北東,0.0,0.0,快晴,20.0
2025429,22:00,0.0,12.9,0.3,6.2,42,3.1,北北東,0.0,0.0,,
2025429,23:00,0.0,12.3,1.9,7.0,49,2.8,北北東,0.0,0.0,,
2025429,24:00,0.0,11.8,3.6,7.9,57,1.7,東,0.0,0.0,,
2025430,01:00,0.0,11.4,4.6,8.5,63,1.5,北東,0.0,0.0,,
2025430,02:00,0.0,11.2,4.7,8.5,64,1.2,南東,0.0,0.0,,
2025430,03:00,0.0,11.0,3.8,8.0,61,0.5,南南東,0.0,0.0,快晴,15.0
2025430,04:00,0.0,10.6,4.5,8.4,66,0.7,東,0.0,0.0,,
2025430,05:00,0.0,10.2,4.4,8.3,67,1.3,東北東,0.0,0.00,,
2025430,06:00,0.0,10.6,5.0,8.7,68,1.7,東北東,0.5,0.12,快晴,20.0
2025430,07:00,0.0,11.7,4.9,8.7,63,1.6,東北東,1.0,0.71,,
2025430,08:00,0.0,13.1,5.0,8.7,58,0.8,北東,1.0,1.46,,
2025430,09:00,0.0,15.1,3.9,8.1,47,1.6,北東,1.0,2.20,快晴,15.0
2025430,10:00,0.0,17.0,2.2,7.2,37,1.0,南,1.0,2.83,,
2025430,11:00,0.0,18.9,2.3,7.2,33,1.5,南南西,1.0,3.27,,
2025430,12:00,0.0,19.9,0.9,6.5,28,1.9,南,1.0,3.51,快晴,20.0
2025430,13:00,0.0,21.3,3.5,7.9,31,1.6,南西,1.0,3.50,,
2025430,14:00,0.0,22.3,2.9,7.5,28,2.7,南西,1.0,3.24,,
2025430,15:00,0.0,22.4,1.4,6.8,25,3.8,南西,1.0,2.70,晴れ,15.0
2025430,16:00,0.0,21.6,1.3,6.7,26,2.2,南西,1.0,1.97,,
2025430,17:00,0.0,21.3,1.0,6.6,26,1.8,南西,0.9,1.06,,
2025430,18:00,0.0,21.2,0.4,6.3,25,1.6,南南西,0.2,0.46,薄曇,25.0
2025430,19:00,0.0,20.6,0.5,6.3,26,1.7,南南西,0.0,0.08,,
2025430,20:00,0.0,19.4,1.9,7.0,31,1.0,南,0.0,0.00,,
2025430,21:00,0.0,20.0,1.0,6.5,28,1.8,南,0.0,0.0,晴れ,20.0
2025430,22:00,0.0,18.1,2.4,7.3,35,0.5,東南東,0.0,0.0,,
2025430,23:00,0.0,17.6,3.1,7.6,38,1.1,南東,0.0,0.0,,
2025430,24:00,0.0,16.1,5.1,8.8,48,1.0,東,0.0,0.0,,
202552,01:00,0.0,15.4,14.0,15.9,91,1.2,西南西,0.0,0.0,曇,20.0
202552,02:00,0.0,15.4,13.8,15.7,90,1.8,南東,0.0,0.0,曇,20.0
202552,03:00,0.0,15.4,13.8,15.7,90,1.8,東南東,0.0,0.0,曇,20.0
202552,04:00,0.0,15.6,13.8,15.8,89,0.9,南東,0.0,0.0,曇,20.0
202552,05:00,0.0,16.5,13.4,15.4,82,2.8,西南西,0.0,0.00,晴れ,20.0
202552,06:00,0.0,15.6,12.5,14.5,82,2.9,西南西,0.1,0.03,晴れ,17.9
202552,07:00,0.0,16.6,12.4,14.4,76,3.0,西,0.9,0.48,晴れ,19.1
202552,08:00,0.0,17.0,9.9,12.2,63,3.6,西北西,0.9,1.29,晴れ,20.0
202552,09:00,0.0,17.4,8.3,10.9,55,4.8,西北西,1.0,2.06,晴れ,20.0
202552,10:00,0.0,17.9,7.6,10.5,51,4.1,西南西,1.0,2.64,晴れ,20.0
202552,11:00,0.0,18.5,7.0,10.0,47,4.3,西南西,1.0,3.23,晴れ,20.0
202552,12:00,0.0,18.6,6.8,9.9,46,6.6,西北西,1.0,3.57,晴れ,20.0
202552,13:00,0.0,20.1,8.1,10.8,46,4.5,北西,1.0,3.64,晴れ,20.0
202552,14:00,0.0,19.5,5.9,9.3,41,4.9,西北西,1.0,3.46,晴れ,20.0
202552,15:00,0.0,20.0,6.4,9.6,41,5.2,西北西,1.0,3.06,晴れ,20.0
202552,16:00,0.0,19.0,7.1,10.1,46,4.2,西北西,1.0,2.45,晴れ,20.0
202552,17:00,0.0,18.3,8.3,10.9,52,4.5,北西,1.0,1.69,晴れ,20.0
202552,18:00,0.0,17.4,8.8,11.3,57,2.7,北西,1.0,0.90,晴れ,20.0
202552,19:00,0.0,16.4,7.9,10.6,57,3.0,西北西,0.6,0.21,晴れ,20.0
202552,20:00,0.0,16.3,8.0,10.7,58,2.7,西南西,0.0,0.00,晴れ,20.0
202552,21:00,0.0,16.0,7.8,10.5,58,1.7,西南西,0.0,0.0,晴れ,20.0
202552,22:00,0.0,15.2,7.7,10.5,61,2.8,南東,0.0,0.0,晴れ,20.0
202552,23:00,0.0,14.8,7.4,10.3,61,1.9,南東,0.0,0.0,晴れ,20.0
202552,24:00,0.0,14.5,6.6,9.7,59,2.6,南南東,0.0,0.0,晴れ,20.0
202553,01:00,0.0,13.7,7.7,10.5,67,2.5,南東,0.0,0.0,晴れ,20.0
202553,02:00,0.0,13.3,7.5,10.4,68,1.3,南東,0.0,0.0,晴れ,20.0
202553,03:00,0.0,13.2,7.4,10.3,68,2.7,南東,0.0,0.0,晴れ,20.0
202553,04:00,0.0,12.9,7.4,10.3,69,1.4,南東,0.0,0.0,晴れ,20.0
202553,05:00,0.0,12.7,7.0,10.0,68,2.0,南南東,0.0,0.00,晴れ,20.0
202553,06:00,0.0,12.8,7.3,10.2,69,2.2,南東,0.0,0.03,晴れ,20.0
202553,07:00,0.0,13.6,7.6,10.4,67,3.4,南南東,0.1,0.30,晴れ,20.0
202553,08:00,0.0,15.1,8.1,10.8,63,3.2,南東,0.2,0.72,曇,20.0
202553,09:00,0.0,18.3,8.8,11.4,54,2.6,南東,0.7,1.64,曇,20.0
202553,10:00,0.0,20.6,8.9,11.4,47,3.3,東南東,0.9,2.48,曇,20.0
202553,11:00,0.0,24.0,3.9,8.1,27,5.7,南南西,1.0,2.94,晴れ,20.0
202553,12:00,0.0,24.7,4.5,8.4,27,8.2,南,1.0,3.19,晴れ,20.0
202553,13:00,0.0,24.9,6.2,9.4,30,4.9,南南西,1.0,3.16,晴れ,20.0
202553,14:00,0.0,24.8,7.0,10.0,32,5.6,南,0.7,2.55,曇,20.0
202553,15:00,0.0,25.4,6.1,9.4,29,7.0,南南西,0.9,2.58,曇,20.0
202553,16:00,0.0,24.6,7.3,10.2,33,4.2,南,0.1,0.95,曇,20.0
202553,17:00,0.0,23.3,11.1,13.2,46,4.7,南南西,0.0,0.24,曇,20.0
202553,18:00,0.0,22.5,13.0,15.0,55,5.1,南南西,0.0,0.11,曇,20.0
202553,19:00,0.0,21.9,14.3,16.3,62,5.1,南西,0.0,0.05,曇,20.0
202553,20:00,0.0,21.5,15.4,17.4,68,3.6,南西,0.0,0.00,雨,20.0
202553,21:00,0.0,20.2,17.2,19.7,83,3.3,西北西,0.0,0.0,雨,9.36
202553,22:00,0.0,17.6,15.8,17.9,89,3.8,西北西,0.0,0.0,雨,9.36
202553,23:00,0.0,17.5,15.5,17.6,88,4.1,北西,0.0,0.0,雨,7.41
202553,24:00,0.0,15.8,12.9,14.9,83,3.9,北北西,0.0,0.0,雨,18.6
202554,01:00,0.0,15.7,11.9,13.9,78,5.0,北北西,0.0,0.0,晴れ,20.0
202554,02:00,0.0,15.2,9.1,11.6,67,4.5,北西,0.0,0.0,晴れ,20.0
202554,03:00,0.0,15.1,8.6,11.2,65,4.4,北北西,0.0,0.0,晴れ,20.0
202554,04:00,0.0,15.0,8.9,11.4,67,4.0,北西,0.0,0.0,晴れ,20.0
202554,05:00,0.0,14.9,7.5,10.3,61,4.4,北西,0.0,0.00,晴れ,20.0
202554,06:00,0.0,15.0,7.1,10.1,59,4.4,北西,0.2,0.05,晴れ,20.0
202554,07:00,0.0,15.6,7.4,10.3,58,2.0,西,1.0,0.53,晴れ,20.0
202554,08:00,0.0,16.9,7.3,10.2,53,2.9,西,1.0,1.29,晴れ,20.0
202554,09:00,0.0,18.1,6.6,9.8,47,4.5,北西,1.0,2.05,晴れ,20.0
202554,10:00,0.0,18.6,6.5,9.6,45,4.3,北北西,1.0,2.71,晴れ,20.0
202554,11:00,0.0,19.0,7.1,10.1,46,4.9,北西,1.0,3.25,晴れ,20.0
202554,12:00,0.0,19.3,6.8,9.9,44,5.5,北北西,1.0,3.55,晴れ,20.0
202554,13:00,0.0,19.5,5.9,9.3,41,4.7,北北西,1.0,3.61,晴れ,20.0
202554,14:00,0.0,19.7,4.2,8.3,36,3.4,北西,1.0,3.44,晴れ,20.0
202554,15:00,0.0,19.7,3.4,7.8,34,4.8,北北西,1.0,3.08,晴れ,20.0
202554,16:00,0.0,19.9,3.6,7.9,34,5.8,北北西,1.0,2.48,晴れ,20.0
202554,17:00,0.0,19.0,5.8,9.2,42,4.9,北北西,1.0,1.72,晴れ,20.0
202554,18:00,0.0,18.2,5.1,8.8,42,4.2,北,1.0,0.94,晴れ,20.0
202554,19:00,0.0,17.1,3.8,8.0,41,1.8,北西,0.8,0.24,晴れ,20.0
202554,20:00,0.0,17.1,5.1,8.8,45,2.4,北西,0.0,0.00,晴れ,20.0
202554,21:00,0.0,16.0,3.1,7.6,42,1.4,西南西,0.0,0.0,晴れ,20.0
202554,22:00,0.0,15.4,3.9,8.0,46,1.0,南西,0.0,0.0,晴れ,20.0
202554,23:00,0.0,14.7,5.2,8.9,53,1.0,南南西,0.0,0.0,晴れ,20.0
202554,24:00,0.0,14.5,3.6,7.9,48,1.9,南,0.0,0.0,晴れ,20.0
202555,01:00,0.0,15.9,9.1,11.6,64,2.1,東,0.0,0.0,晴れ,20.0
202555,02:00,0.0,15.6,8.4,11.0,62,1.9,北東,0.0,0.0,晴れ,20.0
202555,03:00,0.0,15.1,8.8,11.3,66,1.8,東,0.0,0.0,晴れ,20.0
202555,04:00,0.0,14.1,9.6,11.9,74,1.6,東南東,0.0,0.0,曇,20.0
202555,05:00,0.0,13.9,9.8,12.1,76,1.1,東南東,0.0,0.0,曇,20.0
202555,06:00,0.0,14.6,9.0,11.5,69,1.3,東,0.0,0.0,曇,20.0
202555,07:00,0.0,15.6,9.5,11.9,67,1.5,東,0.5,0.0,曇,20.0
202555,08:00,0.0,17.0,10.4,12.6,65,2.4,南,0.7,0.0,曇,20.0
202555,09:00,0.0,17.8,9.4,11.8,58,2.4,南東,0.2,0.0,曇,20.0
202555,10:00,0.0,19.0,8.4,11.0,50,1.4,西北西,0.8,0.0,晴れ,20.0
202555,11:00,0.0,20.7,9.0,11.5,47,2.8,西北西,1.0,0.0,晴れ,20.0
202555,12:00,0.0,20.5,9.1,11.6,48,2.7,西,1.0,0.0,晴れ,20.0
202555,13:00,0.0,21.4,10.0,12.2,48,2.8,西,1.0,0.0,晴れ,20.0
202555,14:00,0.0,20.5,10.3,12.5,52,3.9,南西,0.9,0.0,晴れ,20.0
202555,15:00,0.0,20.4,10.2,12.5,52,3.8,西南西,0.5,0.0,曇,20.0
202555,16:00,0.0,20.6,9.8,12.1,50,8.5,南東,0.0,0.0,曇,20.0
202555,17:00,0.0,20.1,10.8,12.9,55,7.9,南東,0.4,0.0,曇,20.0
202555,18:00,0.0,19.4,10.7,12.8,57,7.0,南東,0.2,0.0,曇,20.0
202555,19:00,0.0,19.0,11.1,13.2,60,7.1,南南東,0.0,0.0,曇,20.0
202555,20:00,0.0,18.4,8.1,10.8,51,5.0,南南東,0.0,0.0,曇,20.0
202555,21:00,0.0,17.8,7.5,10.4,51,5.3,南南東,0.0,0.0,曇,20.0
202555,22:00,0.0,17.3,8.2,10.9,55,4.6,南南東,0.0,0.0,曇,20.0
202555,23:00,0.0,17.5,8.1,10.8,54,4.6,南南東,0.0,0.0,曇,20.0
202555,24:00,0.0,17.6,8.2,10.9,54,4.9,南南東,0.0,0.0,曇,20.0
202557,01:00,0.0,14.1,13.2,15.1,94,1.7,北,0.0,0.0,晴れ,18.4
202557,02:00,0.0,14.2,13.3,15.2,94,2.4,西北西,0.0,0.0,晴れ,17.7
202557,03:00,0.0,14.1,13.3,15.3,95,4.1,西北西,0.0,0.0,曇,9.81
202557,04:00,3.5,14.0,13.2,15.2,95,1.9,北北西,0.0,0.0,雨,20.0
202557,05:00,0.0,13.8,13.2,15.1,96,2.4,東南東,0.0,0.0,雨,20.0
202557,06:00,0.0,14.6,13.7,15.6,94,3.3,西北西,0.2,0.0,曇,20.0
202557,07:00,0.0,16.9,13.2,15.2,79,3.0,西北西,0.6,0.0,晴れ,20.0
202557,08:00,0.0,19.1,10.7,12.8,58,6.8,北西,1.0,0.0,晴れ,20.0
202557,09:00,0.0,20.7,7.7,10.5,43,9.2,北西,1.0,0.0,晴れ,20.0
202557,10:00,0.0,22.0,7.4,10.3,39,8.4,北西,1.0,0.0,晴れ,20.0
202557,11:00,0.0,22.8,7.8,10.5,38,5.7,北西,1.0,0.0,晴れ,20.0
202557,12:00,0.0,22.9,6.7,9.8,35,6.8,北西,1.0,0.0,晴れ,20.0
202557,13:00,0.0,23.7,7.8,10.6,36,6.1,北西,1.0,0.0,晴れ,20.0
202557,14:00,0.0,23.1,6.4,9.6,34,5.2,北北西,1.0,0.0,晴れ,20.0
202557,15:00,0.0,23.6,6.8,9.9,34,3.4,北北東,1.0,0.0,晴れ,20.0
202557,16:00,0.0,20.8,13.0,15.0,61,6.3,東南東,0.9,0.0,晴れ,20.0
202557,17:00,0.0,19.6,11.4,13.5,59,6.4,東南東,0.4,0.0,晴れ,20.0
202557,18:00,0.0,18.7,11.3,13.4,62,5.6,東南東,0.0,0.0,曇,20.0
202557,19:00,0.0,18.0,11.8,13.8,67,3.9,東南東,0.0,0.0,雨,20.0
202557,20:00,0.0,17.9,11.5,13.5,66,3.5,東南東,0.0,0.0,曇,20.0
202557,21:00,0.0,18.0,11.1,13.2,64,3.1,東南東,0.0,0.0,曇,20.0
202557,22:00,0.0,17.5,11.3,13.4,67,4.1,東,0.0,0.0,雨,20.0
202557,23:00,0.0,17.0,10.4,12.6,65,3.7,東,0.0,0.0,曇,20.0
202557,24:00,0.0,16.5,9.9,12.2,65,4.3,東北東,0.0,0.0,曇,20.0
2025513,01:00,0.0,12.4,11.3,13.4,93,2.6,北,0.0,0.0,晴れ,20.0
2025513,02:00,0.0,12.7,11.1,13.2,90,3.5,西北西,0.0,0.0,晴れ,20.0
2025513,03:00,0.0,11.1,10.7,12.8,97,1.0,南西,0.0,0.0,晴れ,20.0
2025513,04:00,0.0,11.2,10.6,12.8,96,0.9,南西,0.0,0.00,晴れ,20.0
2025513,05:00,0.0,11.4,10.6,12.8,95,1.8,北西,0.1,0.04,晴れ,20.0
2025513,06:00,0.0,12.3,10.9,13.0,91,0.7,西,1.0,0.42,晴れ,20.0
2025513,07:00,0.0,15.2,11.8,13.8,80,1.0,南,1.0,1.12,晴れ,20.0
2025513,08:00,0.0,17.0,11.3,13.4,69,3.6,南南東,1.0,1.90,晴れ,20.0
2025513,09:00,0.0,19.3,11.9,13.9,62,2.9,南南東,1.0,2.55,晴れ,20.0
2025513,10:00,0.0,20.7,11.6,13.7,56,2.2,東南東,1.0,3.05,晴れ,20.0
2025513,11:00,0.0,21.0,11.1,13.2,53,2.4,東南東,1.0,3.38,晴れ,20.0
2025513,12:00,0.0,22.0,11.4,13.5,51,3.1,南東,1.0,3.49,晴れ,20.0
2025513,13:00,0.0,21.8,11.8,13.8,53,4.5,南東,1.0,3.41,晴れ,20.0
2025513,14:00,0.0,21.7,12.8,14.8,57,5.6,南,1.0,3.08,晴れ,20.0
2025513,15:00,0.0,21.6,11.6,13.7,53,4.8,南南東,1.0,2.59,晴れ,20.0
2025513,16:00,0.0,20.3,9.9,12.1,51,5.1,南南東,1.0,1.93,晴れ,20.0
2025513,17:00,0.0,19.5,10.0,12.2,54,3.9,南南東,1.0,1.18,晴れ,20.0
2025513,18:00,0.0,18.8,10.6,12.8,59,3.1,南南東,1.0,0.49,晴れ,20.0
2025513,19:00,0.0,17.7,11.5,13.6,67,1.4,南東,0.2,0.05,晴れ,20.0
2025513,20:00,0.0,16.8,12.6,14.5,76,1.9,東南東,0.0,0.00,晴れ,20.0
2025513,21:00,0.0,16.1,12.3,14.3,78,1.2,東,0.0,0.0,晴れ,19.8
2025513,22:00,0.0,15.9,12.3,14.3,79,2.6,北北西,0.0,0.0,晴れ,19.1
2025513,23:00,0.0,14.6,12.1,14.1,85,0.6,東北東,0.0,0.0,晴れ,17.6
2025513,24:00,0.0,15.0,12.0,14.0,82,1.9,北西,0.0,0.0,晴れ,20.0
2025514,01:00,0.0,14.6,11.8,13.8,83,3.5,北西,0.0,0.0,晴れ,20.0
2025514,02:00,0.0,14.4,11.0,13.1,80,4.2,北西,0.0,0.0,晴れ,20.0
2025514,03:00,0.0,14.4,11.0,13.1,80,3.6,北西,0.0,0.0,晴れ,18.3
2025514,04:00,0.0,14.2,10.4,12.6,78,2.5,北北西,0.0,0.00,曇,20.0
2025514,05:00,0.0,13.2,10.6,12.7,84,2.7,西北西,0.0,0.03,曇,20.0
2025514,06:00,0.0,14.2,10.6,12.8,79,1.9,北西,0.2,0.36,曇,20.0
2025514,07:00,0.0,15.2,10.2,12.4,72,3.2,北北西,1.0,1.01,晴れ,20.0
2025514,08:00,0.0,17.7,9.9,12.2,60,0.6,北,1.0,1.85,晴れ,20.0
2025514,09:00,0.0,20.7,11.4,13.4,55,0.8,南,1.0,2.17,晴れ,20.0
2025514,10:00,0.0,21.7,11.7,13.8,53,1.0,南南東,1.0,2.64,晴れ,20.0
2025514,11:00,0.0,21.6,12.7,14.7,57,4.0,南南東,1.0,2.46,晴れ,20.0
2025514,12:00,0.0,22.3,14.2,16.2,60,3.6,南南東,0.9,2.36,晴れ,20.0
2025514,13:00,0.0,21.3,11.6,13.7,54,4.9,南南東,0.9,2.29,晴れ,20.0
2025514,14:00,0.0,21.2,12.9,14.9,59,4.8,南南東,0.6,2.13,曇,20.0
2025514,15:00,0.0,19.7,12.5,14.5,63,4.2,南南東,0.3,1.59,曇,20.0
2025514,16:00,0.0,19.0,11.6,13.6,62,2.8,南東,0.0,1.13,曇,20.0
2025514,17:00,0.0,19.0,13.0,14.9,68,2.1,南東,0.9,1.02,晴れ,20.0
2025514,18:00,0.0,18.3,14.6,16.6,79,1.1,東南東,0.8,0.50,晴れ,16.0
2025514,19:00,0.0,16.7,14.9,16.9,89,2.0,東,0.1,0.06,晴れ,7.15
2025514,20:00,0.0,16.3,15.2,17.2,93,1.9,北東,0.0,0.00,晴れ,7.02
2025514,21:00,0.0,16.0,15.0,17.1,94,2.1,北,0.0,0.0,晴れ,7.44
2025514,22:00,0.0,15.6,14.8,16.8,95,2.2,北,0.0,0.0,晴れ,6.52
2025514,23:00,0.0,15.2,14.3,16.2,94,2.4,北,0.0,0.0,晴れ,4.93
2025514,24:00,0.0,14.7,14.4,16.4,98,1.8,北北西,0.0,0.0,晴れ,2.10
2025515,01:00,0.0,18.2,16.4,18.6,89,2.6,南西,0.0,0.0,,
2025515,02:00,0.0,18.0,17.0,19.4,94,2.0,南西,0.0,0.0,,
2025515,03:00,0.0,17.1,16.6,18.9,97,1.5,南南西,0.0,0.0,快晴,15.0
2025515,04:00,0.0,16.9,16.6,18.9,98,2.1,西南西,0.0,0.0,,
2025515,05:00,0.0,16.7,16.6,18.8,99,1.0,西,0.0,0.02,,
2025515,06:00,0.0,17.2,16.9,19.2,98,1.2,南南西,0.0,0.17,曇,9.00
2025515,07:00,0.0,19.8,17.4,19.9,86,2.0,西,0.4,0.72,,
2025515,08:00,0.0,20.8,17.0,19.4,79,1.0,北西,0.6,1.31,,
2025515,09:00,0.0,22.6,15.0,17.0,62,3.1,南南東,0.6,1.70,薄曇,15.0
2025515,10:00,0.0,23.6,15.4,17.5,60,3.5,南東,0.7,2.52,,
2025515,11:00,0.0,24.1,13.4,15.3,51,3.3,南南東,1.0,3.03,,
2025515,12:00,0.0,24.6,13.8,15.8,51,2.6,南東,0.9,3.03,薄曇,20.0
2025515,13:00,0.0,26.7,15.7,17.9,51,3.9,南東,1.0,3.16,,
2025515,14:00,0.0,25.2,14.7,16.7,52,4.1,南,0.8,2.43,,
2025515,15:00,0.0,24.8,15.7,17.8,57,5.6,南南東,0.9,2.21,薄曇,20.0
2025515,16:00,0.0,24.6,15.5,17.6,57,4.8,南南東,0.7,1.48,,
2025515,17:00,0.0,22.9,14.2,16.2,58,5.3,南南東,0.5,0.89,,
2025515,18:00,0.0,21.8,14.2,16.2,62,4.1,南南東,0.0,0.26,薄曇,25.0
2025515,19:00,0.0,21.0,14.9,16.9,68,2.6,南南東,0.0,0.03,,
2025515,20:00,0.0,20.1,16.2,18.4,78,2.5,南南東,0.0,0.00,,
2025515,21:00,0.0,20.2,17.0,19.4,82,2.5,南,0.0,0.0,薄曇,25.0
2025515,22:00,0.0,19.7,16.9,19.3,84,3.1,南,0.0,0.0,,
2025515,23:00,0.0,19.6,16.6,18.9,83,3.6,南,0.0,0.0,,
2025515,24:00,0.0,19.6,16.6,18.9,83,2.6,南,0.0,0.0,,
2025516,01:00,0.0,19.7,16.9,19.3,84,4.3,南南東,0.0,0.0,曇,20.0
2025516,02:00,0.0,19.6,16.8,19.2,84,3.8,南,0.0,0.0,曇,20.0
2025516,03:00,0.0,19.5,17.1,19.5,86,3.8,南,0.0,0.0,曇,20.0
2025516,04:00,0.0,19.3,16.9,19.3,86,3.1,南南東,0.0,0.0,曇,20.0
2025516,05:00,0.0,19.1,16.5,18.8,85,2.1,南東,0.0,0.0,曇,19.3
2025516,06:00,0.0,20.0,17.0,19.4,83,2.2,南南東,0.2,0.0,曇,20.0
2025516,07:00,0.0,21.5,17.3,19.7,77,2.8,南西,0.8,0.0,曇,20.0
2025516,08:00,0.0,20.8,17.4,19.9,81,3.2,南西,0.7,0.0,曇,20.0
2025516,09:00,0.0,21.7,15.8,17.9,69,3.6,西南西,0.5,0.0,曇,20.0
2025516,10:00,0.0,21.8,16.5,18.8,72,3.7,西南西,0.8,0.0,曇,20.0
2025516,11:00,0.0,23.2,16.5,18.8,66,2.0,西南西,0.5,0.0,曇,20.0
2025516,12:00,0.0,23.6,14.6,16.6,57,3.3,西,0.2,0.0,曇,20.0
2025516,13:00,0.0,23.2,15.0,17.1,60,3.0,西南西,0.0,0.0,曇,20.0
2025516,14:00,0.0,23.2,17.7,20.2,71,5.0,西南西,0.0,0.0,曇,20.0
2025516,15:00,0.0,23.4,16.5,18.7,65,5.7,西南西,0.2,0.0,曇,20.0
2025516,16:00,0.0,22.5,16.1,18.3,67,3.5,西南西,0.0,0.0,曇,20.0
2025516,17:00,0.0,23.4,14.7,16.7,58,3.4,南,0.0,0.0,曇,20.0
2025516,18:00,0.0,22.8,16.1,18.3,66,4.6,南,0.0,0.0,曇,20.0
2025516,19:00,0.0,21.9,15.7,17.9,68,6.3,南南東,0.0,0.0,曇,20.0
2025516,20:00,0.0,21.6,16.4,18.6,72,4.4,南,0.0,0.0,曇,20.0
2025516,21:00,0.0,21.0,16.6,18.9,76,3.0,南南東,0.0,0.0,曇,20.0
2025516,22:00,0.0,20.9,16.7,19.0,77,3.0,南,0.0,0.0,曇,20.0
2025516,23:00,0.0,21.0,16.6,18.9,76,4.1,南,0.0,0.0,曇,20.0
2025516,24:00,0.0,20.9,16.9,19.3,78,3.6,南,0.0,0.0,曇,20.0
2025518,01:00,0.0,22.8,21.3,25.3,91,6.0,南西,0.0,0.0,曇,17.3
2025518,02:00,0.0,22.4,20.9,24.7,91,6.2,南西,0.0,0.0,晴れ,20.0
2025518,03:00,0.0,21.8,20.5,24.0,92,6.1,南西,0.0,0.0,晴れ,17.7
2025518,04:00,0.0,22.4,20.9,24.7,91,10.3,南南西,0.0,0.0,晴れ,16.7
2025518,05:00,0.0,23.0,21.5,25.6,91,9.5,南南西,0.0,0.0,曇,20.0
2025518,06:00,0.0,23.1,21.9,26.3,93,7.2,南西,0.0,0.0,曇,20.0
2025518,07:00,0.0,24.5,22.4,27.1,88,5.9,南西,0.5,0.0,曇,20.0
2025518,08:00,0.0,24.9,22.0,26.5,84,6.1,南西,0.3,0.0,曇,20.0
2025518,09:00,0.0,25.4,21.9,26.3,81,6.7,南西,0.8,0.0,曇,18.0
2025518,10:00,0.0,25.4,21.3,25.3,78,6.7,南西,0.9,0.0,曇,19.8
2025518,11:00,0.0,24.4,21.1,25.1,82,7.1,南西,0.5,0.0,曇,16.9
2025518,12:00,0.0,24.7,21.6,25.8,83,7.0,南西,0.0,0.0,曇,20.0
2025518,13:00,0.0,23.9,21.0,24.9,84,6.3,南西,0.0,0.0,曇,20.0
2025518,14:00,0.0,24.2,20.7,24.5,81,6.1,南西,0.0,0.0,曇,18.6
2025518,15:00,0.0,24.0,20.3,23.9,80,7.6,南西,0.1,0.0,曇,16.9
2025518,16:00,0.0,23.2,20.4,23.9,84,9.7,南西,0.0,0.0,曇,12.7
2025518,17:00,0.0,23.7,20.3,23.7,81,7.3,南南西,0.0,0.0,曇,16.0
2025518,18:00,0.0,23.0,20.5,24.2,86,6.3,南南西,0.0,0.0,曇,20.0
2025518,19:00,0.0,23.5,20.5,24.0,83,7.1,南西,0.0,0.0,曇,20.0
2025518,20:00,0.0,23.1,20.8,24.6,87,7.8,南西,0.0,0.0,曇,20.0
2025518,21:00,0.0,22.5,20.6,24.3,89,7.4,南西,0.0,0.0,曇,20.0
2025518,22:00,0.0,21.8,20.5,24.0,92,5.8,南西,0.0,0.0,曇,18.2
2025518,23:00,0.0,21.6,19.9,23.2,90,4.5,南西,0.0,0.0,曇,19.0
2025518,24:00,0.0,22.1,19.9,23.1,87,5.3,南南西,0.0,0.0,曇,18.5
2025520,01:00,0.0,21.0,15.3,17.4,70,0.5,北東,0.0,0.0,,
2025520,02:00,0.0,21.0,15.8,17.9,72,0.7,南東,0.0,0.0,,
2025520,03:00,0.0,20.8,17.4,19.9,81,0.8,南,0.0,0.0,晴れ,10.0
2025520,04:00,0.0,20.7,18.1,20.8,85,1.8,北,0.0,0.0,,
2025520,05:00,0.0,21.0,18.2,20.9,84,0.6,北東,0.0,0.00,,
2025520,06:00,0.0,21.5,18.3,21.0,82,1.9,南南西,0.4,0.19,晴れ,6.00
2025520,07:00,0.0,22.2,18.4,21.1,79,1.6,南南西,1.0,0.77,,
2025520,08:00,0.0,23.8,18.0,20.6,70,1.3,南西,1.0,1.48,,
2025520,09:00,0.0,24.7,17.9,20.5,66,2.2,西,1.0,2.17,快晴,10.0
2025520,10:00,0.0,26.2,19.1,22.1,65,2.1,西南西,1.0,2.79,,
2025520,11:00,0.0,26.2,18.1,20.8,61,3.5,西南西,1.0,3.19,,
2025520,12:00,0.0,26.6,17.4,19.9,57,2.2,西南西,1.0,3.42,快晴,15.0
2025520,13:00,0.0,27.3,16.6,18.9,52,3.2,西南西,1.0,3.43,,
2025520,14:00,0.0,28.3,17.2,19.6,51,4.8,西,1.0,3.21,,
2025520,15:00,0.0,28.1,17.0,19.4,51,3.8,西南西,1.0,2.78,快晴,15.0
2025520,16:00,0.0,27.2,19.0,22.0,61,3.8,西南西,1.0,2.15,,
2025520,17:00,0.0,26.3,20.2,23.6,69,4.9,西南西,1.0,1.43,,
2025520,18:00,0.0,25.7,20.5,24.1,73,3.6,西,1.0,0.68,晴れ,15.0
2025520,19:00,0.0,25.1,20.4,23.9,75,2.1,西南西,0.1,0.09,,
2025520,20:00,0.0,25.0,20.3,23.8,75,1.2,西南西,0.0,0.00,,
2025520,21:00,0.0,24.4,20.7,24.5,80,1.6,南西,0.0,0.0,薄曇,15.0
2025520,22:00,0.0,24.1,20.8,24.6,82,2.2,西北西,0.0,0.0,,
2025520,23:00,0.0,23.7,21.0,24.9,85,1.2,北西,0.0,0.0,,
2025520,24:00,0.0,23.2,20.5,24.2,85,1.8,南西,0.0,0.0,,
2025521,01:00,0.0,23.1,20.4,24.0,85,1.2,南南東,0.0,0.0,,
2025521,02:00,0.0,22.8,20.7,24.4,88,0.9,北,0.0,0.0,,
2025521,03:00,0.0,22.7,20.6,24.3,88,1.8,北,0.0,0.0,薄曇,15.0
2025521,04:00,0.0,22.9,21.0,24.9,89,1.4,北北西,0.0,0.0,,
2025521,05:00,0.0,23.1,21.2,25.2,89,1.5,北北東,0.0,0.00,,
2025521,06:00,0.0,23.4,21.3,25.3,88,1.7,北,0.0,0.09,曇,9.00
2025521,07:00,0.0,23.8,21.5,25.7,87,1.7,北,0.0,0.23,,
2025521,08:00,0.0,24.6,21.7,26.0,84,0.7,西北西,0.0,0.49,,
2025521,09:00,0.0,25.3,21.4,25.5,79,1.4,西南西,0.0,0.49,曇,10.0
2025521,10:00,0.0,27.2,21.9,26.3,73,1.3,西南西,0.4,1.78,,
2025521,11:00,0.0,28.5,21.5,25.7,66,1.6,南南西,0.8,2.63,,
2025521,12:00,0.0,28.8,20.8,24.6,62,2.1,西南西,0.4,2.17,曇,15.0
2025521,13:00,0.0,27.6,21.4,25.5,69,4.3,西北西,0.8,3.06,,
2025521,14:00,0.0,27.2,21.7,26.0,72,4.2,西南西,0.4,2.24,,
2025521,15:00,0.0,26.7,21.0,24.9,71,5.8,西南西,0.2,1.56,曇,20.0
2025521,16:00,0.0,25.5,20.8,24.5,75,4.6,西南西,0.0,0.81,,
2025521,17:00,0.0,24.2,20.9,24.8,82,2.4,西南西,0.0,0.58,,
2025521,18:00,0.0,23.5,20.5,24.0,83,2.0,北北西,0.0,0.11,曇,25.0
2025521,19:00,0.0,23.7,20.6,24.3,83,1.4,南西,0.0,0.02,,
2025521,20:00,0.5,22.9,20.8,24.6,88,1.4,西南西,0.0,0.00,,
2025521,21:00,1.0,22.2,21.0,24.9,93,0.7,南南東,0.0,0.0,雨,10.0
2025521,22:00,1.0,22.1,21.4,25.5,96,2.3,北,0.0,0.0,,
2025521,23:00,0.5,22.2,21.5,25.7,96,1.0,北西,0.0,0.0,,
2025521,24:00,1.0,22.0,21.2,25.1,95,2.2,南南西,0.0,0.0,,
2025522,01:00,0.0,21.8,21.0,24.8,95,2.0,南,0.0,0.0,,
2025522,02:00,0.5,21.0,20.0,23.4,94,1.1,東南東,0.0,0.0,,
2025522,03:00,0.0,21.2,19.9,23.2,92,1.3,北,0.0,0.0,曇,10.0
2025522,04:00,0.0,21.3,19.8,23.1,91,2.3,北北東,0.0,0.0,,
2025522,05:00,0.0,21.4,20.2,23.7,93,1.6,東北東,0.0,0.00,,
2025522,06:00,0.0,21.8,20.5,24.0,92,1.8,北北西,0.0,0.04,曇,15.0
2025522,07:00,1.5,21.5,20.7,24.4,95,2.3,北,0.0,0.11,,
2025522,08:00,0.5,22.2,20.8,24.6,92,2.0,東北東,0.0,0.66,,
2025522,09:00,0.0,24.0,20.7,24.5,82,2.7,北北東,0.6,1.95,曇,20.0
2025522,10:00,0.0,25.4,20.2,23.7,73,3.1,北北東,0.6,2.19,,
2025522,11:00,0.0,26.6,20.0,23.3,67,4.3,北北東,0.7,2.38,,
2025522,12:00,0.0,27.5,19.3,22.4,61,3.4,北北東,0.8,2.89,晴れ,40.0
2025522,13:00,0.0,29.0,19.3,22.4,56,4.3,北,0.8,3.41,,
2025522,14:00,0.0,28.2,18.6,21.4,56,4.4,北北西,0.8,3.09,,
2025522,15:00,0.0,28.6,19.3,22.3,57,3.3,北,0.1,1.28,曇,40.0
2025522,16:00,0.0,28.2,18.9,21.8,57,5.0,北北東,0.0,0.58,,
2025522,17:00,0.0,26.1,18.0,20.6,61,6.1,北,0.7,1.30,,
2025522,18:00,0.0,24.3,17.3,19.8,65,6.1,北,1.0,0.74,晴れ,25.0
2025522,19:00,0.0,22.3,15.9,18.0,67,6.8,北,0.2,0.16,,
2025522,20:00,0.0,20.7,14.8,16.8,69,5.9,北,0.0,0.00,,
2025522,21:00,0.0,20.2,14.6,16.6,70,5.5,北,0.0,0.0,快晴,20.0
2025522,22:00,0.0,19.5,13.9,15.9,70,5.1,北北東,0.0,0.0,,
2025522,23:00,0.0,19.1,13.7,15.7,71,2.9,北,0.0,0.0,,
2025522,24:00,0.0,18.6,12.8,14.8,69,4.2,北,0.0,0.0,,
2025523,01:00,0.0,17.2,13.9,15.9,81,4.4,北東,0.0,0.0,曇,20.0
2025523,02:00,0.0,16.9,13.4,15.4,80,3.1,東北東,0.0,0.0,曇,20.0
2025523,03:00,0.0,16.6,13.3,15.3,81,4.4,北東,0.0,0.0,曇,20.0
2025523,04:00,0.0,16.4,13.1,15.1,81,4.7,北東,0.0,0.0,曇,20.0
2025523,05:00,0.0,16.5,13.4,15.4,82,2.4,北北東,0.0,0.0,曇,20.0
2025523,06:00,0.0,16.7,13.4,15.4,81,2.4,北北東,0.0,0.0,曇,20.0
2025523,07:00,0.0,17.4,13.5,15.5,78,3.6,北東,0.0,0.0,曇,20.0
2025523,08:00,0.0,18.6,13.0,15.0,70,3.3,北東,0.0,0.0,曇,20.0
2025523,09:00,0.0,19.2,11.5,13.6,61,5.0,北東,0.0,0.0,曇,20.0
2025523,10:00,0.0,19.9,10.1,12.3,53,5.1,北北東,0.0,0.0,曇,20.0
2025523,11:00,0.0,20.9,10.7,12.9,52,6.1,東北東,0.0,0.0,曇,20.0
2025523,12:00,0.0,21.5,9.7,12.1,47,5.7,北東,0.5,0.0,曇,20.0
2025523,13:00,0.0,22.2,11.0,13.1,49,5.2,北東,0.5,0.0,曇,20.0
2025523,14:00,0.0,21.2,10.1,12.3,49,5.1,東北東,0.0,0.0,曇,20.0
2025523,15:00,0.0,21.3,8.6,11.1,44,5.4,東北東,0.0,0.0,曇,20.0
2025523,16:00,0.0,20.0,7.4,10.3,44,6.2,北東,0.0,0.0,曇,20.0
2025523,17:00,0.0,19.8,9.4,11.8,51,4.3,北東,0.0,0.0,曇,20.0
2025523,18:00,0.0,19.2,7.6,10.5,47,4.6,北東,0.0,0.0,曇,20.0
2025523,19:00,0.0,18.7,11.3,13.4,62,4.2,北東,0.0,0.0,曇,20.0
2025523,20:00,0.0,18.3,14.2,16.2,77,3.5,北東,0.0,0.0,曇,20.0
2025523,21:00,0.0,17.8,14.3,16.3,80,4.0,北東,0.0,0.0,曇,20.0
2025523,22:00,0.0,17.4,14.1,16.1,81,2.8,北北東,0.0,0.0,曇,20.0
2025523,23:00,0.0,16.9,14.0,16.0,83,3.4,北北東,0.0,0.0,曇,20.0
2025523,24:00,0.0,16.9,13.8,15.8,82,3.8,北北東,0.0,0.0,曇,20.0
2025524,01:00,0.0,16.6,13.5,15.5,82,2.9,北北東,0.0,0.0,曇,20.0
2025524,02:00,0.0,16.3,13.2,15.2,82,3.8,北北東,0.0,0.0,曇,20.0
2025524,03:00,0.0,16.3,13.0,15.0,81,3.7,北北東,0.0,0.0,曇,20.0
2025524,04:00,0.0,16.1,12.7,14.6,80,3.8,北北東,0.0,0.0,曇,20.0
2025524,05:00,0.0,16.2,12.8,14.7,80,3.2,北北東,0.0,0.0,曇,20.0
2025524,06:00,0.0,16.4,13.0,14.9,80,3.7,北,0.0,0.0,曇,20.0
2025524,07:00,0.0,16.8,13.3,15.3,80,3.7,北北東,0.0,0.0,曇,20.0
2025524,08:00,0.0,17.5,13.4,15.4,77,3.4,北北東,0.0,0.0,曇,20.0
2025524,09:00,0.0,19.3,13.7,15.7,70,5.0,北東,0.1,0.0,曇,20.0
2025524,10:00,0.0,20.0,13.5,15.4,66,3.4,北北東,0.0,0.0,曇,20.0
2025524,11:00,0.0,20.1,14.0,16.0,68,3.7,北,0.0,0.0,曇,20.0
2025524,12:00,0.0,19.6,13.5,15.5,68,4.0,北北東,0.0,0.0,曇,20.0
2025524,13:00,0.0,19.9,13.4,15.3,66,3.6,北東,0.0,0.0,曇,20.0
2025524,14:00,0.0,19.8,13.0,15.0,65,3.9,北北東,0.0,0.0,曇,20.0
2025524,15:00,0.0,19.5,13.2,15.2,67,3.1,北,0.0,0.0,曇,20.0
2025524,16:00,0.0,18.5,13.8,15.8,74,3.7,北,0.0,0.0,雨,17.8
2025524,17:00,0.0,17.3,13.8,15.8,80,3.7,北北東,0.0,0.0,曇,20.0
2025524,18:00,0.0,17.2,13.9,15.9,81,4.0,北北東,0.0,0.0,雨,20.0
2025524,19:00,0.0,16.7,14.5,16.5,87,3.1,北北東,0.0,0.0,雨,20.0
2025524,20:00,0.0,16.8,14.8,16.8,88,1.6,北,0.0,0.0,雨,20.0
2025524,21:00,1.0,16.0,15.0,17.1,94,2.9,北北東,0.0,0.0,雨,19.9
2025524,22:00,0.5,16.2,15.1,17.1,93,2.4,北西,0.0,0.0,曇,20.0
2025524,23:00,0.5,16.1,15.3,17.4,95,1.1,北北東,0.0,0.0,雨,7.59
2025524,24:00,2.0,15.8,15.2,17.2,96,2.9,北北東,0.0,0.0,雨,8.49
2025525,01:00,1.0,15.4,14.5,16.4,94,3.1,北東,0.0,0.0,雨,19.3
2025525,02:00,2.0,15.0,14.2,16.2,95,2.2,北北東,0.0,0.0,雨,6.38
2025525,03:00,4.0,15.0,14.5,16.5,97,1.6,北北東,0.0,0.0,雨,5.86
2025525,04:00,2.0,14.9,14.4,16.4,97,3.0,東,0.0,0.0,雨,4.27
2025525,05:00,7.5,15.0,14.5,16.5,97,2.4,北西,0.0,0.0,雨,6.50
2025525,06:00,1.0,15.1,14.6,16.6,97,1.8,北,0.0,0.0,雨,11.9
2025525,07:00,0.5,15.6,15.0,17.0,96,2.5,北北西,0.0,0.0,曇,20.0
2025525,08:00,0.0,16.1,15.3,17.4,95,1.6,北西,0.0,0.0,曇,20.0
2025525,09:00,0.0,17.9,16.9,19.3,94,0.8,東南東,0.0,0.0,曇,20.0
2025525,10:00,0.0,17.8,16.3,18.5,91,1.3,西南西,0.0,0.0,曇,20.0
2025525,11:00,0.0,19.0,16.8,19.1,87,1.3,西,0.0,0.0,曇,20.0
2025525,12:00,0.0,20.4,17.2,19.7,82,2.6,西,0.1,0.0,曇,20.0
2025525,13:00,0.0,20.9,17.9,20.5,83,3.5,西南西,0.1,0.0,曇,20.0
2025525,14:00,0.0,22.2,19.2,22.2,83,4.0,西南西,0.0,0.0,曇,20.0
2025525,15:00,0.0,23.1,20.1,23.5,83,5.7,西南西,0.0,0.0,曇,20.0
2025525,16:00,0.0,24.4,18.8,21.7,71,7.6,南西,0.0,0.0,曇,20.0
2025525,17:00,0.0,22.8,19.4,22.5,81,7.8,西南西,0.2,0.0,曇,20.0
2025525,18:00,0.0,21.7,18.9,21.8,84,5.4,西,0.0,0.0,曇,20.0
2025525,19:00,0.0,19.5,17.1,19.5,86,2.6,北北東,0.0,0.0,曇,20.0
2025525,20:00,0.0,18.3,16.6,18.9,90,2.9,北北東,0.0,0.0,曇,20.0
2025525,21:00,0.0,17.7,16.2,18.4,91,2.7,北北東,0.0,0.0,曇,20.0
2025525,22:00,0.0,17.8,16.2,18.3,90,3.0,北東,0.0,0.0,曇,20.0
2025525,23:00,0.0,18.0,16.3,18.6,90,2.0,北北東,0.0,0.0,曇,20.0
2025525,24:00,0.0,17.7,16.2,18.4,91,2.4,北北東,0.0,0.0,曇,20.0
2025527,01:00,0.0,17.1,12.0,14.0,72,3.2,北東,0.0,0.0,曇,20.0
2025527,02:00,0.0,16.7,12.5,14.4,76,2.6,北北東,0.0,0.0,曇,20.0
2025527,03:00,0.0,16.3,12.7,14.6,79,3.1,北北東,0.0,0.0,曇,20.0
2025527,04:00,0.0,16.0,13.1,15.1,83,2.7,北北東,0.0,0.0,曇,20.0
2025527,05:00,0.0,15.8,12.9,14.9,83,3.4,北北東,0.0,0.0,曇,20.0
2025527,06:00,0.0,16.1,12.7,14.6,80,2.8,北北東,0.0,0.0,曇,20.0
2025527,07:00,0.0,16.8,12.4,14.3,75,3.4,北北東,0.0,0.0,曇,20.0
2025527,08:00,0.0,17.4,12.3,14.3,72,2.9,北北東,0.0,0.0,曇,20.0
2025527,09:00,0.0,17.9,11.9,13.9,68,3.7,北北東,0.0,0.0,曇,20.0
2025527,10:00,0.0,18.3,11.6,13.7,65,2.8,北北東,0.0,0.0,曇,20.0
2025527,11:00,0.0,18.3,11.4,13.5,64,3.2,北北東,0.0,0.0,曇,20.0
2025527,12:00,0.0,19.2,11.8,13.8,62,3.5,北東,0.0,0.0,曇,20.0
2025527,13:00,0.0,19.2,12.2,14.2,64,4.0,北北東,0.0,0.0,曇,20.0
2025527,14:00,0.0,19.0,12.5,14.5,66,4.5,北北東,0.0,0.0,曇,20.0
2025527,15:00,0.0,19.0,12.7,14.7,67,4.6,北東,0.0,0.0,曇,20.0
2025527,16:00,0.0,19.1,13.7,15.7,71,3.0,北東,0.0,0.0,曇,20.0
2025527,17:00,0.0,18.8,13.7,15.6,72,2.6,北北東,0.0,0.0,曇,20.0
2025527,18:00,0.0,18.4,14.1,16.1,76,3.4,北北東,0.0,0.0,曇,20.0
2025527,19:00,0.0,17.7,14.4,16.4,81,4.0,東北東,0.0,0.0,曇,20.0
2025527,20:00,0.0,17.0,14.7,16.7,86,2.3,北北東,0.0,0.0,曇,20.0
2025527,21:00,0.0,16.7,14.7,16.7,88,2.3,北北東,0.0,0.0,曇,20.0
2025527,22:00,0.0,16.9,14.7,16.8,87,1.2,北,0.0,0.0,曇,20.0
2025527,23:00,0.0,16.5,14.7,16.7,89,2.3,北北東,0.0,0.0,曇,20.0
2025527,24:00,0.0,16.1,15.0,17.0,93,2.6,北,0.0,0.0,曇,19.8
2025528,01:00,0.0,16.1,14.8,16.8,92,2.6,北,0.0,0.0,曇,20.0
2025528,02:00,0.0,16.2,14.4,16.4,89,2.6,北,0.0,0.0,曇,20.0
2025528,03:00,0.0,16.5,14.5,16.5,88,2.0,北,0.0,0.0,曇,20.0
2025528,04:00,0.0,16.7,14.4,16.4,86,3.2,北北西,0.0,0.0,曇,20.0
2025528,05:00,0.0,16.7,14.5,16.5,87,3.2,北北西,0.0,0.0,曇,20.0
2025528,06:00,0.0,16.7,14.5,16.5,87,2.4,北東,0.0,0.0,雨,20.0
2025528,07:00,0.0,17.6,14.1,16.1,80,3.2,北,0.5,0.0,曇,20.0
2025528,08:00,0.0,19.0,13.2,15.2,69,3.8,北北東,1.0,0.0,晴れ,20.0
2025528,09:00,0.0,20.0,13.0,15.0,64,3.2,北東,0.9,0.0,晴れ,20.0
2025528,10:00,0.0,22.0,12.6,14.5,55,3.7,北北東,0.8,0.0,曇,20.0
2025528,11:00,0.0,21.9,12.5,14.5,55,3.5,北北東,0.8,0.0,曇,20.0
2025528,12:00,0.0,22.6,11.1,13.2,48,4.6,東北東,1.0,0.0,晴れ,20.0
2025528,13:00,0.0,23.1,11.8,13.9,49,4.2,北東,1.0,0.0,晴れ,20.0
2025528,14:00,0.0,23.7,12.7,14.7,50,4.1,東北東,1.0,0.0,晴れ,20.0
2025528,15:00,0.0,23.4,12.7,14.7,51,4.8,東北東,1.0,0.0,晴れ,20.0
2025528,16:00,0.0,22.7,12.4,14.3,52,4.6,東北東,1.0,0.0,晴れ,20.0
2025528,17:00,0.0,21.6,11.9,13.9,54,5.3,東北東,1.0,0.0,晴れ,20.0
2025528,18:00,0.0,20.2,9.8,12.1,51,6.1,北東,0.5,0.0,晴れ,20.0
2025528,19:00,0.0,19.4,10.4,12.6,56,3.6,北東,0.0,0.0,曇,20.0
2025528,20:00,0.0,18.7,11.5,13.6,63,3.2,北東,0.0,0.0,曇,20.0
2025528,21:00,0.0,18.0,12.7,14.7,71,1.7,東北東,0.0,0.0,曇,20.0
2025528,22:00,0.0,17.5,13.2,15.2,76,2.6,北東,0.0,0.0,曇,20.0
2025528,23:00,0.0,17.2,13.5,15.5,79,1.5,北,0.0,0.0,曇,20.0
2025528,24:00,0.0,17.0,13.3,15.3,79,1.6,北,0.0,0.0,曇,20.0
2025530,01:00,0.0,15.9,12.3,14.3,79,0.9,南東,0.0,0.0,晴れ,20.0
2025530,02:00,0.0,14.7,10.7,12.9,77,0.2,静穏,0.0,0.0,曇,20.0
2025530,03:00,0.0,14.9,11.5,13.6,80,0.7,北西,0.0,0.0,曇,20.0
2025530,04:00,0.0,13.9,11.6,13.7,86,0.4,北西,0.0,0.00,曇,20.0
2025530,05:00,0.0,14.6,11.6,13.6,82,0.6,北北西,0.0,0.10,曇,20.0
2025530,06:00,0.0,15.3,10.9,13.0,75,0.3,西北西,0.4,0.42,曇,20.0
2025530,07:00,0.0,17.0,9.9,12.2,63,1.5,東南東,0.9,0.89,晴れ,20.0
2025530,08:00,0.0,19.8,10.0,12.2,53,1.9,東南東,1.0,1.65,晴れ,20.0
2025530,09:00,0.0,23.6,10.7,12.8,44,1.8,東南東,1.0,2.28,晴れ,20.0
2025530,10:00,0.0,25.3,10.8,12.9,40,2.4,東北東,1.0,2.77,晴れ,20.0
2025530,11:00,0.0,23.9,13.5,15.4,52,4.4,北北西,1.0,3.05,晴れ,20.0
2025530,12:00,0.0,21.5,12.6,14.6,57,5.3,北西,1.0,3.20,晴れ,20.0
2025530,13:00,0.0,19.9,12.7,14.6,63,5.1,北北西,1.0,3.05,晴れ,20.0
2025530,14:00,0.0,21.0,13.2,15.2,61,3.4,北北西,1.0,2.77,,×
2025530,15:00,0.0,21.2,11.8,13.8,55,3.5,北北西,1.0,2.31,晴れ,20.0
2025530,16:00,0.0,20.8,11.2,13.3,54,3.6,北北西,1.0,1.72,晴れ,20.0
2025530,17:00,0.0,19.4,10.4,12.6,56,4.3,北北西,1.0,1.06,晴れ,20.0
2025530,18:00,0.0,19.2,10.0,12.2,55,1.5,北西,0.4,0.50,曇,20.0
2025530,19:00,0.0,18.4,9.8,12.1,57,2.8,北北西,0.0,0.12,曇,20.0
2025530,20:00,0.0,18.2,10.6,12.8,61,1.5,北西,0.0,0.00,曇,20.0
2025530,21:00,0.0,17.7,10.8,13.0,64,1.3,西,0.0,0.0,曇,20.0
2025530,22:00,0.0,18.0,10.9,13.0,63,1.8,南南東,0.0,0.0,曇,20.0
2025530,23:00,0.0,17.9,11.7,13.7,67,0.7,南東,0.0,0.0,曇,20.0
2025530,24:00,0.0,17.5,12.0,14.0,70,0.9,東,0.0,0.0,曇,20.0
2025531,01:00,0.0,17.8,12.5,14.5,71,2.6,南東,0.0,0.0,曇,20.0
2025531,02:00,0.0,17.2,12.5,14.5,74,1.6,南東,0.0,0.0,曇,20.0
2025531,03:00,0.0,16.9,11.6,13.7,71,1.6,北北西,0.0,0.0,曇,20.0
2025531,04:00,0.0,16.1,11.7,13.7,75,1.2,北,0.0,0.00,曇,20.0
2025531,05:00,0.0,15.8,10.1,12.4,69,1.0,南南東,0.0,0.05,曇,20.0
2025531,06:00,0.0,16.3,11.0,13.2,71,1.6,東,0.0,0.27,曇,20.0
2025531,07:00,0.0,16.0,11.8,13.8,76,3.2,東,0.0,0.46,曇,20.0
2025531,08:00,0.0,16.9,11.2,13.3,69,3.6,東南東,0.0,0.84,曇,20.0
2025531,09:00,0.0,18.6,11.7,13.7,64,2.4,南東,0.2,1.55,曇,20.0
2025531,10:00,0.0,20.4,11.6,13.7,57,2.5,南東,0.1,1.75,曇,20.0
2025531,11:00,0.0,22.0,12.3,14.3,54,4.1,東南東,0.7,2.56,晴れ,20.0
2025531,12:00,0.0,23.7,13.0,14.9,51,3.8,東南東,0.7,2.81,曇,20.0
2025531,13:00,0.0,23.3,12.0,14.0,49,4.6,東南東,0.2,2.13,曇,20.0
2025531,14:00,0.0,23.9,10.9,13.1,44,4.6,東南東,0.6,2.35,曇,20.0
2025531,15:00,0.0,24.6,11.2,13.3,43,2.0,南南東,1.0,2.51,晴れ,20.0
2025531,16:00,0.0,22.6,13.9,15.9,58,4.3,北北西,1.0,1.80,晴れ,20.0
2025531,17:00,0.0,20.1,13.1,15.1,64,3.4,北西,0.8,1.09,晴れ,20.0
2025531,18:00,0.0,20.1,12.9,14.8,63,2.5,北,0.7,0.54,晴れ,20.0
2025531,19:00,0.0,18.8,12.3,14.3,66,1.8,北北西,0.0,0.11,曇,20.0
2025531,20:00,0.0,18.5,12.7,14.7,69,0.8,南東,0.0,0.00,晴れ,20.0
2025531,21:00,0.0,18.8,6.3,9.5,44,3.9,南南東,0.0,0.0,曇,20.0
2025531,22:00,0.0,17.8,3.3,7.7,38,4.3,南南東,0.0,0.0,晴れ,20.0
2025531,23:00,0.0,17.0,3.0,7.6,39,4.4,南南東,0.0,0.0,曇,20.0
2025531,24:00,0.0,16.7,2.3,7.2,38,3.6,南,0.0,0.0,晴れ,20.0
202561,01:00,0.0,16.0,2.4,7.3,40,2.0,南南西,0.0,0.0,曇,20.0
202561,02:00,0.0,14.6,4.0,8.1,49,1.0,南南東,0.0,0.0,晴れ,20.0
202561,03:00,0.0,14.0,5.1,8.8,55,0.8,北西,0.0,0.0,晴れ,20.0
202561,04:00,0.0,13.0,4.2,8.2,55,0.8,南,0.0,0.00,晴れ,20.0
202561,05:00,0.0,12.3,4.3,8.3,58,1.7,南南東,0.2,0.12,曇,20.0
202561,06:00,0.0,13.7,5.4,8.9,57,3.0,南東,1.0,0.61,晴れ,20.0
202561,07:00,0.0,14.9,6.5,9.7,57,2.3,南東,1.0,1.18,晴れ,20.0
202561,08:00,0.0,16.1,6.3,9.5,52,1.4,東北東,1.0,1.90,晴れ,20.0
202561,09:00,0.0,18.3,4.5,8.4,40,1.5,南南東,1.0,2.49,晴れ,20.0
202561,10:00,0.0,20.3,1.7,6.9,29,1.0,東,1.0,2.99,晴れ,20.0
202561,11:00,0.0,21.5,3.2,7.7,30,0.9,北西,1.0,3.28,晴れ,20.0
202561,12:00,0.0,22.1,5.1,8.8,33,1.7,北北東,1.0,3.37,晴れ,20.0
202561,13:00,0.0,20.7,7.0,10.0,41,5.6,北北西,1.0,3.33,晴れ,20.0
202561,14:00,0.0,19.7,7.5,10.3,45,6.5,北北西,1.0,3.08,晴れ,20.0
202561,15:00,0.0,19.9,10.3,12.6,54,5.2,北北西,1.0,2.59,晴れ,20.0
202561,16:00,0.0,18.8,10.1,12.4,57,7.1,北北西,1.0,2.02,晴れ,20.0
202561,17:00,0.0,17.3,12.0,14.0,71,7.1,北北西,1.0,1.34,晴れ,20.0
202561,18:00,0.0,16.4,10.3,12.5,67,5.5,北北西,1.0,0.70,晴れ,20.0
202561,19:00,0.0,15.9,6.1,9.4,52,4.8,北北西,0.3,0.14,晴れ,20.0
202561,20:00,0.0,15.8,3.9,8.1,45,4.4,北西,0.0,0.00,晴れ,20.0
202561,21:00,0.0,14.9,6.5,9.7,57,3.2,北西,0.0,0.0,晴れ,20.0
202561,22:00,0.0,14.2,8.2,10.9,67,2.1,北北西,0.0,0.0,晴れ,20.0
202561,23:00,0.0,13.6,8.9,11.4,73,2.0,北,0.0,0.0,晴れ,20.0
202561,24:00,0.0,12.9,8.6,11.2,75,0.9,西南西,0.0,0.0,晴れ,20.0
202564,01:00,0.0,18.5,17.9,20.4,96,2.1,北西,0.0,0.0,曇,18.1
202564,02:00,0.0,18.3,17.7,20.2,96,3.3,北西,0.0,0.0,曇,17.8
202564,03:00,0.0,18.6,17.6,20.1,94,1.4,西,0.0,0.0,晴れ,20.0
202564,04:00,0.0,18.4,17.8,20.3,96,1.7,南南西,0.0,0.0,晴れ,17.7
202564,05:00,0.0,18.2,17.7,20.3,97,0.9,南南西,0.2,0.0,晴れ,14.2
202564,06:00,0.0,19.2,18.4,21.1,95,0.9,東,0.1,0.0,曇,8.79
202564,07:00,0.0,20.3,18.3,21.0,88,1.4,東,0.0,0.0,曇,16.2
202564,08:00,0.0,21.5,18.1,20.8,81,1.4,南,0.6,0.0,晴れ,20.0
202564,09:00,0.0,22.5,18.9,21.8,80,1.8,西南西,0.4,0.0,晴れ,12.5
202564,10:00,0.0,23.3,19.1,22.0,77,2.9,西南西,0.9,0.0,曇,19.6
202564,11:00,0.0,24.0,19.3,22.4,75,3.1,西,0.7,0.0,曇,20.0
202564,12:00,0.0,24.2,19.3,22.4,74,3.5,西南西,0.1,0.0,曇,20.0
202564,13:00,0.0,24.4,18.8,21.7,71,3.3,西南西,0.1,0.0,曇,20.0
202564,14:00,0.0,25.8,18.2,20.9,63,2.8,西南西,0.4,0.0,曇,20.0
202564,15:00,0.0,24.7,19.8,23.0,74,4.3,西南西,0.8,0.0,曇,20.0
202564,16:00,0.0,24.6,19.9,23.2,75,4.2,西南西,0.3,0.0,曇,20.0
202564,17:00,0.0,24.4,19.7,22.9,75,3.7,西南西,0.8,0.0,晴れ,20.0
202564,18:00,0.0,25.1,20.4,23.9,75,2.3,東南東,0.5,0.0,晴れ,20.0
202564,19:00,0.0,23.8,19.7,23.0,78,3.2,東,0.1,0.0,晴れ,20.0
202564,20:00,0.0,23.1,19.5,22.6,80,3.3,東南東,0.0,0.0,曇,20.0
202564,21:00,0.0,22.1,20.0,23.4,88,4.0,東,0.0,0.0,曇,20.0
202564,22:00,0.0,21.4,19.5,22.7,89,2.5,東北東,0.0,0.0,曇,20.0
202564,23:00,0.0,21.4,19.7,22.9,90,3.7,東北東,0.0,0.0,曇,20.0
202564,24:00,0.0,21.7,19.3,22.3,86,1.3,北東,0.0,0.0,曇,20.0
202565,01:00,0.0,21.4,18.4,21.2,83,2.7,北北東,0.0,0.0,曇,20.0
202565,02:00,0.0,21.2,17.2,19.6,78,2.6,北,0.0,0.0,曇,20.0
202565,03:00,0.0,20.8,17.4,19.9,81,3.2,北北西,0.0,0.0,晴れ,20.0
202565,04:00,0.0,20.4,17.4,19.9,83,1.8,北,0.0,0.0,曇,20.0
202565,05:00,0.0,20.3,17.7,20.2,85,1.8,北北西,0.0,0.0,曇,20.0
202565,06:00,0.0,20.5,17.7,20.3,84,1.8,北北東,0.2,0.0,曇,20.0
202565,07:00,0.0,21.3,16.3,18.5,73,2.6,北北西,0.0,0.0,曇,20.0
202565,08:00,0.0,21.8,15.4,17.5,67,2.1,北,0.3,0.0,晴れ,20.0
202565,09:00,0.0,23.7,16.0,18.2,62,2.1,西南西,1.0,0.0,晴れ,20.0
202565,10:00,0.0,24.7,15.6,17.7,57,2.5,西南西,1.0,0.0,晴れ,20.0
202565,11:00,0.0,25.3,14.8,16.8,52,3.8,西南西,1.0,0.0,晴れ,20.0
202565,12:00,0.0,26.1,16.4,18.6,55,5.1,西南西,1.0,0.0,晴れ,20.0
202565,13:00,0.0,25.6,17.5,20.0,61,6.4,西南西,1.0,0.0,晴れ,20.0
202565,14:00,0.0,25.8,18.0,20.6,62,6.8,西南西,1.0,0.0,晴れ,20.0
202565,15:00,0.0,25.4,17.3,19.8,61,6.4,西南西,1.0,0.0,晴れ,20.0
202565,16:00,0.0,25.6,17.3,19.7,60,5.5,南西,1.0,0.0,晴れ,20.0
202565,17:00,0.0,26.2,15.0,17.0,50,6.6,南,1.0,0.0,晴れ,20.0
202565,18:00,0.0,25.4,15.1,17.2,53,5.1,南,1.0,0.0,晴れ,20.0
202565,19:00,0.0,24.1,14.8,16.8,56,4.5,南,0.4,0.0,晴れ,20.0
202565,20:00,0.0,23.2,15.0,17.1,60,3.7,南,0.0,0.0,晴れ,20.0
202565,21:00,0.0,22.4,15.0,17.1,63,2.9,南南東,0.0,0.0,晴れ,20.0
202565,22:00,0.0,21.4,14.6,16.6,65,2.8,南東,0.0,0.0,晴れ,20.0
202565,23:00,0.0,21.3,14.9,17.0,67,2.6,南南東,0.0,0.0,晴れ,20.0
202565,24:00,0.0,21.0,15.3,17.4,70,2.2,南南東,0.0,0.0,晴れ,20.0
202566,01:00,0.0,20.1,11.3,13.4,57,2.2,北東,0.0,0.0,曇,20.0
202566,02:00,0.0,19.5,11.8,13.8,61,0.9,北北西,0.0,0.0,曇,20.0
202566,03:00,0.0,18.2,11.3,13.4,64,1.4,北北西,0.0,0.0,曇,20.0
202566,04:00,0.0,18.3,11.2,13.3,63,1.9,北,0.0,0.0,晴れ,20.0
202566,05:00,0.0,18.0,12.5,14.4,70,0.6,東南東,0.0,0.01,晴れ,20.0
202566,06:00,0.0,18.9,12.4,14.4,66,1.7,北北東,0.9,0.30,晴れ,20.0
202566,07:00,0.0,20.7,12.7,14.7,60,0.5,東,1.0,1.04,晴れ,20.0
202566,08:00,0.0,23.3,12.0,14.0,49,1.2,南南東,1.0,1.79,晴れ,20.0
202566,09:00,0.0,24.5,11.5,13.5,44,1.6,南南西,1.0,2.19,晴れ,20.0
202566,10:00,0.0,25.7,13.6,15.5,47,2.6,南南西,0.9,2.30,曇,20.0
202566,11:00,0.0,26.8,15.5,17.6,50,4.8,南,1.0,3.33,晴れ,15.9
202566,12:00,0.0,28.3,11.8,13.9,36,4.4,南南東,0.9,3.21,曇,20.0
202566,13:00,0.0,28.0,11.1,13.2,35,5.6,南,0.8,2.66,曇,19.0
202566,14:00,0.0,26.6,13.4,15.3,44,6.2,南南東,0.3,1.95,曇,20.0
202566,15:00,0.0,26.3,14.4,16.4,48,6.5,南南東,0.1,1.45,曇,20.0
202566,16:00,0.0,26.2,12.7,14.6,43,5.2,南,0.5,1.56,曇,20.0
202566,17:00,0.0,25.1,14.0,15.9,50,5.4,南南東,0.1,0.72,曇,20.0
202566,18:00,0.0,24.2,14.9,16.9,56,5.1,南南東,0.0,0.35,曇,20.0
202566,19:00,0.0,23.4,16.5,18.7,65,4.8,南東,0.0,0.08,曇,19.7
202566,20:00,0.0,22.6,17.7,20.3,74,4.3,南南東,0.0,0.00,曇,18.1
202566,21:00,0.0,22.3,18.1,20.7,77,3.0,南東,0.0,0.0,曇,16.8
202566,22:00,0.0,21.9,17.7,20.2,77,2.5,東南東,0.0,0.0,曇,16.8
202566,23:00,0.0,21.7,17.1,19.5,75,1.9,東南東,0.0,0.0,曇,17.4
202566,24:00,0.0,21.6,16.8,19.1,74,2.4,東,0.0,0.0,曇,18.4
202567,01:00,0.0,21.4,16.8,19.1,75,2.7,東南東,0.0,0.0,曇,18.4
202567,02:00,0.0,21.3,16.7,19.0,75,1.7,東,0.0,0.0,曇,18.1
202567,03:00,0.0,21.0,15.8,17.9,72,1.9,東南東,0.0,0.0,曇,19.5
202567,04:00,0.0,20.6,15.8,18.0,74,1.3,東北東,0.0,0.0,曇,20.0
202567,05:00,0.0,20.9,15.9,18.0,73,0.8,北北東,0.0,0.01,晴れ,20.0
202567,06:00,0.0,21.6,16.1,18.3,71,1.3,北北東,0.5,0.38,晴れ,20.0
202567,07:00,0.0,21.9,16.0,18.1,69,2.0,北,0.5,0.82,曇,19.7
202567,08:00,0.0,22.9,16.0,18.2,65,1.7,北北東,0.0,1.15,曇,20.0
202567,09:00,0.0,24.2,16.7,19.0,63,0.8,北,0.4,1.80,曇,18.3
202567,10:00,0.0,25.2,16.9,19.2,60,1.0,東北東,1.0,2.92,晴れ,17.0
202567,11:00,0.0,26.2,16.5,18.7,55,1.3,南西,0.8,2.66,曇,17.6
202567,12:00,0.0,27.1,15.2,17.2,48,2.0,西南西,0.8,2.72,曇,16.6
202567,13:00,0.0,27.3,16.6,18.9,52,2.0,北西,0.0,1.63,曇,14.7
202567,14:00,0.0,26.9,17.4,19.9,56,3.8,南南西,0.0,1.19,曇,12.3
202567,15:00,0.0,26.3,17.1,19.5,57,3.7,南,0.0,0.69,雨,11.7
202567,16:00,0.0,26.2,17.3,19.7,58,3.3,南南西,0.0,0.47,曇,13.2
202567,17:00,0.0,25.8,16.7,18.9,57,2.6,南,0.0,0.40,曇,13.1
202567,18:00,0.0,25.3,16.2,18.4,57,3.4,南南東,0.2,0.52,曇,17.9
202567,19:00,0.0,24.3,17.8,20.4,67,2.4,南東,0.3,0.18,曇,16.7
202567,20:00,0.0,23.4,17.6,20.2,70,1.5,南,0.0,0.00,晴れ,14.8
202567,21:00,0.0,23.2,18.1,20.8,73,2.0,南南東,0.0,0.0,曇,13.0
202567,22:00,0.0,22.8,17.7,20.3,73,1.8,南南東,0.0,0.0,曇,13.8
202567,23:00,0.0,22.4,18.0,20.6,76,0.8,東南東,0.0,0.0,曇,13.2
202567,24:00,0.0,22.3,18.3,21.0,78,1.0,東,0.0,0.0,曇,11.9
202568,01:00,0.0,22.1,18.1,20.8,78,0.9,東南東,0.0,0.0,曇,11.6
202568,02:00,0.0,22.2,18.0,20.6,77,0.6,北東,0.0,0.0,曇,13.1
202568,03:00,0.0,21.5,18.1,20.8,81,1.3,東北東,0.0,0.0,曇,12.9
202568,04:00,0.0,21.7,17.7,20.3,78,0.9,西北西,0.0,0.0,曇,12.5
202568,05:00,0.0,21.2,18.0,20.6,82,0.4,北北東,0.0,0.00,曇,11.6
202568,06:00,0.0,21.8,17.8,20.4,78,1.1,北東,0.0,0.08,曇,12.4
202568,07:00,0.0,22.1,18.1,20.8,78,1.7,南南西,0.0,0.24,曇,11.9
202568,08:00,0.0,22.1,18.3,21.0,79,0.2,静穏,0.0,0.44,曇,11.9
202568,09:00,0.0,23.2,17.0,19.3,68,0.5,北東,0.0,0.60,曇,14.0
202568,10:00,0.0,23.6,16.4,18.6,64,1.6,北北西,0.0,1.06,曇,13.1
202568,11:00,0.0,25.4,16.8,19.1,59,1.6,北,0.2,1.77,曇,14.8
202568,12:00,0.0,27.9,16.8,19.2,51,0.8,西北西,0.8,3.06,晴れ,18.6
202568,13:00,0.0,27.4,17.3,19.7,54,2.1,南,0.2,1.66,曇,14.4
202568,14:00,0.0,26.4,18.8,21.7,63,3.1,南西,0.0,0.97,曇,8.19
202568,15:00,0.0,25.6,18.5,21.3,65,4.5,南南西,0.0,0.55,曇,6.87
202568,16:00,0.0,25.4,17.6,20.1,62,2.8,南南西,0.0,0.22,雨,11.1
202568,17:00,0.0,25.0,15.6,17.7,56,3.6,南南東,0.0,0.23,曇,16.1
202568,18:00,0.0,24.1,16.6,18.9,63,2.7,南東,0.0,0.14,曇,17.3
202568,19:00,0.0,23.2,18.1,20.8,73,4.4,南南東,0.0,0.06,曇,14.6
202568,20:00,0.0,22.6,18.2,20.8,76,3.8,南南東,0.0,0.00,曇,13.4
202568,21:00,0.0,22.1,15.0,17.0,64,4.2,南南東,0.0,0.0,曇,20.0
202568,22:00,0.0,21.6,16.1,18.3,71,2.9,南東,0.0,0.0,曇,20.0
202568,23:00,0.0,21.0,17.2,19.7,79,2.5,南東,0.0,0.0,曇,16.2
202568,24:00,0.0,20.8,16.6,18.9,77,2.3,東南東,0.0,0.0,曇,18.5
2025610,01:00,0.0,19.7,18.7,21.6,94,1.3,北北東,0.0,0.0,雨,10.5
2025610,02:00,0.5,19.4,18.9,21.9,97,1.4,北東,0.0,0.0,雨,5.35
2025610,03:00,0.0,19.5,18.9,21.8,96,2.0,東,0.0,0.0,雨,20.0
2025610,04:00,0.5,19.6,19.0,21.9,96,1.7,東,0.0,0.0,雨,14.1
2025610,05:00,0.0,19.7,19.1,22.0,96,1.5,北東,0.0,0.0,雨,14.1
2025610,06:00,0.5,19.7,19.1,22.0,96,2.0,東北東,0.0,0.0,雨,11.9
2025610,07:00,0.5,20.2,19.6,22.7,96,1.2,東,0.0,0.0,雨,12.8
2025610,08:00,0.0,20.8,20.0,23.3,95,1.1,東,0.0,0.0,雨,10.0
2025610,09:00,0.5,21.1,19.9,23.3,93,1.7,東,0.0,0.0,雨,15.9
2025610,10:00,1.5,21.2,20.4,23.9,95,0.8,東,0.0,0.0,雨,9.42
2025610,11:00,0.0,21.6,20.6,24.3,94,1.3,東北東,0.0,0.0,雨,4.59
2025610,12:00,0.5,22.0,21.2,25.1,95,1.2,東南東,0.0,0.0,雨,11.8
2025610,13:00,0.5,21.9,21.4,25.5,97,0.9,東南東,0.0,0.0,雨,9.93
2025610,14:00,1.0,21.7,21.2,25.2,97,1.5,西,0.0,0.0,雨,6.43
2025610,15:00,1.0,21.8,21.3,25.3,97,1.5,西,0.0,0.0,雨,9.95
2025610,16:00,1.0,21.5,21.0,24.9,97,3.7,南西,0.0,0.0,雨,9.89
2025610,17:00,0.0,22.2,21.5,25.7,96,4.1,西南西,0.0,0.0,雨,12.8
2025610,18:00,0.5,22.1,21.6,25.8,97,3.2,西,0.0,0.0,雨,11.0
2025610,19:00,0.0,24.1,23.3,28.5,95,6.2,南西,0.0,0.0,曇,20.0
2025610,20:00,0.0,23.9,23.2,28.5,96,6.4,南西,0.0,0.0,雨,17.5
2025610,21:00,0.0,23.7,23.2,28.4,97,6.2,南西,0.0,0.0,雨,14.3
2025610,22:00,0.0,23.9,23.2,28.5,96,8.2,南西,0.0,0.0,曇,19.4
2025610,23:00,0.0,24.0,23.0,28.1,94,9.1,南西,0.0,0.0,曇,20.0
2025610,24:00,0.0,24.5,23.3,28.6,93,8.0,南南西,0.0,0.0,雨,20.0
2025611,01:00,0.0,24.5,23.5,28.9,94,10.4,南南西,0.0,0.0,曇,20.0
2025611,02:00,0.0,24.2,23.4,28.7,95,8.6,南西,0.0,0.0,曇,19.2
2025611,03:00,0.0,24.2,23.5,29.0,96,9.7,南西,0.0,0.0,雨,15.5
2025611,04:00,1.0,24.1,23.6,29.1,97,8.7,南西,0.0,0.0,雨,17.0
2025611,05:00,0.0,24.2,23.4,28.7,95,9.1,南西,0.0,0.0,曇,18.3
2025611,06:00,0.0,24.2,23.4,28.7,95,9.7,南西,0.0,0.0,雨,16.7
2025611,07:00,0.5,24.0,23.3,28.7,96,8.0,南西,0.0,0.0,雨,15.4
2025611,08:00,0.5,24.1,23.6,29.1,97,8.1,南南西,0.0,0.0,雨,10.6
2025611,09:00,0.0,24.6,23.8,29.4,95,9.2,南西,0.0,0.0,雨,15.3
2025611,10:00,0.0,23.0,22.2,26.7,95,4.3,西,0.0,0.0,雨,7.44
2025611,11:00,0.5,22.6,21.8,26.1,95,2.9,北北西,0.0,0.0,雨,9.31
2025611,12:00,0.0,22.9,22.4,27.1,97,2.0,北東,0.0,0.0,雨,11.5
2025611,13:00,0.0,23.7,22.9,27.8,95,0.9,北北東,0.0,0.0,曇,20.0
2025611,14:00,0.5,24.0,22.8,27.8,93,1.2,北,0.0,0.0,雨,7.91
2025611,15:00,1.5,20.9,20.1,23.5,95,4.9,東北東,0.0,0.0,雨,9.73
2025611,16:00,4.5,20.0,19.5,22.7,97,6.1,北東,0.0,0.0,雨,4.61
2025611,17:00,1.0,20.6,20.0,23.3,96,4.6,東,0.0,0.0,雨,20.0
2025611,18:00,0.0,20.8,20.0,23.3,95,2.8,東南東,0.0,0.0,雨,20.0
2025611,19:00,0.0,21.0,20.2,23.6,95,2.0,東南東,0.0,0.0,曇,20.0
2025611,20:00,0.0,21.0,20.0,23.4,94,1.8,東南東,0.0,0.0,曇,20.0
2025611,21:00,0.0,21.1,19.9,23.3,93,1.0,東,0.0,0.0,曇,20.0
2025611,22:00,0.0,20.9,19.7,23.0,93,2.0,東,0.0,0.0,曇,20.0
2025611,23:00,0.0,21.0,20.2,23.6,95,1.3,北東,0.0,0.0,曇,16.7
2025611,24:00,0.0,20.7,20.1,23.4,96,1.0,北東,0.0,0.0,曇,17.0
2025612,01:00,0.0,21.0,20.2,23.6,95,0.6,北,0.0,0.0,曇,14.1
2025612,02:00,0.0,21.0,20.0,23.4,94,1.2,北,0.0,0.0,曇,11.4
2025612,03:00,0.0,20.8,20.2,23.6,96,1.4,北北東,0.0,0.0,曇,7.11
2025612,04:00,0.0,20.6,20.1,23.5,97,1.4,北,0.0,0.0,曇,7.31
2025612,05:00,0.0,20.6,20.1,23.5,97,1.4,北北西,0.0,0.0,曇,5.51
2025612,06:00,0.0,20.8,20.2,23.6,96,1.0,北北西,0.0,0.0,曇,4.93
2025612,07:00,0.0,21.9,19.8,23.1,88,1.3,北西,0.2,0.0,晴れ,10.3
2025612,08:00,0.0,23.5,20.3,23.7,82,2.8,北北西,0.7,0.0,晴れ,18.4
2025612,09:00,0.0,23.7,19.4,22.6,77,2.5,北東,0.5,0.0,曇,20.0
2025612,10:00,0.0,25.4,20.0,23.4,72,1.4,北北西,0.1,0.0,曇,18.6
2025612,11:00,0.0,25.7,18.6,21.5,65,1.1,東南東,0.1,0.0,曇,20.0
2025612,12:00,0.0,27.6,19.1,22.2,60,1.3,南南東,0.3,0.0,曇,20.0
2025612,13:00,0.0,26.8,19.9,23.3,66,2.3,南西,0.4,0.0,曇,20.0
2025612,14:00,0.0,25.1,20.2,23.6,74,4.5,南東,0.1,0.0,曇,20.0
2025612,15:00,0.0,25.4,19.1,22.1,68,4.6,南東,0.0,0.0,曇,20.0
2025612,16:00,0.0,24.4,15.1,17.1,56,5.2,東南東,0.0,0.0,曇,20.0
2025612,17:00,0.0,24.2,14.9,16.9,56,4.7,東南東,0.0,0.0,曇,20.0
2025612,18:00,0.0,23.4,14.7,16.7,58,3.8,東,0.0,0.0,曇,20.0
2025612,19:00,0.0,22.9,15.5,17.6,63,2.5,東南東,0.0,0.0,曇,20.0
2025612,20:00,0.0,22.0,17.0,19.3,73,2.5,東南東,0.0,0.0,曇,20.0
2025612,21:00,0.0,22.1,16.8,19.2,72,3.3,南東,0.0,0.0,曇,20.0
2025612,22:00,0.0,21.8,16.5,18.8,72,2.3,東南東,0.0,0.0,曇,20.0
2025612,23:00,0.0,21.4,18.0,20.6,81,1.5,南南東,0.0,0.0,曇,20.0
2025612,24:00,0.0,21.5,18.7,21.5,84,1.0,南東,0.0,0.0,曇,20.0
2025613,01:00,0.0,21.4,19.0,21.9,86,0.6,北西,0.0,0.0,曇,20.0
2025613,02:00,0.0,20.8,18.4,21.1,86,0.7,南西,0.0,0.0,曇,20.0
2025613,03:00,0.0,20.7,18.1,20.8,85,1.3,東北東,0.0,0.0,曇,20.0
2025613,04:00,0.0,20.3,17.9,20.5,86,1.4,北東,0.0,0.0,晴れ,20.0
2025613,05:00,0.0,20.1,17.3,19.8,84,3.1,東北東,0.0,0.0,曇,20.0
2025613,06:00,0.0,20.6,16.8,19.2,79,1.6,東北東,0.4,0.0,曇,20.0
2025613,07:00,0.0,21.6,17.0,19.4,75,2.9,東,0.1,0.0,曇,20.0
2025613,08:00,0.0,22.7,16.5,18.8,68,2.5,東,0.1,0.0,曇,20.0
2025613,09:00,0.0,23.4,16.7,19.0,66,4.2,東北東,0.3,0.0,曇,20.0
2025613,10:00,0.0,23.5,16.8,19.1,66,3.3,東南東,0.1,0.0,曇,20.0
2025613,11:00,0.0,24.3,17.6,20.1,66,3.6,東南東,0.0,0.0,曇,20.0
2025613,12:00,0.0,24.9,17.9,20.5,65,4.5,東南東,0.0,0.0,曇,20.0
2025613,13:00,0.0,24.6,17.1,19.5,63,5.0,東南東,0.0,0.0,曇,20.0
2025613,14:00,0.0,24.7,16.7,19.0,61,4.8,南東,0.6,0.0,曇,20.0
2025613,15:00,0.0,25.5,17.2,19.6,60,4.5,南東,0.1,0.0,曇,20.0
2025613,16:00,0.0,24.1,17.4,19.8,66,6.5,南東,0.1,0.0,曇,20.0
2025613,17:00,0.0,23.7,17.5,19.9,68,5.8,南東,0.0,0.0,曇,20.0
2025613,18:00,0.0,22.6,17.7,20.3,74,6.8,南東,0.0,0.0,曇,20.0
2025613,19:00,0.0,22.0,17.2,19.6,74,4.9,南東,0.0,0.0,曇,20.0
2025613,20:00,0.0,21.5,17.1,19.5,76,4.3,南東,0.0,0.0,曇,20.0
2025613,21:00,0.0,21.2,17.6,20.1,80,3.6,南東,0.0,0.0,曇,20.0
2025613,22:00,0.0,21.1,17.7,20.3,81,2.4,東南東,0.0,0.0,曇,20.0
2025613,23:00,0.0,21.0,18.0,20.6,83,2.4,南東,0.0,0.0,曇,20.0
2025613,24:00,0.0,21.0,18.0,20.6,83,3.2,南,0.0,0.0,曇,20.0
2025614,01:00,0.0,20.8,18.0,20.6,84,3.2,南東,0.0,0.0,曇,20.0
2025614,02:00,0.0,20.9,18.1,20.8,84,2.4,東南東,0.0,0.0,曇,20.0
2025614,03:00,0.0,20.7,18.3,21.0,86,2.2,南東,0.0,0.0,曇,20.0
2025614,04:00,0.0,20.6,18.6,21.4,88,2.4,南東,0.0,0.0,曇,20.0
2025614,05:00,0.0,20.7,18.7,21.5,88,2.8,南東,0.0,0.0,曇,20.0
2025614,06:00,0.0,21.6,18.8,21.7,84,4.0,南南東,0.1,0.0,曇,20.0
2025614,07:00,0.0,22.7,18.9,21.8,79,4.9,南南東,0.2,0.0,曇,20.0
2025614,08:00,0.0,23.5,18.4,21.1,73,4.7,南南東,0.3,0.0,曇,20.0
2025614,09:00,0.0,24.4,18.4,21.1,69,5.5,南南東,0.4,0.0,曇,20.0
2025614,10:00,0.0,24.6,18.1,20.7,67,4.7,南,0.1,0.0,曇,20.0
2025614,11:00,0.0,23.8,18.5,21.2,72,5.0,西南西,0.7,0.0,曇,20.0
2025614,12:00,0.0,23.9,18.8,21.7,73,5.4,西南西,0.0,0.0,雨,20.0
2025614,13:00,0.0,24.2,18.6,21.4,71,4.6,南西,0.1,0.0,曇,20.0
2025614,14:00,0.0,24.7,16.9,19.3,62,6.4,南南東,0.0,0.0,曇,20.0
2025614,15:00,0.0,23.9,17.4,19.9,67,6.1,南,0.0,0.0,雨,20.0
2025614,16:00,0.0,23.2,18.5,21.3,75,5.1,南,0.0,0.0,雨,20.0
2025614,17:00,0.0,22.6,19.2,22.2,81,5.7,南南東,0.0,0.0,曇,20.0
2025614,18:00,0.0,22.5,19.5,22.6,83,5.7,南東,0.0,0.0,曇,20.0
2025614,19:00,0.0,22.1,20.2,23.7,89,5.7,南東,0.0,0.0,雨,9.19
2025614,20:00,0.5,22.1,20.6,24.2,91,5.2,南東,0.0,0.0,雨,13.5
2025614,21:00,1.0,21.8,20.8,24.6,94,5.9,南東,0.0,0.0,雨,6.54
2025614,22:00,2.5,22.1,21.3,25.3,95,7.5,南東,0.0,0.0,雨,8.41
2025614,23:00,0.0,22.7,21.5,25.7,93,9.2,南南東,0.0,0.0,雨,20.0
2025614,24:00,0.0,23.4,22.4,27.1,94,8.4,南,0.0,0.0,曇,20.0
2025615,01:00,0.5,24.0,22.6,27.5,92,8.4,南,0.0,0.0,曇,20.0
2025615,02:00,0.0,25.5,23.0,28.1,86,9.2,南南西,0.0,0.0,曇,20.0
2025615,03:00,0.0,25.8,22.7,27.6,83,9.7,南南西,0.0,0.0,曇,20.0
2025615,04:00,0.0,25.7,22.4,27.1,82,10.4,南南西,0.0,0.0,曇,20.0
2025615,05:00,0.0,25.0,23.1,28.2,89,9.3,南西,0.0,0.0,曇,20.0
2025615,06:00,4.5,23.9,23.4,28.8,97,9.4,南西,0.0,0.0,雨,2.73
2025615,07:00,3.5,24.3,23.5,28.9,95,9.6,南南西,0.0,0.0,雨,9.04
2025615,08:00,0.5,25.2,23.8,29.5,92,9.4,南南西,0.0,0.0,雨,19.1
2025615,09:00,0.0,25.8,24.0,29.9,90,8.4,南西,0.0,0.0,曇,20.0
2025615,10:00,0.0,25.8,23.9,29.6,89,8.9,南西,0.0,0.0,曇,20.0
2025615,11:00,0.0,26.8,24.1,30.0,85,8.3,南西,0.0,0.0,曇,20.0
2025615,12:00,0.0,27.8,24.5,30.6,82,6.7,南西,0.6,0.0,曇,16.4
2025615,13:00,0.0,25.7,22.8,27.7,84,5.2,西南西,0.7,0.0,曇,13.1
2025615,14:00,0.0,25.9,23.2,28.4,85,2.9,西南西,0.3,0.0,曇,19.9
2025615,15:00,0.0,26.8,23.5,28.9,82,2.5,西,0.7,0.0,曇,15.6
2025615,16:00,0.0,27.6,23.8,29.6,80,5.8,南西,0.2,0.0,曇,15.8
2025615,17:00,0.0,27.0,23.5,28.9,81,3.3,西南西,0.3,0.0,曇,15.9
2025615,18:00,0.0,26.0,23.5,28.9,86,3.8,西南西,1.0,0.0,晴れ,12.2
2025615,19:00,0.0,25.8,23.5,28.9,87,3.0,西南西,0.3,0.0,晴れ,12.6
2025615,20:00,0.0,25.7,23.4,28.7,87,2.3,西南西,0.0,0.0,晴れ,14.3
2025615,21:00,0.0,25.1,23.2,28.4,89,2.1,西南西,0.0,0.0,晴れ,12.7
2025615,22:00,0.0,25.0,23.3,28.5,90,1.8,西北西,0.0,0.0,曇,10.5
2025615,23:00,0.0,25.5,23.2,28.4,87,0.8,北東,0.0,0.0,曇,11.9
2025615,24:00,0.0,25.5,23.4,28.7,88,1.2,北西,0.0,0.0,曇,10.7
2025620,01:00,0.0,24.4,21.5,25.7,84,1.8,南西,0.0,0.0,曇,20.0
2025620,02:00,0.0,24.7,21.4,25.5,82,0.8,南西,0.0,0.0,曇,20.0
2025620,03:00,0.0,24.3,21.0,24.9,82,1.0,南西,0.0,0.0,晴れ,20.0
2025620,04:00,0.0,23.9,21.0,24.9,84,2.1,西,0.0,0.0,晴れ,20.0
2025620,05:00,0.0,24.5,21.2,25.2,82,1.0,南南西,0.0,0.0,晴れ,20.0
2025620,06:00,0.0,24.8,21.9,26.3,84,1.6,南南東,0.1,0.0,曇,20.0
2025620,07:00,0.0,25.4,21.9,26.3,81,1.9,南南東,0.1,0.0,曇,20.0
2025620,08:00,0.0,27.0,22.2,26.8,75,2.4,東南東,0.8,0.0,晴れ,20.0
2025620,09:00,0.0,27.9,21.9,26.3,70,2.7,東南東,0.9,0.0,晴れ,20.0
2025620,10:00,0.0,28.3,21.1,25.0,65,2.6,東南東,1.0,0.0,雨,15.4
2025620,11:00,0.0,29.1,20.6,24.2,60,3.4,東,1.0,0.0,晴れ,18.1
2025620,12:00,0.0,29.5,20.9,24.7,60,2.7,東,1.0,0.0,晴れ,20.0
2025620,13:00,0.0,29.5,20.9,24.7,60,3.1,東,0.9,0.0,晴れ,20.0
2025620,14:00,0.0,29.8,20.9,24.8,59,2.5,南南東,0.8,0.0,晴れ,19.6
2025620,15:00,0.0,29.5,22.0,26.4,64,3.8,南南東,0.9,0.0,晴れ,20.0
2025620,16:00,0.0,28.5,21.8,26.1,67,5.8,南南東,1.0,0.0,晴れ,20.0
2025620,17:00,0.0,27.0,21.3,25.3,71,4.0,南南東,0.5,0.0,晴れ,20.0
2025620,18:00,0.0,26.0,20.8,24.5,73,3.7,南西,0.1,0.0,曇,20.0
2025620,19:00,0.0,25.2,21.1,25.0,78,3.2,南南西,0.1,0.0,曇,20.0
2025620,20:00,0.0,25.1,20.4,23.9,75,3.8,南,0.0,0.0,曇,20.0
2025620,21:00,0.0,24.8,21.3,25.4,81,3.1,南,0.0,0.0,曇,20.0
2025620,22:00,0.0,24.7,20.8,24.6,79,2.7,南,0.0,0.0,曇,20.0
2025620,23:00,0.0,24.4,20.3,23.8,78,3.7,南南東,0.0,0.0,曇,20.0
2025620,24:00,0.0,24.1,20.2,23.7,79,3.1,南西,0.0,0.0,曇,20.0
2025621,01:00,0.0,23.7,20.3,23.7,81,2.5,南西,0.0,0.0,晴れ,20.0
2025621,02:00,0.0,23.5,20.3,23.7,82,2.7,南南西,0.0,0.0,晴れ,20.0
2025621,03:00,0.0,23.6,20.7,24.5,84,2.6,南南西,0.0,0.0,晴れ,20.0
2025621,04:00,0.0,23.3,20.6,24.3,85,1.9,南,0.0,0.0,晴れ,20.0
2025621,05:00,0.0,23.2,20.7,24.5,86,1.8,南,0.0,0.0,晴れ,20.0
2025621,06:00,0.0,23.8,21.1,25.1,85,1.9,南,0.9,0.0,晴れ,20.0
2025621,07:00,0.0,24.6,20.9,24.8,80,3.0,南南西,0.9,0.0,晴れ,20.0
2025621,08:00,0.0,26.9,21.9,26.2,74,2.5,南,1.0,0.0,晴れ,20.0
2025621,09:00,0.0,27.5,21.8,26.1,71,3.3,南南東,1.0,0.0,晴れ,20.0
2025621,10:00,0.0,28.4,20.7,24.4,63,4.7,南南東,0.9,0.0,晴れ,20.0
2025621,11:00,0.0,29.3,20.2,23.6,58,5.2,南南東,1.0,0.0,晴れ,20.0
2025621,12:00,0.0,29.6,21.0,24.9,60,6.7,南南東,1.0,0.0,晴れ,20.0
2025621,13:00,0.0,29.4,21.1,25.0,61,7.1,南南東,1.0,0.0,晴れ,20.0
2025621,14:00,0.0,29.6,21.8,26.1,63,6.8,南南東,1.0,0.0,晴れ,20.0
2025621,15:00,0.0,29.3,20.2,23.6,58,6.1,南南西,1.0,0.0,晴れ,20.0
2025621,16:00,0.0,29.2,21.2,25.1,62,5.4,南,1.0,0.0,晴れ,20.0
2025621,17:00,0.0,28.1,20.9,24.7,65,5.5,南南西,1.0,0.0,晴れ,20.0
2025621,18:00,0.0,26.8,22.0,26.4,75,4.3,南南西,1.0,0.0,晴れ,20.0
2025621,19:00,0.0,25.8,22.1,26.6,80,4.6,南,0.1,0.0,曇,20.0
2025621,20:00,0.0,25.7,21.8,26.1,79,5.7,南南西,0.0,0.0,曇,20.0
2025621,21:00,0.0,25.4,21.7,26.0,80,3.7,南南西,0.0,0.0,曇,20.0
2025621,22:00,0.0,25.2,21.1,25.0,78,4.5,南南西,0.0,0.0,曇,20.0
2025621,23:00,0.0,25.1,21.0,24.9,78,5.1,南南西,0.0,0.0,曇,20.0
2025621,24:00,0.0,24.8,20.7,24.4,78,5.0,南南西,0.0,0.0,曇,20.0
2025622,01:00,0.0,24.6,20.3,23.8,77,4.4,南西,0.0,0.0,曇,20.0
2025622,02:00,0.0,24.7,20.0,23.3,75,5.7,南西,0.0,0.0,曇,20.0
2025622,03:00,0.0,24.6,19.7,22.9,74,5.2,南南西,0.0,0.0,曇,20.0
2025622,04:00,0.0,24.4,19.9,23.2,76,6.6,南南西,0.0,0.0,曇,20.0
2025622,05:00,0.0,24.2,20.3,23.9,79,5.4,南南西,0.0,0.0,晴れ,20.0
2025622,06:00,0.0,24.9,20.8,24.6,78,5.3,南南西,0.9,0.0,晴れ,20.0
2025622,07:00,0.0,26.1,20.4,24.0,71,7.0,南西,1.0,0.0,晴れ,20.0
2025622,08:00,0.0,27.1,20.0,23.3,65,7.8,南西,1.0,0.0,晴れ,20.0
2025622,09:00,0.0,27.9,20.2,23.7,63,8.5,南南西,1.0,0.0,晴れ,20.0
2025622,10:00,0.0,29.2,20.4,23.9,59,7.7,南西,1.0,0.0,晴れ,20.0
2025622,11:00,0.0,30.4,21.2,25.2,58,8.3,南西,1.0,0.0,晴れ,20.0
2025622,12:00,0.0,30.6,21.1,25.0,57,8.4,南西,1.0,0.0,晴れ,20.0
2025622,13:00,0.0,30.3,21.1,25.0,58,9.1,南南西,1.0,0.0,晴れ,20.0
2025622,14:00,0.0,30.2,21.6,25.8,60,7.9,南南西,1.0,0.0,晴れ,20.0
2025622,15:00,0.0,30.2,21.3,25.3,59,9.3,南南西,1.0,0.0,晴れ,20.0
2025622,16:00,0.0,29.4,22.1,26.7,65,7.6,南南西,1.0,0.0,晴れ,20.0
2025622,17:00,0.0,27.9,22.6,27.4,73,7.1,南南西,1.0,0.0,晴れ,19.5
2025622,18:00,0.0,26.8,22.4,27.1,77,7.7,南南西,1.0,0.0,晴れ,18.1
2025622,19:00,0.0,26.3,22.6,27.4,80,6.7,南南西,0.2,0.0,晴れ,18.3
2025622,20:00,0.0,26.1,22.4,27.1,80,7.0,南南西,0.0,0.0,晴れ,18.8
2025622,21:00,0.0,26.1,22.4,27.1,80,6.8,南南西,0.0,0.0,晴れ,20.0
2025622,22:00,0.0,26.1,22.2,26.7,79,6.8,南南西,0.0,0.0,晴れ,20.0
2025622,23:00,0.0,26.5,22.1,26.7,77,8.6,南西,0.0,0.0,晴れ,20.0
2025622,24:00,0.0,25.7,22.4,27.1,82,6.4,南南西,0.0,0.0,晴れ,20.0
2025624,01:00,0.0,26.5,23.4,28.7,83,6.0,南南東,0.0,0.0,曇,20.0
2025624,02:00,0.0,26.4,23.1,28.2,82,5.5,南,0.0,0.0,曇,20.0
2025624,03:00,0.0,26.4,23.1,28.2,82,4.2,南,0.0,0.0,曇,20.0
2025624,04:00,0.0,26.4,23.3,28.6,83,4.2,南,0.0,0.0,曇,20.0
2025624,05:00,0.0,26.4,23.9,29.6,86,3.5,南南東,0.0,0.0,曇,20.0
2025624,06:00,0.0,26.5,24.2,30.1,87,4.2,南南東,0.0,0.0,曇,20.0
2025624,07:00,0.0,26.9,24.0,29.8,84,3.9,南南東,0.0,0.0,曇,20.0
2025624,08:00,0.0,27.6,24.1,29.9,81,4.4,南南東,0.0,0.0,曇,20.0
2025624,09:00,0.0,27.9,23.7,29.3,78,3.4,南南西,0.0,0.0,曇,20.0
2025624,10:00,0.0,28.0,23.2,28.4,75,4.7,南南東,0.0,0.0,曇,20.0
2025624,11:00,0.0,28.6,23.3,28.6,73,3.8,南,0.0,0.0,曇,20.0
2025624,12:00,0.0,27.5,24.2,30.1,82,3.4,西,0.0,0.0,曇,20.0
2025624,13:00,0.0,27.1,24.8,31.2,87,3.0,西南西,0.0,0.0,雨,17.3
2025624,14:00,0.0,28.1,24.5,30.8,81,2.4,西,0.1,0.0,雨,20.0
2025624,15:00,0.0,27.6,24.5,30.7,83,0.9,西南西,0.0,0.0,雨,20.0
2025624,16:00,0.0,28.1,24.1,30.0,79,4.8,南東,0.0,0.0,曇,20.0
2025624,17:00,0.0,28.6,24.2,30.2,77,4.9,南東,0.2,0.0,曇,20.0
2025624,18:00,0.0,28.4,23.8,29.4,76,5.4,南東,0.0,0.0,曇,20.0
2025624,19:00,0.0,27.6,24.3,30.3,82,5.2,南東,0.0,0.0,曇,20.0
2025624,20:00,0.0,26.9,24.8,31.2,88,4.3,東南東,0.0,0.0,曇,20.0
2025624,21:00,0.0,26.9,24.8,31.2,88,3.4,南東,0.0,0.0,曇,20.0
2025624,22:00,0.0,26.4,24.6,31.0,90,3.9,南東,0.0,0.0,曇,20.0
2025624,23:00,0.0,26.3,24.7,31.1,91,3.0,東南東,0.0,0.0,曇,18.4
2025624,24:00,0.0,26.1,24.7,31.1,92,2.6,東南東,0.0,0.0,曇,20.0
2025627,01:00,0.0,24.7,23.0,28.0,90,4.5,南西,0.0,0.0,曇,20.0
2025627,02:00,0.0,24.7,23.3,28.6,92,5.4,南西,0.0,0.0,曇,20.0
2025627,03:00,0.0,24.6,23.4,28.8,93,4.5,南西,0.0,0.0,晴れ,20.0
2025627,04:00,0.0,24.7,23.0,28.0,90,5.2,南西,0.0,0.0,曇,20.0
2025627,05:00,0.0,24.9,23.0,28.0,89,4.4,南西,0.0,0.0,曇,20.0
2025627,06:00,0.0,25.0,23.1,28.2,89,2.3,南西,0.1,0.0,曇,20.0
2025627,07:00,0.0,26.0,23.1,28.2,84,2.9,西南西,0.8,0.0,曇,20.0
2025627,08:00,0.0,26.9,23.0,28.0,79,2.5,西南西,1.0,0.0,晴れ,20.0
2025627,09:00,0.0,27.9,23.1,28.2,75,2.7,西,1.0,0.0,晴れ,20.0
2025627,10:00,0.0,29.0,23.4,28.9,72,2.3,西南西,1.0,0.0,晴れ,20.0
2025627,11:00,0.0,29.5,23.2,28.5,69,2.0,西南西,0.8,0.0,晴れ,20.0
2025627,12:00,0.0,29.5,24.2,30.1,73,1.2,西南西,0.0,0.0,曇,20.0
2025627,13:00,0.0,30.0,24.2,30.1,71,5.1,東南東,0.3,0.0,晴れ,20.0
2025627,14:00,0.0,32.1,23.6,29.2,61,3.0,東南東,0.5,0.0,晴れ,20.0
2025627,15:00,0.0,30.0,22.4,27.2,64,5.3,東南東,0.4,0.0,晴れ,20.0
2025627,16:00,0.0,29.4,23.1,28.3,69,5.3,東,0.1,0.0,曇,20.0
2025627,17:00,0.0,28.6,22.4,27.0,69,4.2,東,0.0,0.0,曇,20.0
2025627,18:00,0.0,28.0,22.0,26.5,70,4.7,東,0.4,0.0,晴れ,20.0
2025627,19:00,0.0,27.4,22.4,27.0,74,3.1,東,0.0,0.0,曇,20.0
2025627,20:00,0.0,26.7,22.5,27.3,78,3.1,東,0.0,0.0,曇,20.0
2025627,21:00,0.0,26.2,22.5,27.2,80,3.5,北東,0.0,0.0,曇,20.0
2025627,22:00,0.0,26.4,22.5,27.2,79,1.8,北東,0.0,0.0,曇,20.0
2025627,23:00,0.0,26.1,22.2,26.7,79,2.5,東,0.0,0.0,曇,20.0
2025627,24:00,0.0,26.2,22.3,26.9,79,1.4,北,0.0,0.0,曇,20.0
2025628,01:00,0.0,25.7,22.2,26.8,81,1.3,北北東,0.0,0.0,晴れ,20.0
2025628,02:00,0.0,25.3,21.4,25.5,79,1.3,北,0.0,0.0,晴れ,20.0
2025628,03:00,0.0,25.3,20.8,24.5,76,1.6,北,0.0,0.0,晴れ,20.0
2025628,04:00,0.0,25.1,20.8,24.5,77,1.5,北,0.0,0.0,晴れ,20.0
2025628,05:00,0.0,25.1,20.4,23.9,75,1.2,北,0.0,0.0,晴れ,20.0
2025628,06:00,0.0,26.1,20.2,23.7,70,1.3,北北西,0.5,0.0,曇,20.0
2025628,07:00,0.0,27.1,19.2,22.2,62,2.6,北北西,1.0,0.0,晴れ,20.0
2025628,08:00,0.0,28.4,18.2,20.9,54,4.5,北西,1.0,0.0,晴れ,20.0
2025628,09:00,0.0,29.0,18.2,20.8,52,3.1,北西,0.9,0.0,曇,20.0
2025628,10:00,0.0,29.4,18.2,20.9,51,1.9,北,1.0,0.0,晴れ,20.0
2025628,11:00,0.0,30.5,19.2,22.3,51,2.8,北北東,1.0,0.0,晴れ,20.0
2025628,12:00,0.0,31.5,16.3,18.5,40,3.3,北北東,1.0,0.0,晴れ,20.0
2025628,13:00,0.0,32.6,16.0,18.2,37,2.0,北北東,1.0,0.0,晴れ,20.0
2025628,14:00,0.0,32.3,15.8,17.9,37,3.2,東,1.0,0.0,晴れ,20.0
2025628,15:00,0.0,32.0,13.7,15.7,33,4.1,東北東,1.0,0.0,晴れ,20.0
2025628,16:00,0.0,31.3,17.2,19.7,43,5.9,南東,1.0,0.0,晴れ,20.0
2025628,17:00,0.0,29.7,16.5,18.8,45,6.4,南東,1.0,0.0,晴れ,20.0
2025628,18:00,0.0,28.3,16.3,18.5,48,5.2,東南東,0.4,0.0,晴れ,20.0
2025628,19:00,0.0,27.2,16.8,19.1,53,4.3,南東,0.3,0.0,晴れ,20.0
2025628,20:00,0.0,26.6,17.7,20.2,58,4.4,南東,0.0,0.0,晴れ,20.0
2025628,21:00,0.0,26.1,18.5,21.3,63,3.9,南南東,0.0,0.0,晴れ,20.0
2025628,22:00,0.0,25.6,18.5,21.3,65,3.1,南東,0.0,0.0,晴れ,20.0
2025628,23:00,0.0,25.1,19.3,22.3,70,4.0,南東,0.0,0.0,晴れ,20.0
2025628,24:00,0.0,25.1,19.7,23.0,72,3.0,東南東,0.0,0.0,晴れ,20.0
2025629,01:00,0.0,24.7,19.8,23.0,74,2.0,南東,0.0,0.0,晴れ,20.0
2025629,02:00,0.0,24.3,20.0,23.4,77,1.1,南南東,0.0,0.0,晴れ,20.0
2025629,03:00,0.0,24.0,20.3,23.9,80,1.1,南,0.0,0.0,晴れ,20.0
2025629,04:00,0.0,24.0,20.3,23.9,80,1.0,南南東,0.0,0.0,晴れ,14.2
2025629,05:00,0.0,24.0,20.3,23.9,80,1.1,南西,0.1,0.0,晴れ,18.5
2025629,06:00,0.0,25.4,21.7,26.0,80,1.6,南南西,1.0,0.0,晴れ,20.0
2025629,07:00,0.0,26.0,22.3,26.9,80,2.6,南西,1.0,0.0,晴れ,20.0
2025629,08:00,0.0,26.8,22.2,26.8,76,3.6,西南西,1.0,0.0,晴れ,20.0
2025629,09:00,0.0,26.7,21.0,24.9,71,4.0,西南西,1.0,0.0,晴れ,20.0
2025629,10:00,0.0,28.0,21.3,25.3,67,4.5,西南西,1.0,0.0,晴れ,20.0
2025629,11:00,0.0,28.6,22.1,26.6,68,5.0,西南西,1.0,0.0,晴れ,20.0
2025629,12:00,0.0,29.5,20.9,24.7,60,5.0,西南西,1.0,0.0,晴れ,20.0
2025629,13:00,0.0,30.4,20.4,23.9,55,5.6,西南西,1.0,0.0,晴れ,20.0
2025629,14:00,0.0,30.8,19.2,22.2,50,6.2,西南西,1.0,0.0,晴れ,20.0
2025629,15:00,0.0,29.9,21.0,24.9,59,6.4,西南西,1.0,0.0,晴れ,20.0
2025629,16:00,0.0,29.6,21.6,25.7,62,6.0,西南西,1.0,0.0,晴れ,20.0
2025629,17:00,0.0,28.9,20.1,23.5,59,6.7,西南西,1.0,0.0,晴れ,20.0
2025629,18:00,0.0,28.7,18.2,20.9,53,5.8,南西,0.5,0.0,晴れ,20.0
2025629,19:00,0.0,28.1,17.3,19.8,52,4.3,南西,0.4,0.0,晴れ,20.0
2025629,20:00,0.0,27.6,18.3,21.1,57,3.7,南西,0.0,0.0,曇,20.0
2025629,21:00,0.0,27.1,19.2,22.2,62,3.8,南西,0.0,0.0,曇,20.0
2025629,22:00,0.0,26.7,21.0,24.9,71,4.1,南西,0.0,0.0,曇,20.0
2025629,23:00,0.0,26.4,21.2,25.1,73,2.6,南,0.0,0.0,晴れ,20.0
2025629,24:00,0.0,26.2,21.4,25.5,75,3.9,南西,0.0,0.0,晴れ,20.0
202571,01:00,0.0,25.3,23.2,28.4,88,1.1,東北東,0.0,0.0,晴れ,9.65
202571,02:00,0.0,24.9,23.0,28.0,89,2.0,南南東,0.0,0.0,晴れ,8.86
202571,03:00,0.0,24.4,22.1,26.6,87,0.5,西北西,0.0,0.0,晴れ,17.0
202571,04:00,0.0,24.6,22.3,26.9,87,1.1,西,0.0,0.00,晴れ,16.2
202571,05:00,0.0,25.3,21.6,25.8,80,0.6,北北東,0.1,0.05,曇,20.0
202571,06:00,0.0,25.9,22.0,26.4,79,0.2,静穏,0.1,0.27,曇,20.0
202571,07:00,0.0,26.9,21.2,25.2,71,0.7,南西,0.2,0.57,曇,20.0
202571,08:00,0.0,28.8,20.3,23.8,60,0.7,南南西,0.4,1.25,曇,20.0
202571,09:00,0.0,30.0,20.6,24.2,57,0.8,南南東,0.1,1.19,曇,20.0
202571,10:00,0.0,30.8,20.1,23.6,53,1.1,北北東,0.1,1.57,曇,20.0
202571,11:00,0.0,30.3,22.2,26.8,62,2.0,東南東,0.1,1.42,曇,14.9
202571,12:00,0.0,31.3,22.1,26.5,58,2.2,南東,0.2,1.75,曇,18.5
202571,13:00,0.0,30.6,21.1,25.0,57,3.2,南,0.0,1.15,曇,20.0
202571,14:00,0.0,31.1,21.9,26.2,58,1.0,西南西,0.1,1.32,雨,19.3
202571,15:00,0.0,29.9,21.8,26.2,62,1.9,南南西,0.0,0.63,雨,16.0
202571,16:00,0.0,30.2,21.6,25.8,60,0.8,北西,0.0,0.88,曇,20.0
202571,17:00,0.0,29.4,21.9,26.2,64,1.5,東南東,0.1,0.61,曇,18.8
202571,18:00,0.0,29.0,22.0,26.4,66,1.9,南南東,0.1,0.39,曇,20.0
202571,19:00,0.0,28.1,22.4,27.0,71,2.3,南東,0.0,0.06,曇,18.9
202571,20:00,0.0,27.6,22.6,27.3,74,1.7,南南東,0.0,0.00,雨,17.8
202571,21:00,0.0,27.6,22.8,27.7,75,0.6,北東,0.0,0.0,曇,17.9
202571,22:00,0.0,27.7,23.1,28.2,76,1.9,北,0.0,0.0,曇,19.2
202571,23:00,0.0,27.2,23.2,28.5,79,1.1,北,0.0,0.0,曇,19.7
202571,24:00,0.0,26.8,23.3,28.6,81,0.6,北東,0.0,0.0,曇,19.3
202572,01:00,0.0,26.0,22.7,27.6,82,0.8,東南東,0.0,0.0,晴れ,17.2
202572,02:00,0.0,25.7,22.8,27.7,84,0.2,静穏,0.0,0.0,晴れ,16.0
202572,03:00,0.0,26.1,23.0,28.1,83,1.0,南西,0.0,0.0,曇,19.7
202572,04:00,0.0,26.1,22.8,27.7,82,1.3,北,0.0,0.00,曇,19.6
202572,05:00,0.0,25.9,22.6,27.4,82,1.0,北,0.0,0.03,曇,20.0
202572,06:00,0.0,26.2,22.7,27.6,81,0.8,東南東,0.0,0.26,曇,20.0
202572,07:00,0.0,27.0,23.1,28.2,79,0.6,南東,0.6,0.94,晴れ,19.0
202572,08:00,0.0,29.1,23.1,28.2,70,0.9,南東,1.0,1.81,晴れ,20.0
202572,09:00,0.0,30.8,22.7,27.6,62,2.5,南東,1.0,2.40,晴れ,19.9
202572,10:00,0.0,31.8,23.4,28.7,61,3.2,南南東,1.0,2.92,晴れ,20.0
202572,11:00,0.0,32.3,23.5,29.0,60,3.8,南東,1.0,3.23,晴れ,20.0
202572,12:00,0.0,31.1,22.7,27.6,61,3.8,南東,0.9,3.22,晴れ,20.0
202572,13:00,0.0,30.3,22.2,26.8,62,4.3,南東,0.8,2.62,晴れ,20.0
202572,14:00,0.0,29.7,22.7,27.5,66,6.1,南南東,0.7,2.44,雷電,20.0
202572,15:00,0.0,28.2,22.2,26.8,70,3.9,南南東,0.0,1.21,雷電,20.0
202572,16:00,0.0,28.6,22.4,27.0,69,3.7,南南東,0.0,0.90,雷電,20.0
202572,17:00,0.0,28.5,22.5,27.3,70,2.2,南,0.0,0.27,雷電,20.0
202572,18:00,0.0,27.5,23.1,28.3,77,1.7,南東,0.0,0.13,雨,13.0
202572,19:00,0.0,27.2,23.7,29.2,81,0.8,東南東,0.0,0.10,曇,16.3
202572,20:00,0.0,26.6,23.1,28.2,81,0.9,南南東,0.0,0.00,曇,16.9
202572,21:00,0.0,26.6,23.3,28.6,82,1.4,北,0.0,0.0,晴れ,17.6
202572,22:00,0.0,26.2,22.5,27.2,80,1.2,南南東,0.0,0.0,晴れ,20.0
202572,23:00,0.0,25.8,23.3,28.6,86,1.0,東,0.0,0.0,晴れ,15.2
202572,24:00,0.0,25.2,23.6,29.2,91,0.8,東,0.0,0.0,晴れ,7.52
202574,01:00,0.0,28.0,23.6,29.1,77,3.4,西南西,0.0,0.0,曇,19.7
202574,02:00,0.0,27.7,23.7,29.4,79,2.1,西,0.0,0.0,晴れ,17.1
202574,03:00,0.0,27.7,23.5,29.0,78,1.6,西,0.0,0.0,晴れ,16.8
202574,04:00,0.0,27.7,23.3,28.6,77,1.8,西,0.0,0.0,晴れ,17.8
202574,05:00,0.0,27.2,23.2,28.5,79,1.0,西北西,0.0,0.0,晴れ,17.7
202574,06:00,0.0,27.6,23.2,28.4,77,0.8,北北西,0.0,0.0,晴れ,16.8
202574,07:00,0.0,28.5,22.7,27.6,71,0.8,北東,0.6,0.0,晴れ,17.1
202574,08:00,0.0,29.0,23.4,28.9,72,2.9,西北西,1.0,0.0,晴れ,16.0
202574,09:00,0.0,29.5,24.2,30.1,73,3.1,南南西,0.9,0.0,晴れ,15.0
202574,10:00,0.0,29.6,23.8,29.5,71,3.6,南南西,0.9 ),0.0,晴れ,15.8
202574,11:00,0.0,30.3,24.2,30.2,70,4.0,南西,0.7,0.0,晴れ,15.6
202574,12:00,0.0,30.0,24.4,30.6,72,6.5,南西,0.4,0.0,曇,12.4
202574,13:00,0.0,31.2,24.6,30.9,68,6.4,南西,1.0,0.0,晴れ,11.0
202574,14:00,0.0,30.7,24.8,31.4,71,5.1,南南西,1.0,0.0,晴れ,11.4
202574,15:00,0.0,30.8,24.9,31.6,71,4.7,南南西,1.0,0.0,晴れ,10.7
202574,16:00,0.0,30.3,24.5,30.7,71,4.8,南南西,1.0,0.0,晴れ,9.36
202574,17:00,0.0,29.6,24.9,31.5,76,4.5,南西,1.0,0.0,晴れ,9.42
202574,18:00,0.0,29.7,24.6,30.9,74,4.3,南西,1.0,0.0,晴れ,8.83
202574,19:00,0.0,29.0,24.8,31.3,78,3.5,西南西,0.1,0.0,晴れ,10.3
202574,20:00,0.0,28.9,24.9,31.5,79,3.1,西南西,0.0,0.0,晴れ,10.3
202574,21:00,0.0,28.7,25.1,31.9,81,3.6,南西,0.0,0.0,晴れ,9.99
202574,22:00,0.0,28.5,24.7,31.1,80,3.8,西南西,0.0,0.0,晴れ,10.2
202574,23:00,0.0,28.5,23.2,28.4,73,3.0,西,0.0,0.0,晴れ,10.3
202574,24:00,0.0,28.6,22.1,26.6,68,3.6,西,0.0,0.0,晴れ,10.3
202575,01:00,0.0,28.3,22.8,27.7,72,3.2,西南西,0.0,0.0,晴れ,10.3
202575,02:00,0.0,28.2,23.6,29.1,76,3.2,西南西,0.0,0.0,晴れ,10.0
202575,03:00,0.0,28.0,23.8,29.5,78,3.5,西南西,0.0,0.0,晴れ,8.89
202575,04:00,0.0,27.6,24.1,29.9,81,2.8,西南西,0.0,0.0,晴れ,8.11
202575,05:00,0.0,27.5,24.2,30.1,82,2.6,西南西,0.0,0.0,曇,7.73
202575,06:00,0.0,27.8,24.2,30.3,81,2.7,西南西,0.0,0.0,曇,7.62
202575,07:00,0.0,27.9,24.5,30.8,82,2.9,南西,0.0,0.0,曇,7.52
202575,08:00,0.0,29.6,24.7,31.1,75,2.0,南西,1.0,0.0,晴れ,7.44
202575,09:00,0.0,31.0,23.9,29.7,66,4.9,南西,0.8,0.0,晴れ,8.57
202575,10:00,0.0,31.9,23.2,28.4,60,4.8,西,1.0,0.0,晴れ,10.0
202575,11:00,0.0,32.8,23.2,28.4,57,5.7,南南西,1.0,0.0,晴れ,12.2
202575,12:00,0.0,31.5,23.6,29.1,63,6.9,南西,1.0,0.0,晴れ,9.39
202575,13:00,0.0,32.0,23.3,28.5,60,6.0,南西,1.0,0.0,晴れ,10.4
202575,14:00,0.0,32.8,23.2,28.4,57,5.4,南西,1.0,0.0,晴れ,12.9
202575,15:00,0.0,33.1,22.5,27.3,54,5.2,南西,1.0,0.0,晴れ,13.9
202575,16:00,0.0,32.0,23.0,28.1,59,4.8,南西,1.0,0.0,晴れ,12.6
202575,17:00,0.0,31.9,22.0,26.5,56,5.3,南西,1.0,0.0,晴れ,15.1
202575,18:00,0.0,31.4,22.4,27.1,59,3.7,南西,1.0,0.0,晴れ,14.2
202575,19:00,0.0,32.4,21.9,26.3,54,3.8,南西,0.4,0.0,晴れ,14.3
202575,20:00,0.0,30.0,23.5,28.9,68,4.9,南西,0.0,0.0,曇,9.02
202575,21:00,0.0,29.0,24.3,30.5,76,3.9,南西,0.0,0.0,晴れ,6.19
202575,22:00,0.0,28.4,24.6,31.0,80,3.8,南西,0.0,0.0,晴れ,4.91
202575,23:00,0.0,28.0,24.8,31.4,83,4.2,南西,0.0,0.0,晴れ,4.72
202575,24:00,0.0,28.4,25.0,31.7,82,3.3,西南西,0.0,0.0,晴れ,5.18
202576,01:00,0.0,28.8,24.2,30.1,76,1.8,北西,0.0,0.0,,
202576,02:00,0.0,28.8,23.9,29.7,75,1.6,北北西,0.0,0.0,,
202576,03:00,0.0,28.9,23.8,29.5,74,1.3,北北西,0.0,0.0,晴れ,6.00
202576,04:00,0.0,28.8,23.7,29.3,74,0.7,北北東,0.0,0.0,,
202576,05:00,0.0,28.8,23.0,28.1,71,0.9,南南西,0.0,0.00,,
202576,06:00,0.0,28.8,23.7,29.3,74,2.8,南,0.0,0.17,晴れ,6.00
202576,07:00,0.0,29.3,23.0,28.1,69,2.8,南南西,0.8,0.63,,
202576,08:00,0.0,29.3,23.0,28.1,69,3.0,西南西,0.7,1.27,,
202576,09:00,0.0,29.8,23.0,28.1,67,3.6,南西,0.9,1.74,薄曇,10.0
202576,10:00,0.0,30.6,23.8,29.4,67,3.2,南南西,0.4,1.81,,
202576,11:00,0.0,31.7,23.3,28.5,61,4.4,南西,1.0,3.02,,
202576,12:00,0.0,31.6,22.0,26.5,57,2.8,南西,1.0,3.14,薄曇,15.0
202576,13:00,0.0,32.9,20.8,24.5,49,3.4,南南西,1.0,3.36,,
202576,14:00,0.0,32.8,20.7,24.4,49,3.2,西南西,1.0,3.12,,
202576,15:00,0.0,33.8,20.9,24.7,47,2.4,南西,1.0,2.65,晴れ,20.0
202576,16:00,0.0,34.0,20.8,24.5,46,3.3,南西,1.0,2.18,,
202576,17:00,0.0,33.2,20.7,24.4,48,2.9,西南西,0.8,1.10,,
202576,18:00,0.0,33.2,21.7,26.0,51,2.6,西,1.0,0.81,薄曇,20.0
202576,19:00,0.0,32.6,22.7,27.6,56,2.1,西南西,0.3,0.25,,
202576,20:00,0.0,32.2,22.6,27.4,57,1.5,西南西,0.0,0.01,,
202576,21:00,0.0,31.7,22.7,27.6,59,3.0,北東,0.0,0.0,晴れ,20.0
202576,22:00,0.0,31.0,22.9,27.9,62,3.6,北北東,0.0,0.0,,
202576,23:00,0.0,30.0,23.0,28.0,66,3.2,北東,0.0,0.0,,
202576,24:00,0.0,29.4,22.6,27.5,67,3.7,北東,0.0,0.0,,
202578,01:00,0.0,27.8,25.2,32.1,86,4.0,南南東,0.0,0.0,曇,5.12
202578,02:00,0.0,27.6,25.2,32.1,87,2.5,南南東,0.0,0.0,晴れ,4.47
202578,03:00,0.0,27.3,25.3,32.3,89,3.4,南南東,0.0,0.0,晴れ,4.34
202578,04:00,0.0,26.8,24.8,31.4,89,3.2,南東,0.0,0.0,晴れ,4.24
202578,05:00,0.0,26.8,24.8,31.4,89,1.6,南東,0.0,0.0,晴れ,2.95
202578,06:00,0.0,27.4,24.9,31.4,86,1.4,南東,0.6,0.0,晴れ,3.58
202578,07:00,0.0,28.8,24.8,31.3,79,0.7,南南東,1.0,0.0,晴れ,4.66
202578,08:00,0.0,30.1,25.4,32.4,76,2.3,南東,0.8,0.0,晴れ,6.04
202578,09:00,0.0,31.3,24.4,30.6,67,3.4,南南東,0.6,0.0,晴れ,9.10
202578,10:00,0.0,31.0,24.4,30.6,68,2.8,西南西,0.5,0.0,晴れ,7.85
202578,11:00,0.0,31.7,24.6,30.9,66,2.5,西南西,0.6,0.0,晴れ,9.17
202578,12:00,0.0,31.1,25.5,32.5,72,3.6,西南西,0.2,0.0,晴れ,8.43
202578,13:00,0.0,31.1,25.2,32.1,71,3.6,西南西,0.1,0.0,曇,8.47
202578,14:00,0.0,32.6,26.2,34.0,69,3.6,西南西,0.3,0.0,曇,10.4
202578,15:00,0.0,32.3,26.1,33.9,70,5.8,西南西,1.0,0.0,晴れ,10.9
202578,16:00,0.5,30.3,26.5,34.6,80,5.6,西南西,0.6,0.0,雨,8.19
202578,17:00,0.0,30.6,26.3,34.3,78,5.8,西南西,0.8,0.0,晴れ,8.18
202578,18:00,0.0,31.5,23.3,28.7,62,5.3,南,1.0,0.0,晴れ,12.9
202578,19:00,0.0,30.5,22.9,28.0,64,4.9,南,0.3,0.0,晴れ,11.2
202578,20:00,0.0,29.7,23.9,29.6,71,6.3,南,0.0,0.0,晴れ,7.01
202578,21:00,0.0,28.8,25.2,32.1,81,4.9,南,0.0,0.0,晴れ,5.36
202578,22:00,0.0,28.6,25.0,31.7,81,3.9,南,0.0,0.0,晴れ,4.97
202578,23:00,0.0,28.4,25.4,32.5,84,4.3,南,0.0,0.0,晴れ,4.53
202578,24:00,0.0,28.1,25.1,32.0,84,4.2,南,0.0,0.0,晴れ,3.90
202579,01:00,0.0,27.9,25.2,32.0,85,4.7,南,0.0,0.0,晴れ,3.71
202579,02:00,0.0,27.8,25.1,31.8,85,3.8,南,0.0,0.0,晴れ,4.52
202579,03:00,0.0,27.5,25.0,31.6,86,4.4,南,0.0,0.0,晴れ,4.67
202579,04:00,0.0,27.5,25.0,31.6,86,3.7,南,0.0,0.0,晴れ,5.19
202579,05:00,0.0,27.5,25.0,31.6,86,4.0,南,0.0,0.0,晴れ,5.37
202579,06:00,0.0,28.1,24.5,30.8,81,4.4,南,0.2,0.0,晴れ,7.78
202579,07:00,0.0,29.5,25.0,31.8,77,3.6,南,1.0,0.0,晴れ,8.59
202579,08:00,0.0,29.9,25.0,31.7,75,5.1,南西,0.9,0.0,晴れ,9.19
202579,09:00,0.0,30.8,25.2,32.0,72,4.6,西南西,0.6,0.0,晴れ,9.34
202579,10:00,0.0,30.9,25.5,32.6,73,5.4,西南西,0.9,0.0,晴れ,9.10
202579,11:00,0.0,31.3,25.7,32.9,72,5.9,西南西,1.0,0.0,晴れ,7.98
202579,12:00,0.0,31.7,24.6,30.9,66,5.6,西南西,1.0,0.0,晴れ,7.30
202579,13:00,0.0,31.7,24.3,30.4,65,6.8,西南西,1.0,0.0,晴れ,6.46
202579,14:00,0.0,31.5,24.4,30.5,66,7.1,西南西,1.0,0.0,晴れ,6.52
202579,15:00,0.0,31.4,25.3,32.2,70,6.7,西南西,1.0,0.0,晴れ,16.2
202579,16:00,0.0,32.0,25.1,31.9,67,5.0,南南西,0.8,0.0,晴れ,15.4
202579,17:00,0.0,31.9,23.2,28.4,60,7.2,南,0.8,0.0,晴れ,20.0
202579,18:00,0.0,30.9,23.6,29.1,65,5.4,南,1.0,0.0,晴れ,20.0
202579,19:00,0.0,29.9,23.8,29.5,70,5.9,南,0.4,0.0,晴れ,20.0
202579,20:00,0.0,29.1,23.8,29.4,73,7.0,南,0.0,0.0,晴れ,20.0
202579,21:00,0.0,28.5,24.3,30.4,78,5.9,南南東,0.0,0.0,晴れ,20.0
202579,22:00,0.0,28.1,24.5,30.8,81,5.9,南,0.0,0.0,晴れ,20.0
202579,23:00,0.0,27.7,24.4,30.5,82,5.5,南南東,0.0,0.0,晴れ,20.0
202579,24:00,0.0,27.6,24.5,30.7,83,4.2,南,0.0,0.0,晴れ,20.0
2025711,01:00,0.0,22.2,20.8,24.6,92,5.6,北東,0.0,0.0,曇,20.0
2025711,02:00,0.0,22.1,20.6,24.2,91,6.4,北東,0.0,0.0,曇,20.0
2025711,03:00,0.0,22.0,20.6,24.3,92,5.6,北東,0.0,0.0,曇,20.0
2025711,04:00,0.0,22.1,20.6,24.2,91,5.1,北東,0.0,0.0,曇,20.0
2025711,05:00,0.0,21.9,20.4,23.9,91,4.1,北東,0.0,0.0,曇,20.0
2025711,06:00,0.0,21.8,20.6,24.3,93,4.5,北東,0.0,0.0,曇,20.0
2025711,07:00,0.0,22.2,20.3,23.8,89,4.5,北北東,0.0,0.0,曇,20.0
2025711,08:00,0.0,22.6,20.2,23.6,86,6.3,北東,0.0,0.0,曇,20.0
2025711,09:00,0.0,23.1,19.9,23.2,82,5.9,北東,0.0,0.0,曇,20.0
2025711,10:00,0.0,23.5,20.1,23.5,81,5.6,北東,0.0,0.0,曇,20.0
2025711,11:00,0.0,23.7,20.1,23.5,80,5.6,北東,0.0,0.0,曇,20.0
2025711,12:00,0.0,24.6,20.1,23.5,76,5.0,北東,0.0,0.0,曇,20.0
2025711,13:00,0.0,24.0,19.9,23.3,78,5.5,北東,0.0,0.0,曇,20.0
2025711,14:00,0.0,24.5,20.0,23.4,76,5.3,北北東,0.1,0.0,曇,20.0
2025711,15:00,0.0,23.7,19.7,22.9,78,7.5,北北東,0.0,0.0,曇,20.0
2025711,16:00,0.0,23.3,19.5,22.6,79,5.9,北東,0.0,0.0,曇,20.0
2025711,17:00,0.0,22.8,19.4,22.5,81,3.9,北北東,0.0,0.0,曇,20.0
2025711,18:00,0.0,22.2,19.0,22.0,82,4.5,北北東,0.0,0.0,曇,20.0
2025711,19:00,0.0,22.0,19.2,22.2,84,4.5,北北東,0.0,0.0,曇,20.0
2025711,20:00,0.0,22.1,19.1,22.1,83,4.3,北北東,0.0,0.0,曇,20.0
2025711,21:00,0.0,22.0,19.2,22.2,84,5.2,北北東,0.0,0.0,曇,19.5
2025711,22:00,0.0,22.0,19.2,22.2,84,5.1,北東,0.0,0.0,曇,20.0
2025711,23:00,0.0,22.0,19.2,22.2,84,3.9,北北東,0.0,0.0,曇,20.0
2025711,24:00,0.0,21.9,19.1,22.1,84,3.9,北北東,0.0,0.0,曇,20.0
2025712,01:00,0.0,21.9,18.9,21.8,83,3.0,北北東,0.0,0.0,曇,20.0
2025712,02:00,0.0,21.5,18.7,21.5,84,4.2,北北東,0.0,0.0,曇,20.0
2025712,03:00,0.0,21.1,18.5,21.3,85,3.9,北北東,0.0,0.0,晴れ,20.0
2025712,04:00,0.0,20.8,18.4,21.1,86,3.3,北北東,0.0,0.0,晴れ,20.0
2025712,05:00,0.0,20.8,18.4,21.1,86,3.5,北東,0.0,0.0,晴れ,20.0
2025712,06:00,0.0,21.3,18.7,21.5,85,3.2,北北東,0.7,0.0,晴れ,19.2
2025712,07:00,0.0,22.0,19.0,21.9,83,3.0,北,0.1,0.0,曇,19.9
2025712,08:00,0.0,23.5,19.5,22.6,78,3.1,北,0.3,0.0,曇,20.0
2025712,09:00,0.0,25.1,19.7,23.0,72,2.1,北北東,0.4,0.0,曇,20.0
2025712,10:00,0.0,25.8,19.7,22.9,69,2.9,北東,0.4,0.0,曇,20.0
2025712,11:00,0.0,25.7,19.8,23.1,70,2.7,北,0.4,0.0,曇,20.0
2025712,12:00,0.0,26.7,19.8,23.1,66,2.2,北北東,0.2,0.0,曇,20.0
2025712,13:00,0.0,26.5,19.6,22.9,66,3.0,東北東,0.0,0.0,曇,20.0
2025712,14:00,0.0,26.7,19.6,22.8,65,2.9,北東,0.0,0.0,曇,20.0
2025712,15:00,0.0,26.7,19.8,23.1,66,3.7,東北東,0.0,0.0,曇,20.0
2025712,16:00,0.0,26.8,19.9,23.3,66,2.9,東北東,0.1,0.0,曇,20.0
2025712,17:00,0.0,26.1,19.7,23.0,68,3.2,東北東,0.0,0.0,曇,20.0
2025712,18:00,0.0,25.4,18.8,21.7,67,4.3,東,0.0,0.0,曇,20.0
2025712,19:00,0.0,24.7,18.4,21.2,68,3.2,東,0.0,0.0,曇,20.0
2025712,20:00,0.0,23.8,18.2,20.9,71,3.8,東,0.0,0.0,曇,20.0
2025712,21:00,0.0,23.3,18.4,21.2,74,4.2,東北東,0.0,0.0,曇,20.0
2025712,22:00,0.0,23.1,18.4,21.2,75,2.3,北東,0.0,0.0,曇,20.0
2025712,23:00,0.0,22.9,18.7,21.5,77,3.7,北東,0.0,0.0,曇,20.0
2025712,24:00,0.0,22.8,18.8,21.7,78,1.9,東北東,0.0,0.0,曇,20.0
2025713,01:00,0.0,22.9,18.9,21.8,78,2.4,東北東,0.0,0.0,曇,20.0
2025713,02:00,0.0,22.7,19.1,22.1,80,2.1,東北東,0.0,0.0,曇,20.0
2025713,03:00,0.0,22.8,19.0,21.9,79,2.2,東北東,0.0,0.0,曇,20.0
2025713,04:00,0.0,22.9,19.3,22.3,80,1.9,北東,0.0,0.0,曇,20.0
2025713,05:00,0.0,22.9,19.7,22.9,82,1.6,北北西,0.0,0.0,曇,20.0
2025713,06:00,0.0,22.6,20.2,23.6,86,1.1,北,0.0,0.0,曇,20.0
2025713,07:00,0.0,24.1,20.4,24.0,80,0.8,北,0.2,0.0,曇,20.0
2025713,08:00,0.0,24.7,20.4,24.0,77,0.7,北,0.1,0.0,曇,20.0
2025713,09:00,0.0,25.8,21.0,24.9,75,1.3,東南東,0.0,0.0,曇,20.0
2025713,10:00,0.0,27.7,22.0,26.4,71,1.9,南南東,0.2,0.0,晴れ,20.0
2025713,11:00,0.0,28.2,21.7,26.0,68,2.2,西南西,0.5,0.0,晴れ,20.0
2025713,12:00,0.0,29.5,22.2,26.8,65,3.2,南東,0.2,0.0,晴れ,20.0
2025713,13:00,0.0,31.0,22.9,27.9,62,4.7,南東,0.4,0.0,晴れ,20.0
2025713,14:00,0.0,30.2,22.6,27.5,64,3.8,南東,0.2,0.0,晴れ,20.0
2025713,15:00,0.0,29.9,22.1,26.6,63,3.9,南東,0.0,0.0,曇,20.0
2025713,16:00,0.0,29.1,22.8,27.8,69,6.3,南東,0.0,0.0,曇,20.0
2025713,17:00,0.0,28.5,22.7,27.6,71,7.0,南東,0.0,0.0,曇,20.0
2025713,18:00,0.0,27.8,23.2,28.4,76,6.5,南東,0.0,0.0,曇,20.0
2025713,19:00,0.0,26.2,23.7,29.3,86,5.3,東南東,0.0,0.0,曇,20.0
2025713,20:00,0.0,25.7,23.9,29.7,90,3.9,東,0.0,0.0,晴れ,20.0
2025713,21:00,0.0,25.6,24.4,30.5,93,3.3,東南東,0.0,0.0,雨,15.1
2025713,22:00,7.0,25.1,24.8,31.2,98,2.0,東南東,0.0,0.0,雨,2.53
2025713,23:00,6.5,24.9,24.7,31.2,99,2.3,南南東,0.0,0.0,雨,3.01
2025713,24:00,0.0,25.1,24.8,31.2,98,4.0,東,0.0,0.0,雨,7.18
2025715,01:00,0.0,25.4,20.7,24.3,75,2.5,南南東,0.0,0.0,晴れ,20.0
2025715,02:00,0.0,25.1,21.0,24.9,78,2.8,南東,0.0,0.0,晴れ,20.0
2025715,03:00,0.0,25.1,21.4,25.5,80,2.3,南東,0.0,0.0,晴れ,20.0
2025715,04:00,0.0,25.0,21.3,25.3,80,0.6,南東,0.0,0.0,晴れ,20.0
2025715,05:00,0.0,25.2,21.3,25.3,79,1.4,南東,0.0,0.00,晴れ,20.0
2025715,06:00,0.0,24.7,21.6,25.8,83,1.0,東南東,0.1,0.05,晴れ,20.0
2025715,07:00,0.0,26.3,19.9,23.3,68,3.9,南南西,1.0,0.53,晴れ,20.0
2025715,08:00,0.0,28.0,19.0,21.9,58,2.0,南東,1.0,1.27,晴れ,20.0
2025715,09:00,0.0,28.4,19.1,22.1,57,4.5,南,0.7,1.61,曇,20.0
2025715,10:00,0.0,28.4,18.8,21.7,56,4.2,南南西,0.0,0.97,曇,20.0
2025715,11:00,0.0,30.1,18.5,21.3,50,4.9,南,0.7,2.58,晴れ,20.0
2025715,12:00,0.0,30.3,18.7,21.6,50,4.2,南南西,0.3,1.92,晴れ,20.0
2025715,13:00,0.0,31.1,18.5,21.2,47,4.8,南南西,0.2,1.83,曇,20.0
2025715,14:00,0.0,31.2,19.6,22.7,50,5.8,南南西,0.7,2.79,晴れ,20.0
2025715,15:00,0.0,30.3,18.7,21.6,50,4.8,南,0.6,2.54,曇,20.0
2025715,16:00,0.0,30.3,20.3,23.8,55,4.1,南,0.2,1.20,曇,20.0
2025715,17:00,0.0,29.5,20.7,24.3,59,4.3,南南西,0.2,1.13,曇,20.0
2025715,18:00,0.0,29.9,20.5,24.1,57,3.6,南,0.6,1.06,晴れ,20.0
2025715,19:00,0.0,29.4,20.0,23.4,57,3.2,南南西,0.6,0.45,晴れ,20.0
2025715,20:00,0.0,28.7,20.2,23.6,60,2.9,南南西,0.1,0.04,晴れ,20.0
2025715,21:00,0.0,27.7,21.7,26.0,70,1.7,東南東,0.0,0.0,曇,20.0
2025715,22:00,0.0,27.9,21.0,24.8,66,2.8,南南東,0.0,0.0,晴れ,20.0
2025715,23:00,0.0,27.3,21.4,25.4,70,2.8,南,0.0,0.0,晴れ,20.0
2025715,24:00,0.0,26.9,21.4,25.5,72,1.8,南東,0.0,0.0,晴れ,20.0
2025716,01:00,0.0,26.6,21.6,25.8,74,1.6,南,0.0,0.0,曇,20.0
2025716,02:00,0.0,26.4,21.6,25.8,75,2.6,南東,0.0,0.0,曇,20.0
2025716,03:00,0.0,26.0,21.7,25.9,77,2.1,南東,0.0,0.0,曇,20.0
2025716,04:00,0.0,25.9,21.6,25.7,77,2.6,南東,0.0,0.0,晴れ,20.0
2025716,05:00,0.0,25.8,21.0,24.9,75,2.9,南東,0.0,0.00,曇,20.0
2025716,06:00,0.0,25.8,20.6,24.3,73,3.9,南東,0.3,0.10,曇,20.0
2025716,07:00,0.0,26.6,20.5,24.0,69,2.9,南東,0.9,0.56,晴れ,20.0
2025716,08:00,0.0,27.8,20.1,23.5,63,4.3,南南東,0.9,1.34,晴れ,20.0
2025716,09:00,0.0,28.8,19.2,22.2,56,4.8,南東,0.9,2.04,曇,20.0
2025716,10:00,0.0,28.9,19.3,22.3,56,3.5,南東,0.0,1.48,曇,20.0
2025716,11:00,0.0,30.7,19.4,22.5,51,4.1,南南東,0.6,2.26,曇,20.0
2025716,12:00,0.0,32.0,15.9,18.1,38,3.4,南南西,1.0,3.42,晴れ,20.0
2025716,13:00,0.0,33.0,15.5,17.6,35,3.8,南南東,1.0,3.26,晴れ,20.0
2025716,14:00,0.0,34.1,16.9,19.3,36,4.0,南,1.0,3.59,晴れ,20.0
2025716,15:00,0.0,33.7,19.4,22.5,43,5.9,南南西,0.8,2.82,晴れ,20.0
2025716,16:00,0.0,32.2,22.0,26.5,55,5.5,南,0.0,0.70,曇,18.1
2025716,17:00,0.0,30.0,21.9,26.3,62,1.9,北北東,0.1,0.62,曇,20.0
2025716,18:00,0.0,30.1,22.3,26.9,63,2.1,北,0.4,0.65,晴れ,20.0
2025716,19:00,0.0,30.8,23.2,28.4,64,3.7,南,0.2,0.29,晴れ,13.2
2025716,20:00,0.0,30.3,23.2,28.5,66,3.1,南東,0.0,0.01,晴れ,17.2
2025716,21:00,0.0,30.1,23.5,29.0,68,3.8,南南東,0.0,0.0,曇,16.4
2025716,22:00,0.0,29.1,23.5,29.0,72,3.4,南東,0.0,0.0,晴れ,14.7
2025716,23:00,0.0,29.1,23.5,29.0,72,3.0,南東,0.0,0.0,晴れ,17.7
2025716,24:00,0.0,28.9,23.3,28.7,72,2.5,東,0.0,0.0,晴れ,20.0
2025718,01:00,0.0,25.9,23.4,28.7,86,4.3,南,0.0,0.0,曇,20.0
2025718,02:00,0.0,25.8,23.5,28.9,87,5.2,南,0.0,0.0,晴れ,20.0
2025718,03:00,0.0,26.2,23.3,28.6,84,6.1,南,0.0,0.0,晴れ,20.0
2025718,04:00,0.0,26.3,23.4,28.8,84,5.6,南,0.0,0.0,晴れ,20.0
2025718,05:00,0.0,26.1,23.4,28.8,85,3.9,南,0.0,0.0,曇,20.0
2025718,06:00,0.0,26.8,22.6,27.5,78,4.0,南,0.0,0.0,曇,20.0
2025718,07:00,0.0,28.0,23.4,28.7,76,4.4,南南西,0.3,0.0,曇,20.0
2025718,08:00,0.0,28.4,24.0,29.8,77,4.2,南西,0.5,0.0,晴れ,20.0
2025718,09:00,0.0,29.0,24.3,30.5,76,5.3,西南西,0.4,0.0,晴れ,20.0
2025718,10:00,0.0,29.7,23.9,29.6,71,4.6,西南西,0.9,0.0,晴れ,20.0
2025718,11:00,0.0,30.0,24.4,30.6,72,6.2,西南西,0.7,0.0,晴れ,20.0
2025718,12:00,0.0,30.8,23.7,29.3,66,6.9,西南西,0.8,0.0,晴れ,20.0
2025718,13:00,0.0,30.7,23.6,29.2,66,6.6,西南西,0.9,0.0,曇,20.0
2025718,14:00,0.0,30.3,23.5,28.9,67,6.5,西南西,1.0,0.0,晴れ,20.0
2025718,15:00,0.0,31.4,23.0,28.1,61,6.1,西南西,1.0,0.0,晴れ,20.0
2025718,16:00,0.0,32.0,21.8,26.2,55,5.4,南,1.0,0.0,晴れ,20.0
2025718,17:00,0.0,30.6,21.4,25.5,58,6.4,南,0.7,0.0,曇,20.0
2025718,18:00,0.0,29.3,21.0,24.9,61,7.1,南南東,0.6,0.0,曇,20.0
2025718,19:00,0.0,28.2,20.8,24.5,64,5.3,南,0.2,0.0,曇,20.0
2025718,20:00,0.0,27.3,21.6,25.8,71,5.9,南,0.0,0.0,曇,20.0
2025718,21:00,0.0,26.7,23.0,28.0,80,4.4,南南東,0.0,0.0,曇,20.0
2025718,22:00,0.0,26.5,23.2,28.4,82,5.0,南,0.0,0.0,曇,20.0
2025718,23:00,0.0,26.4,23.1,28.2,82,3.3,南,0.0,0.0,晴れ,20.0
2025718,24:00,0.0,26.3,22.8,27.7,81,4.0,南,0.0,0.0,晴れ,20.0
2025719,01:00,0.0,26.0,23.5,28.9,86,4.4,南南東,0.0,0.0,晴れ,20.0
2025719,02:00,0.0,26.0,23.5,28.9,86,3.1,南,0.0,0.0,晴れ,20.0
2025719,03:00,0.0,26.1,23.2,28.4,84,2.6,南,0.0,0.0,晴れ,20.0
2025719,04:00,0.0,26.1,23.4,28.8,85,2.6,南南西,0.0,0.0,晴れ,20.0
2025719,05:00,0.0,25.9,23.6,29.1,87,2.2,南,0.1,0.0,晴れ,20.0
2025719,06:00,0.0,27.0,23.9,29.6,83,2.9,南西,1.0,0.0,晴れ,20.0
2025719,07:00,0.0,26.9,23.8,29.4,83,4.2,南西,0.4,0.0,晴れ,20.0
2025719,08:00,0.0,28.0,24.6,31.0,82,2.1,西南西,0.4,0.0,晴れ,20.0
2025719,09:00,0.0,28.8,24.2,30.1,76,2.7,西,0.8,0.0,曇,20.0
2025719,10:00,0.0,29.3,24.0,29.8,73,3.8,西,0.7,0.0,曇,20.0
2025719,11:00,0.0,29.9,23.4,28.7,68,3.4,西,0.9,0.0,晴れ,20.0
2025719,12:00,0.0,30.2,23.1,28.3,66,6.7,西南西,1.0,0.0,晴れ,20.0
2025719,13:00,0.0,30.8,22.1,26.7,60,6.6,西南西,1.0,0.0,晴れ,20.0
2025719,14:00,0.0,31.8,23.4,28.7,61,5.6,西南西,1.0,0.0,晴れ,20.0
2025719,15:00,0.0,30.7,24.1,30.0,68,6.8,西南西,0.9,0.0,晴れ,20.0
2025719,16:00,0.0,29.6,23.8,29.5,71,6.3,西南西,0.4,0.0,晴れ,20.0
2025719,17:00,0.0,29.6,23.8,29.5,71,6.2,南西,0.1,0.0,曇,20.0
2025719,18:00,0.0,29.7,22.9,28.0,67,6.0,南,0.0,0.0,曇,20.0
2025719,19:00,0.0,28.7,23.2,28.4,72,6.9,南,0.4,0.0,曇,20.0
2025719,20:00,0.0,28.0,23.6,29.1,77,5.8,南,0.0,0.0,曇,20.0
2025719,21:00,0.0,27.8,23.4,28.8,77,4.3,南,0.0,0.0,曇,20.0
2025719,22:00,0.0,27.5,23.3,28.6,78,5.3,南,0.0,0.0,曇,20.0
2025719,23:00,0.0,27.2,23.5,28.9,80,5.0,南,0.0,0.0,曇,20.0
2025719,24:00,0.0,26.9,23.8,29.4,83,3.7,南,0.0,0.0,曇,20.0
2025720,01:00,0.0,26.8,23.9,29.6,84,3.6,南,0.0,0.0,曇,20.0
2025720,02:00,0.0,26.6,24.3,30.3,87,3.2,南,0.0,0.0,曇,20.0
2025720,03:00,0.0,26.3,24.0,29.8,87,3.6,南,0.0,0.0,曇,20.0
2025720,04:00,0.0,26.2,24.1,29.9,88,3.2,南,0.0,0.0,曇,20.0
2025720,05:00,0.0,26.1,24.0,29.8,88,3.6,南,0.0,0.0,晴れ,20.0
2025720,06:00,0.0,26.8,23.9,29.6,84,3.3,南,0.6,0.0,晴れ,20.0
2025720,07:00,0.0,28.0,23.8,29.5,78,4.3,南西,1.0,0.0,晴れ,20.0
2025720,08:00,0.0,29.2,24.1,30.0,74,5.2,西南西,0.8,0.0,晴れ,20.0
2025720,09:00,0.0,28.7,24.1,29.9,76,6.3,西南西,1.0,0.0,晴れ,20.0
2025720,10:00,0.0,28.9,24.2,30.3,76,5.3,西南西,0.9,0.0,晴れ,20.0
2025720,11:00,0.0,30.0,23.9,29.7,70,6.3,西南西,1.0,0.0,晴れ,20.0
2025720,12:00,0.0,30.5,23.7,29.3,67,6.7,西南西,1.0,0.0,晴れ,20.0
2025720,13:00,0.0,31.4,23.8,29.4,64,6.1,西南西,1.0,0.0,晴れ,20.0
2025720,14:00,0.0,31.0,24.9,31.5,70,7.0,西南西,1.0,0.0,晴れ,20.0
2025720,15:00,0.0,30.3,24.0,29.8,69,8.3,西南西,1.0,0.0,晴れ,20.0
2025720,16:00,0.0,30.9,24.3,30.4,68,6.5,西南西,1.0,0.0,晴れ,20.0
2025720,17:00,0.0,30.6,24.0,29.9,68,6.8,西南西,1.0,0.0,晴れ,20.0
2025720,18:00,0.0,30.0,23.9,29.7,70,5.6,南西,1.0,0.0,晴れ,20.0
2025720,19:00,0.0,30.4,22.6,27.4,63,3.6,南南西,0.5,0.0,曇,20.0
2025720,20:00,0.0,29.0,23.2,28.5,71,5.1,南,0.0,0.0,晴れ,20.0
2025720,21:00,0.0,28.2,23.1,28.3,74,4.1,南,0.0,0.0,晴れ,20.0
2025720,22:00,0.0,27.6,23.6,29.2,79,4.4,南,0.0,0.0,晴れ,20.0
2025720,23:00,0.0,27.5,23.5,29.0,79,4.1,南,0.0,0.0,晴れ,20.0
2025720,24:00,0.0,27.1,23.6,29.1,81,4.1,南,0.0,0.0,晴れ,20.0
2025721,01:00,0.0,26.9,23.6,29.1,82,3.5,南,0.0,0.0,晴れ,20.0
2025721,02:00,0.0,26.8,23.7,29.3,83,4.3,南,0.0,0.0,晴れ,20.0
2025721,03:00,0.0,26.6,23.9,29.6,85,3.6,南,0.0,0.0,晴れ,20.0
2025721,04:00,0.0,26.8,24.1,30.0,85,3.3,南南西,0.0,0.0,晴れ,20.0
2025721,05:00,0.0,27.0,24.3,30.3,85,5.1,南西,0.0,0.0,晴れ,19.7
2025721,06:00,0.0,27.1,24.6,30.9,86,4.8,南西,0.2,0.0,晴れ,20.0
2025721,07:00,0.0,28.3,25.1,31.9,83,4.8,南西,0.1,0.0,曇,20.0
2025721,08:00,0.0,29.1,25.1,31.8,79,5.7,南西,0.8,0.0,晴れ,20.0
2025721,09:00,0.0,29.5,25.5,32.6,79,4.7,西南西,1.0,0.0,晴れ,20.0
2025721,10:00,0.0,29.9,25.4,32.5,77,5.3,西南西,1.0,0.0,晴れ,20.0
2025721,11:00,0.0,30.5,24.9,31.5,72,5.7,西南西,1.0,0.0,晴れ,20.0
2025721,12:00,0.0,31.3,24.9,31.5,69,6.0,西南西,1.0,0.0,晴れ,20.0
2025721,13:00,0.0,31.7,25.1,31.8,68,5.4,西南西,1.0,0.0,晴れ,20.0
2025721,14:00,0.0,31.7,25.3,32.3,69,6.7,西南西,1.0,0.0,晴れ,20.0
2025721,15:00,0.0,31.5,25.6,32.8,71,6.7,西南西,1.0,0.0,晴れ,20.0
2025721,16:00,0.0,30.5,25.3,32.3,74,8.0,西南西,1.0,0.0,晴れ,20.0
2025721,17:00,0.0,30.6,25.7,33.0,75,6.2,西南西,1.0,0.0,晴れ,20.0
2025721,18:00,0.0,29.5,25.7,33.0,80,5.8,西南西,1.0,0.0,晴れ,20.0
2025721,19:00,0.0,29.0,25.4,32.5,81,5.7,南西,0.2,0.0,晴れ,20.0
2025721,20:00,0.0,28.9,24.2,30.3,76,4.3,南南西,0.0,0.0,晴れ,20.0
2025721,21:00,0.0,28.3,23.9,29.6,77,4.0,南南東,0.0,0.0,晴れ,20.0
2025721,22:00,0.0,27.7,23.7,29.4,79,5.0,南,0.0,0.0,晴れ,20.0
2025721,23:00,0.0,27.6,23.6,29.2,79,4.4,南南西,0.0,0.0,晴れ,20.0
2025721,24:00,0.0,27.4,23.9,29.6,81,4.8,南西,0.0,0.0,晴れ,20.0
2025726,01:00,0.0,26.5,21.0,24.9,72,1.1,西北西,0.0,0.0,雨,20.0
2025726,02:00,0.0,26.4,21.2,25.1,73,1.6,北北西,0.0,0.0,雨,20.0
2025726,03:00,0.0,26.1,22.0,26.4,78,1.0,北北西,0.0,0.0,雨,20.0
2025726,04:00,0.0,25.4,21.9,26.3,81,1.3,東北東,0.0,0.00,雨,20.0
2025726,05:00,0.0,24.5,22.2,26.8,87,1.1,東南東,0.0,0.00,雨,11.5
2025726,06:00,1.0,23.8,22.6,27.4,93,2.1,東,0.0,0.07,雨,13.4
2025726,07:00,0.0,24.3,22.4,27.0,89,1.4,南南東,0.0,0.22,雨,20.0
2025726,08:00,0.0,24.7,22.4,27.1,87,1.8,南東,0.0,0.40,雨,20.0
2025726,09:00,0.0,25.7,21.8,26.1,79,3.3,南南東,0.0,0.69,曇,20.0
2025726,10:00,0.0,26.5,21.7,26.0,75,3.4,南,0.0,0.89,曇,20.0
2025726,11:00,0.0,27.4,22.4,27.0,74,4.3,南南東,0.0,0.97,曇,20.0
2025726,12:00,0.0,27.4,21.9,26.3,72,4.7,南南東,0.0,0.71,曇,20.0
2025726,13:00,0.0,27.5,22.2,26.8,73,3.7,南東,0.0,0.56,曇,20.0
2025726,14:00,0.0,27.0,22.4,27.1,76,3.2,東南東,0.0,0.49,曇,20.0
2025726,15:00,1.0,25.6,23.5,28.9,88,4.6,東南東,0.0,0.28,雨,20.0
2025726,16:00,0.0,25.6,23.3,28.6,87,3.6,東南東,0.0,0.47,曇,20.0
2025726,17:00,0.0,25.6,22.9,27.9,85,4.4,東南東,0.0,0.50,曇,20.0
2025726,18:00,0.0,25.8,22.7,27.6,83,4.3,南東,0.0,0.07,曇,20.0
2025726,19:00,0.0,25.8,22.5,27.2,82,1.7,南東,0.0,0.02,雨,20.0
2025726,20:00,0.5,24.6,23.0,28.2,91,2.2,南東,0.0,0.00,雨,15.3
2025726,21:00,0.0,24.6,23.0,28.2,91,2.6,南東,0.0,0.0,雨,16.0
2025726,22:00,0.0,24.6,23.0,28.2,91,2.7,南東,0.0,0.0,曇,20.0
2025726,23:00,0.0,25.0,22.9,27.9,88,3.1,南南東,0.0,0.0,曇,20.0
2025726,24:00,0.0,25.5,22.8,27.7,85,2.8,南南東,0.0,0.0,曇,20.0
2025727,01:00,1.0,24.5,23.3,28.6,93,1.6,北北東,0.0,0.0,雨,5.63
2025727,02:00,0.5,24.2,23.4,28.7,95,1.8,西北西,0.0,0.0,雨,16.3
2025727,03:00,0.5,24.1,23.8,29.4,98,1.4,東,0.0,0.0,雨,5.60
2025727,04:00,2.5,24.0,23.5,29.0,97,2.1,南,0.0,0.00,雨,4.64
2025727,05:00,4.0,23.6,23.4,28.8,99,0.6,北北東,0.0,0.01,雨,8.25
2025727,06:00,6.0,23.4,23.2,28.5,99,1.5,北北東,0.0,0.03,雨,2.59
2025727,07:00,10.0,23.3,23.0,28.0,98,1.7,南南東,0.0,0.10,雨,6.51
2025727,08:00,2.0,23.3,22.8,27.8,97,1.2,東南東,0.0,0.12,雨,6.10
2025727,09:00,1.5,24.2,23.4,28.7,95,0.4,東北東,0.0,0.39,曇,19.3
2025727,10:00,0.0,25.7,23.9,29.7,90,0.9,北,0.1,1.06,曇,20.0
2025727,11:00,0.0,26.7,23.6,29.1,83,2.2,北,0.2,1.60,曇,20.0
2025727,12:00,0.0,28.5,22.5,27.3,70,3.4,北西,0.3,1.89,曇,20.0
2025727,13:00,0.0,28.8,22.5,27.3,69,3.3,北西,0.7,2.85,晴れ,20.0
2025727,14:00,0.0,29.2,23.2,28.4,70,3.7,北北西,0.7,2.87,晴れ,20.0
2025727,15:00,0.0,28.1,23.0,28.1,74,4.3,北北西,0.1,1.33,曇,20.0
2025727,16:00,0.0,27.4,23.0,28.1,77,3.1,北西,0.0,0.84,曇,20.0
2025727,17:00,0.0,27.1,23.4,28.7,80,4.4,北北西,0.2,0.87,曇,20.0
2025727,18:00,0.0,26.1,23.2,28.4,84,3.5,北北西,0.2,0.45,晴れ,20.0
2025727,19:00,0.0,25.4,22.7,27.6,85,4.3,北北西,0.0,0.06,曇,20.0
2025727,20:00,0.0,25.2,22.9,27.9,87,3.5,北北西,0.0,0.00,曇,20.0
2025727,21:00,0.0,25.1,22.8,27.7,87,3.2,北北西,0.0,0.0,曇,20.0
2025727,22:00,0.0,24.9,22.6,27.4,87,3.5,北北西,0.0,0.0,曇,20.0
2025727,23:00,0.0,24.8,22.5,27.2,87,3.1,北,0.0,0.0,曇,20.0
2025727,24:00,0.0,24.9,22.6,27.4,87,1.9,北北西,0.0,0.0,曇,20.0
2025729,01:00,0.0,26.9,22.3,26.9,76,3.1,南,0.0,0.0,晴れ,20.0
2025729,02:00,0.0,26.8,22.0,26.4,75,2.9,南西,0.0,0.0,晴れ,20.0
2025729,03:00,0.0,26.7,21.5,25.6,73,2.6,南南西,0.0,0.0,晴れ,20.0
2025729,04:00,0.0,26.8,21.8,26.1,74,1.6,西,0.0,0.0,晴れ,20.0
2025729,05:00,0.0,26.7,22.5,27.3,78,1.4,西,0.0,0.0,晴れ,20.0
2025729,06:00,0.0,27.4,22.4,27.0,74,0.8,東南東,0.8,0.0,晴れ,20.0
2025729,07:00,0.0,28.6,22.6,27.4,70,1.0,南東,1.0,0.0,晴れ,20.0
2025729,08:00,0.0,30.2,22.9,27.9,65,2.2,北東,1.0,0.0,晴れ,20.0
2025729,09:00,0.0,31.9,22.9,27.9,59,1.7,北,1.0,0.0,晴れ,20.0
2025729,10:00,0.0,32.7,22.8,27.7,56,1.1,南東,1.0,0.0,晴れ,20.0
2025729,11:00,0.0,33.8,21.6,25.8,49,4.0,東南東,1.0,0.0,晴れ,20.0
2025729,12:00,0.0,35.2,22.2,26.7,47,3.3,東北東,1.0,0.0,晴れ,20.0
2025729,13:00,0.0,34.2,22.9,28.0,52,5.7,南東,1.0,0.0,晴れ,20.0
2025729,14:00,0.0,33.6,22.7,27.6,53,5.6,東南東,1.0,0.0,晴れ,20.0
2025729,15:00,0.0,33.1,21.3,25.3,50,5.7,東南東,1.0,0.0,晴れ,20.0
2025729,16:00,0.0,32.3,21.5,25.6,53,4.4,東南東,1.0,0.0,晴れ,20.0
2025729,17:00,0.0,30.8,22.7,27.6,62,6.6,東南東,1.0,0.0,晴れ,20.0
2025729,18:00,0.0,29.4,22.6,27.5,67,4.8,東南東,1.0,0.0,晴れ,20.0
2025729,19:00,0.0,28.4,23.3,28.6,74,4.1,東,0.4,0.0,晴れ,20.0
2025729,20:00,0.0,28.1,23.3,28.5,75,2.5,東,0.0,0.0,晴れ,20.0
2025729,21:00,0.0,27.8,23.4,28.8,77,3.0,東,0.0,0.0,晴れ,20.0
2025729,22:00,0.0,27.8,23.2,28.4,76,2.1,北東,0.0,0.0,晴れ,20.0
2025729,23:00,0.0,27.6,23.2,28.4,77,1.5,北北東,0.0,0.0,晴れ,20.0
2025729,24:00,0.0,26.9,23.4,28.7,81,2.1,北,0.0,0.0,晴れ,20.0
2025730,01:00,0.0,26.3,23.8,29.4,86,2.9,北北東,0.0,0.0,晴れ,20.0
2025730,02:00,0.0,26.1,24.0,29.8,88,1.9,北北東,0.0,0.0,晴れ,20.0
2025730,03:00,0.0,25.9,24.0,29.8,89,2.5,北北東,0.0,0.0,晴れ,20.0
2025730,04:00,0.0,25.7,23.8,29.4,89,2.6,北北東,0.0,0.0,晴れ,20.0
2025730,05:00,0.0,25.6,23.8,29.6,90,2.4,北北東,0.0,0.0,晴れ,20.0
2025730,06:00,0.0,26.3,23.8,29.4,86,2.4,北北東,0.8,0.0,晴れ,20.0
2025730,07:00,0.0,27.6,23.6,29.2,79,3.5,北東,1.0,0.0,晴れ,20.0
2025730,08:00,0.0,28.7,23.8,29.5,75,3.8,北東,0.9,0.0,晴れ,20.0
2025730,09:00,0.0,29.4,23.6,29.1,71,4.2,北東,0.8,0.0,晴れ,20.0
2025730,10:00,0.0,30.0,23.9,29.7,70,5.0,北東,0.3,0.0,曇,11.7
2025730,11:00,0.0,31.1,23.5,28.9,64,2.8,北北東,0.4,0.0,晴れ,20.0
2025730,12:00,0.0,31.6,22.6,27.4,59,4.8,北東,0.6,0.0,晴れ,20.0
2025730,13:00,0.0,31.3,22.1,26.5,58,5.8,北東,0.6,0.0,晴れ,20.0
2025730,14:00,0.0,32.0,21.8,26.2,55,5.1,北東,0.5,0.0,晴れ,20.0
2025730,15:00,0.0,32.3,21.8,26.1,54,4.7,東北東,1.0,0.0,晴れ,20.0
2025730,16:00,0.0,31.4,22.4,27.1,59,5.7,東,0.7,0.0,晴れ,20.0
2025730,17:00,0.0,30.4,22.6,27.4,63,5.8,東,0.8,0.0,晴れ,20.0
2025730,18:00,0.0,29.5,23.0,28.0,68,4.7,北東,0.9,0.0,晴れ,20.0
2025730,19:00,0.0,28.7,22.9,28.0,71,4.9,北東,0.4,0.0,晴れ,20.0
2025730,20:00,0.0,27.6,23.2,28.4,77,4.1,北東,0.0,0.0,晴れ,20.0
2025730,21:00,0.0,26.7,22.8,27.7,79,4.3,北東,0.0,0.0,晴れ,20.0
2025730,22:00,0.0,26.0,23.3,28.6,85,2.8,北東,0.0,0.0,晴れ,20.0
2025730,23:00,0.0,25.5,23.4,28.7,88,3.1,北北東,0.0,0.0,晴れ,20.0
2025730,24:00,0.0,25.5,23.4,28.7,88,4.3,北北東,0.0,0.0,曇,20.0
2025731,01:00,0.0,26.1,21.8,26.0,77,2.0,北東,0.0,0.0,,
2025731,02:00,0.0,25.4,21.7,26.0,80,1.8,北東,0.0,0.0,,
2025731,03:00,0.0,25.5,22.0,26.4,81,2.0,北東,0.0,0.0,快晴,30.0
2025731,04:00,0.0,25.4,22.1,26.6,82,2.9,北北東,0.0,0.0,,
2025731,05:00,0.0,24.9,21.8,26.1,83,2.7,北北東,0.0,0.00,,
2025731,06:00,0.0,25.1,22.2,26.8,84,1.9,北,0.5,0.22,晴れ,25.0
2025731,07:00,0.0,26.0,22.7,27.6,82,1.9,北,0.4,0.54,,
2025731,08:00,0.0,26.3,22.2,26.7,78,2.8,北,0.0,0.58,,
2025731,09:00,0.0,28.2,22.2,26.8,70,3.4,北東,0.1,1.00,曇,25.0
2025731,10:00,0.0,30.0,22.2,26.7,63,3.3,北北東,0.6,2.27,,
2025731,11:00,0.0,31.7,22.7,27.6,59,3.0,北東,0.5,2.54,,
2025731,12:00,0.0,31.4,20.4,23.9,52,3.7,北東,0.8,3.23,晴れ,25.0
2025731,13:00,0.0,31.6,20.9,24.6,53,3.4,東北東,0.9,3.39,,
2025731,14:00,0.0,32.4,21.6,25.8,53,4.5,北東,0.7,2.64,,
2025731,15:00,0.0,31.9,19.9,23.2,49,5.4,北東,0.9,2.55,晴れ,30.0
2025731,16:00,0.0,31.2,21.4,25.5,56,4.2,北東,1.0,2.07,,
2025731,17:00,0.0,30.0,20.6,24.2,57,4.9,北東,1.0,1.34,,
2025731,18:00,0.0,28.7,19.6,22.8,58,4.7,東北東,1.0,0.63,快晴,30.0
2025731,19:00,0.0,27.6,19.7,22.9,62,4.6,北北東,0.3,0.09,,
2025731,20:00,0.0,26.8,20.2,23.6,67,4.8,北東,0.0,0.00,,
2025731,21:00,0.0,26.6,20.2,23.7,68,3.0,北東,0.0,0.0,快晴,30.0
2025731,22:00,0.0,25.9,20.7,24.4,73,4.1,北東,0.0,0.0,,
2025731,23:00,0.0,25.3,21.0,24.8,77,3.0,北東,0.0,0.0,,
2025731,24:00,0.0,25.1,20.6,24.2,76,3.5,北,0.0,0.0,,
202585,01:00,0.0,28.6,24.2,30.2,77,7.4,南西,0.0,0.0,晴れ,19.8
202585,02:00,0.0,28.6,24.4,30.5,78,7.6,南西,0.0,0.0,晴れ,19.9
202585,03:00,0.0,28.5,24.9,31.5,81,6.2,南西,0.0,0.0,晴れ,20.0
202585,04:00,0.0,28.5,24.7,31.1,80,7.1,南西,0.0,0.0,晴れ,20.0
202585,05:00,0.0,28.6,24.4,30.5,78,7.1,南西,0.0,0.0,晴れ,20.0
202585,06:00,0.0,28.9,24.2,30.3,76,6.2,南西,0.5,0.0,晴れ,20.0
202585,07:00,0.0,30.0,25.1,31.8,75,5.3,南西,0.8,0.0,晴れ,20.0
202585,08:00,0.0,30.9,25.0,31.7,71,6.1,南西,1.0,0.0,晴れ,20.0
202585,09:00,0.0,31.6,25.2,32.1,69,6.4,南西,0.9,0.0,晴れ,19.9
202585,10:00,0.0,32.2,25.8,33.2,69,5.1,南西,1.0,0.0,晴れ,18.2
202585,11:00,0.0,33.6,25.6,32.8,63,5.6,南西,1.0,0.0,晴れ,15.7
202585,12:00,0.0,33.9,26.1,33.9,64,6.0,南西,1.0,0.0,晴れ,18.0
202585,13:00,0.0,33.5,26.5,34.7,67,6.9,南西,1.0,0.0,晴れ,17.7
202585,14:00,0.0,34.1,26.6,34.8,65,5.3,南西,1.0,0.0,晴れ,16.6
202585,15:00,0.0,33.8,26.0,33.7,64,5.8,南西,1.0,0.0,晴れ,20.0
202585,16:00,0.0,34.0,25.7,33.0,62,7.2,南西,1.0,0.0,晴れ,16.9
202585,17:00,0.0,33.3,26.1,33.8,66,5.8,南西,1.0,0.0,晴れ,20.0
202585,18:00,0.0,32.5,25.6,32.8,67,5.4,南,0.7,0.0,晴れ,20.0
202585,19:00,0.0,31.6,25.5,32.6,70,4.4,南南西,0.1,0.0,晴れ,20.0
202585,20:00,0.0,31.2,25.6,32.7,72,3.2,南南西,0.0,0.0,晴れ,20.0
202585,21:00,0.0,30.6,25.7,33.0,75,4.2,南西,0.0,0.0,晴れ,19.7
202585,22:00,0.0,30.2,25.5,32.6,76,5.1,南西,0.0,0.0,晴れ,20.0
202585,23:00,0.0,30.7,25.8,33.1,75,4.0,南西,0.0,0.0,晴れ,20.0
202585,24:00,0.0,29.6,26.0,33.6,81,3.3,南西,0.0,0.0,晴れ,19.9
202586,01:00,0.0,29.6,26.2,34.0,82,2.8,南南西,0.0,0.0,晴れ,15.8
202586,02:00,0.0,29.6,25.8,33.2,80,1.2,東南東,0.0,0.0,晴れ,20.0
202586,03:00,0.0,28.6,25.4,32.5,83,2.6,東南東,0.0,0.0,曇,19.6
202586,04:00,0.0,28.5,25.5,32.7,84,2.4,南東,0.0,0.0,曇,17.8
202586,05:00,0.0,28.7,25.5,32.7,83,1.0,東南東,0.0,0.0,晴れ,18.7
202586,06:00,0.0,29.1,25.5,32.6,81,2.1,東南東,0.5,0.0,晴れ,19.8
202586,07:00,0.0,30.3,26.3,34.1,79,0.7,東南東,1.0,0.0,晴れ,13.7
202586,08:00,0.0,31.1,26.6,34.8,77,1.1,南南西,0.9,0.0,晴れ,15.9
202586,09:00,0.0,31.8,26.6,34.8,74,1.7,南西,1.0,0.0,晴れ,15.6
202586,10:00,0.0,33.6,26.4,34.4,66,2.0,南西,1.0,0.0,晴れ,13.5
202586,11:00,0.0,33.3,26.3,34.3,67,3.3,西南西,1.0,0.0,晴れ,15.3
202586,12:00,0.0,33.8,27.1,35.8,68,4.6,西南西,1.0,0.0,晴れ,14.9
202586,13:00,0.0,34.6,26.8,35.2,64,2.6,西,1.0,0.0,晴れ,17.2
202586,14:00,0.0,35.0,26.6,34.9,62,2.0,西南西,0.8,0.0,曇,13.7
202586,15:00,0.0,34.4,25.8,33.2,61,4.0,西南西,0.9,0.0,曇,17.8
202586,16:00,0.0,33.2,26.2,34.1,67,2.7,西南西,0.5,0.0,曇,20.0
202586,17:00,0.0,33.3,26.6,34.8,68,3.3,東南東,0.0,0.0,曇,16.7
202586,18:00,0.0,32.8,26.4,34.3,69,2.3,東,0.3,0.0,曇,16.5
202586,19:00,0.0,32.1,26.6,34.9,73,3.5,北東,0.0,0.0,曇,15.3
202586,20:00,0.0,30.6,25.2,32.1,73,4.6,東北東,0.0,0.0,曇,19.4
202586,21:00,0.0,30.6,25.4,32.5,74,2.1,南南東,0.0,0.0,曇,14.9
202586,22:00,0.0,30.4,25.2,32.1,74,1.7,北東,0.0,0.0,曇,16.5
202586,23:00,0.0,29.7,25.0,31.7,76,2.3,東北東,0.0,0.0,晴れ,16.1
202586,24:00,0.0,29.7,24.8,31.3,75,1.9,北北東,0.0,0.0,晴れ,16.9
202587,01:00,0.0,29.1,24.2,30.2,75,2.1,東北東,0.0,0.0,晴れ,17.2
202587,02:00,0.0,28.4,25.0,31.7,82,2.6,東南東,0.0,0.0,晴れ,13.4
202587,03:00,0.0,28.3,25.9,33.5,87,4.0,南南東,0.0,0.0,晴れ,10.2
202587,04:00,0.0,29.0,25.6,32.9,82,2.6,南南西,0.0,0.0,晴れ,13.8
202587,05:00,0.0,29.7,25.5,32.5,78,6.3,南南西,0.0,0.0,曇,11.8
202587,06:00,0.0,29.1,26.1,33.9,84,5.7,南西,0.0,0.0,曇,11.9
202587,07:00,0.0,29.7,25.9,33.4,80,7.3,南西,0.3,0.0,曇,15.3
202587,08:00,0.0,30.4,25.9,33.4,77,6.2,南西,0.3,0.0,曇,17.4
202587,09:00,0.0,31.4,26.0,33.6,73,4.8,西南西,0.7,0.0,曇,19.5
202587,10:00,0.0,30.7,25.5,32.7,74,5.9,西南西,0.3,0.0,曇,18.7
202587,11:00,0.0,30.0,24.9,31.4,74,3.9,北北東,0.0,0.0,曇,14.0
202587,12:00,0.0,30.0,23.2,28.4,67,2.8,北東,0.2,0.0,雨,20.0
202587,13:00,0.0,31.2,24.1,30.0,66,3.0,東北東,0.2,0.0,曇,20.0
202587,14:00,0.0,31.9,25.5,32.6,69,3.7,南南東,0.0,0.0,曇,17.9
202587,15:00,0.0,31.7,25.6,32.7,70,4.2,南西,0.4,0.0,曇,19.4
202587,16:00,0.0,31.9,25.3,32.2,68,6.3,南西,0.8,0.0,曇,20.0
202587,17:00,0.0,31.8,24.9,31.5,67,3.8,南西,0.9,0.0,曇,20.0
202587,18:00,0.0,30.6,25.0,31.6,72,5.0,南西,0.2,0.0,曇,20.0
202587,19:00,0.0,29.7,24.8,31.3,75,5.5,南西,0.1,0.0,曇,20.0
202587,20:00,0.0,29.3,25.7,33.0,81,5.0,南西,0.0,0.0,曇,14.8
202587,21:00,0.0,29.2,25.4,32.4,80,3.6,南南西,0.0,0.0,曇,15.8
202587,22:00,0.0,29.1,25.5,32.6,81,1.5,南西,0.0,0.0,曇,16.9
202587,23:00,0.0,28.8,25.8,33.3,84,3.6,西南西,0.0,0.0,曇,14.2
202587,24:00,0.0,28.7,26.1,33.9,86,2.2,西南西,0.0,0.0,曇,16.7
202589,01:00,0.0,25.9,20.2,23.7,71,2.9,北北西,0.0,0.0,曇,20.0
202589,02:00,0.0,26.2,21.0,24.8,73,2.7,北北西,0.0,0.0,曇,20.0
202589,03:00,0.0,25.8,21.3,25.3,76,2.7,北北西,0.0,0.0,曇,20.0
202589,04:00,0.0,25.6,21.3,25.3,77,2.7,北北西,0.0,0.0,曇,20.0
202589,05:00,0.0,25.5,21.6,25.8,79,1.7,北北東,0.0,0.0,曇,20.0
202589,06:00,0.0,25.7,21.4,25.4,77,2.6,北北東,0.1,0.0,曇,20.0
202589,07:00,0.0,26.9,21.4,25.5,72,1.8,北,0.4,0.0,晴れ,20.0
202589,08:00,0.0,28.7,19.9,23.2,59,2.1,北北東,1.0,0.0,晴れ,20.0
202589,09:00,0.0,29.7,20.3,23.8,57,3.2,東北東,1.0,0.0,晴れ,20.0
202589,10:00,0.0,30.9,21.4,25.5,57,2.8,東南東,0.9,0.0,曇,20.0
202589,11:00,0.0,30.6,22.2,26.8,61,2.5,東,0.3,0.0,曇,20.0
202589,12:00,0.0,30.9,22.5,27.3,61,1.9,東,0.0,0.0,曇,20.0
202589,13:00,0.0,30.8,22.9,28.0,63,1.8,西南西,0.0,0.0,曇,20.0
202589,14:00,0.0,30.5,23.7,29.3,67,2.8,南,0.3,0.0,曇,20.0
202589,15:00,0.0,30.5,23.2,28.4,65,2.5,西南西,0.5,0.0,曇,20.0
202589,16:00,0.0,30.3,23.7,29.4,68,3.5,西南西,0.1,0.0,曇,20.0
202589,17:00,0.0,30.2,24.6,30.9,72,3.0,東南東,0.6,0.0,晴れ,20.0
202589,18:00,0.0,29.3,24.0,29.8,73,1.1,東北東,0.9,0.0,晴れ,20.0
202589,19:00,0.0,30.1,22.8,27.8,65,1.8,南南西,0.1,0.0,晴れ,20.0
202589,20:00,0.0,28.3,24.1,30.0,78,1.6,東南東,0.0,0.0,晴れ,20.0
202589,21:00,0.0,27.1,24.4,30.5,85,2.1,東,0.0,0.0,晴れ,20.0
202589,22:00,0.0,27.0,24.8,31.4,88,2.1,東,0.0,0.0,曇,20.0
202589,23:00,0.0,27.0,24.3,30.3,85,1.3,東,0.0,0.0,曇,20.0
202589,24:00,0.0,27.5,24.2,30.1,82,3.4,南南東,0.0,0.0,曇,20.0
2025811,01:00,0.0,28.7,25.5,32.7,83,11.0,南西,0.0,0.0,曇,20.0
2025811,02:00,0.0,28.6,25.6,32.9,84,12.8,南西,0.0,0.0,曇,20.0
2025811,03:00,0.5,28.1,25.7,33.1,87,12.8,南西,0.0,0.0,雨,17.9
2025811,04:00,0.0,28.4,25.4,32.5,84,12.3,南西,0.0,0.0,雨,20.0
2025811,05:00,0.0,28.1,25.3,32.3,85,12.6,南南西,0.0,0.0,雨,20.0
2025811,06:00,0.0,28.4,25.0,31.7,82,10.7,南南西,0.0,0.0,曇,20.0
2025811,07:00,0.0,28.7,25.5,32.7,83,10.2,南南西,0.0,0.0,曇,20.0
2025811,08:00,0.0,28.9,25.3,32.3,81,12.5,南南西,0.0,0.0,曇,20.0
2025811,09:00,0.0,28.9,25.3,32.3,81,13.0,南西,0.0,0.0,曇,20.0
2025811,10:00,1.0,28.0,25.6,32.9,87,11.3,南西,0.0,0.0,雨,17.3
2025811,11:00,0.5,27.5,25.7,33.1,90,10.6,南西,0.0,0.0,雨,7.72
2025811,12:00,2.0,27.8,25.8,33.3,89,10.0,南南西,0.0,0.0,雨,20.0
2025811,13:00,0.5,27.8,26.2,34.0,91,12.4,南西,0.0,0.0,雨,6.08
2025811,14:00,1.0,28.0,26.0,33.7,89,12.1,南南西,0.0,0.0,雨,17.7
2025811,15:00,0.5,28.1,25.9,33.5,88,10.7,南南西,0.0,0.0,雨,20.0
2025811,16:00,0.0,28.1,25.7,33.1,87,10.5,南西,0.0,0.0,曇,20.0
2025811,17:00,0.0,28.5,25.5,32.7,84,11.5,南西,0.0,0.0,雨,20.0
2025811,18:00,0.0,28.4,25.6,32.9,85,8.8,南南西,0.0,0.0,曇,20.0
2025811,19:00,0.0,28.7,25.5,32.7,83,10.0,南南西,0.0,0.0,曇,20.0
2025811,20:00,0.0,28.5,25.5,32.7,84,9.1,南南西,0.0,0.0,曇,20.0
2025811,21:00,0.0,28.4,25.6,32.9,85,11.1,南西,0.0,0.0,曇,20.0
2025811,22:00,0.0,28.6,25.6,32.9,84,10.8,南南西,0.0,0.0,曇,20.0
2025811,23:00,0.0,28.4,25.6,32.9,85,11.2,南南西,0.0,0.0,曇,20.0
2025811,24:00,0.0,28.2,25.6,32.9,86,12.3,南南西,0.0,0.0,曇,20.0
2025813,01:00,0.0,23.0,19.2,22.2,79,1.4,北西,0.0,0.0,晴れ,20.0
2025813,02:00,0.0,22.7,18.9,21.8,79,1.1,西,0.0,0.0,晴れ,20.0
2025813,03:00,0.0,22.1,18.5,21.3,80,1.2,西,0.0,0.0,晴れ,20.0
2025813,04:00,0.0,21.9,18.3,21.0,80,0.9,南南西,0.0,0.0,晴れ,20.0
2025813,05:00,0.0,21.2,18.2,20.9,83,0.8,南東,0.0,0.01,晴れ,20.0
2025813,06:00,0.0,21.9,17.5,20.0,76,0.2,静穏,0.8,0.32,晴れ,20.0
2025813,07:00,0.0,23.9,19.0,22.0,74,0.9,東北東,1.0,0.97,晴れ,20.0
2025813,08:00,0.0,26.0,20.1,23.5,70,3.2,北,0.9,1.59,晴れ,20.0
2025813,09:00,0.0,26.7,18.8,21.7,62,3.5,北,1.0,2.27,晴れ,20.0
2025813,10:00,0.0,27.4,17.6,20.1,55,4.3,北,1.0,2.72,晴れ,20.0
2025813,11:00,0.0,28.3,17.2,19.6,51,3.7,北北西,1.0,3.04,晴れ,20.0
2025813,12:00,0.0,28.7,18.2,20.9,53,3.7,北北西,1.0,3.17,晴れ,20.0
2025813,13:00,0.0,29.0,18.8,21.6,54,4.4,北北西,1.0,3.08,晴れ,20.0
2025813,14:00,0.0,28.6,17.8,20.4,52,5.0,北北西,1.0,2.81,晴れ,20.0
2025813,15:00,0.0,28.3,19.5,22.7,59,5.6,北北西,1.0,2.38,晴れ,20.0
2025813,16:00,0.0,27.5,19.1,22.0,60,3.4,北北西,1.0,1.81,晴れ,20.0
2025813,17:00,0.0,26.9,19.3,22.3,63,5.0,北西,1.0,1.16,晴れ,20.0
2025813,18:00,0.0,26.0,19.7,22.9,68,4.7,北北西,0.9,0.49,晴れ,20.0
2025813,19:00,0.0,25.2,19.8,23.1,72,4.0,北北西,0.0,0.03,晴れ,20.0
2025813,20:00,0.0,24.4,20.1,23.5,77,2.4,西北西,0.0,0.00,晴れ,20.0
2025813,21:00,0.0,24.2,20.1,23.6,78,1.6,西北西,0.0,0.0,晴れ,20.0
2025813,22:00,0.0,24.0,19.9,23.3,78,0.8,西,0.0,0.0,晴れ,20.0
2025813,23:00,0.0,23.8,20.0,23.3,79,1.2,西,0.0,0.0,晴れ,20.0
2025813,24:00,0.0,23.4,20.0,23.3,81,1.4,南南東,0.0,0.0,曇,20.0
2025814,01:00,0.0,22.7,19.3,22.4,81,1.1,南南東,0.0,0.0,曇,20.0
2025814,02:00,0.0,22.8,19.2,22.2,80,1.9,南,0.0,0.0,曇,20.0
2025814,03:00,0.0,22.2,18.2,20.9,78,1.8,南南東,0.0,0.0,曇,20.0
2025814,04:00,0.0,21.5,17.7,20.3,79,2.1,東南東,0.0,0.0,曇,20.0
2025814,05:00,0.0,21.4,17.2,19.6,77,2.9,南東,0.0,0.01,曇,20.0
2025814,06:00,0.0,21.7,17.1,19.5,75,4.3,東南東,0.0,0.18,曇,20.0
2025814,07:00,0.0,22.5,17.4,19.9,73,4.6,南東,0.0,0.47,曇,20.0
2025814,08:00,0.0,24.9,19.3,22.4,71,3.9,南東,0.5,1.01,曇,20.0
2025814,09:00,0.0,27.2,19.8,23.1,64,3.7,南東,1.0,2.19,晴れ,20.0
2025814,10:00,0.0,27.8,19.6,22.8,61,4.6,南東,0.6,2.00,曇,20.0
2025814,11:00,0.0,27.9,18.9,21.8,58,4.8,南南東,0.7,2.35,曇,20.0
2025814,12:00,0.0,27.7,19.0,21.9,59,5.7,南東,0.0,1.37,曇,20.0
2025814,13:00,0.0,28.5,18.9,21.8,56,7.3,南南東,0.3,1.91,曇,20.0
2025814,14:00,0.0,27.1,18.7,21.5,60,7.4,南南東,0.0,1.34,曇,20.0
2025814,15:00,0.0,27.4,20.0,23.4,64,4.1,南南東,0.3,1.45,曇,20.0
2025814,16:00,0.0,27.3,20.2,23.6,65,4.3,南南東,0.0,0.94,曇,20.0
2025814,17:00,0.0,26.4,19.8,23.1,67,6.2,南南東,0.0,0.42,曇,20.0
2025814,18:00,0.0,25.8,19.2,22.3,67,6.0,南南東,0.0,0.10,曇,20.0
2025814,19:00,0.0,25.4,19.1,22.1,68,4.6,南東,0.0,0.01,曇,20.0
2025814,20:00,0.0,24.9,19.3,22.4,71,4.9,南東,0.0,0.00,曇,20.0
2025814,21:00,0.0,24.8,19.6,22.9,73,5.5,南東,0.0,0.0,雨,20.0
2025814,22:00,0.0,24.2,19.3,22.4,74,5.4,南南東,0.0,0.0,雨,20.0
2025814,23:00,0.0,23.8,20.7,24.5,83,6.6,南南東,0.0,0.0,曇,20.0
2025814,24:00,0.0,24.1,21.0,24.9,83,6.1,南南東,0.0,0.0,曇,20.0
2025815,01:00,0.0,28.5,24.1,30.0,77,0.8,北西,0.0,0.0,晴れ,20.0
2025815,02:00,0.0,28.5,23.2,28.4,73,1.5,南西,0.0,0.0,晴れ,20.0
2025815,03:00,0.0,28.3,23.7,29.2,76,1.4,南西,0.0,0.0,晴れ,20.0
2025815,04:00,0.0,27.7,23.9,29.7,80,0.8,南南東,0.0,0.0,晴れ,20.0
2025815,05:00,0.0,27.1,24.2,30.1,84,0.5,南,0.0,0.0,晴れ,20.0
2025815,06:00,0.0,27.5,23.7,29.4,80,0.8,南南西,0.0,0.01,晴れ,20.0
2025815,07:00,0.0,28.2,24.2,30.2,79,1.2,南東,0.5,0.31,晴れ,20.0
2025815,08:00,0.0,29.4,24.3,30.3,74,1.0,西,1.0,1.07,晴れ,20.0
2025815,09:00,0.0,30.8,24.5,30.7,69,3.2,北,1.0,1.80,晴れ,20.0
2025815,10:00,0.0,32.3,25.9,33.4,69,3.4,北,1.0,2.45,晴れ,20.0
2025815,11:00,0.0,32.4,25.7,33.1,68,4.5,北,1.0,2.95,晴れ,20.0
2025815,12:00,0.0,33.2,24.9,31.6,62,3.9,北北西,1.0,3.27,晴れ,20.0
2025815,13:00,0.0,34.0,25.7,33.0,62,4.2,北,1.0,3.36,晴れ,20.0
2025815,14:00,0.0,33.8,27.1,35.8,68,5.5,北,1.0,3.22,晴れ,20.0
2025815,15:00,0.0,33.5,27.0,35.7,69,6.4,北,1.0,2.85,晴れ,20.0
2025815,16:00,0.0,33.1,27.1,35.9,71,4.1,北北西,1.0,2.31,晴れ,20.0
2025815,17:00,0.0,31.8,26.6,34.8,74,3.7,北北西,1.0,1.63,晴れ,20.0
2025815,18:00,0.0,31.1,25.9,33.5,74,3.7,北,1.0,0.90,晴れ,20.0
2025815,19:00,0.0,30.3,26.3,34.1,79,3.1,北,0.6,0.23,晴れ,20.0
2025815,20:00,0.0,29.9,26.3,34.2,81,2.7,北,0.0,0.00,晴れ,20.0
2025815,21:00,0.0,29.7,25.2,32.1,77,2.1,北,0.0,0.0,晴れ,20.0
2025815,22:00,0.0,29.6,25.4,32.4,78,1.3,北,0.0,0.0,晴れ,20.0
2025815,23:00,0.0,29.6,24.9,31.5,76,1.5,西南西,0.0,0.0,晴れ,20.0
2025815,24:00,0.0,29.4,25.0,31.6,77,0.1,静穏,0.0,0.0,晴れ,20.0
2025816,01:00,0.0,28.3,23.4,28.9,75,1.1,南南西,0.0,0.0,晴れ,20.0
2025816,02:00,0.0,28.3,23.0,28.1,73,1.3,南南西,0.0,0.0,晴れ,20.0
2025816,03:00,0.0,27.4,23.6,29.2,80,1.4,北,0.0,0.0,晴れ,20.0
2025816,04:00,0.0,27.8,21.8,26.2,70,1.3,南西,0.0,0.0,晴れ,20.0
2025816,05:00,0.0,26.9,23.0,28.0,79,0.7,南南東,0.0,0.0,晴れ,20.0
2025816,06:00,0.0,27.1,23.4,28.7,80,1.2,南南東,0.1,0.02,晴れ,20.0
2025816,07:00,0.0,28.1,22.4,27.0,71,1.3,南東,1.0,0.38,晴れ,20.0
2025816,08:00,0.0,29.2,23.2,28.4,70,1.6,南東,1.0,1.07,晴れ,20.0
2025816,09:00,0.0,31.1,24.0,29.8,66,0.6,東,1.0,1.79,晴れ,20.0
2025816,10:00,0.0,32.9,24.7,31.0,62,3.1,北,1.0,2.42,晴れ,20.0
2025816,11:00,0.0,33.4,25.4,32.4,63,3.7,北,1.0,2.92,晴れ,20.0
2025816,12:00,0.0,33.3,24.2,30.2,59,4.0,北,1.0,3.24,晴れ,20.0
2025816,13:00,0.0,33.7,25.1,31.9,61,5.2,北,1.0,3.32,晴れ,20.0
2025816,14:00,0.0,34.1,25.2,32.1,60,4.7,北北西,1.0,3.17,晴れ,20.0
2025816,15:00,0.0,34.0,25.4,32.5,61,4.7,北北西,1.0,2.80,晴れ,20.0
2025816,16:00,0.0,33.9,24.8,31.2,59,4.7,北北西,1.0,2.26,晴れ,20.0
2025816,17:00,0.0,32.0,24.3,30.4,64,4.4,北北西,1.0,1.61,晴れ,20.0
2025816,18:00,0.0,31.3,25.2,32.0,70,3.4,北北西,1.0,0.89,晴れ,20.0
2025816,19:00,0.0,30.8,25.6,32.9,74,2.3,北,0.6,0.22,晴れ,20.0
2025816,20:00,0.0,30.2,25.5,32.6,76,1.9,北,0.0,0.00,晴れ,20.0
2025816,21:00,0.0,30.1,25.4,32.4,76,0.9,北,0.0,0.0,晴れ,20.0
2025816,22:00,0.0,30.1,23.8,29.5,69,1.2,西南西,0.0,0.0,晴れ,20.0
2025816,23:00,0.0,29.8,23.0,28.1,67,1.7,西南西,0.0,0.0,晴れ,20.0
2025816,24:00,0.0,29.5,23.7,29.3,71,0.9,西南西,0.0,0.0,晴れ,20.0
2025817,01:00,0.0,29.1,23.3,28.6,71,1.4,南南西,0.0,0.0,晴れ,20.0
2025817,02:00,0.0,28.9,23.8,29.5,74,1.2,南南東,0.0,0.0,晴れ,20.0
2025817,03:00,0.0,28.5,24.3,30.4,78,1.9,南南東,0.0,0.0,晴れ,20.0
2025817,04:00,0.0,28.1,24.3,30.4,80,1.7,南東,0.0,0.0,晴れ,20.0
2025817,05:00,0.0,27.8,24.5,30.6,82,1.0,東南東,0.0,0.0,晴れ,20.0
2025817,06:00,0.0,27.8,24.2,30.3,81,1.2,南南東,0.0,0.01,晴れ,20.0
2025817,07:00,0.0,28.6,24.6,30.9,79,0.8,南東,0.9,0.32,晴れ,20.0
2025817,08:00,0.0,29.4,24.7,31.2,76,0.8,北北東,1.0,0.99,晴れ,20.0
2025817,09:00,0.0,31.2,26.0,33.6,74,2.1,北,1.0,1.78,晴れ,20.0
2025817,10:00,0.0,31.8,24.4,30.6,65,3.1,北,0.8,2.18,晴れ,20.0
2025817,11:00,0.0,33.5,24.7,31.1,60,4.8,北,0.9,2.83,晴れ,20.0
2025817,12:00,0.0,33.6,25.9,33.3,64,4.4,北北西,1.0,3.23,晴れ,20.0
2025817,13:00,0.0,33.5,24.7,31.1,60,4.6,北北西,1.0,3.31,雷電,20.0
2025817,14:00,0.0,33.4,25.4,32.4,63,6.0,北北西,0.9,3.04,雷電,20.0
2025817,15:00,0.0,32.8,25.4,32.4,65,5.0,北北西,1.0,2.87,晴れ,20.0
2025817,16:00,0.0,32.6,25.4,32.5,66,5.3,北,0.9,2.22,曇,20.0
2025817,17:00,0.0,32.1,25.0,31.6,66,3.6,北,1.0,1.75,晴れ,20.0
2025817,18:00,0.0,31.6,24.7,31.2,67,3.4,北,1.0,0.98,晴れ,20.0
2025817,19:00,0.0,30.8,25.2,32.0,72,2.1,北,0.6,0.23,晴れ,20.0
2025817,20:00,0.0,30.1,23.5,29.0,68,1.5,東北東,0.0,0.00,晴れ,20.0
2025817,21:00,0.0,30.2,23.6,29.2,68,1.5,南東,0.0,0.0,晴れ,20.0
2025817,22:00,0.0,29.2,23.6,29.2,72,1.6,南東,0.0,0.0,曇,20.0
2025817,23:00,0.0,28.4,23.8,29.4,76,2.2,南東,0.0,0.0,曇,20.0
2025817,24:00,0.0,27.9,24.1,30.1,80,2.6,南東,0.0,0.0,曇,20.0
2025819,01:00,0.0,27.7,25.2,32.0,86,1.4,南南東,0.0,0.0,晴れ,19.5
2025819,02:00,0.0,27.6,24.5,30.7,83,1.1,南南西,0.0,0.0,晴れ,18.7
2025819,03:00,0.0,27.2,24.7,31.0,86,2.7,西南西,0.0,0.0,晴れ,19.3
2025819,04:00,0.0,27.2,25.0,31.8,88,2.2,南西,0.0,0.0,晴れ,20.0
2025819,05:00,0.0,26.9,24.6,30.8,87,1.5,南南東,0.0,0.0,晴れ,18.3
2025819,06:00,0.0,27.3,24.6,30.9,85,1.1,南東,0.1,0.0,晴れ,19.7
2025819,07:00,0.0,28.5,24.7,31.1,80,3.2,南西,0.9,0.0,晴れ,20.0
2025819,08:00,0.0,29.3,25.5,32.6,80,3.0,南西,0.7,0.0,晴れ,20.0
2025819,09:00,0.0,30.2,25.3,32.2,75,3.9,西南西,1.0,0.0,晴れ,20.0
2025819,10:00,0.0,30.8,25.2,32.0,72,4.7,西南西,1.0,0.0,晴れ,20.0
2025819,11:00,0.0,31.4,24.8,31.3,68,5.2,南西,1.0,0.0,晴れ,20.0
2025819,12:00,0.0,32.0,25.6,32.8,69,5.0,西南西,1.0,0.0,晴れ,20.0
2025819,13:00,0.0,31.8,25.2,32.0,68,5.7,西南西,1.0,0.0,晴れ,20.0
2025819,14:00,0.0,32.8,24.8,31.4,63,5.1,南西,1.0,0.0,晴れ,20.0
2025819,15:00,0.0,32.3,24.9,31.5,65,5.9,西南西,1.0,0.0,晴れ,20.0
2025819,16:00,0.0,32.3,24.6,31.0,64,6.4,南西,1.0,0.0,晴れ,20.0
2025819,17:00,0.0,31.9,24.2,30.3,64,5.0,南西,1.0,0.0,晴れ,20.0
2025819,18:00,0.0,30.9,23.6,29.1,65,6.9,南,1.0,0.0,晴れ,20.0
2025819,19:00,0.0,29.7,24.3,30.5,73,3.2,南西,0.0,0.0,晴れ,20.0
2025819,20:00,0.0,29.0,24.3,30.5,76,4.5,南,0.0,0.0,晴れ,20.0
2025819,21:00,0.0,28.5,24.5,30.8,79,5.4,南,0.0,0.0,晴れ,20.0
2025819,22:00,0.0,28.2,24.4,30.6,80,5.5,南,0.0,0.0,晴れ,20.0
2025819,23:00,0.0,28.2,24.6,31.0,81,4.5,南南東,0.0,0.0,晴れ,20.0
2025819,24:00,0.0,28.1,24.3,30.4,80,2.9,南,0.0,0.0,晴れ,20.0
2025820,01:00,0.0,28.1,24.3,30.4,80,2.4,南,0.0,0.0,晴れ,20.0
2025820,02:00,0.0,28.1,24.5,30.8,81,4.2,南西,0.0,0.0,晴れ,20.0
2025820,03:00,0.0,27.8,24.5,30.6,82,4.3,南西,0.0,0.0,曇,20.0
2025820,04:00,0.0,27.6,25.1,31.8,86,3.9,南西,0.0,0.0,晴れ,20.0
2025820,05:00,0.0,27.6,24.7,31.0,84,4.8,南西,0.0,0.0,晴れ,20.0
2025820,06:00,0.0,27.7,25.0,31.6,85,5.1,南西,0.3,0.0,晴れ,20.0
2025820,07:00,0.0,28.5,25.3,32.3,83,4.7,南西,0.8,0.0,晴れ,20.0
2025820,08:00,0.0,29.7,25.5,32.5,78,3.8,南西,1.0,0.0,晴れ,20.0
2025820,09:00,0.0,30.2,25.5,32.6,76,3.5,西南西,1.0,0.0,晴れ,20.0
2025820,10:00,0.0,30.9,25.3,32.2,72,4.3,西南西,1.0,0.0,晴れ,20.0
2025820,11:00,0.0,31.2,25.3,32.3,71,4.5,西南西,1.0,0.0,晴れ,20.0
2025820,12:00,0.0,32.4,25.7,33.1,68,3.6,西,1.0,0.0,晴れ,20.0
2025820,13:00,0.0,32.4,25.5,32.6,67,6.6,西南西,1.0,0.0,晴れ,20.0
2025820,14:00,0.0,32.8,25.1,31.9,64,7.0,西南西,1.0,0.0,晴れ,20.0
2025820,15:00,0.0,32.3,24.6,31.0,64,7.6,西南西,1.0,0.0,晴れ,20.0
2025820,16:00,0.0,32.6,23.8,29.5,60,8.3,南西,1.0,0.0,晴れ,20.0
2025820,17:00,0.0,32.5,22.6,27.4,56,6.4,南南西,0.8,0.0,晴れ,20.0
2025820,18:00,0.0,31.1,23.0,28.0,62,7.6,南南西,0.5,0.0,晴れ,20.0
2025820,19:00,0.0,30.0,23.7,29.3,69,6.1,南,0.0,0.0,晴れ,20.0
2025820,20:00,0.0,29.6,24.3,30.3,73,4.7,南西,0.0,0.0,晴れ,20.0
2025820,21:00,0.0,29.2,23.9,29.6,73,4.3,南,0.0,0.0,晴れ,20.0
2025820,22:00,0.0,29.1,24.2,30.2,75,3.9,南南西,0.0,0.0,晴れ,20.0
2025820,23:00,0.0,28.8,24.2,30.1,76,4.0,南南西,0.0,0.0,晴れ,20.0
2025820,24:00,0.0,28.8,24.2,30.1,76,3.7,南西,0.0,0.0,晴れ,20.0
2025821,01:00,0.0,28.4,24.0,29.8,77,4.8,南西,0.0,0.0,晴れ,20.0
2025821,02:00,0.0,27.8,24.9,31.4,84,4.0,南西,0.0,0.0,晴れ,20.0
2025821,03:00,0.0,27.8,24.9,31.4,84,4.0,南西,0.0,0.0,晴れ,20.0
2025821,04:00,0.0,27.9,25.3,32.3,86,3.8,西南西,0.0,0.0,晴れ,20.0
2025821,05:00,0.0,28.1,25.3,32.3,85,3.2,西南西,0.0,0.0,晴れ,20.0
2025821,06:00,0.0,28.5,25.7,33.1,85,2.6,西南西,0.3,0.0,晴れ,20.0
2025821,07:00,0.0,28.5,25.9,33.5,86,2.7,西,0.4,0.0,晴れ,20.0
2025821,08:00,0.0,29.5,25.5,32.6,79,3.6,西南西,1.0,0.0,晴れ,20.0
2025821,09:00,0.0,30.7,25.3,32.3,73,2.6,西南西,1.0,0.0,晴れ,20.0
2025821,10:00,0.0,31.4,23.8,29.4,64,2.9,西南西,1.0,0.0,晴れ,20.0
2025821,11:00,0.0,32.0,24.3,30.4,64,3.8,西南西,1.0,0.0,晴れ,20.0
2025821,12:00,0.0,33.4,24.0,29.9,58,3.8,西南西,1.0,0.0,晴れ,20.0
2025821,13:00,0.0,34.6,22.7,27.5,50,3.9,西南西,1.0,0.0,晴れ,20.0
2025821,14:00,0.0,35.1,23.4,28.9,51,3.7,西南西,1.0,0.0,晴れ,20.0
2025821,15:00,0.0,34.9,23.6,29.1,52,3.9,西南西,1.0,0.0,晴れ,20.0
2025821,16:00,0.0,32.8,25.4,32.4,65,5.0,西南西,1.0,0.0,晴れ,20.0
2025821,17:00,0.0,32.8,22.9,27.9,56,3.7,南,0.9,0.0,晴れ,20.0
2025821,18:00,0.0,32.3,23.0,28.1,58,2.7,南南東,0.0,0.0,曇,20.0
2025821,19:00,0.0,31.0,24.9,31.5,70,1.3,西,0.0,0.0,曇,20.0
2025821,20:00,0.0,31.2,24.6,30.9,68,1.5,東,0.0,0.0,曇,20.0
2025821,21:00,0.0,30.9,23.6,29.1,65,2.5,東,0.0,0.0,晴れ,20.0
2025821,22:00,0.0,30.3,23.5,28.9,67,1.8,東,0.0,0.0,曇,20.0
2025821,23:00,0.0,29.7,25.5,32.5,78,1.3,西南西,0.0,0.0,曇,19.4
2025821,24:00,0.0,29.7,24.1,30.0,72,0.7,北北西,0.0,0.0,曇,20.0
2025822,01:00,0.0,29.6,24.0,29.9,72,1.2,北東,0.0,0.0,曇,20.0
2025822,02:00,0.0,28.6,23.7,29.4,75,1.2,北北東,0.0,0.0,曇,20.0
2025822,03:00,0.0,27.9,23.9,29.7,79,1.7,東,0.0,0.0,曇,20.0
2025822,04:00,0.0,27.2,24.3,30.3,84,1.9,東北東,0.0,0.0,曇,15.8
2025822,05:00,0.0,26.9,24.2,30.1,85,2.1,東,0.0,0.0,曇,16.4
2025822,06:00,0.0,27.0,24.5,30.7,86,2.3,東南東,0.0,0.0,曇,11.9
2025822,07:00,0.0,28.0,24.2,30.3,80,2.0,東南東,0.6,0.0,曇,14.1
2025822,08:00,0.0,29.3,24.6,31.0,76,1.8,東北東,0.8,0.0,晴れ,17.0
2025822,09:00,0.0,31.4,25.3,32.2,70,0.6,南,1.0,0.0,晴れ,20.0
2025822,10:00,0.0,31.4,25.0,31.7,69,1.5,南西,0.6,0.0,晴れ,19.8
2025822,11:00,0.0,33.0,25.3,32.2,64,1.6,西南西,0.7,0.0,曇,20.0
2025822,12:00,0.0,32.6,25.2,32.0,65,3.7,西南西,0.6,0.0,曇,20.0
2025822,13:00,0.0,33.3,24.8,31.2,61,2.5,西南西,0.9,0.0,晴れ,20.0
2025822,14:00,0.0,33.2,24.7,31.0,61,4.9,南東,0.7,0.0,晴れ,20.0
2025822,15:00,0.0,33.6,25.3,32.3,62,3.0,南東,0.8,0.0,曇,20.0
2025822,16:00,0.0,32.6,25.7,33.0,67,4.5,東南東,0.6,0.0,曇,20.0
2025822,17:00,0.0,32.4,24.7,31.1,64,3.2,南,0.0,0.0,曇,20.0
2025822,18:00,0.0,31.0,24.6,31.0,69,4.9,西南西,0.0,0.0,曇,18.5
2025822,19:00,0.0,30.6,24.5,30.8,70,2.8,南西,0.0,0.0,曇,20.0
2025822,20:00,0.0,29.7,23.9,29.6,71,4.1,西南西,0.0,0.0,曇,20.0
2025822,21:00,0.0,29.8,23.3,28.5,68,3.0,南,0.0,0.0,曇,20.0
2025822,22:00,0.0,29.7,23.6,29.2,70,3.1,南,0.0,0.0,晴れ,20.0
2025822,23:00,0.0,29.0,24.3,30.5,76,2.2,南,0.0,0.0,曇,20.0
2025822,24:00,0.0,28.4,24.2,30.2,78,2.9,南,0.0,0.0,曇,20.0
2025823,01:00,0.0,28.3,24.5,30.8,80,2.4,南,0.0,0.0,曇,20.0
2025823,02:00,0.0,28.2,24.6,31.0,81,4.6,南西,0.0,0.0,曇,20.0
2025823,03:00,0.0,28.2,24.6,31.0,81,3.3,南南西,0.0,0.0,曇,20.0
2025823,04:00,0.0,28.0,24.8,31.4,83,2.3,南南西,0.0,0.0,晴れ,20.0
2025823,05:00,0.0,28.0,24.6,31.0,82,3.9,南西,0.0,0.0,晴れ,20.0
2025823,06:00,0.0,28.1,24.5,30.8,81,4.0,南西,0.2,0.0,曇,20.0
2025823,07:00,0.0,29.2,25.0,31.6,78,4.3,南西,1.0,0.0,晴れ,20.0
2025823,08:00,0.0,30.0,25.5,32.7,77,4.9,南西,1.0,0.0,晴れ,20.0
2025823,09:00,0.0,30.5,23.9,29.7,68,4.6,南西,1.0,0.0,晴れ,20.0
2025823,10:00,0.0,31.7,23.8,29.5,63,4.7,南西,1.0,0.0,晴れ,20.0
2025823,11:00,0.0,32.5,23.7,29.4,60,4.8,南西,1.0,0.0,晴れ,20.0
2025823,12:00,0.0,33.1,24.6,30.9,61,5.5,西南西,1.0,0.0,晴れ,20.0
2025823,13:00,0.0,33.0,25.3,32.2,64,5.6,西南西,1.0,0.0,晴れ,20.0
2025823,14:00,0.0,33.2,25.5,32.6,64,5.7,西南西,1.0,0.0,晴れ,20.0
2025823,15:00,0.0,33.2,25.2,32.1,63,5.8,西南西,1.0,0.0,晴れ,20.0
2025823,16:00,0.0,33.0,25.3,32.2,64,6.3,南西,1.0,0.0,晴れ,20.0
2025823,17:00,0.0,31.7,25.3,32.3,69,6.9,南西,1.0,0.0,晴れ,20.0
2025823,18:00,0.0,31.8,24.2,30.1,64,4.6,南,0.7,0.0,曇,20.0
2025823,19:00,0.0,30.7,24.8,31.4,71,5.0,南,0.0,0.0,曇,20.0
2025823,20:00,0.0,30.0,24.9,31.4,74,4.4,南,0.0,0.0,晴れ,20.0
2025823,21:00,0.0,29.5,25.0,31.8,77,4.5,南,0.0,0.0,晴れ,20.0
2025823,22:00,0.0,29.5,24.8,31.3,76,3.6,南南西,0.0,0.0,晴れ,20.0
2025823,23:00,0.0,29.6,24.7,31.1,75,4.1,南南西,0.0,0.0,晴れ,20.0
2025823,24:00,0.0,29.3,24.6,31.0,76,4.2,南西,0.0,0.0,晴れ,20.0
2025824,01:00,0.0,28.9,25.1,31.9,80,3.0,南,0.0,0.0,晴れ,17.0
2025824,02:00,0.0,28.9,24.9,31.5,79,4.2,南西,0.0,0.0,晴れ,17.6
2025824,03:00,0.0,28.4,25.0,31.7,82,4.8,南西,0.0,0.0,晴れ,16.8
2025824,04:00,0.0,28.3,25.1,31.9,83,4.3,南西,0.0,0.0,晴れ,15.5
2025824,05:00,0.0,28.0,25.4,32.5,86,3.8,南西,0.0,0.0,晴れ,14.7
2025824,06:00,0.0,28.4,25.4,32.5,84,3.4,南西,0.2,0.0,曇,14.7
2025824,07:00,0.0,29.3,25.7,33.0,81,3.3,南西,1.0,0.0,晴れ,16.2
2025824,08:00,0.0,30.3,26.3,34.1,79,3.5,西南西,1.0,0.0,晴れ,16.4
2025824,09:00,0.0,30.8,26.3,34.2,77,3.2,西南西,1.0,0.0,晴れ,16.3
2025824,10:00,0.0,31.5,26.1,33.8,73,3.2,西南西,1.0,0.0,晴れ,16.5
2025824,11:00,0.0,32.4,26.2,34.1,70,3.5,西南西,1.0,0.0,晴れ,18.2
2025824,12:00,0.0,33.3,25.8,33.3,65,3.8,西南西,1.0,0.0,晴れ,20.0
2025824,13:00,0.0,33.8,26.3,34.2,65,3.7,西南西,1.0,0.0,晴れ,20.0
2025824,14:00,0.0,34.2,26.7,35.0,65,4.8,西南西,1.0,0.0,晴れ,20.0
2025824,15:00,0.0,33.6,26.1,33.8,65,4.8,西南西,1.0,0.0,晴れ,19.1
2025824,16:00,0.0,32.7,26.0,33.7,68,5.5,西南西,1.0,0.0,晴れ,20.0
2025824,17:00,0.0,32.3,25.4,32.4,67,4.2,南西,1.0,0.0,晴れ,20.0
2025824,18:00,0.0,31.6,25.2,32.1,69,4.4,西南西,0.4,0.0,晴れ,20.0
2025824,19:00,0.0,30.5,24.2,30.1,69,4.4,南西,0.0,0.0,晴れ,20.0
2025824,20:00,0.0,30.0,24.9,31.4,74,3.4,南西,0.0,0.0,曇,20.0
2025824,21:00,0.0,30.0,24.2,30.1,71,1.8,南,0.0,0.0,曇,20.0
2025824,22:00,0.0,29.6,25.6,32.8,79,2.1,西南西,0.0,0.0,曇,19.1
2025824,23:00,0.0,29.7,25.5,32.5,78,2.1,北西,0.0,0.0,曇,18.7
2025824,24:00,0.0,28.5,25.5,32.7,84,2.5,北北東,0.0,0.0,曇,13.0
2025826,01:00,0.0,29.7,24.1,30.0,72,1.8,南南西,0.0,0.0,,
2025826,02:00,0.0,29.7,22.9,28.0,67,1.9,南,0.0,0.0,,
2025826,03:00,0.0,29.1,23.8,29.4,73,1.3,南南東,0.0,0.0,晴れ,15.0
2025826,04:00,0.0,28.7,22.9,28.0,71,1.9,南,0.0,0.0,,
2025826,05:00,0.0,28.7,22.9,28.0,71,1.7,南,0.0,0.00,,
2025826,06:00,0.0,28.6,23.1,28.2,72,1.0,南南東,0.0,0.04,晴れ,15.0
2025826,07:00,0.0,29.5,22.7,27.6,67,1.9,南,0.9,0.45,,
2025826,08:00,0.0,29.6,22.3,27.0,65,1.7,南,0.4,0.68,,
2025826,09:00,0.0,31.1,23.0,28.0,62,1.6,南,0.6,1.52,晴れ,15.0
2025826,10:00,0.0,31.6,23.2,28.4,61,2.3,西南西,0.9,2.29,,
2025826,11:00,0.0,32.8,23.5,28.9,58,3.4,南西,0.8,2.52,,
2025826,12:00,0.0,34.0,23.1,28.2,53,3.9,西南西,1.0,3.23,晴れ,15.0
2025826,13:00,0.0,34.1,22.2,26.8,50,4.1,西南西,1.0,3.23,,
2025826,14:00,0.0,34.4,22.1,26.7,49,4.5,西南西,1.0,2.97,,
2025826,15:00,0.0,33.4,23.4,28.8,56,5.7,西,1.0,2.53,快晴,15.0
2025826,16:00,0.0,32.5,21.7,25.9,53,3.4,西南西,1.0,1.93,,
2025826,17:00,0.0,32.0,21.2,25.2,53,4.3,西南西,1.0,1.24,,
2025826,18:00,0.0,31.4,21.9,26.2,57,4.4,西南西,1.0,0.52,快晴,20.0
2025826,19:00,0.0,30.7,22.6,27.4,62,4.5,西南西,0.1,0.04,,
2025826,20:00,0.0,30.5,22.9,28.0,64,3.0,西南西,0.0,0.00,,
2025826,21:00,0.0,30.2,22.1,26.6,62,3.2,南南西,0.0,0.0,快晴,15.0
2025826,22:00,0.0,29.8,23.3,28.5,68,2.7,西南西,0.0,0.0,,
2025826,23:00,0.0,29.6,22.3,27.0,65,3.0,南西,0.0,0.0,,
2025826,24:00,0.0,29.5,22.2,26.8,65,2.3,西南西,0.0,0.0,,
2025827,01:00,0.0,28.7,24.3,30.3,77,2.9,西南西,0.0,0.0,晴れ,20.0
2025827,02:00,0.0,27.5,24.2,30.1,82,2.3,西南西,0.0,0.0,雨,12.9
2025827,03:00,0.0,28.1,24.3,30.4,80,1.4,西,0.0,0.0,曇,20.0
2025827,04:00,0.0,28.2,24.8,31.4,82,2.4,西南西,0.0,0.0,曇,20.0
2025827,05:00,0.0,28.2,25.0,31.8,83,2.8,西南西,0.0,0.0,曇,20.0
2025827,06:00,0.0,28.0,24.6,31.0,82,2.9,西南西,0.0,0.0,曇,20.0
2025827,07:00,0.0,28.3,24.5,30.8,80,3.0,西,0.0,0.0,曇,18.6
2025827,08:00,0.0,29.2,24.3,30.4,75,3.7,南西,0.7,0.0,雷電,19.1
2025827,09:00,0.0,30.6,25.2,32.1,73,4.9,南西,0.7,0.0,雨,6.27
2025827,10:00,1.5,29.9,25.0,31.7,75,5.0,南西,0.5,0.0,曇,20.0
2025827,11:00,0.0,30.6,25.0,31.6,72,3.2,南南西,1.0,0.0,晴れ,16.3
2025827,12:00,0.0,31.4,25.0,31.7,69,3.8,南南西,1.0,0.0,晴れ,19.3
2025827,13:00,0.0,31.8,24.9,31.5,67,3.4,南西,1.0,0.0,晴れ,17.5
2025827,14:00,0.0,32.7,23.9,29.7,60,5.6,南西,0.9,0.0,曇,14.3
2025827,15:00,0.0,31.8,24.2,30.1,64,5.8,南西,1.0,0.0,晴れ,13.3
2025827,16:00,0.0,30.8,24.9,31.6,71,5.7,南南西,1.0,0.0,晴れ,13.3
2025827,17:00,0.0,30.5,24.4,30.6,70,5.2,西南西,0.8,0.0,曇,15.4
2025827,18:00,0.0,29.4,25.2,32.0,78,4.7,西南西,0.2,0.0,曇,15.5
2025827,19:00,0.0,29.2,25.2,32.0,79,4.1,南西,0.0,0.0,曇,15.6
2025827,20:00,0.0,28.9,25.7,33.1,83,3.2,南西,0.0,0.0,曇,16.2
2025827,21:00,0.0,28.9,25.7,33.1,83,2.4,南西,0.0,0.0,晴れ,17.0
2025827,22:00,0.0,28.9,25.1,31.9,80,3.0,南西,0.0,0.0,曇,12.8
2025827,23:00,0.0,28.7,24.7,31.1,79,1.9,南西,0.0,0.0,曇,15.4
2025827,24:00,0.0,28.8,24.4,30.5,77,1.3,西,0.0,0.0,曇,19.6
2025829,01:00,0.0,25.9,23.4,28.7,86,2.6,北北東,0.0,0.0,晴れ,20.0
2025829,02:00,0.0,25.8,23.7,29.2,88,2.3,北東,0.0,0.0,曇,20.0
2025829,03:00,0.0,25.7,23.6,29.1,88,2.2,北北東,0.0,0.0,曇,20.0
2025829,04:00,0.0,25.8,23.7,29.2,88,2.2,北北東,0.0,0.0,晴れ,20.0
2025829,05:00,0.0,25.7,23.6,29.1,88,1.2,北北東,0.0,0.0,曇,20.0
2025829,06:00,0.0,25.9,23.6,29.1,87,1.7,東北東,0.0,0.0,曇,20.0
2025829,07:00,0.0,27.0,23.5,28.9,81,0.7,南東,0.7,0.0,曇,20.0
2025829,08:00,0.0,27.7,23.9,29.7,80,1.0,西南西,0.4,0.0,晴れ,20.0
2025829,09:00,0.0,29.3,23.0,28.1,69,2.2,西南西,1.0,0.0,晴れ,20.0
2025829,10:00,0.0,30.2,22.6,27.5,64,2.6,西南西,1.0,0.0,晴れ,20.0
2025829,11:00,0.0,31.4,22.7,27.6,60,2.6,西,1.0,0.0,晴れ,20.0
2025829,12:00,0.0,32.1,23.9,29.7,62,2.9,西,1.0,0.0,晴れ,20.0
2025829,13:00,0.0,32.0,23.8,29.5,62,4.6,西南西,1.0,0.0,晴れ,20.0
2025829,14:00,0.0,32.3,22.7,27.6,57,3.7,西南西,1.0,0.0,晴れ,20.0
2025829,15:00,0.0,32.6,23.5,29.0,59,2.9,西,1.0,0.0,晴れ,20.0
2025829,16:00,0.0,31.2,24.8,31.4,69,5.9,西南西,1.0,0.0,晴れ,20.0
2025829,17:00,0.0,30.3,24.5,30.7,71,6.3,西南西,1.0,0.0,晴れ,20.0
2025829,18:00,0.0,29.8,24.4,30.6,73,5.8,南西,0.1,0.0,曇,20.0
2025829,19:00,0.0,30.3,23.7,29.4,68,4.7,南南西,0.0,0.0,晴れ,20.0
2025829,20:00,0.0,29.5,24.2,30.1,73,4.5,南南西,0.0,0.0,晴れ,17.9
2025829,21:00,0.0,28.7,24.7,31.1,79,5.2,南,0.0,0.0,晴れ,11.8
2025829,22:00,0.0,28.4,25.0,31.7,82,2.9,南,0.0,0.0,晴れ,9.06
2025829,23:00,0.0,28.2,25.0,31.8,83,4.1,南,0.0,0.0,晴れ,8.97
2025829,24:00,0.0,28.0,25.2,32.1,85,2.3,南南東,0.0,0.0,曇,8.47
2025830,01:00,0.0,28.2,25.2,32.1,84,2.2,南南東,0.0,0.0,曇,8.31
2025830,02:00,0.0,28.0,24.8,31.4,83,1.2,南南西,0.0,0.0,曇,9.40
2025830,03:00,0.0,28.0,25.2,32.1,85,2.7,西南西,0.0,0.0,曇,11.5
2025830,04:00,0.0,27.7,25.7,33.1,89,2.2,南西,0.0,0.0,曇,9.86
2025830,05:00,0.0,27.5,25.1,32.0,87,1.2,南,0.0,0.0,曇,8.49
2025830,06:00,0.0,28.2,25.2,32.1,84,1.6,北西,0.0,0.0,晴れ,9.62
2025830,07:00,0.0,29.1,25.3,32.2,80,3.2,北西,0.8,0.0,晴れ,10.3
2025830,08:00,0.0,30.3,25.2,32.0,74,1.7,北西,1.0,0.0,晴れ,14.1
2025830,09:00,0.0,30.9,25.3,32.2,72,2.7,西南西,1.0,0.0,晴れ,13.5
2025830,10:00,0.0,31.9,25.5,32.6,69,2.5,西南西,1.0,0.0,晴れ,14.6
2025830,11:00,0.0,33.1,25.9,33.4,66,3.3,西南西,1.0,0.0,晴れ,15.8
2025830,12:00,0.0,33.8,25.0,31.6,60,3.4,西南西,1.0,0.0,晴れ,19.1
2025830,13:00,0.0,34.8,25.0,31.7,57,3.8,西南西,1.0,0.0,晴れ,20.0
2025830,14:00,0.0,36.1,24.0,29.9,50,2.9,西南西,1.0,0.0,晴れ,20.0
2025830,15:00,0.0,36.3,25.8,33.2,55,4.8,南東,1.0,0.0,晴れ,19.2
2025830,16:00,0.0,35.0,25.2,32.1,57,5.1,東南東,0.4,0.0,晴れ,18.9
2025830,17:00,0.0,34.0,24.0,29.8,56,6.8,南東,1.0,0.0,晴れ,20.0
2025830,18:00,0.0,31.9,25.5,32.6,69,3.7,南,0.2,0.0,曇,17.5
2025830,19:00,0.0,30.7,24.8,31.4,71,5.1,西南西,0.0,0.0,晴れ,19.1
2025830,20:00,0.0,30.4,25.2,32.1,74,4.7,南西,0.0,0.0,晴れ,17.2
2025830,21:00,0.0,30.1,24.7,31.2,73,3.7,南西,0.0,0.0,晴れ,17.6
2025830,22:00,0.0,29.4,25.6,32.8,80,3.0,西南西,0.0,0.0,晴れ,14.0
2025830,23:00,0.0,28.9,26.3,34.3,86,3.1,南西,0.0,0.0,晴れ,10.6
2025830,24:00,0.0,28.9,25.9,33.5,84,1.4,南西,0.0,0.0,曇,10.9
2025831,01:00,0.0,28.6,25.8,33.3,85,0.9,南南東,0.0,0.0,晴れ,8.32
2025831,02:00,0.0,28.8,26.6,34.9,88,1.4,南西,0.0,0.0,晴れ,9.90
2025831,03:00,0.0,28.5,25.7,33.1,85,1.1,南東,0.0,0.0,晴れ,13.3
2025831,04:00,0.0,28.1,25.5,32.7,86,1.3,東,0.0,0.0,晴れ,14.6
2025831,05:00,0.0,27.8,25.2,32.1,86,1.3,東南東,0.0,0.0,晴れ,15.4
2025831,06:00,0.0,27.5,25.1,32.0,87,1.1,南東,0.1,0.0,晴れ,12.0
2025831,07:00,0.0,28.8,25.2,32.1,81,1.2,南東,0.6,0.0,晴れ,12.5
2025831,08:00,0.0,29.9,25.2,32.1,76,0.7,南南東,0.0,0.0,曇,12.6
2025831,09:00,0.0,31.6,23.2,28.4,61,2.8,東南東,0.7,0.0,晴れ,20.0
2025831,10:00,0.0,34.3,24.6,30.8,57,2.4,東北東,1.0,0.0,晴れ,20.0
2025831,11:00,0.0,35.3,23.0,28.0,49,4.7,南東,1.0,0.0,晴れ,20.0
2025831,12:00,0.0,35.9,21.7,26.0,44,5.7,南東,1.0,0.0,晴れ,20.0
2025831,13:00,0.0,36.4,22.2,26.7,44,5.1,東南東,1.0,0.0,晴れ,20.0
2025831,14:00,0.0,34.3,25.4,32.5,60,3.0,南南西,0.8,0.0,晴れ,20.0
2025831,15:00,0.0,33.2,25.2,32.1,63,5.8,西南西,1.0,0.0,晴れ,20.0
2025831,16:00,0.0,32.2,26.0,33.7,70,5.1,西南西,0.9,0.0,晴れ,20.0
2025831,17:00,0.0,31.8,25.7,32.9,70,4.4,西南西,0.8,0.0,晴れ,20.0
2025831,18:00,0.0,31.1,25.2,32.1,71,6.5,西南西,0.6,0.0,晴れ,20.0
2025831,19:00,0.0,30.2,25.5,32.6,76,5.3,南西,0.0,0.0,晴れ,20.0
2025831,20:00,0.0,30.0,25.5,32.7,77,4.1,南西,0.0,0.0,晴れ,20.0
2025831,21:00,0.0,30.1,25.2,32.0,75,3.3,南南東,0.0,0.0,晴れ,20.0
2025831,22:00,0.0,29.4,25.4,32.4,79,3.8,南南東,0.0,0.0,晴れ,20.0
2025831,23:00,0.0,28.4,25.4,32.5,84,3.2,南東,0.0,0.0,晴れ,20.0
2025831,24:00,0.0,28.2,25.6,32.9,86,3.2,南東,0.0,0.0,晴れ,20.0
202592,01:00,0.0,28.9,24.2,30.3,76,6.3,南,0.0,0.0,晴れ,20.0
202592,02:00,0.0,28.9,24.5,30.7,77,6.9,南南西,0.0,0.0,晴れ,20.0
202592,03:00,0.0,28.9,24.2,30.3,76,8.4,南南西,0.0,0.0,晴れ,20.0
202592,04:00,0.0,28.7,24.3,30.3,77,6.6,南南西,0.0,0.0,晴れ,20.0
202592,05:00,0.0,28.8,23.9,29.7,75,5.8,南西,0.0,0.0,晴れ,20.0
202592,06:00,0.0,29.2,24.1,30.0,74,5.8,南南西,0.5,0.0,晴れ,20.0
202592,07:00,0.0,30.4,24.3,30.4,70,5.6,南南西,1.0,0.0,晴れ,20.0
202592,08:00,0.0,31.3,23.9,29.7,65,7.4,南西,1.0,0.0,晴れ,20.0
202592,09:00,0.0,32.5,24.8,31.3,64,6.2,南西,1.0,0.0,晴れ,20.0
202592,10:00,0.0,32.8,24.6,30.9,62,6.5,南西,1.0,0.0,晴れ,20.0
202592,11:00,0.0,34.2,23.6,29.1,54,7.8,南西,1.0,0.0,晴れ,20.0
202592,12:00,0.0,34.1,23.8,29.4,55,7.7,南西,1.0,0.0,晴れ,20.0
202592,13:00,0.0,34.1,25.0,31.6,59,7.6,南西,1.0,0.0,晴れ,20.0
202592,14:00,0.0,34.2,24.5,30.7,57,6.8,南西,1.0,0.0,晴れ,20.0
202592,15:00,0.0,33.6,24.5,30.7,59,7.2,南西,1.0,0.0,晴れ,20.0
202592,16:00,0.0,33.2,24.1,30.0,59,7.3,南西,1.0,0.0,晴れ,20.0
202592,17:00,0.0,31.9,23.7,29.3,62,6.9,南西,0.3,0.0,曇,20.0
202592,18:00,0.0,30.9,23.3,28.6,64,8.0,南南西,0.3,0.0,曇,20.0
202592,19:00,0.0,30.3,24.7,31.1,72,7.0,南南西,0.0,0.0,曇,20.0
202592,20:00,0.0,30.1,25.2,32.0,75,5.6,南南西,0.0,0.0,曇,20.0
202592,21:00,0.0,29.6,25.1,31.9,77,8.1,南西,0.0,0.0,曇,20.0
202592,22:00,0.0,30.1,24.3,30.3,71,6.7,南南西,0.0,0.0,曇,20.0
202592,23:00,0.0,29.5,24.8,31.3,76,5.0,南西,0.0,0.0,曇,20.0
202592,24:00,0.0,29.6,24.5,30.7,74,6.0,南西,0.0,0.0,曇,20.0
202593,01:00,0.0,29.2,25.2,32.0,79,4.6,南西,0.0,0.0,曇,20.0
202593,02:00,0.0,29.0,25.0,31.7,79,5.1,南西,0.0,0.0,曇,20.0
202593,03:00,0.0,28.7,23.4,28.8,73,2.9,西北西,0.0,0.0,晴れ,20.0
202593,04:00,0.0,28.8,23.0,28.1,71,3.1,西,0.0,0.0,晴れ,20.0
202593,05:00,0.0,28.3,24.9,31.6,82,3.2,南西,0.0,0.0,晴れ,20.0
202593,06:00,0.0,29.1,24.4,30.6,76,4.7,南西,0.3,0.0,曇,20.0
202593,07:00,0.0,30.0,24.6,31.0,73,6.8,南西,0.9,0.0,曇,20.0
202593,08:00,0.0,31.0,24.6,31.0,69,5.2,南西,1.0,0.0,晴れ,20.0
202593,09:00,0.0,31.3,24.4,30.6,67,5.0,西南西,1.0,0.0,晴れ,20.0
202593,10:00,0.0,32.0,24.6,30.9,65,5.2,西南西,1.0,0.0,晴れ,20.0
202593,11:00,0.0,33.1,25.6,32.9,65,3.9,西南西,1.0,0.0,晴れ,20.0
202593,12:00,0.0,33.0,25.0,31.7,63,4.8,西南西,1.0,0.0,晴れ,20.0
202593,13:00,0.0,33.1,25.6,32.9,65,5.7,西南西,0.9,0.0,曇,20.0
202593,14:00,0.0,33.0,25.3,32.2,64,7.3,西南西,0.5,0.0,曇,20.0
202593,15:00,0.0,31.8,25.2,32.0,68,7.4,南西,0.0,0.0,曇,20.0
202593,16:00,0.0,31.2,25.6,32.7,72,6.1,南西,0.0,0.0,曇,20.0
202593,17:00,0.0,30.7,25.1,31.8,72,5.7,南西,0.0,0.0,曇,20.0
202593,18:00,0.0,30.6,25.4,32.5,74,3.9,南,0.0,0.0,曇,20.0
202593,19:00,0.0,29.9,25.2,32.1,76,4.9,南,0.0,0.0,曇,20.0
202593,20:00,0.0,29.7,25.2,32.1,77,3.0,南南東,0.0,0.0,曇,20.0
202593,21:00,0.0,29.3,25.5,32.6,80,3.8,南,0.0,0.0,曇,20.0
202593,22:00,0.0,29.1,25.1,31.8,79,2.5,南南東,0.0,0.0,曇,20.0
202593,23:00,0.0,28.8,25.0,31.7,80,2.6,南東,0.0,0.0,曇,20.0
202593,24:00,0.0,28.6,25.0,31.7,81,2.7,南南東,0.0,0.0,曇,20.0
202594,01:00,0.0,28.2,24.6,31.0,81,2.2,南東,0.0,0.0,曇,20.0
202594,02:00,0.0,28.0,24.6,31.0,82,2.0,東南東,0.0,0.0,曇,20.0
202594,03:00,0.0,28.0,24.6,31.0,82,1.3,南東,0.0,0.0,曇,20.0
202594,04:00,0.0,28.0,24.6,31.0,82,1.3,東北東,0.0,0.0,曇,20.0
202594,05:00,0.0,27.5,25.3,32.3,88,2.5,北東,0.0,0.0,曇,20.0
202594,06:00,0.0,27.5,25.3,32.3,88,2.0,北北東,0.0,0.0,曇,20.0
202594,07:00,0.0,26.9,23.2,28.4,80,5.0,北東,0.0,0.0,曇,20.0
202594,08:00,0.0,27.0,24.1,30.0,84,4.0,北東,0.0,0.0,雨,20.0
202594,09:00,1.0,26.9,24.9,31.6,89,4.0,北東,0.0,0.0,雨,20.0
202594,10:00,0.0,27.4,24.9,31.4,86,2.2,北東,0.0,0.0,曇,20.0
202594,11:00,0.0,28.3,25.1,31.9,83,1.3,北,0.0,0.0,曇,20.0
202594,12:00,0.0,29.4,25.0,31.6,77,1.8,南南東,0.0,0.0,曇,20.0
202594,13:00,0.0,28.9,24.9,31.5,79,4.7,北西,0.2,0.0,曇,20.0
202594,14:00,0.0,28.1,24.3,30.4,80,4.1,北北西,0.0,0.0,雨,20.0
202594,15:00,0.0,29.5,24.2,30.1,73,2.3,北北西,0.0,0.0,曇,20.0
202594,16:00,0.0,28.6,24.2,30.2,77,1.5,北,0.0,0.0,曇,20.0
202594,17:00,0.0,28.8,23.9,29.7,75,0.5,東南東,0.0,0.0,曇,20.0
202594,18:00,0.0,28.1,24.7,31.2,82,2.2,東南東,0.0,0.0,曇,20.0
202594,19:00,0.0,28.0,24.4,30.6,81,1.7,南東,0.0,0.0,曇,20.0
202594,20:00,0.0,27.7,25.0,31.6,85,1.1,東北東,0.0,0.0,曇,20.0
202594,21:00,0.0,27.3,25.0,31.6,87,2.2,東,0.0,0.0,曇,20.0
202594,22:00,0.0,27.6,25.2,32.1,87,4.0,南南東,0.0,0.0,曇,11.8
202594,23:00,0.0,27.4,24.7,31.0,85,4.4,南西,0.0,0.0,曇,20.0
202594,24:00,0.0,27.2,24.9,31.4,87,3.7,南西,0.0,0.0,曇,20.0
202598,01:00,0.0,26.9,24.8,31.2,88,4.2,南南西,0.0,0.0,曇,20.0
202598,02:00,0.0,26.9,24.8,31.2,88,3.5,南西,0.0,0.0,晴れ,20.0
202598,03:00,0.0,26.6,25.0,31.7,91,1.6,南南東,0.0,0.0,晴れ,20.0
202598,04:00,0.0,26.3,24.7,31.1,91,1.5,南,0.0,0.0,晴れ,20.0
202598,05:00,0.0,25.8,24.4,30.6,92,2.4,南東,0.0,0.0,晴れ,20.0
202598,06:00,0.0,26.0,24.6,30.9,92,3.0,南東,0.3,0.0,晴れ,20.0
202598,07:00,0.0,27.2,24.7,31.0,86,0.6,南南東,1.0,0.0,晴れ,20.0
202598,08:00,0.0,28.5,25.1,31.9,82,2.0,西,0.9,0.0,晴れ,20.0
202598,09:00,0.0,29.3,25.3,32.2,79,2.6,西,1.0,0.0,晴れ,20.0
202598,10:00,0.0,29.5,25.0,31.8,77,2.4,西南西,1.0,0.0,晴れ,20.0
202598,11:00,0.0,30.6,25.2,32.1,73,3.1,西南西,1.0,0.0,晴れ,20.0
202598,12:00,0.0,32.2,25.0,31.8,66,3.4,西南西,1.0,0.0,晴れ,20.0
202598,13:00,0.0,32.8,25.4,32.4,65,2.7,西南西,1.0,0.0,晴れ,20.0
202598,14:00,0.0,33.3,25.6,32.8,64,3.3,西,1.0,0.0,晴れ,20.0
202598,15:00,0.0,32.3,25.9,33.4,69,4.3,西南西,1.0,0.0,晴れ,20.0
202598,16:00,0.0,31.3,24.4,30.6,67,2.6,西南西,0.6,0.0,晴れ,20.0
202598,17:00,0.0,32.8,25.9,33.3,67,2.3,東,0.7,0.0,晴れ,20.0
202598,18:00,0.0,31.5,25.4,32.4,70,3.3,東南東,0.1,0.0,晴れ,20.0
202598,19:00,0.0,30.2,25.5,32.6,76,3.0,西南西,0.0,0.0,晴れ,20.0
202598,20:00,0.0,29.7,26.1,33.8,81,3.1,西南西,0.0,0.0,曇,20.0
202598,21:00,0.0,29.4,25.8,33.2,81,3.1,西南西,0.0,0.0,曇,20.0
202598,22:00,0.0,28.6,25.8,33.3,85,1.9,北北東,0.0,0.0,晴れ,19.1
202598,23:00,0.0,28.1,26.1,33.9,89,1.4,北,0.0,0.0,曇,15.1
202598,24:00,0.0,28.3,25.9,33.5,87,1.4,北,0.0,0.0,曇,13.1
202599,01:00,0.0,27.9,25.7,33.1,88,2.4,北東,0.0,0.0,曇,13.1
202599,02:00,0.0,27.8,25.6,32.9,88,1.9,北,0.0,0.0,曇,12.6
202599,03:00,0.0,27.6,25.8,33.2,90,1.2,北北東,0.0,0.0,晴れ,12.3
202599,04:00,0.0,27.5,25.9,33.4,91,1.5,北,0.0,0.0,曇,12.1
202599,05:00,0.0,27.3,25.7,33.0,91,1.8,北東,0.0,0.0,晴れ,11.2
202599,06:00,0.0,27.2,25.6,32.8,91,2.0,北北東,0.0,0.0,晴れ,11.5
202599,07:00,0.0,28.0,25.4,32.5,86,2.7,北東,0.5,0.0,晴れ,12.7
202599,08:00,0.0,29.3,25.5,32.6,80,0.6,南東,0.5,0.0,晴れ,15.4
202599,09:00,0.0,30.3,25.8,33.3,77,2.9,西南西,0.7,0.0,晴れ,17.0
202599,10:00,0.0,30.5,24.6,31.0,71,2.9,西南西,0.9,0.0,晴れ,20.0
202599,11:00,0.0,31.3,24.2,30.2,66,2.6,西南西,1.0,0.0,晴れ,20.0
202599,12:00,0.0,32.7,23.9,29.7,60,3.0,西,1.0,0.0,晴れ,20.0
202599,13:00,0.0,32.7,25.0,31.7,64,3.0,西南西,0.9,0.0,晴れ,18.4
202599,14:00,0.0,32.2,25.5,32.7,68,4.4,西南西,1.0,0.0,晴れ,18.6
202599,15:00,0.0,32.2,26.3,34.2,71,5.3,西南西,1.0,0.0,晴れ,19.6
202599,16:00,0.0,31.9,26.5,34.5,73,5.5,西南西,1.0,0.0,晴れ,18.6
202599,17:00,0.0,31.6,25.9,33.5,72,4.3,西南西,1.0,0.0,晴れ,20.0
202599,18:00,0.0,31.0,25.4,32.4,72,3.6,南西,0.4,0.0,晴れ,20.0
202599,19:00,0.0,31.0,24.4,30.6,68,5.3,南,0.0,0.0,晴れ,20.0
202599,20:00,0.0,30.0,25.7,33.1,78,3.9,南南東,0.0,0.0,晴れ,20.0
202599,21:00,0.0,29.6,25.1,31.9,77,1.8,南南西,0.0,0.0,晴れ,20.0
202599,22:00,0.0,29.1,25.1,31.8,79,4.1,南,0.0,0.0,晴れ,20.0
202599,23:00,0.0,28.6,25.6,32.9,84,3.3,南南東,0.0,0.0,晴れ,18.3
202599,24:00,0.0,28.4,25.4,32.5,84,3.8,南南東,0.0,0.0,晴れ,17.1
2025911,01:00,0.0,28.4,25.4,32.5,84,7.5,南西,0.0,0.0,晴れ,20.0
2025911,02:00,0.0,28.4,25.4,32.5,84,3.7,南南西,0.0,0.0,晴れ,20.0
2025911,03:00,0.0,28.4,25.0,31.7,82,5.6,南南西,0.0,0.0,晴れ,20.0
2025911,04:00,0.0,28.2,24.8,31.4,82,7.6,南西,0.0,0.0,曇,20.0
2025911,05:00,0.0,28.1,25.1,32.0,84,7.7,南西,0.0,0.0,曇,20.0
2025911,06:00,0.0,28.4,25.0,31.7,82,5.8,南南西,0.2,0.0,曇,20.0
2025911,07:00,0.0,28.4,25.0,31.7,82,6.6,南西,0.1,0.0,曇,20.0
2025911,08:00,0.0,28.6,25.2,32.1,82,6.0,南西,0.1,0.0,曇,20.0
2025911,09:00,0.0,29.5,24.2,30.1,73,5.9,西南西,0.8,0.0,曇,20.0
2025911,10:00,0.0,30.2,24.4,30.5,71,4.4,西南西,1.0,0.0,晴れ,20.0
2025911,11:00,0.0,30.5,24.2,30.1,69,4.6,西南西,1.0,0.0,晴れ,20.0
2025911,12:00,0.0,31.7,24.1,29.9,64,2.9,西南西,1.0,0.0,晴れ,20.0
2025911,13:00,0.0,31.4,24.5,30.8,67,4.9,北東,0.6,0.0,晴れ,20.0
2025911,14:00,0.0,30.0,24.4,30.6,72,6.1,北東,0.9,0.0,晴れ,20.0
2025911,15:00,0.0,28.5,23.9,29.6,76,5.1,東,0.5,0.0,曇,20.0
2025911,16:00,4.5,26.6,24.5,30.7,88,4.0,北北東,0.0,0.0,雨,2.98
2025911,17:00,10.0,25.7,24.7,31.1,94,3.5,東北東,0.0,0.0,雨,10.5
2025911,18:00,0.0,25.4,24.0,29.9,92,3.1,北東,0.0,0.0,曇,17.7
2025911,19:00,0.0,25.4,24.0,29.9,92,3.8,北東,0.0,0.0,曇,12.3
2025911,20:00,0.0,25.2,23.8,29.5,92,3.1,北東,0.0,0.0,曇,12.7
2025911,21:00,0.0,25.1,23.3,28.7,90,3.2,北東,0.0,0.0,曇,16.7
2025911,22:00,3.5,24.5,23.5,28.9,94,1.9,北,0.0,0.0,雨,3.12
2025911,23:00,2.0,24.2,23.5,29.0,96,2.2,北北東,0.0,0.0,雨,20.0
2025911,24:00,1.0,24.3,23.6,29.2,96,3.1,北北西,0.0,0.0,雨,11.6
2025912,01:00,0.0,23.0,21.1,25.0,89,2.3,北,0.0,0.0,曇,20.0
2025912,02:00,0.0,23.1,21.0,24.9,88,1.5,北,0.0,0.0,曇,20.0
2025912,03:00,0.0,22.7,21.2,25.1,91,2.4,北,0.0,0.0,曇,20.0
2025912,04:00,0.0,22.2,21.0,24.9,93,2.7,北北西,0.0,0.0,晴れ,20.0
2025912,05:00,0.0,22.2,20.8,24.6,92,1.8,北北東,0.0,0.00,曇,20.0
2025912,06:00,0.0,22.2,20.5,24.1,90,2.1,北北東,0.0,0.02,曇,20.0
2025912,07:00,0.0,22.7,20.2,23.7,86,3.0,北北東,0.0,0.20,曇,20.0
2025912,08:00,0.0,23.0,20.4,23.9,85,3.0,北北東,0.0,0.42,曇,20.0
2025912,09:00,0.0,24.0,20.5,24.2,81,1.8,東北東,0.0,0.43,曇,20.0
2025912,10:00,0.0,24.3,19.4,22.5,74,3.3,東,0.0,0.41,曇,20.0
2025912,11:00,0.0,24.2,19.5,22.7,75,3.4,東,0.0,0.47,曇,20.0
2025912,12:00,0.0,24.4,19.7,22.9,75,2.9,東南東,0.0,0.50,曇,20.0
2025912,13:00,0.0,24.1,19.6,22.8,76,3.4,東南東,0.0,0.55,雨,20.0
2025912,14:00,0.0,24.5,19.6,22.8,74,2.7,東南東,0.0,0.42,曇,20.0
2025912,15:00,0.0,24.4,19.7,22.9,75,3.2,東南東,0.0,0.50,曇,20.0
2025912,16:00,0.0,24.4,19.5,22.6,74,3.2,東南東,0.0,0.42,曇,20.0
2025912,17:00,0.0,24.1,19.8,23.1,77,2.5,東南東,0.0,0.18,曇,20.0
2025912,18:00,0.0,23.8,20.2,23.6,80,1.8,東,0.0,0.03,曇,20.0
2025912,19:00,0.0,23.8,20.2,23.6,80,1.5,東,0.0,0.00,曇,20.0
2025912,20:00,0.0,23.7,20.1,23.5,80,2.1,東,0.0,0.0,曇,20.0
2025912,21:00,0.0,23.6,20.0,23.3,80,1.9,東南東,0.0,0.0,曇,20.0
2025912,22:00,0.0,23.6,20.2,23.6,81,2.2,東,0.0,0.0,曇,20.0
2025912,23:00,0.0,23.5,20.3,23.7,82,2.4,東南東,0.0,0.0,曇,20.0
2025912,24:00,0.0,23.5,20.3,23.7,82,2.7,東,0.0,0.0,曇,20.0
2025913,01:00,0.0,23.4,20.6,24.2,84,2.8,東,0.0,0.0,曇,20.0
2025913,02:00,0.0,22.2,20.7,24.4,91,1.3,北北西,0.0,0.0,曇,20.0
2025913,03:00,0.0,22.1,20.6,24.2,91,2.1,北北西,0.0,0.0,雨,20.0
2025913,04:00,0.5,21.6,20.8,24.5,95,2.3,北北西,0.0,0.0,雨,12.1
2025913,05:00,0.5,21.5,20.7,24.4,95,1.9,北北西,0.0,0.00,雨,5.04
2025913,06:00,0.5,21.3,20.6,24.3,96,2.0,北北西,0.0,0.01,雨,12.4
2025913,07:00,0.5,21.5,20.8,24.6,96,1.5,北北西,0.0,0.08,雨,11.0
2025913,08:00,0.0,22.0,21.2,25.1,95,0.6,南南東,0.0,0.19,雨,4.80
2025913,09:00,1.0,22.5,22.0,26.4,97,1.2,西南西,0.0,0.17,雨,4.84
2025913,10:00,3.0,23.0,22.3,27.0,96,1.7,西南西,0.0,0.38,雨,20.0
2025913,11:00,0.0,23.6,22.6,27.4,94,2.1,南,0.0,0.51,雨,18.3
2025913,12:00,0.0,23.9,23.1,28.2,95,4.2,南,0.0,0.37,雨,8.51
2025913,13:00,0.5,24.2,23.5,29.0,96,4.0,南,0.0,0.45,雨,9.00
2025913,14:00,0.0,24.5,23.8,29.5,96,2.8,南,0.0,0.42,雨,18.9
2025913,15:00,0.5,24.5,24.0,29.8,97,3.2,南,0.0,0.21,雨,8.10
2025913,16:00,0.5,24.3,23.8,29.5,97,1.6,南東,0.0,0.18,雨,8.11
2025913,17:00,1.0,24.4,24.1,30.0,98,2.8,南南東,0.0,0.10,雨,7.21
2025913,18:00,0.0,24.0,23.7,29.2,98,2.5,南,0.0,0.02,曇,14.8
2025913,19:00,0.0,23.9,23.6,29.1,98,1.4,南西,0.0,0.00,曇,12.9
2025913,20:00,0.0,23.9,23.6,29.1,98,1.9,南,0.0,0.0,曇,11.8
2025913,21:00,0.0,23.9,23.4,28.8,97,1.8,南南東,0.0,0.0,曇,10.5
2025913,22:00,0.0,23.9,23.6,29.1,98,2.2,南南東,0.0,0.0,曇,4.71
2025913,23:00,0.0,23.8,23.5,28.9,98,1.4,南西,0.0,0.0,曇,8.95
2025913,24:00,0.0,23.7,23.4,28.7,98,1.6,北北東,0.0,0.0,雨,8.01
2025914,01:00,0.5,23.6,23.3,28.6,98,2.1,西南西,0.0,0.0,曇,9.30
2025914,02:00,0.0,23.7,23.0,28.1,96,3.3,南西,0.0,0.0,曇,20.0
2025914,03:00,0.0,24.3,22.6,27.3,90,4.4,南西,0.0,0.0,曇,20.0
2025914,04:00,0.0,23.7,22.7,27.6,94,1.7,西南西,0.0,0.0,曇,20.0
2025914,05:00,0.0,23.7,23.0,28.1,96,2.1,東北東,0.0,0.00,曇,19.0
2025914,06:00,0.0,24.6,22.9,27.8,90,2.0,北西,0.0,0.10,曇,20.0
2025914,07:00,0.0,26.6,22.5,27.2,78,2.3,西南西,0.6,0.63,曇,20.0
2025914,08:00,0.0,26.5,20.4,23.9,69,4.2,西,0.5,0.99,曇,20.0
2025914,09:00,0.0,28.4,20.2,23.6,61,3.9,西,0.9,2.15,晴れ,20.0
2025914,10:00,0.0,29.0,20.2,23.6,59,2.9,西南西,1.0,2.68,晴れ,20.0
2025914,11:00,0.0,28.4,19.4,22.4,58,6.4,西,0.4,1.62,曇,20.0
2025914,12:00,0.0,28.8,19.4,22.6,57,4.6,西北西,0.0,1.28,曇,20.0
2025914,13:00,0.0,28.5,19.2,22.2,57,5.0,北西,0.0,1.07,曇,20.0
2025914,14:00,0.0,29.4,19.1,22.1,54,2.4,北西,0.8,2.49,曇,20.0
2025914,15:00,0.0,30.1,18.9,21.8,51,6.3,北西,1.0,2.36,晴れ,20.0
2025914,16:00,0.0,28.2,19.2,22.2,58,8.3,北,1.0,1.50,晴れ,20.0
2025914,17:00,0.0,27.3,19.1,22.1,61,3.7,北北西,0.9,0.63,晴れ,20.0
2025914,18:00,0.0,26.0,18.9,21.9,65,3.3,北,0.1,0.06,晴れ,20.0
2025914,19:00,0.0,25.4,18.6,21.4,66,2.4,北北西,0.0,0.00,晴れ,20.0
2025914,20:00,0.0,24.8,18.3,21.0,67,2.7,北北西,0.0,0.0,晴れ,20.0
2025914,21:00,0.0,24.0,18.4,21.2,71,1.2,北西,0.0,0.0,晴れ,20.0
2025914,22:00,0.0,23.2,18.3,21.0,74,1.4,北北東,0.0,0.0,晴れ,20.0
2025914,23:00,0.0,22.5,18.5,21.3,78,2.4,北北東,0.0,0.0,晴れ,20.0
2025914,24:00,0.0,22.2,18.6,21.4,80,1.7,北西,0.0,0.0,晴れ,20.0
2025915,01:00,0.0,22.2,18.6,21.4,80,1.7,北西,0.0,0.0,晴れ,20.0
2025915,02:00,0.0,22.7,18.7,21.5,78,1.5,北北西,0.0,0.0,曇,20.0
2025915,03:00,0.0,22.3,18.9,21.8,81,1.5,北北西,0.0,0.0,曇,20.0
2025915,04:00,0.0,22.8,18.6,21.4,77,1.4,北西,0.0,0.0,曇,20.0
2025915,05:00,0.0,22.8,19.0,21.9,79,0.5,北西,0.0,0.00,曇,20.0
2025915,06:00,0.0,22.3,19.3,22.4,83,1.5,北,0.0,0.02,曇,20.0
2025915,07:00,0.0,22.7,19.5,22.6,82,1.3,北北西,0.0,0.14,曇,20.0
2025915,08:00,0.0,23.3,19.9,23.2,81,1.5,北西,0.0,0.21,曇,20.0
2025915,09:00,0.0,23.4,20.2,23.6,82,1.7,北西,0.0,0.40,曇,20.0
2025915,10:00,0.0,24.5,20.6,24.3,79,2.4,南西,0.0,0.87,曇,20.0
2025915,11:00,0.0,24.8,20.5,24.1,77,3.5,南,0.0,0.86,曇,20.0
2025915,12:00,0.0,24.9,20.8,24.6,78,4.0,南東,0.0,1.28,曇,20.0
2025915,13:00,0.0,26.0,21.2,25.2,75,3.5,南,0.1,1.13,曇,20.0
2025915,14:00,0.0,25.7,21.8,26.1,79,4.7,南東,0.1,1.36,曇,20.0
2025915,15:00,0.0,26.0,21.7,25.9,77,3.3,南南東,0.2,1.12,曇,20.0
2025915,16:00,0.0,25.6,21.9,26.3,80,3.0,南南東,0.0,0.62,曇,20.0
2025915,17:00,0.0,25.1,22.2,26.8,84,4.4,南,0.0,0.22,曇,20.0
2025915,18:00,0.0,24.7,22.2,26.8,86,3.9,南,0.0,0.04,曇,20.0
2025915,19:00,0.0,24.5,22.4,27.1,88,2.9,南南東,0.0,0.00,晴れ,20.0
2025915,20:00,0.0,24.1,22.4,27.0,90,2.9,南,0.0,0.0,晴れ,20.0
2025915,21:00,0.0,23.6,22.2,26.8,92,1.7,南南西,0.0,0.0,晴れ,18.6
2025915,22:00,0.0,23.5,22.0,26.4,91,1.0,西南西,0.0,0.0,晴れ,20.0
2025915,23:00,0.0,23.7,22.1,26.7,91,2.0,西,0.0,0.0,晴れ,18.5
2025915,24:00,0.0,23.1,21.2,25.2,89,1.3,西,0.0,0.0,晴れ,20.0
2025916,01:00,0.0,28.2,22.4,27.2,71,1.8,北北東,0.0,0.0,,
2025916,02:00,0.0,27.7,22.6,27.5,74,1.8,北,0.0,0.0,,
2025916,03:00,0.0,27.4,22.6,27.4,75,2.2,北北東,0.0,0.0,晴れ,25.0
2025916,04:00,0.0,27.1,22.5,27.3,76,2.3,北北東,0.0,0.0,,
2025916,05:00,0.0,26.8,22.4,27.1,77,1.5,北北東,0.0,0.0,,
2025916,06:00,0.0,26.5,22.6,27.4,79,1.1,北北東,0.0,0.01,晴れ,25.0
2025916,07:00,0.0,27.5,22.5,27.2,74,0.8,北北東,0.9,0.34,,
2025916,08:00,0.0,28.6,22.6,27.4,70,1.3,北,1.0,0.99,,
2025916,09:00,0.0,30.4,22.8,27.8,64,1.3,東,1.0,1.70,快晴,25.0
2025916,10:00,0.0,31.8,23.6,29.2,62,1.9,北西,1.0,2.29,,
2025916,11:00,0.0,34.2,22.6,27.4,51,1.5,南,1.0,2.88,,
2025916,12:00,0.0,33.6,22.7,27.6,53,2.5,北北西,0.7,2.27,晴れ,25.0
2025916,13:00,0.0,34.3,22.1,26.5,49,2.8,南西,1.0,2.92,,
2025916,14:00,0.0,34.9,22.6,27.4,49,3.3,南西,1.0,2.71,,
2025916,15:00,0.0,34.6,22.3,27.0,49,3.3,南西,1.0,2.26,晴れ,25.0
2025916,16:00,0.0,33.8,23.5,28.9,55,4.2,南南西,1.0,1.69,,
2025916,17:00,0.0,31.5,23.9,29.6,64,3.0,西南西,1.0,1.06,,
2025916,18:00,0.0,30.5,24.6,31.0,71,3.9,南西,0.1,0.09,晴れ,20.0
2025916,19:00,0.0,30.3,24.9,31.5,73,3.9,南西,0.0,0.00,,
2025916,20:00,0.0,30.4,25.0,31.7,73,2.8,南西,0.0,0.0,,
2025916,21:00,0.0,30.2,24.4,30.5,71,2.8,南西,0.0,0.0,晴れ,15.0
2025916,22:00,0.0,29.9,24.1,30.0,71,2.4,南西,0.0,0.0,,
2025916,23:00,0.0,29.6,24.0,29.9,72,2.1,西南西,0.0,0.0,,
2025916,24:00,0.0,29.4,23.8,29.5,72,1.8,南西,0.0,0.0,,
2025917,01:00,0.0,29.4,23.8,29.5,72,1.9,南南西,0.0,0.0,,
2025917,02:00,0.0,29.0,23.4,28.9,72,2.2,南西,0.0,0.0,,
2025917,03:00,0.0,29.0,23.9,29.7,74,1.7,南西,0.0,0.0,快晴,15.0
2025917,04:00,0.0,28.8,23.7,29.3,74,2.0,南南西,0.0,0.0,,
2025917,05:00,0.0,28.7,23.8,29.5,75,1.0,南南西,0.0,0.0,,
2025917,06:00,0.0,28.7,23.8,29.5,75,1.7,南西,0.0,0.01,晴れ,10.0
2025917,07:00,0.0,29.1,24.0,29.8,74,1.4,南南西,0.6,0.28,,
2025917,08:00,0.0,29.7,23.6,29.2,70,1.9,南南西,1.0,0.94,,
2025917,09:00,0.0,30.7,23.1,28.3,64,2.8,西,0.9,1.57,晴れ,10.0
2025917,10:00,0.0,31.2,23.6,29.1,64,2.1,南西,0.4,1.64,,
2025917,11:00,0.0,32.2,24.5,30.8,64,3.1,南西,0.5,2.12,,
2025917,12:00,0.0,33.2,23.2,28.5,56,3.5,南西,1.0,2.87,晴れ,15.0
2025917,13:00,0.0,33.3,23.3,28.7,56,3.6,南南西,1.0,2.86,,
2025917,14:00,0.0,33.2,22.6,27.5,54,4.1,西南西,1.0,2.60,,
2025917,15:00,0.0,33.4,22.5,27.3,53,3.8,南西,1.0,2.11,快晴,20.0
2025917,16:00,0.0,33.0,22.8,27.7,55,3.2,南西,1.0,1.48,,
2025917,17:00,0.0,32.3,23.3,28.5,59,3.6,南西,0.9,0.80,,
2025917,18:00,0.0,30.9,23.8,29.5,66,2.0,南西,0.7,0.23,晴れ,15.0
2025917,19:00,0.0,30.4,24.8,31.3,72,3.5,西南西,0.0,0.00,,
2025917,20:00,0.0,29.9,25.4,32.5,77,3.0,西南西,0.0,0.0,,
2025917,21:00,0.0,29.6,24.9,31.5,76,2.6,南西,0.0,0.0,雨,10.0
2025917,22:00,0.0,29.8,24.4,30.6,73,2.7,南西,0.0,0.0,,
2025917,23:00,0.0,29.7,24.3,30.5,73,2.6,南南西,0.0,0.0,,
2025917,24:00,0.0,29.1,25.3,32.2,80,2.9,南,0.0,0.0,,
2025918,01:00,0.0,28.7,25.1,31.9,81,4.2,南西,0.0,0.0,晴れ,14.7
2025918,02:00,0.0,28.5,25.3,32.3,83,5.6,南西,0.0,0.0,晴れ,12.7
2025918,03:00,0.0,28.7,25.1,31.9,81,6.9,南西,0.0,0.0,晴れ,14.9
2025918,04:00,0.0,28.4,25.0,31.7,82,5.2,南西,0.0,0.0,晴れ,13.7
2025918,05:00,0.0,28.3,25.3,32.3,84,6.2,南西,0.0,0.0,晴れ,12.1
2025918,06:00,0.0,28.1,25.9,33.5,88,6.8,南西,0.0,0.0,晴れ,11.3
2025918,07:00,0.0,29.0,26.0,33.7,84,5.8,西南西,0.8,0.0,晴れ,14.5
2025918,08:00,0.0,30.7,25.3,32.3,73,7.6,南西,1.0,0.0,晴れ,17.5
2025918,09:00,0.0,31.7,25.3,32.3,69,7.7,南西,1.0,0.0,晴れ,15.5
2025918,10:00,0.0,31.5,25.1,31.9,69,6.5,南西,0.9,0.0,曇,16.1
2025918,11:00,0.0,31.2,25.3,32.3,71,6.5,南西,0.5,0.0,曇,15.3
2025918,12:00,0.0,31.3,25.7,32.9,72,6.0,南西,0.2,0.0,曇,14.9
2025918,13:00,0.0,30.7,24.6,30.9,70,4.9,南南西,0.3,0.0,曇,17.7
2025918,14:00,0.0,31.1,24.7,31.2,69,4.2,南西,0.0,0.0,曇,16.1
2025918,15:00,0.0,30.5,24.4,30.6,70,3.4,南西,0.0,0.0,曇,17.4
2025918,16:00,0.0,29.6,21.6,25.7,62,4.2,北,0.3,0.0,曇,20.0
2025918,17:00,0.0,28.3,21.3,25.4,66,3.4,北東,0.1,0.0,曇,20.0
2025918,18:00,0.0,27.0,22.0,26.4,74,4.2,北東,0.0,0.0,曇,20.0
2025918,19:00,0.0,25.5,21.6,25.8,79,4.7,北東,0.0,0.0,曇,20.0
2025918,20:00,0.0,25.7,22.2,26.8,81,4.7,東北東,0.0,0.0,曇,20.0
2025918,21:00,0.0,25.3,21.6,25.8,80,6.5,東北東,0.0,0.0,曇,20.0
2025918,22:00,1.5,23.8,21.3,25.4,86,3.3,東北東,0.0,0.0,雨,4.39
2025918,23:00,4.0,23.2,21.8,26.2,92,4.4,北東,0.0,0.0,雨,17.8
2025918,24:00,3.0,22.6,21.6,25.8,94,4.0,東北東,0.0,0.0,雨,11.0
2025920,01:00,0.0,13.2,8.1,10.8,71,0.5,西南西,0.0,0.0,曇,20.0
2025920,02:00,0.0,12.9,8.6,11.2,75,0.7,西南西,0.0,0.0,曇,20.0
2025920,03:00,0.0,12.9,8.0,10.7,72,1.4,南南東,0.0,0.0,曇,20.0
2025920,04:00,0.0,11.9,8.4,11.0,79,0.6,南南東,0.0,0.0,曇,20.0
2025920,05:00,0.0,12.5,7.8,10.6,73,0.5,南,0.0,0.00,曇,20.0
2025920,06:00,0.0,12.4,8.5,11.1,77,0.4,南東,0.0,0.05,曇,20.0
2025920,07:00,0.0,13.4,8.3,10.9,71,0.6,南南東,0.0,0.30,曇,20.0
2025920,08:00,0.0,15.6,8.4,11.0,62,1.2,南南東,0.8,1.04,曇,20.0
2025920,09:00,0.0,16.8,9.3,11.7,61,1.5,北東,0.5,1.23,曇,20.0
2025920,10:00,0.0,17.5,8.4,11.0,55,2.3,東,0.1,1.28,曇,20.0
2025920,11:00,0.0,18.6,7.7,10.5,49,2.1,東,0.1,1.45,曇,20.0
2025920,12:00,0.0,19.9,9.2,11.6,50,2.8,東南東,0.1,1.43,曇,20.0
2025920,13:00,0.0,20.0,11.0,13.1,56,4.2,南東,0.0,1.19,曇,20.0
2025920,14:00,0.0,20.2,11.4,13.5,57,3.7,南南東,0.0,0.99,曇,20.0
2025920,15:00,0.0,19.7,11.5,13.5,59,3.5,南南東,0.0,0.40,曇,20.0
2025920,16:00,0.0,19.5,12.0,14.1,62,2.2,南南東,0.0,0.22,曇,20.0
2025920,17:00,0.0,18.8,12.8,14.8,68,1.4,南,0.0,0.06,曇,20.0
2025920,18:00,0.0,18.9,12.2,14.2,65,1.8,東南東,0.0,0.00,雨,20.0
2025920,19:00,0.5,16.9,14.2,16.2,84,1.3,北北東,0.0,0.00,雨,6.40
2025920,20:00,3.5,15.7,13.9,15.9,89,2.2,東北東,0.0,0.0,雨,6.26
2025920,21:00,6.0,15.0,14.4,16.4,96,2.3,北北西,0.0,0.0,雨,4.54
2025920,22:00,14.5,14.6,14.1,16.1,97,4.5,北西,0.0,0.0,雨,2.95
2025920,23:00,21.0,13.9,13.4,15.4,97,4.3,北北西,0.0,0.0,雨,2.96
2025920,24:00,17.0,14.3,13.8,15.8,97,6.3,北西,0.0,0.0,雷電,4.03
2025921,01:00,9.5,14.5,13.9,15.9,96,7.9,北西,0.0,0.0,雨,4.81
2025921,02:00,3.0,15.2,14.3,16.2,94,7.0,北北西,0.0,0.0,雨,4.80
2025921,03:00,0.5,14.6,12.8,14.8,89,4.9,北西,0.0,0.0,曇,20.0
2025921,04:00,3.0,13.5,12.4,14.4,93,5.6,北西,0.0,0.0,雨,3.47
2025921,05:00,4.5,13.2,12.6,14.6,96,4.7,北北西,0.0,0.00,雨,3.02
2025921,06:00,1.0,13.0,12.1,14.1,94,3.9,西北西,0.0,0.01,雨,4.18
2025921,07:00,0.5,13.1,12.3,14.3,95,3.2,西北西,0.0,0.15,雨,3.18
2025921,08:00,1.0,13.9,11.8,13.8,87,5.6,北西,0.0,0.28,雨,17.8
2025921,09:00,0.0,15.5,11.7,13.7,78,4.2,北西,0.0,0.46,雨,20.0
2025921,10:00,0.0,18.0,11.3,13.4,65,10.3,北北西,0.8,2.03,晴れ,20.0
2025921,11:00,0.0,18.4,11.0,13.1,62,8.0,北北西,0.6,2.39,曇,20.0
2025921,12:00,0.0,17.5,11.8,13.8,69,8.2,北北西,0.3,1.60,雨,20.0
2025921,13:00,0.0,17.9,11.5,13.5,66,8.8,北北西,0.3,1.44,雨,20.0
2025921,14:00,0.0,18.5,11.1,13.2,62,10.8,北北西,0.3,1.41,曇,20.0
2025921,15:00,0.0,17.7,10.8,13.0,64,9.0,北北西,0.6,1.36,晴れ,20.0
2025921,16:00,0.0,17.2,10.6,12.8,65,8.3,北北西,0.5,0.69,晴れ,20.0
2025921,17:00,0.0,17.2,10.6,12.8,65,6.5,北北西,0.2,0.23,晴れ,20.0
2025921,18:00,0.0,16.9,10.5,12.7,66,5.1,北北西,0.0,0.02,晴れ,20.0
2025921,19:00,0.0,17.2,11.0,13.1,67,3.9,北北西,0.0,0.00,曇,20.0
2025921,20:00,0.0,16.8,10.2,12.4,65,4.2,北西,0.0,0.0,晴れ,20.0
2025921,21:00,0.0,15.3,8.1,10.8,62,2.5,北北東,0.0,0.0,晴れ,20.0
2025921,22:00,0.0,14.8,7.4,10.3,61,1.5,西北西,0.0,0.0,曇,20.0
2025921,23:00,0.0,14.0,7.3,10.2,64,2.0,西北西,0.0,0.0,晴れ,20.0
2025921,24:00,0.0,13.9,6.3,9.5,60,2.6,西北西,0.0,0.0,晴れ,20.0
2025922,01:00,0.0,13.0,6.4,9.6,64,2.1,西,0.0,0.0,晴れ,20.0
2025922,02:00,0.0,12.5,6.8,9.9,68,1.0,南,0.0,0.0,晴れ,20.0
2025922,03:00,0.0,11.6,7.3,10.2,75,1.3,南東,0.0,0.0,晴れ,20.0
2025922,04:00,0.0,11.3,7.2,10.2,76,1.1,南東,0.0,0.0,晴れ,20.0
2025922,05:00,0.0,11.1,7.4,10.3,78,2.0,南東,0.0,0.00,晴れ,20.0
2025922,06:00,0.0,11.5,8.4,11.0,81,1.1,東南東,0.3,0.11,雨,20.0
2025922,07:00,0.0,13.2,8.9,11.4,75,1.2,南東,0.9,0.66,晴れ,20.0
2025922,08:00,0.0,15.7,9.8,12.1,68,2.6,南東,1.0,1.23,晴れ,20.0
2025922,09:00,0.0,18.3,10.2,12.4,59,1.3,南東,0.7,1.65,晴れ,20.0
2025922,10:00,0.0,19.9,10.6,12.8,55,0.9,東,1.0,2.26,晴れ,20.0
2025922,11:00,0.0,21.8,11.8,13.8,53,3.3,北北西,1.0,2.76,晴れ,20.0
2025922,12:00,0.0,21.5,12.1,14.1,55,4.5,北,0.3,1.54,曇,20.0
2025922,13:00,0.0,19.6,14.2,16.2,71,4.2,北,0.2,1.11,雨,16.8
2025922,14:00,1.5,19.8,15.9,18.0,78,0.7,南,0.3,1.18,雨,20.0
2025922,15:00,0.0,21.5,13.4,15.4,60,3.7,北北西,0.6,1.31,晴れ,20.0
2025922,16:00,0.0,20.8,12.2,14.3,58,5.4,北北西,0.8,0.98,晴れ,20.0
2025922,17:00,0.0,20.3,11.8,13.8,58,4.3,北北西,0.7,0.40,晴れ,20.0
2025922,18:00,0.0,17.8,11.6,13.7,67,0.6,西,0.1,0.03,晴れ,20.0
2025922,19:00,0.0,16.2,11.2,13.3,72,2.9,南西,0.0,0.00,晴れ,20.0
2025922,20:00,0.0,15.5,11.3,13.4,76,1.1,西,0.0,0.0,晴れ,20.0
2025922,21:00,0.0,15.7,10.7,12.8,72,2.8,西,0.0,0.0,晴れ,20.0
2025922,22:00,0.0,14.3,11.3,13.4,82,1.2,南南西,0.0,0.0,晴れ,20.0
2025922,23:00,0.0,13.9,11.3,13.3,84,1.3,南西,0.0,0.0,晴れ,20.0
2025922,24:00,0.0,13.8,11.2,13.3,84,1.6,南,0.0,0.0,晴れ,20.0
2025923,01:00,0.0,19.6,14.9,16.9,74,3.1,北北西,0.0,0.0,晴れ,20.0
2025923,02:00,0.0,19.5,14.3,16.3,72,2.8,北北西,0.0,0.0,晴れ,20.0
2025923,03:00,0.0,19.3,13.9,15.9,71,2.8,北,0.0,0.0,晴れ,20.0
2025923,04:00,0.0,19.2,14.3,16.2,73,3.2,北,0.0,0.0,曇,20.0
2025923,05:00,0.0,19.2,14.3,16.2,73,2.5,北,0.0,0.0,曇,20.0
2025923,06:00,0.0,19.2,14.0,16.0,72,2.6,北北東,0.0,0.0,曇,20.0
2025923,07:00,0.0,19.9,14.3,16.3,70,3.0,北,0.1,0.0,曇,20.0
2025923,08:00,0.0,21.9,14.6,16.6,63,2.7,北,0.7,0.0,晴れ,20.0
2025923,09:00,0.0,23.1,15.4,17.5,62,3.5,北北東,1.0,0.0,晴れ,20.0
2025923,10:00,0.0,24.8,15.7,17.8,57,2.7,北北東,1.0,0.0,晴れ,20.0
2025923,11:00,0.0,25.1,15.7,17.9,56,2.7,北北東,0.7,0.0,曇,20.0
2025923,12:00,0.0,24.8,15.2,17.2,55,3.7,北北東,0.3,0.0,曇,20.0
2025923,13:00,0.0,24.8,14.9,16.9,54,3.8,東北東,0.0,0.0,曇,20.0
2025923,14:00,0.0,25.1,15.2,17.2,54,3.3,北東,0.1,0.0,曇,20.0
2025923,15:00,0.0,24.7,15.6,17.7,57,3.2,東北東,0.1,0.0,曇,20.0
2025923,16:00,0.0,24.2,15.4,17.5,58,5.0,北東,0.2,0.0,曇,20.0
2025923,17:00,0.0,23.4,16.2,18.4,64,3.7,北北東,0.0,0.0,曇,20.0
2025923,18:00,0.0,22.6,16.4,18.7,68,2.8,北東,0.0,0.0,晴れ,20.0
2025923,19:00,0.0,22.1,16.2,18.4,69,3.0,北東,0.0,0.0,晴れ,20.0
2025923,20:00,0.0,21.5,16.5,18.7,73,3.0,北北東,0.0,0.0,晴れ,20.0
2025923,21:00,0.0,21.0,16.4,18.7,75,3.2,北北東,0.0,0.0,晴れ,20.0
2025923,22:00,0.0,20.8,16.4,18.7,76,3.1,北北東,0.0,0.0,晴れ,20.0
2025923,23:00,0.0,20.5,16.1,18.3,76,3.2,北北東,0.0,0.0,晴れ,20.0
2025923,24:00,0.0,20.3,16.2,18.3,77,3.6,北北東,0.0,0.0,晴れ,20.0
2025924,01:00,0.0,19.9,16.2,18.4,79,4.0,北北東,0.0,0.0,晴れ,20.0
2025924,02:00,0.0,19.6,15.7,17.8,78,2.0,北北東,0.0,0.0,晴れ,20.0
2025924,03:00,0.0,18.9,15.4,17.5,80,2.6,北,0.0,0.0,晴れ,20.0
2025924,04:00,0.0,18.8,15.5,17.6,81,2.4,北,0.0,0.0,晴れ,20.0
2025924,05:00,0.0,18.5,15.2,17.3,81,2.3,北,0.0,0.0,晴れ,20.0
2025924,06:00,0.0,18.5,15.0,17.0,80,3.2,北北東,0.0,0.0,晴れ,20.0
2025924,07:00,0.0,19.9,15.4,17.4,75,2.8,北北東,0.9,0.0,晴れ,20.0
2025924,08:00,0.0,22.5,16.3,18.5,68,2.5,北北東,1.0,0.0,晴れ,20.0
2025924,09:00,0.0,24.3,15.8,17.9,59,2.1,北東,1.0,0.0,晴れ,20.0
2025924,10:00,0.0,24.8,14.6,16.6,53,3.7,北東,1.0,0.0,晴れ,20.0
2025924,11:00,0.0,25.5,14.3,16.3,50,2.3,北北東,0.8,0.0,晴れ,20.0
2025924,12:00,0.0,26.1,14.3,16.2,48,4.1,東北東,0.8,0.0,晴れ,20.0
2025924,13:00,0.0,26.2,14.7,16.7,49,3.6,東,0.6,0.0,晴れ,20.0
2025924,14:00,0.0,26.3,14.1,16.1,47,4.9,東北東,0.7,0.0,晴れ,20.0
2025924,15:00,0.0,25.8,14.0,16.0,48,4.0,東,0.8,0.0,晴れ,20.0
2025924,16:00,0.0,25.4,13.9,15.9,49,4.1,東,0.5,0.0,晴れ,20.0
2025924,17:00,0.0,24.5,13.1,15.1,49,4.8,東北東,0.5,0.0,晴れ,20.0
2025924,18:00,0.0,23.3,14.9,16.9,59,3.2,東,0.0,0.0,晴れ,20.0
2025924,19:00,0.0,22.6,15.7,17.8,65,4.0,東,0.0,0.0,晴れ,20.0
2025924,20:00,0.0,22.0,16.1,18.2,69,4.0,東北東,0.0,0.0,晴れ,20.0
2025924,21:00,0.0,21.7,16.2,18.4,71,3.7,北東,0.0,0.0,晴れ,20.0
2025924,22:00,0.0,21.4,16.2,18.4,72,2.9,北東,0.0,0.0,晴れ,20.0
2025924,23:00,0.0,21.4,16.2,18.4,72,2.5,北東,0.0,0.0,晴れ,20.0
2025924,24:00,0.0,21.2,16.2,18.4,73,2.0,東北東,0.0,0.0,晴れ,20.0
2025925,01:00,0.0,24.4,17.9,20.5,67,2.2,北北東,0.0,0.0,,
2025925,02:00,0.0,24.5,18.0,20.6,67,2.1,北,0.0,0.0,,
2025925,03:00,0.0,24.1,17.8,20.4,68,2.4,北東,0.0,0.0,曇,25.0
2025925,04:00,0.0,24.1,17.8,20.4,68,1.4,北北東,0.0,0.0,,
2025925,05:00,0.0,24.2,17.9,20.5,68,1.7,北北東,0.0,0.0,,
2025925,06:00,0.0,24.1,17.8,20.4,68,1.8,北北東,0.0,0.00,曇,35.0
2025925,07:00,0.0,24.5,18.2,20.9,68,1.4,北北東,0.0,0.07,,
2025925,08:00,0.0,24.9,18.6,21.4,68,1.5,北,0.0,0.33,,
2025925,09:00,0.0,25.7,18.1,20.8,63,1.7,北,0.0,0.75,曇,40.0
2025925,10:00,0.0,27.0,18.6,21.4,60,1.2,北西,0.1,1.52,,
2025925,11:00,0.0,27.5,17.7,20.2,55,1.6,北東,0.3,1.99,,
2025925,12:00,0.0,28.1,16.7,19.0,50,1.9,西,0.0,1.38,曇,20.0
2025925,13:00,0.0,25.9,19.3,22.4,67,2.9,西,0.0,1.05,,
2025925,14:00,0.0,26.4,18.3,21.0,61,2.1,西,0.0,0.45,,
2025925,15:00,0.0,26.2,18.4,21.1,62,3.3,西南西,0.0,0.50,曇,25.0
2025925,16:00,0.0,26.0,19.2,22.2,66,2.2,南南西,0.0,0.35,,
2025925,17:00,0.0,26.2,19.4,22.5,66,1.9,南西,0.0,0.33,,
2025925,18:00,0.0,25.9,19.6,22.7,68,2.4,南南西,0.0,0.07,晴れ,30.0
2025925,19:00,0.0,25.6,20.2,23.6,72,2.3,南西,0.0,0.00,,
2025925,20:00,0.0,25.6,20.2,23.6,72,1.3,西南西,0.0,0.0,,
2025925,21:00,0.0,25.5,20.5,24.2,74,0.6,南南西,0.0,0.0,曇,25.0
2025925,22:00,0.0,26.0,20.6,24.2,72,1.9,南,0.0,0.0,,
2025925,23:00,0.0,25.8,20.6,24.3,73,1.6,西南西,0.0,0.0,,
2025925,24:00,0.0,25.3,20.6,24.2,75,1.1,南南西,0.0,0.0,,
2025927,01:00,0.0,24.4,21.9,26.3,86,4.6,北東,0.0,0.0,曇,20.0
2025927,02:00,0.0,24.1,22.2,26.7,89,2.5,北北東,0.0,0.0,曇,20.0
2025927,03:00,0.0,24.1,22.4,27.0,90,3.1,北東,0.0,0.0,曇,20.0
2025927,04:00,0.0,24.5,20.8,24.6,80,4.0,北東,0.0,0.0,曇,20.0
2025927,05:00,0.0,23.9,20.8,24.6,83,1.8,北北東,0.0,0.0,曇,20.0
2025927,06:00,0.0,23.9,18.8,21.7,73,3.0,北東,0.0,0.0,曇,20.0
2025927,07:00,0.0,23.9,18.8,21.7,73,2.1,北北東,0.0,0.0,曇,20.0
2025927,08:00,0.0,24.7,18.4,21.2,68,2.0,北東,0.0,0.0,曇,20.0
2025927,09:00,0.0,25.1,17.3,19.8,62,3.1,北東,0.0,0.0,曇,20.0
2025927,10:00,0.0,25.7,16.0,18.2,55,3.1,東北東,0.1,0.0,曇,20.0
2025927,11:00,0.0,26.2,15.9,18.0,53,3.8,東,0.0,0.0,曇,20.0
2025927,12:00,0.0,27.1,14.5,16.5,46,4.7,東南東,0.2,0.0,曇,20.0
2025927,13:00,0.0,27.4,13.0,15.0,41,4.0,東北東,0.8,0.0,晴れ,20.0
2025927,14:00,0.0,28.0,14.6,16.6,44,4.3,南東,1.0,0.0,晴れ,20.0
2025927,15:00,0.0,27.7,15.1,17.1,46,3.6,東南東,1.0,0.0,晴れ,20.0
2025927,16:00,0.0,27.4,14.8,16.8,46,5.1,東南東,1.0,0.0,晴れ,20.0
2025927,17:00,0.0,26.3,14.1,16.1,47,4.0,東南東,0.8,0.0,晴れ,20.0
2025927,18:00,0.0,25.0,16.4,18.7,59,3.5,東南東,0.0,0.0,晴れ,20.0
2025927,19:00,0.0,24.4,17.2,19.6,64,3.3,東南東,0.0,0.0,晴れ,20.0
2025927,20:00,0.0,24.1,17.4,19.8,66,3.0,東,0.0,0.0,晴れ,20.0
2025927,21:00,0.0,23.8,17.3,19.8,67,3.5,東北東,0.0,0.0,晴れ,20.0
2025927,22:00,0.0,23.4,17.9,20.4,71,4.0,東北東,0.0,0.0,晴れ,20.0
2025927,23:00,0.0,23.1,17.3,19.8,70,3.3,東北東,0.0,0.0,曇,20.0
2025927,24:00,0.0,22.7,16.7,19.0,69,2.5,北東,0.0,0.0,曇,20.0
2025928,01:00,0.0,22.6,17.5,20.0,73,3.2,北東,0.0,0.0,曇,20.0
2025928,02:00,0.0,22.3,17.7,20.2,75,3.2,北東,0.0,0.0,曇,20.0
2025928,03:00,0.0,22.0,18.0,20.6,78,3.1,北東,0.0,0.0,晴れ,20.0
2025928,04:00,0.0,21.8,18.2,20.9,80,3.0,北東,0.0,0.0,晴れ,20.0
2025928,05:00,0.0,21.6,18.4,21.2,82,3.0,東北東,0.0,0.0,晴れ,20.0
2025928,06:00,0.0,21.9,18.5,21.3,81,1.6,北東,0.0,0.0,曇,20.0
2025928,07:00,0.0,22.5,18.9,21.8,80,1.6,東北東,0.5,0.0,曇,20.0
2025928,08:00,0.0,24.8,18.7,21.6,69,1.1,東,0.9,0.0,晴れ,20.0
2025928,09:00,0.0,25.9,19.3,22.4,67,0.5,南南西,0.8,0.0,晴れ,20.0
2025928,10:00,0.0,26.5,20.1,23.6,68,1.8,西南西,0.1,0.0,曇,20.0
2025928,11:00,0.0,28.3,19.0,21.9,57,5.8,南南東,0.1,0.0,曇,20.0
2025928,12:00,0.0,27.7,17.9,20.4,55,7.5,南南東,0.1,0.0,曇,20.0
2025928,13:00,0.0,26.3,19.7,22.9,67,2.6,西,0.1,0.0,曇,20.0
2025928,14:00,0.0,27.3,20.2,23.6,65,2.9,南南東,0.3,0.0,雨,20.0
2025928,15:00,0.0,27.7,19.8,23.0,62,3.9,南,0.3,0.0,曇,20.0
2025928,16:00,0.0,27.3,19.7,22.9,63,5.6,南南東,0.4,0.0,曇,20.0
2025928,17:00,0.0,26.5,20.6,24.2,70,6.2,南南東,0.0,0.0,曇,20.0
2025928,18:00,0.0,25.8,21.3,25.3,76,6.7,南南東,0.0,0.0,曇,20.0
2025928,19:00,0.0,25.2,21.1,25.0,78,3.4,南東,0.0,0.0,晴れ,20.0
2025928,20:00,0.0,25.0,21.1,25.0,79,4.5,南東,0.0,0.0,曇,20.0
2025928,21:00,0.0,25.2,21.5,25.7,80,5.0,南南東,0.0,0.0,曇,20.0
2025928,22:00,0.0,25.3,21.8,26.1,81,5.6,南南東,0.0,0.0,曇,20.0
2025928,23:00,0.0,25.3,22.2,26.8,83,6.4,南南東,0.0,0.0,曇,20.0
2025928,24:00,0.0,25.2,21.5,25.7,80,4.6,南,0.0,0.0,曇,20.0
2025930,01:00,0.0,21.9,20.4,23.9,91,3.3,東,0.0,0.0,曇,20.0
2025930,02:00,0.0,22.1,20.0,23.4,88,3.4,東北東,0.0,0.0,曇,20.0
2025930,03:00,0.0,22.3,19.5,22.6,84,2.0,東北東,0.0,0.0,曇,20.0
2025930,04:00,0.0,22.2,19.2,22.2,83,3.3,北東,0.0,0.0,曇,20.0
2025930,05:00,0.0,22.2,19.0,22.0,82,1.2,北東,0.0,0.0,曇,20.0
2025930,06:00,0.0,22.1,17.7,20.2,76,3.0,北東,0.0,0.0,曇,20.0
2025930,07:00,0.0,22.4,17.1,19.5,72,2.5,北北東,0.0,0.0,曇,20.0
2025930,08:00,0.0,22.3,17.5,19.9,74,2.3,北北東,0.0,0.0,雨,20.0
2025930,09:00,0.0,23.2,16.5,18.8,66,3.7,北北東,0.1,0.0,曇,20.0
2025930,10:00,0.0,24.3,16.3,18.5,61,2.7,北北東,0.0,0.0,曇,20.0
2025930,11:00,0.0,25.3,15.3,17.4,54,3.9,東北東,0.3,0.0,晴れ,20.0
2025930,12:00,0.0,25.6,15.9,18.1,55,3.8,北東,0.8,0.0,晴れ,20.0
2025930,13:00,0.0,26.0,16.6,18.8,56,2.7,東北東,0.8,0.0,晴れ,20.0
2025930,14:00,0.0,26.0,17.1,19.5,58,4.4,東南東,0.3,0.0,曇,20.0
2025930,15:00,0.0,26.7,17.8,20.3,58,3.9,東,0.4,0.0,晴れ,20.0
2025930,16:00,0.0,25.8,18.0,20.6,62,4.6,東南東,0.2,0.0,晴れ,20.0
2025930,17:00,0.0,25.0,18.0,20.6,65,4.2,東南東,0.0,0.0,曇,20.0
2025930,18:00,0.0,24.1,18.3,21.0,70,2.9,東,0.0,0.0,晴れ,20.0
2025930,19:00,0.0,23.4,18.5,21.3,74,4.3,北東,0.0,0.0,晴れ,20.0
2025930,20:00,0.0,23.1,18.6,21.5,76,2.5,北東,0.0,0.0,曇,20.0
2025930,21:00,0.0,23.1,18.6,21.5,76,2.4,北東,0.0,0.0,曇,20.0
2025930,22:00,0.0,23.0,18.8,21.6,77,2.1,北東,0.0,0.0,晴れ,20.0
2025930,23:00,0.0,23.3,18.2,20.9,73,2.7,東北東,0.0,0.0,曇,20.0
2025930,24:00,0.0,23.2,18.3,21.0,74,3.0,東北東,0.0,0.0,曇,20.0
2025104,01:00,0.0,21.8,19.2,22.2,85,3.9,北北東,0.0,0.0,曇,20.0
2025104,02:00,0.0,21.6,19.2,22.2,86,3.4,北北東,0.0,0.0,曇,20.0
2025104,03:00,0.0,21.2,19.1,22.2,88,4.0,北北東,0.0,0.0,曇,20.0
2025104,04:00,0.0,21.2,19.0,21.9,87,3.6,北東,0.0,0.0,曇,20.0
2025104,05:00,0.0,21.0,19.1,22.1,89,3.6,北東,0.0,0.0,曇,20.0
2025104,06:00,0.0,20.7,19.0,22.0,90,3.8,北北東,0.0,0.0,曇,20.0
2025104,07:00,0.0,21.8,19.4,22.5,86,3.3,北北東,0.5,0.0,曇,20.0
2025104,08:00,0.0,23.2,20.0,23.3,82,3.3,北東,0.4,0.0,晴れ,20.0
2025104,09:00,0.0,24.8,20.1,23.5,75,2.5,北東,0.6,0.0,曇,20.0
2025104,10:00,0.0,25.5,18.9,21.9,67,2.9,東北東,0.0,0.0,曇,20.0
2025104,11:00,0.0,24.0,20.3,23.9,80,3.6,南南東,0.0,0.0,曇,20.0
2025104,12:00,0.0,24.5,18.7,21.5,70,3.8,東,0.0,0.0,曇,20.0
2025104,13:00,0.0,24.1,19.4,22.5,75,4.0,東南東,0.0,0.0,曇,20.0
2025104,14:00,0.0,23.2,19.4,22.5,79,4.3,南東,0.0,0.0,雨,20.0
2025104,15:00,0.0,23.3,18.8,21.7,76,2.9,東北東,0.0,0.0,曇,20.0
2025104,16:00,0.0,23.8,19.3,22.4,76,2.8,東北東,0.0,0.0,曇,20.0
2025104,17:00,0.0,23.7,19.2,22.3,76,0.8,北,0.0,0.0,曇,20.0
2025104,18:00,0.0,23.1,19.5,22.6,80,1.4,北,0.0,0.0,曇,20.0
2025104,19:00,0.0,22.5,20.1,23.4,86,1.6,北,0.0,0.0,曇,20.0
2025104,20:00,0.0,22.3,20.4,24.0,89,1.7,北,0.0,0.0,曇,20.0
2025104,21:00,0.0,22.2,20.3,23.8,89,1.5,北北東,0.0,0.0,曇,20.0
2025104,22:00,0.0,21.9,20.2,23.7,90,1.9,北,0.0,0.0,曇,20.0
2025104,23:00,0.0,21.8,19.7,23.0,88,2.0,北,0.0,0.0,曇,20.0
2025104,24:00,0.0,21.7,19.5,22.6,87,1.9,北,0.0,0.0,曇,20.0
2025105,01:00,0.0,21.6,19.5,22.7,88,2.0,北,0.0,0.0,曇,20.0
2025105,02:00,0.0,21.3,19.6,22.8,90,1.9,北,0.0,0.0,晴れ,20.0
2025105,03:00,0.0,21.2,19.5,22.7,90,2.0,北西,0.0,0.0,曇,20.0
2025105,04:00,0.0,21.0,19.3,22.4,90,1.5,北,0.0,0.0,曇,20.0
2025105,05:00,0.0,20.8,19.3,22.4,91,1.8,北北東,0.0,0.0,晴れ,20.0
2025105,06:00,0.0,21.0,19.1,22.1,89,1.8,北,0.0,0.0,晴れ,20.0
2025105,07:00,0.0,21.9,19.5,22.6,86,1.1,北北東,0.3,0.0,晴れ,20.0
2025105,08:00,0.0,23.1,19.3,22.3,79,0.5,北北西,0.8,0.0,晴れ,20.0
2025105,09:00,0.0,25.1,19.7,23.0,72,1.6,北北西,1.0,0.0,晴れ,20.0
2025105,10:00,0.0,26.8,20.6,24.3,69,1.0,南南西,1.0,0.0,晴れ,18.5
2025105,11:00,0.0,26.8,20.9,24.7,70,2.4,西,1.0,0.0,晴れ,20.0
2025105,12:00,0.0,27.6,20.7,24.4,66,2.4,西,1.0,0.0,晴れ,20.0
2025105,13:00,0.0,28.0,20.1,23.4,62,3.0,西,1.0,0.0,晴れ,20.0
2025105,14:00,0.0,27.8,20.6,24.3,65,2.7,西,1.0,0.0,晴れ,20.0
2025105,15:00,0.0,27.7,20.5,24.2,65,2.1,西,0.9,0.0,曇,20.0
2025105,16:00,0.0,26.4,21.0,24.8,72,3.0,西南西,0.3,0.0,晴れ,20.0
2025105,17:00,0.0,26.6,22.0,26.5,76,1.9,南,0.0,0.0,曇,20.0
2025105,18:00,0.0,26.3,22.4,27.0,79,1.6,南東,0.0,0.0,曇,20.0
2025105,19:00,0.0,26.5,21.3,25.3,73,3.2,南,0.0,0.0,曇,20.0
2025105,20:00,0.0,26.1,22.0,26.4,78,4.5,南南東,0.0,0.0,曇,20.0
2025105,21:00,0.0,25.7,22.0,26.4,80,4.0,南南東,0.0,0.0,曇,20.0
2025105,22:00,0.0,25.3,22.2,26.8,83,3.7,南南東,0.0,0.0,曇,20.0
2025105,23:00,0.0,25.2,22.9,27.9,87,1.8,南西,0.0,0.0,曇,20.0
2025105,24:00,0.0,25.5,23.0,28.1,86,2.8,南南西,0.0,0.0,曇,20.0
