日付,時刻,降水量(mm),気温(°C),露点温度(°C),蒸気圧(hPa),湿度(%),風速(m/s),風向,日照時間(h),全天日射量(MJ/㎡),天気,視程(km)
202541,01:00,0.0,0.9,-5.5,4.0,62,2.9,南南東,0.0,0.0,晴れ,20.0
202541,02:00,0.0,0.0,-5.2,4.2,68,3.2,南南東,0.0,0.0,晴れ,20.0
202541,03:00,0.0,0.2,-5.2,4.2,67,3.5,東南東,0.0,0.0,晴れ,20.0
202541,04:00,0.0,-0.3,-5.1,4.2,70,3.0,東南東,0.0,0.0,晴れ,20.0
202541,05:00,0.0,-0.2,-4.3,4.5,74,3.0,東南東,0.0,0.00,晴れ,20.0
202541,06:00,0.0,0.5,-3.4,4.8,75,3.2,南東,0.0,0.05,晴れ,20.0
202541,07:00,0.0,1.9,-2.4,5.1,73,4.4,南東,0.9,0.56,晴れ,20.0
202541,08:00,0.0,2.6,-1.9,5.3,72,5.2,南東,1.0,1.32,晴れ,20.0
202541,09:00,0.0,4.7,-1.1,5.6,66,5.6,南南東,1.0,2.00,晴れ,20.0
202541,10:00,0.5,5.4,-0.2,6.0,67,6.4,南東,1.0,2.57,雨,20.0
202541,11:00,0.0,6.4,-0.1,6.1,63,6.9,南南東,1.0,2.92,晴れ,20.0
202541,12:00,0.0,7.0,-0.2,6.0,60,5.7,南南東,1.0,3.08,晴れ,20.0
202541,13:00,0.0,8.0,0.0,6.1,57,6.1,南南東,1.0,3.26,晴れ,20.0
202541,14:00,0.0,7.7,-1.5,5.5,52,7.7,南南東,0.9,2.81,晴れ,20.0
202541,15:00,0.0,7.6,-2.1,5.2,50,7.3,南東,1.0,2.31,晴れ,20.0
202541,16:00,0.0,7.1,-0.3,6.0,59,8.1,南南東,1.0,1.53,晴れ,20.0
202541,17:00,0.0,6.1,-0.4,5.9,63,4.9,南東,0.9,0.79,晴れ,20.0
202541,18:00,0.0,4.9,-0.5,5.9,68,7.0,南南東,0.4,0.15,晴れ,20.0
202541,19:00,0.0,4.5,-0.7,5.8,69,5.9,南南東,0.0,0.00,晴れ,20.0
202541,20:00,0.0,4.5,-1.1,5.6,67,4.4,南東,0.0,0.0,晴れ,20.0
202541,21:00,0.0,4.4,-1.0,5.7,68,4.1,南南東,0.0,0.0,晴れ,20.0
202541,22:00,0.0,4.1,-0.5,5.9,72,4.6,南東,0.0,0.0,晴れ,20.0
202541,23:00,0.0,3.8,-1.8,5.4,67,4.4,南東,0.0,0.0,晴れ,20.0
202541,24:00,0.0,3.7,-1.6,5.4,68,4.2,東南東,0.0,0.0,晴れ,20.0
202542,01:00,0.0,3.8,-1.2,5.6,70,4.8,南南東,0.0,0.0,晴れ,20.0
202542,02:00,0.0,3.7,-0.7,5.8,73,3.6,南東,0.0,0.0,晴れ,20.0
202542,03:00,0.0,3.7,-0.3,6.0,75,3.9,南東,0.0,0.0,晴れ,20.0
202542,04:00,0.0,4.1,-0.3,6.0,73,2.8,南南東,0.0,0.0,曇,20.0
202542,05:00,0.0,4.2,-0.2,6.0,73,4.3,南南東,0.0,0.00,曇,20.0
202542,06:00,0.0,4.5,-0.3,6.0,71,3.1,南東,0.0,0.03,曇,20.0
202542,07:00,0.0,5.0,0.0,6.1,70,4.6,南南東,0.0,0.20,曇,20.0
202542,08:00,0.0,5.7,0.5,6.3,69,4.7,南南東,0.1,0.66,曇,20.0
202542,09:00,0.0,6.4,-0.6,5.9,61,5.3,南,0.0,0.99,曇,20.0
202542,10:00,0.0,6.7,-3.0,4.9,50,5.6,南南東,0.0,1.13,曇,20.0
202542,11:00,0.0,6.5,-1.9,5.3,55,6.1,南南東,0.0,0.96,曇,20.0
202542,12:00,0.0,7.5,-3.9,4.6,44,5.7,南南東,0.0,1.27,曇,20.0
202542,13:00,0.0,7.4,-4.3,4.4,43,3.3,南南東,0.0,0.92,曇,20.0
202542,14:00,0.0,8.0,-3.5,4.7,44,2.6,南南東,0.0,0.90,曇,20.0
202542,15:00,0.0,6.2,-0.3,6.0,63,2.7,南東,0.0,0.52,雨,20.0
202542,16:00,0.5,4.9,1.9,7.0,81,3.4,南南東,0.0,0.32,雨,17.3
202542,17:00,0.0,4.6,1.8,7.0,82,0.3,西南西,0.0,0.17,雨,20.0
202542,18:00,0.0,4.7,1.7,6.9,81,0.8,北,0.0,0.05,曇,20.0
202542,19:00,0.0,3.8,1.8,7.0,87,1.7,北東,0.0,0.00,曇,20.0
202542,20:00,0.0,3.8,1.8,7.0,87,1.1,西北西,0.0,0.0,曇,20.0
202542,21:00,0.0,3.9,2.1,7.1,88,2.1,西北西,0.0,0.0,曇,14.5
202542,22:00,0.0,4.0,2.0,7.1,87,1.3,北北西,0.0,0.0,雨,16.6
202542,23:00,0.5,3.7,1.4,6.8,85,3.1,北西,0.0,0.0,雨,16.6
202542,24:00,0.0,3.0,1.7,6.9,91,3.7,西南西,0.0,0.0,雨,20.0
202544,01:00,0.0,1.6,0.8,6.4,94,0.9,南,0.0,0.0,みぞれ,9.90
202544,02:00,0.5,1.1,0.5,6.4,96,0.6,東,0.0,0.0,みぞれ,6.63
202544,03:00,0.5,0.9,0.3,6.3,96,0.4,南西,0.0,0.0,みぞれ,7.67
202544,04:00,1.0,0.8,0.3,6.2,96,1.9,北北西,0.0,0.0,みぞれ,2.84
202544,05:00,0.5,0.8,0.1,6.2,95,1.9,北西,0.0,0.00,みぞれ,13.7
202544,06:00,0.0,1.5,0.5,6.3,93,1.6,北北西,0.0,0.04,曇,20.0
202544,07:00,0.0,2.5,0.9,6.5,89,4.0,北西,0.1,0.19,みぞれ,20.0
202544,08:00,0.5,2.5,0.9,6.5,89,2.2,北,0.0,0.52,みぞれ,20.0
202544,09:00,0.0,4.0,0.0,6.1,75,5.5,北北西,0.2,1.12,曇,20.0
202544,10:00,0.0,4.1,-0.3,6.0,73,6.5,北北西,0.0,0.82,曇,20.0
202544,11:00,0.0,4.7,-0.7,5.8,68,6.2,北北西,0.1,1.46,晴れ,20.0
202544,12:00,0.0,5.1,-0.5,5.9,67,6.7,北北西,0.3,1.95,曇,20.0
202544,13:00,0.0,5.2,0.0,6.1,69,7.0,北西,0.0,1.05,曇,20.0
202544,14:00,0.0,5.2,-0.2,6.0,68,6.0,北北西,0.0,0.77,曇,20.0
202544,15:00,0.0,4.9,1.2,6.7,77,4.1,北西,0.0,0.31,曇,20.0
202544,16:00,0.0,5.5,-0.1,6.1,67,7.6,北北西,0.0,0.31,曇,20.0
202544,17:00,0.0,5.5,0.3,6.2,69,6.6,北西,0.0,0.29,曇,20.0
202544,18:00,0.0,5.1,0.1,6.1,70,5.2,北西,0.0,0.09,曇,20.0
202544,19:00,0.0,5.1,-0.3,6.0,68,5.2,北西,0.0,0.00,曇,20.0
202544,20:00,0.0,4.7,0.1,6.2,72,6.7,北西,0.0,0.0,曇,20.0
202544,21:00,0.0,4.5,0.3,6.2,74,3.9,北西,0.0,0.0,曇,20.0
202544,22:00,0.0,4.4,0.0,6.1,73,5.3,北西,0.0,0.0,曇,20.0
202544,23:00,0.0,4.7,-0.1,6.1,71,3.9,北西,0.0,0.0,曇,20.0
202544,24:00,0.0,4.5,-0.9,5.7,68,4.3,北西,0.0,0.0,曇,20.0
202545,01:00,0.0,4.4,-0.8,5.8,69,3.9,北西,0.0,0.0,曇,20.0
202545,02:00,0.0,4.7,-1.1,5.6,66,5.9,西北西,0.0,0.0,晴れ,20.0
202545,03:00,0.0,4.1,-1.5,5.5,67,3.5,北西,0.0,0.0,晴れ,20.0
202545,04:00,0.0,2.3,-2.2,5.2,72,1.5,西南西,0.0,0.0,晴れ,20.0
202545,05:00,0.0,1.6,-2.0,5.3,77,2.0,南南東,0.0,0.00,晴れ,20.0
202545,06:00,0.0,1.6,-1.8,5.4,78,0.6,東南東,0.3,0.10,晴れ,20.0
202545,07:00,0.0,3.0,-1.7,5.4,71,1.1,南南東,1.0,0.65,晴れ,20.0
202545,08:00,0.0,5.8,-1.6,5.4,59,1.8,南東,1.0,1.35,晴れ,20.0
202545,09:00,0.0,7.5,-1.7,5.4,52,1.6,東北東,1.0,2.01,晴れ,20.0
202545,10:00,0.0,8.9,-0.7,5.8,51,1.7,東,1.0,2.52,晴れ,20.0
202545,11:00,0.0,9.4,0.3,6.3,53,2.9,北東,1.0,2.88,晴れ,20.0
202545,12:00,0.0,9.4,-0.5,5.9,50,1.9,北北西,0.4,1.86,晴れ,20.0
202545,13:00,0.0,10.4,0.7,6.4,51,1.9,東北東,0.5,1.95,晴れ,20.0
202545,14:00,0.0,11.2,0.9,6.5,49,1.9,南東,0.8,2.33,晴れ,20.0
202545,15:00,0.0,10.7,-1.0,5.7,44,0.9,東,0.5,1.28,晴れ,20.0
202545,16:00,0.0,10.1,-0.1,6.1,49,4.0,西南西,0.9,1.54,晴れ,20.0
202545,17:00,0.0,9.7,-0.5,5.9,49,3.7,南西,1.0,0.80,晴れ,20.0
202545,18:00,0.0,8.3,-0.7,5.8,53,2.7,西南西,0.5,0.20,晴れ,20.0
202545,19:00,0.0,7.7,-0.3,6.0,57,1.5,南,0.0,0.00,晴れ,20.0
202545,20:00,0.0,7.4,-0.3,6.0,58,1.8,南南東,0.0,0.0,晴れ,20.0
202545,21:00,0.0,6.4,0.5,6.3,66,1.2,東南東,0.0,0.0,晴れ,20.0
202545,22:00,0.0,5.8,0.4,6.3,68,2.4,東南東,0.0,0.0,晴れ,20.0
202545,23:00,0.0,5.0,-0.2,6.0,69,1.3,南南東,0.0,0.0,晴れ,20.0
202545,24:00,0.0,4.2,-0.4,5.9,72,2.2,南東,0.0,0.0,晴れ,20.0
202546,01:00,0.0,4.3,-0.5,5.9,71,2.0,南南東,0.0,0.0,晴れ,20.0
202546,02:00,0.0,3.7,-0.7,5.8,73,2.5,南東,0.0,0.0,晴れ,20.0
202546,03:00,0.0,3.8,-0.6,5.9,73,1.8,南南東,0.0,0.0,晴れ,20.0
202546,04:00,0.0,3.3,-0.7,5.8,75,2.3,南東,0.0,0.0,晴れ,20.0
202546,05:00,0.0,3.1,-0.9,5.7,75,2.2,南東,0.0,0.00,曇,20.0
202546,06:00,0.0,3.5,-0.9,5.7,73,3.2,東南東,0.0,0.05,曇,20.0
202546,07:00,0.0,4.3,-0.7,5.8,70,3.1,南東,0.0,0.25,曇,20.0
202546,08:00,0.0,5.3,0.1,6.1,69,2.5,東南東,0.0,0.55,曇,20.0
202546,09:00,0.0,8.3,1.9,7.0,64,3.4,南東,0.7,1.43,晴れ,18.7
202546,10:00,0.0,8.1,1.7,6.9,64,4.4,東南東,0.3,1.29,曇,20.0
202546,11:00,0.0,9.9,1.5,6.8,56,3.1,南東,0.4,1.70,曇,20.0
202546,12:00,0.0,11.5,1.5,6.8,50,5.0,南東,0.8,2.54,晴れ,20.0
202546,13:00,0.0,12.8,0.9,6.5,44,6.6,南南東,1.0,3.09,晴れ,20.0
202546,14:00,0.0,13.1,0.2,6.2,41,8.3,南南東,1.0,2.69,晴れ,20.0
202546,15:00,0.0,12.2,1.5,6.8,48,5.1,南南東,0.2,1.21,曇,20.0
202546,16:00,0.0,11.1,1.6,6.9,52,6.3,南南東,0.1,0.64,曇,20.0
202546,17:00,0.0,10.2,2.6,7.3,59,6.8,南南東,0.1,0.30,曇,20.0
202546,18:00,0.0,9.5,4.9,8.7,73,5.4,南南東,0.0,0.05,雨,20.0
202546,19:00,0.0,8.9,5.8,9.2,81,3.8,南南東,0.0,0.00,曇,20.0
202546,20:00,0.0,8.9,6.7,9.8,86,3.0,南東,0.0,0.0,曇,20.0
202546,21:00,0.0,8.8,6.3,9.5,84,2.0,南東,0.0,0.0,曇,20.0
202546,22:00,0.0,8.0,6.0,9.3,87,3.4,東南東,0.0,0.0,雨,20.0
202546,23:00,0.5,7.5,6.1,9.4,91,4.1,東南東,0.0,0.0,晴れ,20.0
202546,24:00,0.0,8.0,6.5,9.7,90,3.4,南東,0.0,0.0,曇,20.0
202548,01:00,0.0,9.1,2.4,7.3,63,0.7,西北西,0.0,0.0,晴れ,20.0
202548,02:00,0.0,8.5,2.3,7.2,65,1.1,北,0.0,0.0,晴れ,20.0
202548,03:00,0.0,8.9,2.3,7.2,63,1.0,北,0.0,0.0,晴れ,20.0
202548,04:00,0.0,8.7,2.3,7.2,64,1.6,北東,0.0,0.0,晴れ,20.0
202548,05:00,0.0,8.0,2.7,7.4,69,2.5,北,0.0,0.00,晴れ,20.0
202548,06:00,0.0,7.5,2.8,7.5,72,0.7,南南西,0.4,0.13,晴れ,20.0
202548,07:00,0.0,8.9,3.1,7.6,67,0.6,南西,0.5,0.52,晴れ,20.0
202548,08:00,0.0,11.2,3.3,7.7,58,1.7,東南東,0.9,1.27,晴れ,20.0
202548,09:00,0.0,12.7,3.9,8.1,55,3.0,南南東,1.0,2.01,晴れ,20.0
202548,10:00,0.0,14.6,4.6,8.5,51,3.5,南東,1.0,2.63,晴れ,20.0
202548,11:00,0.0,15.0,2.9,7.5,44,3.2,南南東,1.0,2.95,晴れ,20.0
202548,12:00,0.0,13.7,4.3,8.3,53,2.8,東南東,0.8,2.62,晴れ,20.0
202548,13:00,0.0,13.6,4.8,8.6,55,4.7,南東,0.2,1.59,曇,20.0
202548,14:00,0.0,13.1,4.5,8.4,56,5.1,南東,0.1,1.16,曇,20.0
202548,15:00,0.0,12.9,4.1,8.2,55,5.0,南南東,0.0,0.53,曇,20.0
202548,16:00,0.0,12.9,4.9,8.6,58,4.5,南東,0.0,0.69,曇,20.0
202548,17:00,0.0,12.3,5.5,9.0,63,2.0,南東,0.0,0.31,曇,20.0
202548,18:00,0.0,12.4,5.6,9.1,63,1.0,北東,0.0,0.07,曇,20.0
202548,19:00,0.0,12.2,6.7,9.8,69,1.7,東南東,0.0,0.00,雨,20.0
202548,20:00,0.0,11.0,6.6,9.7,74,1.6,東南東,0.0,0.0,曇,20.0
202548,21:00,0.0,10.2,6.4,9.6,77,1.8,南東,0.0,0.0,晴れ,19.9
202548,22:00,0.0,10.1,7.0,10.0,81,1.7,南,0.0,0.0,雨,18.1
202548,23:00,0.0,9.9,7.0,10.0,82,2.1,南南西,0.0,0.0,曇,15.2
202548,24:00,0.0,9.6,7.4,10.3,86,3.4,南,0.0,0.0,曇,11.8
202549,01:00,0.0,11.0,6.4,9.6,73,2.7,西北西,0.0,0.0,曇,18.8
202549,02:00,0.0,10.0,7.1,10.1,82,0.8,南西,0.0,0.0,曇,14.6
202549,03:00,0.0,8.9,6.0,9.4,82,4.0,北,0.0,0.0,雨,13.8
202549,04:00,0.0,8.6,5.7,9.2,82,3.0,北西,0.0,0.0,晴れ,13.9
202549,05:00,0.0,8.4,5.5,9.0,82,3.0,西北西,0.0,0.00,晴れ,13.3
202549,06:00,0.0,8.7,5.8,9.2,82,1.2,西北西,0.2,0.10,晴れ,13.6
202549,07:00,0.0,10.5,6.1,9.4,74,1.9,北北東,0.9,0.64,晴れ,16.5
202549,08:00,0.0,11.8,5.9,9.3,67,2.6,北,0.4,0.85,曇,20.0
202549,09:00,0.0,12.9,3.3,7.7,52,4.1,北西,0.4,1.13,曇,20.0
202549,10:00,0.0,13.2,2.7,7.4,49,4.5,北北西,0.0,1.00,曇,20.0
202549,11:00,0.0,12.9,2.7,7.4,50,6.9,北西,0.1,1.11,曇,20.0
202549,12:00,0.0,13.5,1.2,6.7,43,6.4,北西,0.1,1.26,曇,20.0
202549,13:00,0.0,15.2,1.0,6.6,38,6.9,西北西,0.4,2.30,曇,20.0
202549,14:00,0.0,15.2,0.6,6.4,37,7.0,北西,1.0,3.29,晴れ,20.0
202549,15:00,0.0,15.0,1.2,6.7,39,8.1,北北西,1.0,2.44,晴れ,20.0
202549,16:00,0.0,14.9,0.7,6.4,38,6.5,北西,1.0,1.71,晴れ,20.0
202549,17:00,0.0,14.0,1.3,6.7,42,5.7,北西,1.0,0.93,晴れ,20.0
202549,18:00,0.0,13.3,2.2,7.2,47,2.5,西北西,0.7,0.24,晴れ,20.0
202549,19:00,0.0,11.1,3.4,7.8,59,2.5,北北東,0.0,0.00,晴れ,20.0
202549,20:00,0.0,10.7,3.7,8.0,62,2.1,北西,0.0,0.0,晴れ,20.0
202549,21:00,0.0,10.2,3.7,8.0,64,3.7,北西,0.0,0.0,晴れ,20.0
202549,22:00,0.0,10.5,2.8,7.5,59,3.6,北西,0.0,0.0,晴れ,20.0
202549,23:00,0.0,9.0,2.8,7.5,65,3.2,北北西,0.0,0.0,晴れ,20.0
202549,24:00,0.0,7.5,3.2,7.7,74,1.5,南南東,0.0,0.0,晴れ,20.0
2025410,01:00,0.0,7.7,3.6,7.9,75,1.3,北,0.0,0.0,晴れ,20.0
2025410,02:00,0.0,7.2,3.6,7.9,78,1.3,北西,0.0,0.0,晴れ,20.0
2025410,03:00,0.0,7.0,3.6,7.9,79,2.0,北西,0.0,0.0,曇,20.0
2025410,04:00,0.0,6.3,3.5,7.8,82,0.4,西北西,0.0,0.0,晴れ,20.0
2025410,05:00,0.0,6.2,3.0,7.6,80,0.4,北北西,0.0,0.00,曇,20.0
2025410,06:00,0.0,7.0,2.5,7.3,73,2.0,北西,0.3,0.15,曇,20.0
2025410,07:00,0.0,8.0,3.1,7.6,71,0.9,北北西,0.7,0.66,曇,20.0
2025410,08:00,0.0,11.1,6.3,9.5,72,2.6,南南東,0.9,1.30,晴れ,20.0
2025410,09:00,0.0,12.2,6.3,9.5,67,2.9,南東,0.2,1.34,曇,20.0
2025410,10:00,0.0,12.8,6.2,9.5,64,2.2,南東,0.0,1.13,曇,20.0
2025410,11:00,0.0,14.1,6.2,9.5,59,2.0,南南東,0.4,1.94,曇,20.0
2025410,12:00,0.0,13.8,5.2,8.8,56,2.2,東南東,0.1,1.51,曇,20.0
2025410,13:00,0.0,14.7,6.3,9.5,57,1.6,東南東,0.3,1.70,曇,20.0
2025410,14:00,0.0,15.4,7.7,10.5,60,1.9,東南東,0.2,1.69,曇,20.0
2025410,15:00,0.0,15.6,9.1,11.5,65,2.4,東南東,0.4,1.49,曇,20.0
2025410,16:00,0.0,14.6,9.8,12.1,73,1.6,東,0.1,0.82,曇,20.0
2025410,17:00,0.0,14.5,10.7,12.9,78,1.7,東,0.3,0.59,曇,20.0
2025410,18:00,0.0,13.5,11.2,13.3,86,2.0,東,0.0,0.11,晴れ,16.9
2025410,19:00,0.0,13.1,11.2,13.3,88,1.4,北北東,0.0,0.00,晴れ,14.6
2025410,20:00,0.0,12.9,11.1,13.2,89,0.8,北東,0.0,0.0,曇,11.5
2025410,21:00,0.0,11.7,10.6,12.8,93,0.6,北北東,0.0,0.0,曇,8.14
2025410,22:00,0.0,12.2,10.9,13.1,92,2.8,北北西,0.0,0.0,曇,9.03
2025410,23:00,0.0,12.1,10.7,12.8,91,2.1,北北西,0.0,0.0,曇,9.44
2025410,24:00,0.0,12.2,10.6,12.8,90,1.3,北西,0.0,0.0,晴れ,11.6
2025411,01:00,0.0,7.5,1.1,6.6,64,1.9,南東,0.0,0.0,晴れ,20.0
2025411,02:00,0.0,7.2,1.1,6.6,65,1.1,東南東,0.0,0.0,晴れ,20.0
2025411,03:00,0.0,7.2,1.1,6.6,65,1.4,東南東,0.0,0.0,晴れ,20.0
2025411,04:00,0.0,7.2,1.1,6.6,65,2.3,南東,0.0,0.0,曇,20.0
2025411,05:00,0.0,7.3,1.0,6.5,64,1.8,東南東,0.0,0.00,曇,20.0
2025411,06:00,0.0,7.4,3.1,7.6,74,1.3,東,0.0,0.07,雨,20.0
2025411,07:00,0.0,7.4,4.0,8.1,79,2.4,南東,0.0,0.30,雨,12.6
2025411,08:00,0.0,9.0,3.4,7.8,68,2.6,東南東,0.0,0.54,曇,20.0
2025411,09:00,0.0,9.9,4.1,8.2,67,2.2,南東,0.0,0.54,曇,17.1
2025411,10:00,0.0,10.8,4.1,8.2,63,1.0,南東,0.0,0.56,雨,18.7
2025411,11:00,0.0,12.8,4.5,8.4,57,0.7,北西,0.0,1.39,曇,17.0
2025411,12:00,0.0,14.5,4.5,8.4,51,1.8,北,0.1,1.80,曇,20.0
2025411,13:00,0.0,17.0,4.0,8.1,42,2.9,北北西,0.1,1.74,曇,20.0
2025411,14:00,0.0,15.6,2.4,7.3,41,3.9,北西,0.9,2.37,晴れ,20.0
2025411,15:00,0.0,15.0,4.1,8.2,48,3.0,北北西,0.4,1.57,晴れ,20.0
2025411,16:00,0.0,14.5,4.2,8.3,50,4.0,北北西,1.0,1.53,晴れ,20.0
2025411,17:00,0.0,14.2,4.5,8.4,52,2.6,北北西,1.0,0.82,晴れ,20.0
2025411,18:00,0.0,11.9,5.1,8.8,63,1.6,北北西,0.7,0.24,晴れ,20.0
2025411,19:00,0.0,11.1,4.6,8.5,64,3.5,北北西,0.0,0.01,晴れ,20.0
2025411,20:00,0.0,10.4,4.6,8.5,67,2.1,北西,0.0,0.0,晴れ,20.0
2025411,21:00,0.0,9.6,3.6,7.9,66,2.1,西北西,0.0,0.0,晴れ,20.0
2025411,22:00,0.0,10.0,3.5,7.9,64,2.3,北北西,0.0,0.0,晴れ,20.0
2025411,23:00,0.0,9.4,3.4,7.8,66,1.5,南南東,0.0,0.0,晴れ,20.0
2025411,24:00,0.0,9.1,3.3,7.7,67,1.1,東南東,0.0,0.0,晴れ,20.0
2025412,01:00,0.0,8.5,3.2,7.7,69,0.4,南南西,0.0,0.0,晴れ,20.0
2025412,02:00,0.0,7.6,3.1,7.6,73,0.5,南南西,0.0,0.0,晴れ,20.0
2025412,03:00,0.0,7.2,3.1,7.6,75,0.8,南東,0.0,0.0,晴れ,20.0
2025412,04:00,0.0,6.6,2.7,7.4,76,0.3,南南西,0.0,0.0,晴れ,20.0
2025412,05:00,0.0,6.7,2.4,7.3,74,0.9,南東,0.0,0.00,晴れ,20.0
2025412,06:00,0.0,7.0,2.5,7.3,73,0.2,静穏,0.6,0.18,晴れ,20.0
2025412,07:00,0.0,8.3,2.5,7.3,67,0.7,東南東,1.0,0.80,晴れ,20.0
2025412,08:00,0.0,10.5,2.8,7.5,59,1.1,南東,1.0,1.50,晴れ,20.0
2025412,09:00,0.0,12.8,3.2,7.7,52,1.4,東南東,1.0,2.12,晴れ,20.0
2025412,10:00,0.0,14.8,3.3,7.7,46,1.2,北,1.0,2.61,晴れ,20.0
2025412,11:00,0.0,16.1,3.5,7.9,43,1.0,北北東,1.0,2.92,晴れ,20.0
2025412,12:00,0.0,17.2,2.8,7.5,38,1.1,北,1.0,3.03,晴れ,20.0
2025412,13:00,0.0,17.9,4.5,8.4,41,5.8,北北西,1.0,2.93,晴れ,20.0
2025412,14:00,0.0,15.8,4.2,8.3,46,4.7,北北西,1.0,2.66,晴れ,20.0
2025412,15:00,0.0,16.0,4.4,8.4,46,3.7,北北西,1.0,2.19,晴れ,20.0
2025412,16:00,0.0,15.6,4.7,8.5,48,3.9,北北西,1.0,1.56,晴れ,20.0
2025412,17:00,0.0,15.2,4.0,8.1,47,3.6,北北西,1.0,0.86,晴れ,20.0
2025412,18:00,0.0,13.8,3.3,7.7,49,3.1,北北西,0.7,0.24,晴れ,20.0
2025412,19:00,0.0,12.8,3.5,7.8,53,1.5,北北西,0.0,0.01,晴れ,20.0
2025412,20:00,0.0,11.8,4.1,8.2,59,0.4,西,0.0,0.0,晴れ,20.0
2025412,21:00,0.0,12.4,4.4,8.4,58,0.6,北,0.0,0.0,晴れ,20.0
2025412,22:00,0.0,11.6,4.6,8.5,62,0.6,南東,0.0,0.0,晴れ,20.0
2025412,23:00,0.0,11.1,3.6,7.9,60,1.1,東北東,0.0,0.0,晴れ,20.0
2025412,24:00,0.0,10.1,3.4,7.8,63,1.7,東南東,0.0,0.0,晴れ,20.0
2025413,01:00,0.0,9.1,3.3,7.7,67,1.7,南東,0.0,0.0,晴れ,20.0
2025413,02:00,0.0,8.7,3.3,7.8,69,1.6,南東,0.0,0.0,晴れ,20.0
2025413,03:00,0.0,8.3,3.6,7.9,72,1.7,南東,0.0,0.0,晴れ,20.0
2025413,04:00,0.0,8.4,3.7,7.9,72,1.9,南東,0.0,0.0,晴れ,20.0
2025413,05:00,0.0,8.4,3.9,8.0,73,2.0,東,0.0,0.00,晴れ,20.0
2025413,06:00,0.0,8.8,4.6,8.5,75,1.6,南東,0.4,0.16,晴れ,20.0
2025413,07:00,0.0,9.4,5.4,9.0,76,2.0,東南東,0.0,0.23,曇,20.0
2025413,08:00,0.0,10.2,7.1,10.1,81,2.6,南東,0.0,0.32,雨,20.0
2025413,09:00,0.0,12.0,8.3,10.9,78,5.6,南南東,0.0,0.31,雨,20.0
2025413,10:00,0.0,13.4,8.3,10.9,71,9.1,南南東,0.0,0.68,曇,20.0
2025413,11:00,0.0,15.4,8.4,11.0,63,10.0,南南東,0.9,2.52,晴れ,20.0
2025413,12:00,0.0,16.3,6.4,9.6,52,11.2,南南東,0.8,2.75,曇,20.0
2025413,13:00,0.0,15.6,6.1,9.4,53,11.0,南南東,1.0,2.48,晴れ,20.0
2025413,14:00,0.0,15.1,6.4,9.6,56,10.0,南南東,1.0,2.05,晴れ,20.0
2025413,15:00,0.0,15.3,7.4,10.3,59,10.4,南南東,0.6,1.49,曇,20.0
2025413,16:00,0.0,14.3,7.1,10.1,62,11.0,南南東,0.0,0.79,曇,20.0
2025413,17:00,0.0,13.7,6.6,9.7,62,8.7,南南東,0.0,0.36,曇,20.0
2025413,18:00,0.0,13.0,7.0,10.0,67,9.6,南南東,0.0,0.11,曇,20.0
2025413,19:00,0.0,12.3,6.4,9.6,67,8.7,南南東,0.0,0.00,曇,20.0
2025413,20:00,0.0,12.1,5.3,8.9,63,9.9,南南東,0.0,0.0,曇,20.0
2025413,21:00,0.0,11.7,4.2,8.2,60,10.6,南南東,0.0,0.0,曇,20.0
2025413,22:00,0.0,11.5,2.8,7.5,55,10.8,南南東,0.0,0.0,曇,20.0
2025413,23:00,0.0,11.0,4.0,8.1,62,8.8,南南東,0.0,0.0,曇,20.0
2025413,24:00,0.0,10.8,4.9,8.7,67,9.3,南南東,0.0,0.0,曇,20.0
2025415,01:00,0.0,15.6,9.7,12.1,68,6.6,南南西,0.0,0.0,曇,20.0
2025415,02:00,0.0,15.7,9.8,12.1,68,8.9,南南西,0.0,0.0,晴れ,20.0
2025415,03:00,0.0,15.4,9.1,11.5,66,8.0,南南西,0.0,0.0,曇,20.0
2025415,04:00,0.0,14.4,10.2,12.5,76,7.7,南,0.0,0.0,曇,20.0
2025415,05:00,1.0,13.6,11.8,13.9,89,6.5,南南西,0.0,0.0,雨,15.4
2025415,06:00,0.5,13.5,10.7,12.8,83,5.3,南,0.0,0.0,曇,20.0
2025415,07:00,0.0,14.4,11.2,13.3,81,6.2,南南東,0.2,0.0,晴れ,20.0
2025415,08:00,0.0,15.7,12.3,14.3,80,9.9,南南東,0.3,0.0,曇,20.0
2025415,09:00,0.0,16.2,11.0,13.1,71,8.6,南,0.1,0.0,曇,20.0
2025415,10:00,0.0,19.3,12.6,14.6,65,7.8,南南西,0.9,0.0,晴れ,20.0
2025415,11:00,0.0,19.5,10.5,12.7,56,10.9,南西,0.8,0.0,晴れ,16.8
2025415,12:00,0.0,19.2,9.1,11.6,52,11.5,南西,0.8,0.0,晴れ,20.0
2025415,13:00,0.0,19.4,8.4,11.0,49,7.9,南西,1.0,0.0,晴れ,20.0
2025415,14:00,0.0,18.6,6.1,9.4,44,10.5,南西,1.0,0.0,晴れ,20.0
2025415,15:00,0.0,18.4,3.5,7.8,37,10.5,南西,1.0,0.0,晴れ,20.0
2025415,16:00,0.0,17.9,2.6,7.4,36,10.4,南南西,1.0,0.0,晴れ,20.0
2025415,17:00,0.0,16.6,5.6,9.1,48,10.6,南西,1.0,0.0,晴れ,20.0
2025415,18:00,0.0,16.0,5.6,9.1,50,9.6,南西,0.3,0.0,曇,20.0
2025415,19:00,0.0,16.4,0.1,6.2,33,5.2,西,0.0,0.0,雨,20.0
2025415,20:00,0.0,16.5,-2.1,5.3,28,4.6,北西,0.0,0.0,曇,20.0
2025415,21:00,0.0,14.8,-2.6,5.1,30,7.4,北西,0.0,0.0,曇,20.0
2025415,22:00,0.0,14.2,-2.2,5.2,32,5.4,西北西,0.0,0.0,曇,20.0
2025415,23:00,0.0,13.4,-3.4,4.8,31,6.2,北西,0.0,0.0,晴れ,20.0
2025415,24:00,0.0,12.7,-3.1,4.8,33,4.2,北西,0.0,0.0,晴れ,20.0
2025416,01:00,0.0,12.2,-2.8,5.0,35,4.7,北西,0.0,0.0,晴れ,20.0
2025416,02:00,0.0,11.6,-2.2,5.2,38,4.4,北西,0.0,0.0,晴れ,20.0
2025416,03:00,0.0,11.4,-2.8,5.0,37,3.0,西北西,0.0,0.0,晴れ,20.0
2025416,04:00,0.0,10.7,-2.7,5.0,39,4.2,北西,0.0,0.0,晴れ,20.0
2025416,05:00,0.0,10.9,-1.8,5.3,41,3.5,北西,0.0,0.0,晴れ,20.0
2025416,06:00,0.0,11.7,-0.4,5.9,43,2.9,西,0.6,0.0,曇,20.0
2025416,07:00,0.0,13.4,-0.6,5.8,38,2.2,西,1.0,0.0,晴れ,20.0
2025416,08:00,0.0,13.8,1.5,6.8,43,2.4,南西,1.0,0.0,晴れ,20.0
2025416,09:00,0.0,14.8,3.3,7.7,46,4.8,南西,1.0,0.0,晴れ,20.0
2025416,10:00,0.0,15.3,2.1,7.1,41,5.7,南西,1.0,0.0,晴れ,20.0
2025416,11:00,0.0,16.4,3.5,7.8,42,5.4,西南西,1.0,0.0,晴れ,20.0
2025416,12:00,0.0,17.9,2.6,7.4,36,7.1,南西,1.0,0.0,晴れ,20.0
2025416,13:00,0.0,17.4,3.0,7.6,38,9.3,南西,1.0,0.0,晴れ,20.0
2025416,14:00,0.0,17.8,6.1,9.4,46,8.4,西南西,1.0,0.0,晴れ,20.0
2025416,15:00,0.0,18.1,6.3,9.6,46,7.4,南西,1.0,0.0,晴れ,20.0
2025416,16:00,0.0,18.0,6.2,9.5,46,9.1,南西,1.0,0.0,晴れ,20.0
2025416,17:00,0.0,17.5,6.4,9.6,48,6.5,南西,1.0,0.0,晴れ,20.0
2025416,18:00,0.0,17.1,6.9,9.9,51,7.4,南西,0.6,0.0,晴れ,20.0
2025416,19:00,0.0,17.4,4.4,8.3,42,2.4,北,0.0,0.0,晴れ,20.0
2025416,20:00,0.0,16.8,-3.3,4.8,25,0.9,西南西,0.0,0.0,晴れ,20.0
2025416,21:00,0.0,16.6,-3.0,4.9,26,1.7,北北西,0.0,0.0,晴れ,20.0
2025416,22:00,0.0,15.7,-1.8,5.4,30,2.0,北北東,0.0,0.0,晴れ,20.0
2025416,23:00,0.0,14.8,-0.9,5.7,34,1.2,東北東,0.0,0.0,晴れ,20.0
2025416,24:00,0.0,12.2,4.2,8.2,58,1.3,東,0.0,0.0,晴れ,20.0
2025418,01:00,0.0,18.1,13.8,15.8,76,1.1,北北東,0.0,0.0,,
2025418,02:00,0.0,17.5,13.8,15.8,79,0.4,南南東,0.0,0.0,,
2025418,03:00,0.0,17.0,13.5,15.5,80,0.8,東,0.0,0.0,曇,15.0
2025418,04:00,0.0,16.8,13.5,15.5,81,0.6,北東,0.0,0.0,,
2025418,05:00,0.0,17.4,13.9,15.9,80,1.6,北,0.0,0.00,,
2025418,06:00,0.0,17.1,13.6,15.6,80,1.1,北,0.0,0.03,曇,15.0
2025418,07:00,0.0,17.8,13.1,15.1,74,1.4,北北東,0.0,0.25,,
2025418,08:00,0.0,18.5,13.2,15.1,71,0.5,南西,0.0,0.49,,
2025418,09:00,0.0,20.0,13.7,15.7,67,1.3,東北東,0.1,0.94,曇,15.0
2025418,10:00,0.0,21.4,13.6,15.5,61,0.9,東北東,0.4,1.52,,
2025418,11:00,0.0,23.4,15.5,17.6,61,0.9,西,0.2,1.80,,
2025418,12:00,0.0,22.9,13.9,15.9,57,2.3,西南西,0.3,1.96,曇,15.0
2025418,13:00,0.0,23.0,15.6,17.7,63,3.8,西,0.6,2.22,,
2025418,14:00,0.0,23.5,16.3,18.5,64,4.6,西南西,0.9,2.43,,
2025418,15:00,0.0,23.4,15.2,17.3,60,4.9,南西,1.0,2.51,晴れ,15.0
2025418,16:00,0.0,23.6,14.9,16.9,58,4.7,西南西,1.0,1.91,,
2025418,17:00,0.0,21.8,15.9,18.0,69,3.0,西,1.0,1.16,,
2025418,18:00,0.0,20.3,16.2,18.3,77,3.0,西,0.6,0.42,快晴,15.0
2025418,19:00,0.0,19.6,15.9,18.0,79,3.7,西,0.0,0.02,,
2025418,20:00,0.0,19.6,15.9,18.0,79,1.3,北西,0.0,0.00,,
2025418,21:00,0.0,19.6,16.1,18.2,80,1.3,西北西,0.0,0.0,快晴,20.0
2025418,22:00,0.0,19.6,16.1,18.2,80,1.4,南南西,0.0,0.0,,
2025418,23:00,0.0,19.3,15.8,17.9,80,0.9,西南西,0.0,0.0,,
2025418,24:00,0.0,19.2,15.7,17.8,80,1.5,西南西,0.0,0.0,,
2025419,01:00,0.0,18.6,15.7,17.8,83,1.6,西南西,0.0,0.0,,
2025419,02:00,0.0,18.4,15.5,17.6,83,0.8,西南西,0.0,0.0,,
2025419,03:00,0.0,18.2,15.5,17.6,84,1.4,南,0.0,0.0,快晴,15.0
2025419,04:00,0.0,18.0,15.6,17.8,86,0.8,南西,0.0,0.0,,
2025419,05:00,0.0,17.9,15.5,17.6,86,1.2,南,0.0,0.00,,
2025419,06:00,0.0,17.5,15.5,17.6,88,1.2,南東,0.0,0.05,快晴,9.00
2025419,07:00,0.0,18.2,15.7,17.8,85,0.4,北東,0.5,0.44,,
2025419,08:00,0.0,19.7,16.2,18.4,80,1.7,北,1.0,1.09,,
2025419,09:00,0.0,21.5,16.0,18.2,71,1.2,南西,1.0,1.82,晴れ,10.0
2025419,10:00,0.0,22.9,14.7,16.8,60,1.2,西北西,1.0,2.44,,
2025419,11:00,0.0,24.3,14.7,16.7,55,2.5,南西,1.0,2.93,,
2025419,12:00,0.0,25.0,15.4,17.4,55,2.8,西南西,0.9,2.69,晴れ,15.0
2025419,13:00,0.0,26.9,15.0,17.0,48,2.5,西南西,1.0,3.20,,
2025419,14:00,0.0,27.2,13.9,15.9,44,2.6,西北西,1.0,2.98,,
2025419,15:00,0.0,27.6,13.2,15.1,41,2.2,南西,1.0,2.49,快晴,30.0
2025419,16:00,0.0,26.6,13.4,15.3,44,4.4,西,1.0,1.87,,
2025419,17:00,0.0,21.6,15.9,18.1,70,4.1,西北西,1.0,1.16,,
2025419,18:00,0.0,20.5,16.3,18.6,77,1.5,西,0.2,0.39,薄曇,10.0
2025419,19:00,0.0,20.7,14.6,16.6,68,2.2,西,0.0,0.04,,
2025419,20:00,0.0,21.1,14.3,16.3,65,1.3,南,0.0,0.00,,
2025419,21:00,0.0,20.9,14.1,16.1,65,1.0,南南西,0.0,0.0,薄曇,12.0
2025419,22:00,0.0,20.7,13.4,15.4,63,1.6,北西,0.0,0.0,,
2025419,23:00,0.0,20.4,12.9,14.9,62,1.3,南西,0.0,0.0,,
2025419,24:00,0.0,19.8,13.3,15.2,66,1.9,西,0.0,0.0,,
2025420,01:00,0.0,19.7,13.6,15.6,68,1.7,西北西,0.0,0.0,,
2025420,02:00,0.0,19.6,13.5,15.5,68,1.1,西,0.0,0.0,,
2025420,03:00,0.0,19.8,13.3,15.2,66,2.0,南西,0.0,0.0,曇,15.0
2025420,04:00,0.0,19.7,13.0,14.9,65,1.5,南,0.0,0.0,,
2025420,05:00,0.0,19.5,13.5,15.4,68,1.9,北,0.0,0.00,,
2025420,06:00,0.0,19.6,14.4,16.4,72,1.2,北北西,0.0,0.01,曇,20.0
2025420,07:00,0.0,20.2,14.1,16.1,68,1.9,南南西,0.0,0.18,,
2025420,08:00,0.0,20.2,14.1,16.1,68,1.7,南,0.0,0.45,,
2025420,09:00,0.0,20.3,14.7,16.7,70,1.2,南,0.0,0.69,曇,15.0
2025420,10:00,0.0,21.0,14.2,16.2,65,1.7,南西,0.0,0.95,,
2025420,11:00,0.0,21.6,14.3,16.3,63,1.8,西,0.0,1.30,,
2025420,12:00,0.0,22.5,14.9,16.9,62,2.4,南西,0.0,1.94,曇,25.0
2025420,13:00,0.0,22.1,14.2,16.2,61,3.6,南西,0.2,2.01,,
2025420,14:00,0.0,22.3,15.2,17.2,64,4.1,南西,0.0,1.69,,
2025420,15:00,0.0,22.0,14.7,16.7,63,3.1,南西,0.0,1.51,曇,30.0
2025420,16:00,0.0,22.7,13.8,15.7,57,3.1,南西,0.2,1.27,,
2025420,17:00,0.0,22.2,13.8,15.8,59,2.7,南西,0.7,1.02,,
2025420,18:00,0.0,21.2,14.1,16.1,64,2.8,南西,0.2,0.30,曇,35.0
2025420,19:00,0.0,20.6,13.6,15.5,64,1.9,西南西,0.0,0.03,,
2025420,20:00,0.0,20.3,14.0,16.0,67,2.5,西南西,0.0,0.00,,
2025420,21:00,0.0,20.2,14.6,16.6,70,1.0,南南西,0.0,0.0,曇,25.0
2025420,22:00,0.0,20.5,14.4,16.4,68,1.7,北東,0.0,0.0,,
2025420,23:00,0.0,19.1,14.2,16.1,73,2.4,北北東,0.0,0.0,,
2025420,24:00,0.0,18.6,13.5,15.4,72,3.6,北,0.0,0.0,,
2025422,01:00,0.0,5.2,0.6,6.4,72,5.6,北北西,0.0,0.0,曇,20.0
2025422,02:00,0.0,4.9,1.2,6.7,77,4.7,北北西,0.0,0.0,曇,20.0
2025422,03:00,0.0,4.8,1.3,6.7,78,4.4,北北西,0.0,0.0,曇,20.0
2025422,04:00,0.0,4.3,1.5,6.8,82,4.1,北,0.0,0.0,晴れ,20.0
2025422,05:00,0.0,4.3,1.2,6.6,80,2.1,北北西,0.0,0.01,曇,20.0
2025422,06:00,0.0,4.3,0.1,6.1,74,2.0,南南東,0.1,0.22,曇,20.0
2025422,07:00,0.0,4.9,-0.3,6.0,69,2.3,東南東,0.1,0.64,曇,20.0
2025422,08:00,0.0,5.8,0.0,6.1,66,0.8,西北西,0.6,1.06,曇,20.0
2025422,09:00,0.0,7.3,-0.6,5.8,57,2.0,北北東,1.0,2.21,晴れ,20.0
2025422,10:00,0.0,8.8,0.5,6.3,56,3.1,東南東,1.0,2.48,晴れ,20.0
2025422,11:00,0.0,10.5,1.6,6.9,54,3.6,東南東,1.0,2.95,晴れ,20.0
2025422,12:00,0.0,11.8,2.0,7.1,51,2.5,東南東,1.0,2.69,晴れ,20.0
2025422,13:00,0.0,14.6,2.5,7.3,44,4.8,東南東,0.7,2.31,曇,20.0
2025422,14:00,0.0,15.0,2.2,7.2,42,5.3,東南東,×,×,曇,20.0
2025422,15:00,0.0,14.3,2.2,7.2,44,5.1,南東,0.8,1.90,曇,20.0
2025422,16:00,0.0,13.3,1.6,6.9,45,7.3,南東,0.7,1.28,曇,20.0
2025422,17:00,0.0,11.3,1.3,6.7,50,7.9,南東,0.1,0.63,曇,20.0
2025422,18:00,0.0,9.8,1.2,6.7,55,6.7,南東,0.0,0.18,曇,20.0
2025422,19:00,0.0,9.4,0.6,6.4,54,5.9,南東,0.0,0.01,曇,20.0
2025422,20:00,0.0,9.0,0.7,6.4,56,4.4,南東,0.0,0.0,曇,20.0
2025422,21:00,0.0,9.2,-0.7,5.8,50,3.7,南東,0.0,0.0,曇,20.0
2025422,22:00,0.0,8.4,-0.6,5.8,53,5.2,東南東,0.0,0.0,曇,20.0
2025422,23:00,0.0,6.7,3.3,7.8,79,5.6,東南東,0.0,0.0,曇,20.0
2025422,24:00,0.0,6.4,2.9,7.5,78,4.7,南東,0.0,0.0,曇,20.0
2025423,01:00,0.0,6.1,2.4,7.3,77,6.2,南東,0.0,0.0,曇,20.0
2025423,02:00,0.0,6.2,2.8,7.5,79,5.9,東南東,0.0,0.0,雨,20.0
2025423,03:00,0.5,5.7,3.9,8.1,88,5.3,南東,0.0,0.0,雨,12.1
2025423,04:00,0.5,5.8,4.5,8.4,91,2.9,南東,0.0,0.0,雨,8.29
2025423,05:00,2.0,6.1,4.6,8.5,90,4.0,南東,0.0,0.00,雨,20.0
2025423,06:00,0.5,6.5,4.8,8.6,89,5.3,南東,0.0,0.09,雨,20.0
2025423,07:00,0.5,7.3,5.5,9.0,88,2.5,東南東,0.0,0.25,雨,20.0
2025423,08:00,0.0,7.6,6.2,9.5,91,2.7,東,0.0,0.44,雨,20.0
2025423,09:00,0.0,8.4,6.9,9.9,90,3.1,東南東,0.0,0.84,曇,20.0
2025423,10:00,0.0,10.3,6.1,9.4,75,4.1,南東,0.0,1.13,曇,20.0
2025423,11:00,0.0,11.0,6.2,9.5,72,3.3,南東,0.0,1.52,曇,20.0
2025423,12:00,0.0,12.5,7.2,10.1,70,3.9,東,0.5,2.42,晴れ,20.0
2025423,13:00,0.0,12.7,7.6,10.4,71,4.2,東北東,1.0,3.12,晴れ,20.0
2025423,14:00,0.0,13.1,7.6,10.4,69,1.5,東,1.0,3.00,晴れ,20.0
2025423,15:00,0.0,13.9,7.9,10.6,67,1.8,北北東,0.7,2.03,晴れ,20.0
2025423,16:00,0.0,14.1,7.6,10.5,65,1.3,北東,0.3,1.06,曇,20.0
2025423,17:00,0.0,11.7,7.0,10.0,73,3.5,北北西,0.1,0.48,晴れ,20.0
2025423,18:00,0.0,11.2,6.8,9.8,74,3.5,北西,0.8,0.40,曇,20.0
2025423,19:00,0.0,10.0,6.9,9.9,81,3.3,北西,0.0,0.02,晴れ,20.0
2025423,20:00,0.0,9.5,6.6,9.7,82,3.2,北西,0.0,0.0,晴れ,20.0
2025423,21:00,0.0,9.4,6.3,9.6,81,0.5,西南西,0.0,0.0,晴れ,20.0
2025423,22:00,0.0,9.5,6.8,9.9,83,0.7,南西,0.0,0.0,晴れ,20.0
2025423,23:00,0.0,9.6,7.0,10.0,84,1.4,南東,0.0,0.0,晴れ,20.0
2025423,24:00,0.0,9.8,6.9,9.9,82,1.1,東,0.0,0.0,曇,20.0
2025425,01:00,0.0,13.7,7.5,10.3,66,0.6,北東,0.0,0.0,曇,20.0
2025425,02:00,0.0,13.6,8.2,10.9,70,3.3,南東,0.0,0.0,曇,20.0
2025425,03:00,0.0,12.8,8.5,11.1,75,5.1,南東,0.0,0.0,雨,20.0
2025425,04:00,0.0,11.5,7.6,10.4,77,4.7,東南東,0.0,0.0,晴れ,20.0
2025425,05:00,0.0,11.0,7.7,10.5,80,5.0,東南東,0.0,0.01,晴れ,20.0
2025425,06:00,0.0,11.2,7.9,10.6,80,5.0,東南東,0.4,0.25,晴れ,20.0
2025425,07:00,0.0,10.9,7.6,10.4,80,4.6,南東,0.5,0.68,晴れ,20.0
2025425,08:00,0.0,11.0,7.5,10.4,79,6.3,南東,0.3,0.88,曇,20.0
2025425,09:00,0.0,11.8,7.3,10.2,74,4.6,東南東,0.0,0.71,曇,20.0
2025425,10:00,0.0,12.5,6.6,9.7,67,4.9,南東,0.0,0.97,曇,20.0
2025425,11:00,0.0,12.1,6.8,9.9,70,5.3,南南東,0.0,0.68,雨,20.0
2025425,12:00,0.0,11.0,7.9,10.6,81,4.9,南南東,0.0,0.81,雨,20.0
2025425,13:00,0.0,12.0,8.7,11.2,80,2.0,南東,0.0,1.27,雨,20.0
2025425,14:00,0.5,10.7,9.0,11.5,89,3.7,北,0.0,0.37,雨,12.1
2025425,15:00,0.5,10.1,6.1,9.4,76,4.3,北西,0.0,0.38,雨,20.0
2025425,16:00,0.0,8.9,5.7,9.1,80,6.6,北,0.0,0.28,曇,20.0
2025425,17:00,0.0,9.1,5.3,8.9,77,5.7,北北西,0.6,0.80,晴れ,20.0
2025425,18:00,0.0,8.2,5.3,8.9,82,4.7,北北西,0.3,0.27,晴れ,20.0
2025425,19:00,0.0,7.8,4.9,8.7,82,0.9,東南東,0.0,0.02,晴れ,20.0
2025425,20:00,0.0,7.5,4.8,8.6,83,0.4,北,0.0,0.0,晴れ,20.0
2025425,21:00,0.0,7.5,4.8,8.6,83,1.9,南,0.0,0.0,晴れ,20.0
2025425,22:00,0.0,7.7,4.3,8.3,79,2.2,南南東,0.0,0.0,晴れ,20.0
2025425,23:00,0.0,7.0,3.3,7.7,77,3.7,南東,0.0,0.0,晴れ,20.0
2025425,24:00,0.0,6.4,2.5,7.3,76,3.6,東南東,0.0,0.0,晴れ,20.0
2025426,01:00,0.0,6.3,1.8,7.0,73,2.4,東南東,0.0,0.0,晴れ,20.0
2025426,02:00,0.0,6.1,2.2,7.2,76,0.7,南西,0.0,0.0,晴れ,20.0
2025426,03:00,0.0,8.1,1.3,6.7,62,5.9,南南西,0.0,0.0,晴れ,20.0
2025426,04:00,0.0,8.3,1.2,6.7,61,4.1,南,0.0,0.0,晴れ,20.0
2025426,05:00,0.0,7.9,1.3,6.7,63,4.7,南南東,0.0,0.02,晴れ,20.0
2025426,06:00,0.0,7.5,2.2,7.2,69,4.5,南南東,0.2,0.17,晴れ,20.0
2025426,07:00,0.0,9.6,2.0,7.1,59,3.3,南東,1.0,1.03,晴れ,20.0
2025426,08:00,0.0,11.5,-1.0,5.7,42,4.1,南西,0.9,1.49,晴れ,20.0
2025426,09:00,0.0,12.0,0.2,6.2,44,5.5,南西,1.0,2.26,雨,20.0
2025426,10:00,0.5,10.5,0.3,6.2,49,5.9,南,0.3,1.16,雨,20.0
2025426,11:00,0.5,8.8,1.5,6.8,60,6.7,南南西,0.4,1.79,雨,17.9
2025426,12:00,0.0,11.2,0.0,6.1,46,6.7,南西,0.3,1.56,雨,20.0
2025426,13:00,0.0,11.4,1.6,6.9,51,1.4,南,0.7,2.78,晴れ,20.0
2025426,14:00,0.0,11.9,1.3,6.7,48,2.4,西南西,0.7,2.16,雨,20.0
2025426,15:00,0.0,12.1,-0.4,5.9,42,3.1,南南西,1.0,2.31,晴れ,20.0
2025426,16:00,0.0,11.9,0.4,6.3,45,3.9,南南西,0.7,1.44,曇,20.0
2025426,17:00,0.0,10.9,1.7,6.9,53,1.3,南南西,0.7,0.92,曇,20.0
2025426,18:00,0.0,10.4,-0.7,5.8,46,4.5,西南西,0.5,0.42,晴れ,20.0
2025426,19:00,0.0,9.6,-0.9,5.7,48,2.4,南西,0.0,0.02,晴れ,20.0
2025426,20:00,0.0,9.1,-0.8,5.8,50,2.9,南,0.0,0.0,晴れ,20.0
2025426,21:00,0.0,9.2,-1.2,5.6,48,3.0,南南西,0.0,0.0,曇,20.0
2025426,22:00,0.0,8.7,-0.1,6.1,54,3.8,東南東,0.0,0.0,曇,20.0
2025426,23:00,0.0,8.6,-0.2,6.0,54,1.9,東南東,0.0,0.0,曇,20.0
2025426,24:00,0.0,8.4,0.6,6.4,58,3.3,南南西,0.0,0.0,曇,20.0
2025427,01:00,0.0,8.2,1.1,6.6,61,4.3,南,0.0,0.0,曇,20.0
2025427,02:00,0.0,7.5,2.8,7.5,72,4.8,南南西,0.0,0.0,雨,16.4
2025427,03:00,0.0,7.1,3.2,7.7,76,1.8,南南西,0.0,0.0,雨,20.0
2025427,04:00,0.0,7.0,2.3,7.2,72,1.6,西南西,0.0,0.0,晴れ,20.0
2025427,05:00,0.0,7.0,2.5,7.3,73,0.6,南南西,0.0,0.04,曇,20.0
2025427,06:00,0.0,7.6,2.7,7.4,71,1.1,南西,0.0,0.23,曇,20.0
2025427,07:00,0.0,8.5,2.5,7.3,66,1.2,西北西,0.0,0.33,雨,20.0
2025427,08:00,0.0,8.2,3.3,7.7,71,4.6,北西,0.4,0.96,雨,20.0
2025427,09:00,0.5,7.2,3.1,7.6,75,8.4,北西,0.3,1.35,雨,9.73
2025427,10:00,0.0,9.2,2.8,7.4,64,4.5,西北西,0.4,1.92,晴れ,20.0
2025427,11:00,0.0,9.7,2.6,7.3,61,6.7,北北西,0.6,2.43,雨,20.0
2025427,12:00,0.0,9.7,2.3,7.2,60,5.5,北北西,0.5,2.56,晴れ,20.0
2025427,13:00,0.0,9.8,3.8,8.0,66,6.3,北北西,0.6,2.16,曇,20.0
2025427,14:00,0.0,9.2,2.8,7.4,64,5.9,北北西,0.3,1.78,曇,20.0
2025427,15:00,0.0,8.3,2.3,7.2,66,3.2,北北西,0.0,0.92,曇,20.0
2025427,16:00,0.0,8.1,2.6,7.3,68,4.4,北北西,0.0,0.52,曇,20.0
2025427,17:00,0.0,7.7,2.2,7.1,68,3.5,北北西,0.0,0.53,曇,20.0
2025427,18:00,0.0,7.4,1.9,7.0,68,3.7,北,0.0,0.14,曇,20.0
2025427,19:00,0.0,7.3,2.2,7.2,70,3.9,北北西,0.0,0.02,曇,20.0
2025427,20:00,0.0,7.2,2.3,7.2,71,4.1,北西,0.0,0.0,曇,20.0
2025427,21:00,0.0,7.1,2.4,7.3,72,2.7,北北西,0.0,0.0,曇,20.0
2025427,22:00,0.0,6.9,2.6,7.4,74,2.5,北西,0.0,0.0,晴れ,20.0
2025427,23:00,0.0,6.7,2.6,7.4,75,2.7,西北西,0.0,0.0,晴れ,20.0
2025427,24:00,0.0,6.4,2.3,7.2,75,2.4,北西,0.0,0.0,晴れ,20.0
2025429,01:00,0.0,16.5,13.4,15.4,82,5.6,北,0.0,0.0,晴れ,17.4
2025429,02:00,0.0,15.7,8.7,11.2,63,8.1,北,0.0,0.0,晴れ,20.0
2025429,03:00,0.0,15.2,7.5,10.4,60,6.2,北,0.0,0.0,晴れ,20.0
2025429,04:00,0.0,14.3,7.8,10.6,65,5.1,北北東,0.0,0.0,晴れ,20.0
2025429,05:00,0.0,13.9,6.0,9.4,59,5.6,北北東,0.0,0.0,晴れ,20.0
2025429,06:00,0.0,13.5,6.4,9.6,62,4.3,北北東,0.1,0.03,晴れ,20.0
2025429,07:00,0.0,13.9,5.5,9.1,57,3.4,北北東,1.0,0.47,晴れ,20.0
2025429,08:00,0.0,14.8,6.1,9.4,56,3.1,北北東,1.0,1.23,晴れ,20.0
2025429,09:00,0.0,16.0,7.2,10.2,56,3.8,北北西,1.0,2.00,晴れ,20.0
2025429,10:00,0.0,16.5,8.5,11.1,59,4.8,北,1.0,2.67,晴れ,20.0
2025429,11:00,0.0,16.8,8.0,10.7,56,4.3,北北西,1.0,3.18,晴れ,20.0
2025429,12:00,0.0,17.6,8.5,11.1,55,5.3,北,1.0,3.48,晴れ,20.0
2025429,13:00,0.0,18.3,9.4,11.8,56,5.3,北北西,1.0,3.55,晴れ,20.0
2025429,14:00,0.0,18.0,8.6,11.1,54,5.8,北,1.0,3.38,晴れ,20.0
2025429,15:00,0.0,17.9,9.0,11.5,56,5.4,北北西,1.0,2.97,晴れ,20.0
2025429,16:00,0.0,17.4,8.5,11.1,56,5.7,北,1.0,2.37,晴れ,20.0
2025429,17:00,0.0,16.9,7.6,10.4,54,4.3,北,1.0,1.65,晴れ,20.0
2025429,18:00,0.0,16.3,6.2,9.5,51,2.3,北北西,1.0,0.88,晴れ,20.0
2025429,19:00,0.0,15.7,2.5,7.3,41,1.6,北北西,0.6,0.20,晴れ,20.0
2025429,20:00,0.0,15.7,5.6,9.1,51,1.5,西北西,0.0,0.00,晴れ,20.0
2025429,21:00,0.0,15.0,5.0,8.7,51,1.6,西南西,0.0,0.0,晴れ,20.0
2025429,22:00,0.0,14.7,4.7,8.5,51,1.2,西南西,0.0,0.0,晴れ,20.0
2025429,23:00,0.0,13.8,5.5,9.0,57,1.6,南西,0.0,0.0,晴れ,20.0
2025429,24:00,0.0,12.9,6.5,9.7,65,0.9,南南東,0.0,0.0,晴れ,20.0
2025430,01:00,0.0,12.4,6.0,9.4,65,1.3,南南東,0.0,0.0,晴れ,20.0
2025430,02:00,0.0,12.2,3.7,8.0,56,1.4,南南東,0.0,0.0,晴れ,20.0
2025430,03:00,0.0,11.9,3.9,8.1,58,2.0,南南東,0.0,0.0,晴れ,20.0
2025430,04:00,0.0,11.5,3.3,7.7,57,2.3,南南東,0.0,0.0,晴れ,20.0
2025430,05:00,0.0,10.9,3.7,8.0,61,1.3,南南東,0.0,0.0,晴れ,20.0
2025430,06:00,0.0,10.6,3.2,7.7,60,0.7,南東,0.1,0.03,晴れ,20.0
2025430,07:00,0.0,12.0,3.0,7.6,54,1.0,南南東,1.0,0.49,晴れ,20.0
2025430,08:00,0.0,14.6,3.7,8.0,48,1.8,南南東,1.0,1.24,晴れ,20.0
2025430,09:00,0.0,17.9,4.1,8.2,40,1.2,東南東,1.0,1.99,晴れ,20.0
2025430,10:00,0.0,20.0,1.4,6.8,29,1.8,北北西,1.0,2.60,晴れ,20.0
2025430,11:00,0.0,22.0,4.1,8.2,31,2.6,北,1.0,3.15,晴れ,20.0
2025430,12:00,0.0,22.7,6.1,9.4,34,4.0,北,1.0,3.30,晴れ,20.0
2025430,13:00,0.0,22.0,8.2,10.8,41,4.3,北,1.0,3.05,晴れ,20.0
2025430,14:00,0.0,21.7,10.8,13.0,50,4.3,北,1.0,3.31,晴れ,20.0
2025430,15:00,0.0,22.3,9.8,12.1,45,4.6,北,1.0,2.84,晴れ,20.0
2025430,16:00,0.0,20.9,8.2,10.9,44,3.9,北,0.6,1.67,曇,20.0
2025430,17:00,0.0,20.3,7.7,10.5,44,3.2,北,1.0,1.46,晴れ,20.0
2025430,18:00,0.0,19.7,8.7,11.2,49,2.8,北,1.0,0.85,晴れ,20.0
2025430,19:00,0.0,18.9,8.8,11.4,52,1.6,北,0.7,0.20,晴れ,20.0
2025430,20:00,0.0,18.1,8.7,11.2,54,0.4,北北東,0.0,0.00,晴れ,20.0
2025430,21:00,0.0,17.7,9.6,12.0,59,0.8,北,0.0,0.0,晴れ,20.0
2025430,22:00,0.0,17.4,9.8,12.1,61,0.7,南西,0.0,0.0,晴れ,20.0
2025430,23:00,0.0,17.7,9.6,12.0,59,1.3,南東,0.0,0.0,曇,20.0
2025430,24:00,0.0,17.6,10.3,12.5,62,2.1,南南東,0.0,0.0,曇,20.0
202551,01:00,0.0,17.9,11.0,13.1,64,2.2,南東,0.0,0.0,曇,20.0
202551,02:00,0.0,17.9,10.8,12.9,63,1.9,東南東,0.0,0.0,曇,20.0
202551,03:00,0.0,17.5,10.9,13.0,65,0.7,東,0.0,0.0,曇,20.0
202551,04:00,0.0,17.4,11.2,13.3,67,2.1,東,0.0,0.0,曇,20.0
202551,05:00,0.0,17.0,11.3,13.4,69,1.8,東北東,0.0,0.00,曇,20.0
202551,06:00,0.0,17.4,11.4,13.5,68,2.1,南南東,0.0,0.02,曇,20.0
202551,07:00,0.0,18.4,10.8,12.9,61,3.7,南南東,0.0,0.28,曇,20.0
202551,08:00,0.0,19.2,10.8,12.9,58,3.8,南東,0.4,0.76,曇,20.0
202551,09:00,0.0,21.0,11.1,13.2,53,2.5,東,0.9,1.54,曇,20.0
202551,10:00,0.0,22.1,10.9,13.0,49,5.5,南東,0.1,1.01,曇,20.0
202551,11:00,0.0,22.9,11.6,13.7,49,4.3,南東,0.2,1.31,曇,20.0
202551,12:00,0.0,22.2,13.6,15.5,58,5.8,南南東,0.3,1.82,雨,20.0
202551,13:00,0.0,24.0,12.6,14.6,49,5.2,南,0.9,3.46,曇,20.0
202551,14:00,0.0,24.4,13.0,15.0,49,5.8,南,0.5,2.30,曇,20.0
202551,15:00,0.0,22.9,12.5,14.5,52,4.4,南,0.1,0.86,曇,20.0
202551,16:00,0.0,23.2,12.8,14.8,52,5.2,南南東,0.0,0.69,曇,20.0
202551,17:00,0.0,23.2,12.5,14.5,51,5.9,南南東,0.3,0.85,曇,20.0
202551,18:00,0.0,22.5,13.3,15.3,56,3.6,南南東,0.1,0.41,曇,20.0
202551,19:00,0.0,21.5,13.2,15.1,59,7.7,南南東,0.0,0.03,曇,20.0
202551,20:00,0.0,19.2,15.5,17.6,79,4.5,南,0.0,0.00,雨,14.7
202551,21:00,2.0,18.0,15.8,18.0,87,1.7,東南東,0.0,0.0,雨,16.4
202551,22:00,18.0,15.5,14.6,16.6,94,5.9,西北西,0.0,0.0,雨,1.58
202551,23:00,5.0,15.2,13.8,15.7,91,0.7,西,0.0,0.0,雨,7.16
202551,24:00,1.0,15.2,13.8,15.7,91,3.3,南東,0.0,0.0,雨,20.0
202553,01:00,1.5,10.6,8.9,11.4,89,9.4,南南東,0.0,0.0,雨,6.10
202553,02:00,4.0,10.3,8.7,11.3,90,9.6,南南東,0.0,0.0,雨,6.40
202553,03:00,3.0,10.9,9.0,11.5,88,9.0,南南東,0.0,0.0,雨,6.40
202553,04:00,3.0,10.6,9.0,11.5,90,9.3,南南東,0.0,0.00,雨,4.87
202553,05:00,2.5,10.4,8.7,11.2,89,9.1,南南東,0.0,0.01,雨,7.78
202553,06:00,1.5,10.7,8.6,11.2,87,8.6,南南東,0.0,0.13,雨,10.1
202553,07:00,0.5,11.0,8.9,11.4,87,10.1,南南東,0.0,0.35,雨,20.0
202553,08:00,0.5,13.1,8.0,10.7,71,7.5,南東,0.8,1.44,曇,20.0
202553,09:00,0.0,13.9,5.0,8.7,55,5.4,南,0.4,1.47,曇,20.0
202553,10:00,0.0,14.7,5.8,9.2,55,4.0,南西,0.3,1.55,晴れ,20.0
202553,11:00,0.0,15.4,3.9,8.0,46,4.2,南西,1.0,3.53,晴れ,20.0
202553,12:00,0.0,15.1,3.9,8.1,47,3.9,南南西,0.5,2.33,晴れ,20.0
202553,13:00,0.0,16.1,5.4,9.0,49,2.3,南南東,0.2,1.49,曇,20.0
202553,14:00,0.0,17.5,4.1,8.2,41,2.4,南西,0.8,2.74,晴れ,20.0
202553,15:00,0.0,17.5,4.1,8.2,41,2.6,西,0.7,2.05,曇,20.0
202553,16:00,0.0,16.9,3.9,8.1,42,4.7,南西,0.6,1.49,曇,20.0
202553,17:00,0.0,16.6,4.0,8.1,43,4.7,南南西,1.0,1.27,晴れ,20.0
202553,18:00,0.0,15.4,4.5,8.4,48,4.5,南南西,0.7,0.51,曇,20.0
202553,19:00,0.0,14.4,4.4,8.4,51,3.6,南西,0.0,0.04,曇,20.0
202553,20:00,0.0,13.8,4.1,8.2,52,2.7,南南西,0.0,0.00,曇,20.0
202553,21:00,0.0,13.5,3.9,8.0,52,4.0,南西,0.0,0.0,曇,20.0
202553,22:00,0.0,13.0,4.4,8.4,56,4.1,南南西,0.0,0.0,曇,20.0
202553,23:00,0.0,12.9,4.4,8.3,56,5.6,南西,0.0,0.0,曇,20.0
202553,24:00,0.0,12.9,4.4,8.3,56,2.6,西南西,0.0,0.0,曇,20.0
202554,01:00,0.0,12.0,5.0,8.7,62,6.6,南南西,0.0,0.0,雨,20.0
202554,02:00,0.0,10.6,6.0,9.3,73,1.8,南,0.0,0.0,雨,20.0
202554,03:00,0.0,10.3,6.1,9.4,75,2.1,南,0.0,0.0,雨,20.0
202554,04:00,0.0,10.3,6.3,9.5,76,3.5,南南東,0.0,0.00,雨,20.0
202554,05:00,0.0,10.2,6.4,9.6,77,0.9,南,0.0,0.01,雨,20.0
202554,06:00,0.5,10.3,6.3,9.5,76,0.8,南南東,0.0,0.09,雨,20.0
202554,07:00,0.0,10.7,5.5,9.0,70,1.0,南南東,0.0,0.22,曇,20.0
202554,08:00,0.0,11.5,5.4,9.0,66,1.4,南,0.0,0.37,雨,20.0
202554,09:00,0.0,11.7,6.0,9.3,68,2.2,南南西,0.0,0.50,雨,20.0
202554,10:00,0.0,12.3,6.2,9.4,66,5.0,南南東,0.0,0.85,雨,16.8
202554,11:00,0.0,12.2,6.1,9.4,66,3.4,南南東,0.2,1.62,曇,20.0
202554,12:00,0.0,13.1,5.3,8.9,59,1.6,南西,0.1,1.41,曇,20.0
202554,13:00,0.0,14.6,5.4,9.0,54,1.3,西,0.4,2.22,曇,20.0
202554,14:00,0.0,14.4,5.8,9.2,56,2.5,北西,0.5,2.47,曇,20.0
202554,15:00,0.0,14.3,5.9,9.3,57,1.4,北北西,0.0,0.97,曇,20.0
202554,16:00,0.0,14.4,5.2,8.9,54,2.3,北北西,0.0,0.69,曇,20.0
202554,17:00,0.0,14.1,6.9,10.0,62,3.4,北西,0.3,0.55,晴れ,20.0
202554,18:00,0.0,13.2,7.2,10.2,67,2.6,北北西,0.4,0.35,晴れ,20.0
202554,19:00,0.0,12.1,7.8,10.6,75,1.6,南東,0.0,0.02,曇,20.0
202554,20:00,0.0,12.0,7.3,10.2,73,0.6,北北東,0.0,0.00,曇,20.0
202554,21:00,0.0,11.8,6.7,9.8,71,0.5,南西,0.0,0.0,曇,20.0
202554,22:00,0.0,11.8,6.5,9.7,70,1.0,東北東,0.0,0.0,曇,20.0
202554,23:00,0.0,11.6,7.3,10.2,75,0.8,西北西,0.0,0.0,曇,20.0
202554,24:00,0.0,10.9,7.8,10.6,81,2.1,東北東,0.0,0.0,雨,20.0
202555,01:00,0.0,14.8,6.9,9.9,59,1.4,東,0.0,0.0,,
202555,02:00,0.0,14.7,7.0,10.0,60,1.6,南東,0.0,0.0,,
202555,03:00,0.0,15.8,8.5,11.1,62,1.2,南東,0.0,0.0,快晴,20.0
202555,04:00,0.0,15.6,7.1,10.1,57,1.9,東南東,0.0,0.0,,
202555,05:00,0.0,14.7,6.5,9.7,58,0.5,南南西,0.0,0.00,,
202555,06:00,0.0,14.5,7.8,10.6,64,0.9,北東,0.3,0.14,快晴,30.0
202555,07:00,0.0,16.4,7.4,10.3,55,1.7,南,1.0,0.73,,
202555,08:00,0.0,17.6,4.6,8.5,42,1.3,北西,1.0,1.53,,
202555,09:00,0.0,19.4,5.8,9.2,41,1.8,南南西,1.0,2.27,晴れ,25.0
202555,10:00,0.0,20.3,2.6,7.4,31,1.5,東,1.0,2.88,,
202555,11:00,0.0,21.9,2.6,7.4,28,2.2,北東,1.0,3.33,,
202555,12:00,0.0,22.8,4.3,8.3,30,2.2,南西,1.0,3.56,晴れ,35.0
202555,13:00,0.0,23.0,0.2,6.2,22,3.4,南西,1.0,3.56,,
202555,14:00,0.0,24.8,-5.5,4.1,13,3.8,西南西,1.0,3.33,,
202555,15:00,0.0,24.5,0.1,6.2,20,3.7,西南西,1.0,2.67,薄曇,35.0
202555,16:00,0.0,22.4,0.3,6.2,23,3.5,西南西,0.8,1.66,,
202555,17:00,0.0,22.1,-1.9,5.3,20,3.4,西南西,0.7,1.12,,
202555,18:00,0.0,20.4,0.8,6.5,27,2.2,南西,0.1,0.32,薄曇,35.0
202555,19:00,0.0,20.0,3.7,8.0,34,2.5,西南西,0.0,0.03,,
202555,20:00,0.0,20.1,4.2,8.2,35,1.4,西南西,0.0,0.00,,
202555,21:00,0.0,20.0,6.0,9.4,40,1.4,南南西,0.0,0.0,薄曇,30.0
202555,22:00,0.0,20.0,5.7,9.1,39,1.0,南南東,0.0,0.0,,
202555,23:00,0.0,20.2,4.7,8.5,36,1.0,南東,0.0,0.0,,
202555,24:00,0.0,18.6,9.1,11.6,54,1.0,南,0.0,0.0,,
202556,01:00,0.0,17.0,11.5,13.6,70,2.1,北東,0.0,0.0,,
202556,02:00,0.5,16.9,11.0,13.1,68,2.1,南東,0.0,0.0,,
202556,03:00,0.0,16.4,9.6,11.9,64,1.5,東,0.0,0.0,雨,25.0
202556,04:00,0.0,15.4,9.8,12.1,69,1.9,東,0.0,0.0,,
202556,05:00,1.0,13.9,11.4,13.5,85,3.3,北,0.0,0.00,,
202556,06:00,2.0,13.4,11.8,13.8,90,3.4,北北東,0.0,0.01,雨,10.0
202556,07:00,3.5,13.5,12.4,14.4,93,3.2,北北東,0.0,0.07,,
202556,08:00,2.0,14.0,12.9,14.9,93,3.1,北北東,0.0,0.18,,
202556,09:00,3.5,14.3,13.4,15.3,94,3.9,北東,0.0,0.50,雨,4.00
202556,10:00,2.0,14.1,12.8,14.8,92,4.2,北北東,0.0,0.67,,
202556,11:00,1.0,14.3,13.2,15.2,93,4.0,北東,0.0,0.83,,
202556,12:00,0.5,14.4,13.1,15.1,92,2.7,北東,0.0,1.09,雨,5.00
202556,13:00,0.5,15.5,13.5,15.5,88,1.3,北,0.0,1.57,,
202556,14:00,0.0,16.5,12.5,14.5,77,1.3,北,0.0,1.80,,
202556,15:00,0.0,17.8,13.1,15.1,74,2.1,北,0.0,1.01,曇,25.0
202556,16:00,0.0,17.8,12.7,14.7,72,2.6,北,0.4,1.53,,
202556,17:00,0.0,17.9,12.6,14.6,71,3.2,北東,0.0,0.70,,
202556,18:00,0.0,17.2,13.1,15.1,77,2.8,北北東,0.0,0.32,曇,25.0
202556,19:00,0.0,16.7,13.2,15.2,80,2.4,北北東,0.0,0.11,,
202556,20:00,0.0,16.8,13.3,15.3,80,1.4,北北東,0.0,0.00,,
202556,21:00,1.0,16.2,14.6,16.6,90,2.6,西,0.0,0.0,雨,4.00
202556,22:00,5.0,15.5,14.6,16.6,94,3.1,南西,0.0,0.0,,
202556,23:00,2.0,15.3,14.4,16.3,94,3.8,南西,0.0,0.0,,
202556,24:00,0.5,15.0,13.4,15.3,90,2.6,西,0.0,0.0,,
202557,01:00,0.0,14.7,11.7,13.7,82,3.0,北北西,0.0,0.0,,
202557,02:00,0.0,14.6,11.0,13.1,79,2.7,北北西,0.0,0.0,,
202557,03:00,0.0,14.5,10.3,12.5,76,2.7,北,0.0,0.0,曇,25.0
202557,04:00,0.0,14.1,9.6,11.9,74,3.1,北,0.0,0.0,,
202557,05:00,0.0,14.1,9.3,11.7,73,2.4,北北西,0.0,0.00,,
202557,06:00,0.0,14.1,8.7,11.3,70,1.6,北西,0.0,0.05,曇,25.0
202557,07:00,0.0,14.7,8.0,10.7,64,4.9,北北西,0.8,0.76,,
202557,08:00,0.0,15.4,6.7,9.8,56,3.4,北,1.0,1.44,,
202557,09:00,0.0,16.2,6.1,9.4,51,3.3,北,1.0,2.06,薄曇,25.0
202557,10:00,0.0,18.1,6.6,9.8,47,4.0,北北西,1.0,2.69,,
202557,11:00,0.0,19.2,8.2,10.9,49,3.5,西北西,0.7,2.73,,
202557,12:00,0.0,18.6,7.4,10.3,48,3.2,北,0.7,2.92,晴れ,40.0
202557,13:00,0.0,20.1,6.1,9.4,40,2.0,北北西,0.7,2.94,,
202557,14:00,0.0,20.0,5.7,9.1,39,4.4,北北西,0.9,3.40,,
202557,15:00,0.0,21.2,5.2,8.8,35,4.5,北北西,0.9,2.69,晴れ,40.0
202557,16:00,0.0,20.8,5.2,8.8,36,4.7,北,1.0,2.33,,
202557,17:00,0.0,19.5,4.1,8.2,36,5.3,北北東,1.0,1.52,,
202557,18:00,0.0,18.7,0.8,6.5,30,2.9,北,1.0,0.71,快晴,35.0
202557,19:00,0.0,17.2,2.8,7.5,38,3.2,北,0.3,0.10,,
202557,20:00,0.0,16.3,2.7,7.4,40,4.2,北北東,0.0,0.00,,
202557,21:00,0.0,14.9,2.1,7.1,42,3.3,北北東,0.0,0.0,晴れ,20.0
202557,22:00,0.0,14.3,1.9,7.0,43,2.2,北,0.0,0.0,,
202557,23:00,0.0,13.4,2.0,7.1,46,2.1,北東,0.0,0.0,,
202557,24:00,0.0,12.7,2.6,7.3,50,2.0,北北東,0.0,0.0,,
202559,01:00,0.0,14.4,2.0,7.1,43,2.6,南南西,0.0,0.0,曇,20.0
202559,02:00,0.0,14.7,0.6,6.4,38,4.5,南南西,0.0,0.0,曇,20.0
202559,03:00,0.0,13.9,1.2,6.7,42,2.1,南南西,0.0,0.0,曇,20.0
202559,04:00,0.0,10.7,4.8,8.6,67,1.3,北北西,0.0,0.00,曇,20.0
202559,05:00,0.0,10.9,4.6,8.5,65,1.6,南東,0.0,0.05,曇,20.0
202559,06:00,0.0,12.7,2.6,7.3,50,1.6,南南東,0.1,0.14,曇,20.0
202559,07:00,0.0,13.7,2.9,7.5,48,1.1,東,0.0,0.28,曇,20.0
202559,08:00,0.0,13.5,4.1,8.2,53,2.0,東南東,0.0,0.45,曇,20.0
202559,09:00,0.0,15.1,2.0,7.0,41,3.5,南東,0.0,0.44,曇,20.0
202559,10:00,0.0,16.3,1.2,6.7,36,4.3,南南東,0.4,1.63,曇,20.0
202559,11:00,0.0,17.4,0.6,6.4,32,2.8,東南東,0.0,1.13,曇,20.0
202559,12:00,0.0,19.2,4.9,8.7,39,2.5,東北東,0.8,2.84,曇,20.0
202559,13:00,0.0,19.8,2.2,7.2,31,3.6,東南東,1.0,3.15,晴れ,20.0
202559,14:00,0.0,20.6,3.4,7.8,32,2.6,東南東,1.0,2.85,晴れ,20.0
202559,15:00,0.0,20.1,3.4,7.8,33,4.4,南東,1.0,2.31,晴れ,20.0
202559,16:00,0.0,20.3,2.2,7.1,30,3.1,東南東,1.0,1.73,晴れ,20.0
202559,17:00,0.0,19.2,2.6,7.3,33,3.8,東南東,0.8,0.97,曇,20.0
202559,18:00,0.0,17.8,2.9,7.5,37,3.1,東南東,0.0,0.35,曇,20.0
202559,19:00,0.0,16.6,2.2,7.2,38,2.3,南東,0.0,0.04,曇,20.0
202559,20:00,0.0,16.4,3.1,7.6,41,1.0,南東,0.0,0.00,曇,20.0
202559,21:00,0.0,16.1,1.0,6.6,36,2.7,南南東,0.0,0.0,曇,20.0
202559,22:00,0.0,15.1,0.2,6.2,36,4.0,南東,0.0,0.0,曇,20.0
202559,23:00,0.0,14.1,1.7,6.9,43,3.3,南東,0.0,0.0,曇,20.0
202559,24:00,0.0,12.2,5.6,9.1,64,3.1,東南東,0.0,0.0,曇,20.0
2025510,01:00,0.0,14.3,1.9,7.0,43,4.7,南東,0.0,0.0,曇,20.0
2025510,02:00,0.0,13.8,2.1,7.1,45,5.0,南東,0.0,0.0,曇,20.0
2025510,03:00,0.0,14.6,1.2,6.6,40,6.1,南東,0.0,0.0,曇,20.0
2025510,04:00,0.0,13.9,8.7,11.3,71,5.8,南南東,0.0,0.00,曇,20.0
2025510,05:00,0.0,14.0,9.0,11.5,72,7.6,南南東,0.0,0.01,曇,20.0
2025510,06:00,0.0,13.4,9.1,11.5,75,6.6,南南東,0.0,0.11,曇,20.0
2025510,07:00,0.0,13.1,9.7,12.1,80,8.0,南南東,0.0,0.19,曇,20.0
2025510,08:00,0.0,13.1,9.9,12.2,81,7.8,南南東,0.0,0.23,雨,20.0
2025510,09:00,0.0,12.8,10.7,12.9,87,5.8,南南東,0.0,0.42,雨,12.3
2025510,10:00,0.0,13.1,11.8,13.9,92,7.2,南東,0.0,0.96,雨,2.91
2025510,11:00,0.0,13.8,11.5,13.6,86,7.3,南南東,0.0,0.95,雨,20.0
2025510,12:00,0.0,13.8,10.8,12.9,82,8.3,南南東,0.0,1.26,雨,20.0
2025510,13:00,0.5,13.8,10.8,12.9,82,8.9,南南東,0.0,0.70,曇,20.0
2025510,14:00,0.0,13.6,10.2,12.5,80,5.0,南東,0.0,0.40,雨,20.0
2025510,15:00,0.0,13.6,10.2,12.5,80,5.9,南東,0.0,0.67,曇,20.0
2025510,16:00,0.0,13.4,10.0,12.3,80,6.8,南南東,0.0,0.46,雨,20.0
2025510,17:00,0.0,13.4,10.4,12.6,82,5.4,南東,0.2,0.74,晴れ,20.0
2025510,18:00,0.0,12.7,10.3,12.5,85,6.9,南東,0.1,0.27,雨,20.0
2025510,19:00,0.0,12.5,10.4,12.6,87,3.2,南東,0.0,0.02,雨,20.0
2025510,20:00,0.0,12.5,10.2,12.5,86,4.1,南東,0.0,0.00,曇,20.0
2025510,21:00,0.0,12.1,10.4,12.6,89,5.0,南東,0.0,0.0,晴れ,20.0
2025510,22:00,0.0,11.9,10.8,13.0,93,6.6,南南東,0.0,0.0,曇,20.0
2025510,23:00,0.0,12.1,10.9,13.0,92,5.8,南南東,0.0,0.0,曇,20.0
2025510,24:00,0.0,12.6,11.0,13.1,90,3.9,南東,0.0,0.0,雨,20.0
2025511,01:00,0.0,13.0,11.1,13.2,88,3.2,南,0.0,0.0,雨,20.0
2025511,02:00,0.0,13.3,11.4,13.4,88,2.2,北西,0.0,0.0,曇,20.0
2025511,03:00,0.0,12.7,11.6,13.7,93,1.0,東,0.0,0.0,雨,20.0
2025511,04:00,0.0,13.0,11.9,13.9,93,1.1,西北西,0.0,0.00,曇,20.0
2025511,05:00,0.0,13.1,12.0,14.0,93,1.4,北西,0.0,0.00,雨,20.0
2025511,06:00,0.0,13.3,11.9,13.9,91,1.2,北,0.0,0.07,曇,20.0
2025511,07:00,0.0,13.1,11.8,13.9,92,1.6,北北西,0.0,0.21,曇,20.0
2025511,08:00,0.0,13.5,12.1,14.1,91,1.6,北,0.0,0.63,雨,20.0
2025511,09:00,0.0,13.6,11.8,13.9,89,2.6,北,0.0,0.60,雨,20.0
2025511,10:00,0.0,12.0,10.4,12.6,90,6.6,北西,0.0,0.55,曇,20.0
2025511,11:00,0.0,12.4,10.1,12.4,86,5.1,北北西,0.0,1.22,雨,20.0
2025511,12:00,0.0,11.4,9.2,11.6,86,6.9,北西,0.0,1.06,雨,14.5
2025511,13:00,0.0,12.2,9.9,12.2,86,6.7,北北西,0.0,1.14,雨,12.1
2025511,14:00,0.0,14.1,10.1,12.4,77,7.2,北北西,0.8,2.91,晴れ,20.0
2025511,15:00,0.0,12.8,8.7,11.2,76,8.9,北北西,1.0,2.74,晴れ,17.1
2025511,16:00,0.0,12.8,7.9,10.6,72,7.5,北北西,0.9,1.75,晴れ,20.0
2025511,17:00,0.0,12.2,7.9,10.7,75,6.8,北北西,1.0,1.25,晴れ,20.0
2025511,18:00,0.0,10.9,7.8,10.6,81,7.4,北北西,0.7,0.53,晴れ,20.0
2025511,19:00,0.0,10.7,7.8,10.6,82,5.1,北北西,0.0,0.05,晴れ,20.0
2025511,20:00,0.0,10.3,7.9,10.6,85,4.3,北北西,0.0,0.00,晴れ,20.0
2025511,21:00,0.0,10.1,8.0,10.8,87,2.1,北北西,0.0,0.0,晴れ,20.0
2025511,22:00,0.0,9.9,8.0,10.7,88,3.7,北西,0.0,0.0,晴れ,20.0
2025511,23:00,0.0,10.0,8.3,10.9,89,5.2,北北西,0.0,0.0,晴れ,20.0
2025511,24:00,0.0,10.0,8.3,10.9,89,3.4,北西,0.0,0.0,晴れ,20.0
2025513,01:00,0.0,12.2,8.5,11.1,78,0.7,北北東,0.0,0.0,晴れ,20.0
2025513,02:00,0.0,12.5,8.2,10.9,75,0.9,南南東,0.0,0.0,晴れ,20.0
2025513,03:00,0.0,11.6,7.7,10.5,77,0.6,南東,0.0,0.0,晴れ,20.0
2025513,04:00,0.0,11.0,7.1,10.1,77,0.6,南東,0.0,0.00,晴れ,20.0
2025513,05:00,0.0,11.3,8.0,10.7,80,1.2,南南東,0.2,0.06,晴れ,20.0
2025513,06:00,0.0,12.2,7.5,10.4,73,1.4,東南東,1.0,0.46,晴れ,20.0
2025513,07:00,0.0,14.3,8.5,11.1,68,1.2,東南東,1.0,1.09,晴れ,20.0
2025513,08:00,0.0,16.8,9.5,11.9,62,0.4,東北東,1.0,1.65,晴れ,20.0
2025513,09:00,0.0,18.6,9.7,12.0,56,3.1,東,1.0,2.31,晴れ,20.0
2025513,10:00,0.0,20.2,8.9,11.4,48,3.0,北東,1.0,2.80,晴れ,20.0
2025513,11:00,0.0,20.6,9.2,11.6,48,2.5,東,1.0,3.10,晴れ,20.0
2025513,12:00,0.0,20.9,8.5,11.1,45,2.1,北,0.4,1.95,曇,20.0
2025513,13:00,0.0,18.3,10.4,12.6,60,3.8,北北西,0.0,1.37,曇,20.0
2025513,14:00,0.0,17.3,10.4,12.6,64,3.9,北西,0.0,1.45,曇,20.0
2025513,15:00,0.0,17.4,10.3,12.5,63,3.7,北西,0.8,1.76,曇,20.0
2025513,16:00,0.0,17.4,10.5,12.7,64,2.5,北西,1.0,1.73,晴れ,20.0
2025513,17:00,0.0,16.0,10.5,12.7,70,3.6,北西,0.9,0.91,晴れ,20.0
2025513,18:00,0.0,15.5,10.9,13.0,74,1.3,北北西,0.4,0.41,曇,20.0
2025513,19:00,0.0,16.1,11.3,13.4,73,0.3,北西,0.0,0.08,曇,20.0
2025513,20:00,0.0,15.8,11.2,13.3,74,2.5,北北西,0.0,0.00,曇,20.0
2025513,21:00,0.0,14.6,11.2,13.3,80,1.3,北北西,0.0,0.0,曇,20.0
2025513,22:00,0.0,13.6,11.0,13.1,84,2.2,北西,0.0,0.0,曇,17.5
2025513,23:00,0.0,13.0,10.9,13.0,87,3.3,北西,0.0,0.0,曇,19.0
2025513,24:00,0.0,13.3,10.8,13.0,85,0.7,北北西,0.0,0.0,曇,20.0
2025514,01:00,0.0,13.7,10.7,12.9,82,1.8,南東,0.0,0.0,曇,20.0
2025514,02:00,0.0,13.6,11.0,13.1,84,1.7,東南東,0.0,0.0,曇,18.3
2025514,03:00,0.0,13.2,10.6,12.7,84,1.6,南南東,0.0,0.0,曇,20.0
2025514,04:00,0.0,12.9,10.3,12.5,84,1.0,南東,0.0,0.00,晴れ,20.0
2025514,05:00,0.0,12.8,10.4,12.6,85,1.0,南南東,0.0,0.06,曇,20.0
2025514,06:00,0.0,13.6,9.7,12.0,77,1.5,南南東,0.0,0.22,曇,20.0
2025514,07:00,0.0,14.6,8.8,11.3,68,2.2,南東,0.0,0.42,曇,20.0
2025514,08:00,0.0,15.7,9.2,11.6,65,2.3,南東,0.1,0.83,曇,20.0
2025514,09:00,0.0,17.3,10.2,12.4,63,2.1,東南東,0.3,1.51,曇,20.0
2025514,10:00,0.0,19.3,10.1,12.3,55,1.5,南東,0.0,1.68,曇,20.0
2025514,11:00,0.0,21.6,9.2,11.6,45,2.9,東,0.7,2.56,曇,20.0
2025514,12:00,0.0,23.6,10.0,12.2,42,2.7,東北東,0.8,2.65,曇,20.0
2025514,13:00,0.0,24.3,9.1,11.5,38,2.9,東南東,1.0,3.02,晴れ,20.0
2025514,14:00,0.0,25.2,8.2,10.9,34,3.5,東南東,1.0,2.60,晴れ,20.0
2025514,15:00,0.0,24.3,10.2,12.5,41,4.1,東,0.7,1.71,曇,20.0
2025514,16:00,0.0,25.3,7.9,10.6,33,2.5,南東,0.5,1.19,曇,20.0
2025514,17:00,0.0,21.7,11.4,13.5,52,3.3,北北西,0.4,0.89,曇,20.0
2025514,18:00,0.0,20.8,12.0,14.0,57,1.4,北,0.0,0.23,曇,20.0
2025514,19:00,0.0,21.5,7.0,10.0,39,3.5,南西,0.0,0.05,曇,20.0
2025514,20:00,0.0,19.2,9.1,11.6,52,2.8,南東,0.0,0.00,晴れ,20.0
2025514,21:00,0.0,18.5,7.9,10.6,50,2.4,南東,0.0,0.0,晴れ,20.0
2025514,22:00,0.0,18.7,6.2,9.5,44,6.5,南南東,0.0,0.0,晴れ,20.0
2025514,23:00,0.0,18.1,6.6,9.8,47,3.6,南南東,0.0,0.0,曇,20.0
2025514,24:00,0.0,17.6,6.5,9.7,48,2.9,南東,0.0,0.0,曇,20.0
2025515,01:00,0.0,14.6,8.3,11.0,66,2.6,東南東,0.0,0.0,曇,20.0
2025515,02:00,0.0,13.6,8.5,11.1,71,4.6,東南東,0.0,0.0,晴れ,20.0
2025515,03:00,0.0,15.2,7.5,10.4,60,4.1,東南東,0.0,0.0,曇,20.0
2025515,04:00,0.0,14.4,8.1,10.8,66,4.0,南東,0.0,0.00,曇,20.0
2025515,05:00,0.0,14.0,8.6,11.2,70,5.7,南東,0.1,0.09,曇,20.0
2025515,06:00,0.0,15.0,8.7,11.3,66,4.7,南東,0.8,0.52,晴れ,20.0
2025515,07:00,0.0,20.1,7.2,10.1,43,5.4,南東,1.0,1.21,晴れ,20.0
2025515,08:00,0.0,20.5,8.8,11.3,47,7.1,南東,1.0,1.81,晴れ,20.0
2025515,09:00,0.0,21.4,9.3,11.7,46,5.2,南東,1.0,2.42,晴れ,20.0
2025515,10:00,0.0,22.6,10.1,12.3,45,4.0,南東,1.0,2.72,晴れ,20.0
2025515,11:00,0.0,22.2,11.0,13.1,49,6.8,東南東,1.0,2.87,晴れ,20.0
2025515,12:00,0.0,23.7,8.9,11.4,39,7.7,南南東,0.7,2.50,曇,20.0
2025515,13:00,0.0,22.8,11.9,13.9,50,5.2,南東,0.3,2.00,曇,20.0
2025515,14:00,0.0,21.5,11.0,13.1,51,5.3,東南東,0.1,1.61,曇,20.0
2025515,15:00,0.0,22.0,12.0,14.0,53,5.3,東南東,0.8,1.81,曇,20.0
2025515,16:00,0.0,20.3,12.3,14.3,60,5.3,東南東,0.0,0.92,曇,20.0
2025515,17:00,0.0,19.3,11.1,13.2,59,4.6,南東,0.0,0.60,曇,20.0
2025515,18:00,0.0,17.3,10.7,12.8,65,4.2,東南東,0.0,0.15,曇,20.0
2025515,19:00,0.0,15.3,10.7,12.9,74,2.9,東南東,0.0,0.02,曇,20.0
2025515,20:00,0.0,15.2,11.4,13.5,78,6.6,南東,0.0,0.00,曇,20.0
2025515,21:00,0.0,16.1,11.3,13.4,73,5.2,南東,0.0,0.0,曇,20.0
2025515,22:00,0.0,15.5,12.3,14.3,81,6.4,東,0.0,0.0,晴れ,20.0
2025515,23:00,0.0,15.2,11.8,13.8,80,5.3,東南東,0.0,0.0,曇,20.0
2025515,24:00,0.5,14.7,12.2,14.2,85,6.3,東,0.0,0.0,曇,20.0
2025516,01:00,0.0,19.7,16.9,19.3,84,4.3,南南東,0.0,0.0,曇,20.0
2025516,02:00,0.0,19.6,16.8,19.2,84,3.8,南,0.0,0.0,曇,20.0
2025516,03:00,0.0,19.5,17.1,19.5,86,3.8,南,0.0,0.0,曇,20.0
2025516,04:00,0.0,19.3,16.9,19.3,86,3.1,南南東,0.0,0.0,曇,20.0
2025516,05:00,0.0,19.1,16.5,18.8,85,2.1,南東,0.0,0.0,曇,19.3
2025516,06:00,0.0,20.0,17.0,19.4,83,2.2,南南東,0.2,0.0,曇,20.0
2025516,07:00,0.0,21.5,17.3,19.7,77,2.8,南西,0.8,0.0,曇,20.0
2025516,08:00,0.0,20.8,17.4,19.9,81,3.2,南西,0.7,0.0,曇,20.0
2025516,09:00,0.0,21.7,15.8,17.9,69,3.6,西南西,0.5,0.0,曇,20.0
2025516,10:00,0.0,21.8,16.5,18.8,72,3.7,西南西,0.8,0.0,曇,20.0
2025516,11:00,0.0,23.2,16.5,18.8,66,2.0,西南西,0.5,0.0,曇,20.0
2025516,12:00,0.0,23.6,14.6,16.6,57,3.3,西,0.2,0.0,曇,20.0
2025516,13:00,0.0,23.2,15.0,17.1,60,3.0,西南西,0.0,0.0,曇,20.0
2025516,14:00,0.0,23.2,17.7,20.2,71,5.0,西南西,0.0,0.0,曇,20.0
2025516,15:00,0.0,23.4,16.5,18.7,65,5.7,西南西,0.2,0.0,曇,20.0
2025516,16:00,0.0,22.5,16.1,18.3,67,3.5,西南西,0.0,0.0,曇,20.0
2025516,17:00,0.0,23.4,14.7,16.7,58,3.4,南,0.0,0.0,曇,20.0
2025516,18:00,0.0,22.8,16.1,18.3,66,4.6,南,0.0,0.0,曇,20.0
2025516,19:00,0.0,21.9,15.7,17.9,68,6.3,南南東,0.0,0.0,曇,20.0
2025516,20:00,0.0,21.6,16.4,18.6,72,4.4,南,0.0,0.0,曇,20.0
2025516,21:00,0.0,21.0,16.6,18.9,76,3.0,南南東,0.0,0.0,曇,20.0
2025516,22:00,0.0,20.9,16.7,19.0,77,3.0,南,0.0,0.0,曇,20.0
2025516,23:00,0.0,21.0,16.6,18.9,76,4.1,南,0.0,0.0,曇,20.0
2025516,24:00,0.0,20.9,16.9,19.3,78,3.6,南,0.0,0.0,曇,20.0
2025518,01:00,0.0,22.8,21.3,25.3,91,6.0,南西,0.0,0.0,曇,17.3
2025518,02:00,0.0,22.4,20.9,24.7,91,6.2,南西,0.0,0.0,晴れ,20.0
2025518,03:00,0.0,21.8,20.5,24.0,92,6.1,南西,0.0,0.0,晴れ,17.7
2025518,04:00,0.0,22.4,20.9,24.7,91,10.3,南南西,0.0,0.0,晴れ,16.7
2025518,05:00,0.0,23.0,21.5,25.6,91,9.5,南南西,0.0,0.0,曇,20.0
2025518,06:00,0.0,23.1,21.9,26.3,93,7.2,南西,0.0,0.0,曇,20.0
2025518,07:00,0.0,24.5,22.4,27.1,88,5.9,南西,0.5,0.0,曇,20.0
2025518,08:00,0.0,24.9,22.0,26.5,84,6.1,南西,0.3,0.0,曇,20.0
2025518,09:00,0.0,25.4,21.9,26.3,81,6.7,南西,0.8,0.0,曇,18.0
2025518,10:00,0.0,25.4,21.3,25.3,78,6.7,南西,0.9,0.0,曇,19.8
2025518,11:00,0.0,24.4,21.1,25.1,82,7.1,南西,0.5,0.0,曇,16.9
2025518,12:00,0.0,24.7,21.6,25.8,83,7.0,南西,0.0,0.0,曇,20.0
2025518,13:00,0.0,23.9,21.0,24.9,84,6.3,南西,0.0,0.0,曇,20.0
2025518,14:00,0.0,24.2,20.7,24.5,81,6.1,南西,0.0,0.0,曇,18.6
2025518,15:00,0.0,24.0,20.3,23.9,80,7.6,南西,0.1,0.0,曇,16.9
2025518,16:00,0.0,23.2,20.4,23.9,84,9.7,南西,0.0,0.0,曇,12.7
2025518,17:00,0.0,23.7,20.3,23.7,81,7.3,南南西,0.0,0.0,曇,16.0
2025518,18:00,0.0,23.0,20.5,24.2,86,6.3,南南西,0.0,0.0,曇,20.0
2025518,19:00,0.0,23.5,20.5,24.0,83,7.1,南西,0.0,0.0,曇,20.0
2025518,20:00,0.0,23.1,20.8,24.6,87,7.8,南西,0.0,0.0,曇,20.0
2025518,21:00,0.0,22.5,20.6,24.3,89,7.4,南西,0.0,0.0,曇,20.0
2025518,22:00,0.0,21.8,20.5,24.0,92,5.8,南西,0.0,0.0,曇,18.2
2025518,23:00,0.0,21.6,19.9,23.2,90,4.5,南西,0.0,0.0,曇,19.0
2025518,24:00,0.0,22.1,19.9,23.1,87,5.3,南南西,0.0,0.0,曇,18.5
2025520,01:00,0.0,13.6,4.8,8.6,55,2.5,南東,0.0,0.0,曇,20.0
2025520,02:00,0.0,12.7,5.9,9.3,63,3.7,東南東,0.0,0.0,曇,20.0
2025520,03:00,0.0,12.1,6.0,9.3,66,4.0,東南東,0.0,0.0,曇,20.0
2025520,04:00,0.0,12.5,5.7,9.1,63,6.5,南南東,0.0,0.00,雨,20.0
2025520,05:00,0.0,12.5,5.4,9.0,62,6.6,南南東,0.0,0.03,曇,20.0
2025520,06:00,0.0,13.1,5.8,9.2,61,7.9,南南東,0.0,0.16,曇,20.0
2025520,07:00,0.0,13.5,7.3,10.2,66,9.9,南南東,0.1,0.41,晴れ,20.0
2025520,08:00,0.0,12.7,8.2,10.9,74,8.9,南南東,0.1,0.42,雨,13.4
2025520,09:00,0.0,12.4,9.1,11.5,80,5.0,南南東,0.0,0.32,雨,12.9
2025520,10:00,0.0,12.6,10.2,12.4,85,4.4,南東,0.0,0.32,雨,6.34
2025520,11:00,0.5,14.8,11.6,13.6,81,4.0,東南東,0.6,2.49,晴れ,20.0
2025520,12:00,0.0,18.8,8.5,11.1,51,6.2,南西,0.9,3.22,晴れ,20.0
2025520,13:00,0.0,19.6,5.3,8.9,39,7.3,西南西,0.9,3.34,晴れ,20.0
2025520,14:00,0.0,18.9,5.0,8.7,40,7.6,西南西,0.9,2.88,晴れ,20.0
2025520,15:00,0.0,19.0,1.1,6.6,30,6.7,西,1.0,2.63,晴れ,20.0
2025520,16:00,0.0,18.0,1.5,6.8,33,6.9,西,1.0,2.01,晴れ,20.0
2025520,17:00,0.0,17.3,2.1,7.1,36,3.6,西南西,1.0,1.34,晴れ,20.0
2025520,18:00,0.0,16.4,0.5,6.3,34,4.8,西南西,0.9,0.65,晴れ,20.0
2025520,19:00,0.0,15.2,2.1,7.1,41,1.9,西,0.3,0.12,晴れ,20.0
2025520,20:00,0.0,14.1,3.6,7.9,49,1.8,南西,0.0,0.00,晴れ,20.0
2025520,21:00,0.0,13.5,4.1,8.2,53,1.0,南南東,0.0,0.0,晴れ,20.0
2025520,22:00,0.0,12.9,4.4,8.3,56,0.9,南南東,0.0,0.0,晴れ,20.0
2025520,23:00,0.0,12.5,4.0,8.1,56,1.4,北北東,0.0,0.0,晴れ,20.0
2025520,24:00,0.0,13.8,2.7,7.4,47,3.3,西南西,0.0,0.0,晴れ,20.0
2025521,01:00,0.0,11.9,3.7,7.9,57,0.8,南南東,0.0,0.0,晴れ,20.0
2025521,02:00,0.0,10.5,5.3,8.9,70,1.7,北北西,0.0,0.0,晴れ,20.0
2025521,03:00,0.0,9.6,6.0,9.3,78,1.0,西北西,0.0,0.0,晴れ,20.0
2025521,04:00,0.0,9.0,5.9,9.3,81,0.3,北西,0.0,0.00,晴れ,20.0
2025521,05:00,0.0,9.1,6.2,9.5,82,1.0,南東,0.3,0.11,晴れ,20.0
2025521,06:00,0.0,12.3,5.0,8.7,61,1.5,東,1.0,0.72,晴れ,20.0
2025521,07:00,0.0,14.3,5.1,8.8,54,1.3,東,1.0,1.28,晴れ,20.0
2025521,08:00,0.0,16.6,6.2,9.4,50,2.3,北,1.0,1.90,晴れ,20.0
2025521,09:00,0.0,17.8,6.1,9.4,46,2.0,北,1.0,2.55,晴れ,20.0
2025521,10:00,0.0,19.1,6.6,9.7,44,1.3,北,1.0,2.99,晴れ,20.0
2025521,11:00,0.0,20.6,7.9,10.7,44,2.9,北,0.3 ],0.79 ],晴れ,20.0
2025521,12:00,0.0,20.8,5.6,9.1,37,2.9,東南東,1.0,3.59,晴れ,20.0
2025521,13:00,0.0,19.6,6.4,9.6,42,2.3,南西,0.5,2.14,晴れ,20.0
2025521,14:00,0.0,18.3,6.2,9.5,45,5.0,北西,0.9,2.92,晴れ,20.0
2025521,15:00,0.0,16.8,6.0,9.4,49,3.3,北北西,0.4,1.43,曇,20.0
2025521,16:00,0.0,16.3,7.3,10.2,55,4.1,北,0.1,1.00,曇,20.0
2025521,17:00,0.0,15.7,7.2,10.2,57,3.1,北北西,0.0,0.71,曇,20.0
2025521,18:00,0.0,14.9,7.9,10.7,63,2.7,北北西,0.0,0.36,曇,20.0
2025521,19:00,0.0,14.1,8.3,10.9,68,2.4,北,0.0,0.06,曇,20.0
2025521,20:00,0.0,13.8,8.9,11.4,72,1.4,北北西,0.0,0.00,曇,20.0
2025521,21:00,0.0,13.6,8.7,11.2,72,1.4,北,0.0,0.0,曇,20.0
2025521,22:00,0.0,12.9,8.4,11.0,74,1.9,西北西,0.0,0.0,曇,20.0
2025521,23:00,0.0,12.9,8.2,10.9,73,1.6,西北西,0.0,0.0,曇,20.0
2025521,24:00,0.0,12.9,8.2,10.9,73,2.3,北北西,0.0,0.0,曇,20.0
2025522,01:00,0.0,12.5,8.2,10.9,75,1.8,西北西,0.0,0.0,曇,20.0
2025522,02:00,0.0,12.4,8.5,11.1,77,0.8,西,0.0,0.0,曇,20.0
2025522,03:00,0.0,12.3,8.4,11.0,77,0.5,西,0.0,0.0,曇,20.0
2025522,04:00,0.0,12.3,8.2,10.9,76,1.5,北北西,0.0,0.00,曇,20.0
2025522,05:00,0.0,12.0,8.3,10.9,78,1.8,西北西,0.0,0.05,曇,20.0
2025522,06:00,0.0,12.5,8.6,11.2,77,2.6,北西,0.0,0.19,曇,20.0
2025522,07:00,0.0,12.9,9.7,12.1,81,2.5,北北西,0.0,0.53,曇,20.0
2025522,08:00,0.0,13.9,9.8,12.1,76,1.6,北北西,0.2,1.03,曇,20.0
2025522,09:00,0.0,15.1,10.3,12.5,73,2.4,北北西,0.6,1.85,曇,20.0
2025522,10:00,0.0,15.8,10.1,12.4,69,5.3,北北西,1.0,2.99,晴れ,20.0
2025522,11:00,0.0,14.7,9.7,12.0,72,5.1,北北西,0.8,2.98,曇,20.0
2025522,12:00,0.0,14.5,9.7,12.1,73,3.8,北北西,0.1,2.04,曇,20.0
2025522,13:00,0.0,15.1,9.9,12.2,71,7.1,北西,0.4,2.57,曇,20.0
2025522,14:00,0.0,14.0,9.3,11.7,73,8.1,北北西,0.3,2.12,曇,20.0
2025522,15:00,0.0,13.7,7.9,10.7,68,7.9,北北西,0.3,1.57,曇,20.0
2025522,16:00,0.0,12.4,8.3,10.9,76,7.1,北西,0.0,0.55,雨,20.0
2025522,17:00,0.0,12.2,7.9,10.7,75,4.9,北北西,0.0,0.14,曇,20.0
2025522,18:00,0.0,11.7,7.6,10.4,76,9.1,北西,0.1,0.29,晴れ,20.0
2025522,19:00,0.0,11.1,7.4,10.3,78,7.9,北西,0.0,0.06,晴れ,20.0
2025522,20:00,0.0,10.9,6.9,9.9,76,5.4,北西,0.0,0.00,晴れ,20.0
2025522,21:00,0.0,11.1,7.2,10.2,77,6.0,北西,0.0,0.0,曇,20.0
2025522,22:00,0.0,11.3,6.7,9.8,73,4.9,西北西,0.0,0.0,曇,20.0
2025522,23:00,0.0,11.2,6.9,10.0,75,5.7,北西,0.0,0.0,雨,20.0
2025522,24:00,0.0,11.4,6.7,9.8,73,4.2,北西,0.0,0.0,曇,20.0
2025523,01:00,0.0,13.2,10.9,13.0,86,1.6,北北西,0.0,0.0,晴れ,20.0
2025523,02:00,0.0,12.3,10.4,12.6,88,1.9,北,0.0,0.0,晴れ,20.0
2025523,03:00,0.0,11.5,10.3,12.5,92,1.3,北西,0.0,0.0,晴れ,20.0
2025523,04:00,0.0,12.0,9.6,11.9,85,2.0,北北東,0.0,0.00,晴れ,20.0
2025523,05:00,0.0,11.7,10.1,12.4,90,1.7,北西,0.3,0.06,晴れ,20.0
2025523,06:00,0.0,13.1,10.3,12.5,83,0.9,北東,1.0,0.42,晴れ,20.0
2025523,07:00,0.0,14.9,9.5,11.9,70,3.1,北,1.0,1.20,晴れ,20.0
2025523,08:00,0.0,16.7,9.2,11.6,61,0.7,西北西,1.0,1.90,晴れ,20.0
2025523,09:00,0.0,18.6,7.7,10.5,49,2.6,北,1.0,2.52,晴れ,20.0
2025523,10:00,0.0,19.4,7.2,10.1,45,1.7,北東,1.0,2.67,晴れ,20.0
2025523,11:00,0.0,19.4,9.3,11.7,52,2.6,南東,0.8,2.51,曇,20.0
2025523,12:00,0.0,19.9,9.8,12.1,52,5.1,南東,0.9,2.78,晴れ,20.0
2025523,13:00,0.0,20.2,10.1,12.3,52,5.2,南東,1.0,3.23,晴れ,20.0
2025523,14:00,0.0,17.2,11.9,13.9,71,4.1,東南東,1.0,2.74,晴れ,20.0
2025523,15:00,0.0,17.3,12.4,14.4,73,6.0,南東,0.8,2.06,曇,20.0
2025523,16:00,0.0,16.3,11.9,13.9,75,5.8,南東,0.3,1.19,曇,20.0
2025523,17:00,0.0,15.5,11.3,13.4,76,5.4,南東,0.1,0.64,曇,20.0
2025523,18:00,0.0,14.9,11.5,13.6,80,5.5,南東,0.0,0.11,曇,20.0
2025523,19:00,0.0,14.5,11.7,13.7,83,4.1,東南東,0.0,0.01,曇,20.0
2025523,20:00,0.0,14.7,11.9,13.9,83,2.3,東南東,0.0,0.00,曇,20.0
2025523,21:00,0.0,14.3,11.3,13.4,82,2.5,東南東,0.0,0.0,曇,20.0
2025523,22:00,0.0,14.1,11.3,13.4,83,2.2,東南東,0.0,0.0,曇,20.0
2025523,23:00,0.0,14.1,11.8,13.8,86,1.3,東南東,0.0,0.0,曇,20.0
2025523,24:00,0.0,14.1,12.0,14.0,87,1.6,東南東,0.0,0.0,曇,19.1
2025524,01:00,0.0,14.1,12.2,14.2,88,1.6,東,0.0,0.0,曇,19.5
2025524,02:00,0.0,13.8,12.0,14.0,89,1.6,東南東,0.0,0.0,曇,20.0
2025524,03:00,0.0,13.8,11.7,13.7,87,1.7,東,0.0,0.0,曇,20.0
2025524,04:00,0.0,13.4,11.5,13.5,88,1.4,北北東,0.0,0.00,曇,20.0
2025524,05:00,0.0,13.8,11.7,13.7,87,0.4,東北東,0.0,0.02,曇,20.0
2025524,06:00,0.0,14.2,11.4,13.4,83,1.0,東,0.0,0.16,曇,20.0
2025524,07:00,0.0,14.8,11.2,13.3,79,2.1,東南東,0.0,0.40,曇,20.0
2025524,08:00,0.0,14.9,11.7,13.7,81,1.9,東南東,0.0,0.30,曇,20.0
2025524,09:00,0.0,15.2,12.0,14.0,81,2.9,東南東,0.0,0.57,曇,20.0
2025524,10:00,0.0,15.6,12.4,14.4,81,3.2,東南東,0.0,0.80,曇,20.0
2025524,11:00,0.0,16.1,12.9,14.8,81,2.6,東南東,0.0,0.86,曇,20.0
2025524,12:00,0.0,16.2,13.1,15.1,82,3.9,東南東,0.0,0.99,曇,20.0
2025524,13:00,0.0,16.0,12.8,14.7,81,4.2,東南東,0.0,1.06,曇,20.0
2025524,14:00,0.0,16.1,12.5,14.5,79,3.0,東,0.0,0.75,曇,20.0
2025524,15:00,0.0,15.7,12.6,14.6,82,3.2,東,0.0,0.44,曇,20.0
2025524,16:00,0.0,15.3,12.6,14.6,84,3.6,東,0.0,0.22,雨,20.0
2025524,17:00,0.0,15.2,12.5,14.5,84,4.8,東北東,0.0,0.23,雨,20.0
2025524,18:00,0.0,15.1,12.8,14.8,86,3.2,東,0.0,0.06,曇,20.0
2025524,19:00,0.0,15.0,12.7,14.7,86,3.5,東,0.0,0.01,曇,20.0
2025524,20:00,0.0,14.8,12.5,14.5,86,2.3,東北東,0.0,0.00,曇,20.0
2025524,21:00,0.0,14.8,12.3,14.3,85,2.0,東北東,0.0,0.0,曇,20.0
2025524,22:00,0.0,14.2,12.6,14.6,90,2.9,北東,0.0,0.0,雨,13.5
2025524,23:00,0.5,13.7,12.4,14.4,92,2.6,北,0.0,0.0,雨,10.7
2025524,24:00,1.0,13.5,12.7,14.7,95,3.2,北北西,0.0,0.0,雨,7.06
2025525,01:00,3.0,13.4,12.9,14.9,97,2.0,東北東,0.0,0.0,雨,4.97
2025525,02:00,2.0,13.2,12.6,14.6,96,1.8,北東,0.0,0.0,雨,3.71
2025525,03:00,2.5,12.8,12.5,14.5,98,2.2,北北東,0.0,0.0,雨,2.78
2025525,04:00,2.5,12.7,12.4,14.4,98,1.6,北東,0.0,0.00,雨,2.97
2025525,05:00,2.0,12.7,12.6,14.5,99,2.5,北北西,0.0,0.00,雨,3.04
2025525,06:00,0.5,12.8,12.5,14.5,98,2.0,北北西,0.0,0.05,雨,2.24
2025525,07:00,1.5,13.0,12.7,14.7,98,4.3,北北西,0.0,0.21,雨,1.87
2025525,08:00,0.0,13.5,12.7,14.7,95,4.3,北北西,0.0,0.41,雨,7.19
2025525,09:00,0.5,14.2,13.6,15.5,96,4.8,北北西,0.0,0.53,雨,5.78
2025525,10:00,0.0,15.2,13.2,15.2,88,4.2,北,0.0,0.89,曇,20.0
2025525,11:00,0.0,15.3,12.6,14.6,84,4.2,北,0.0,0.70,曇,20.0
2025525,12:00,0.0,15.7,13.0,15.0,84,0.3,南南東,0.0,0.67,曇,20.0
2025525,13:00,0.0,16.4,13.3,15.3,82,1.6,南南西,0.0,0.74,曇,20.0
2025525,14:00,0.0,16.7,13.4,15.4,81,3.7,南南東,0.0,0.70,曇,20.0
2025525,15:00,0.0,16.8,13.9,15.9,83,4.2,南南東,0.0,0.60,曇,20.0
2025525,16:00,0.0,16.3,13.4,15.4,83,3.7,南南東,0.0,0.54,曇,20.0
2025525,17:00,0.0,15.9,13.4,15.4,85,2.1,南南東,0.0,0.32,曇,20.0
2025525,18:00,0.0,15.9,13.0,15.0,83,1.9,東南東,0.0,0.21,曇,20.0
2025525,19:00,0.0,15.4,13.4,15.4,88,1.5,南東,0.1,0.05,曇,20.0
2025525,20:00,0.0,16.4,12.2,14.2,76,1.3,北西,0.0,0.00,晴れ,20.0
2025525,21:00,0.0,17.3,10.9,13.0,66,3.5,西,0.0,0.0,晴れ,20.0
2025525,22:00,0.0,16.9,9.3,11.7,61,5.8,西,0.0,0.0,曇,20.0
2025525,23:00,0.0,16.5,9.2,11.6,62,1.9,北北西,0.0,0.0,曇,20.0
2025525,24:00,0.0,16.2,8.7,11.2,61,4.2,北北西,0.0,0.0,曇,20.0
2025527,01:00,0.0,15.5,13.2,15.1,86,0.6,南南東,0.0,0.0,曇,20.0
2025527,02:00,0.0,15.1,13.1,15.1,88,0.7,南南東,0.0,0.0,曇,20.0
2025527,03:00,0.0,14.6,12.5,14.5,87,1.1,南,0.0,0.0,晴れ,20.0
2025527,04:00,0.0,14.0,11.0,13.1,82,0.7,東南東,0.0,0.0,晴れ,20.0
2025527,05:00,0.0,13.7,10.1,12.4,79,0.9,南南東,0.0,0.00,晴れ,20.0
2025527,06:00,0.0,14.3,10.1,12.4,76,0.9,南,0.4,0.10,晴れ,20.0
2025527,07:00,0.0,16.0,10.8,12.9,71,0.8,南南東,1.0,0.66,晴れ,20.0
2025527,08:00,0.0,18.6,10.2,12.4,58,1.5,東南東,1.0,1.41,晴れ,20.0
2025527,09:00,0.0,20.7,9.0,11.5,47,1.4,北北東,1.0,2.14,晴れ,20.0
2025527,10:00,0.0,22.9,12.5,14.5,52,3.8,北,1.0,2.78,晴れ,20.0
2025527,11:00,0.0,22.7,12.1,14.1,51,3.3,北,1.0,3.27,晴れ,20.0
2025527,12:00,0.0,23.7,10.7,12.9,44,5.5,北,1.0,3.56,晴れ,20.0
2025527,13:00,0.0,22.7,12.9,14.9,54,5.1,北北西,1.0,3.61,晴れ,20.0
2025527,14:00,0.0,22.6,11.7,13.7,50,5.0,北北西,1.0,3.39,晴れ,20.0
2025527,15:00,0.0,23.2,14.0,15.9,56,3.6,北北西,1.0,2.97,晴れ,20.0
2025527,16:00,0.0,23.4,13.6,15.5,54,3.5,北北西,1.0,2.39,晴れ,20.0
2025527,17:00,0.0,22.6,12.6,14.5,53,3.7,北北西,1.0,1.70,晴れ,20.0
2025527,18:00,0.0,21.6,14.0,16.0,62,3.7,北北西,1.0,0.99,晴れ,20.0
2025527,19:00,0.0,20.1,13.8,15.8,67,2.2,北北西,0.9,0.33,晴れ,20.0
2025527,20:00,0.0,19.6,14.4,16.4,72,1.7,西北西,0.0,0.01,晴れ,20.0
2025527,21:00,0.0,19.4,13.8,15.8,70,1.8,北西,0.0,0.0,晴れ,20.0
2025527,22:00,0.0,19.2,10.0,12.2,55,1.5,西,0.0,0.0,晴れ,20.0
2025527,23:00,0.0,17.7,9.9,12.2,60,0.7,北北西,0.0,0.0,晴れ,20.0
2025527,24:00,0.0,17.5,10.2,12.4,62,1.5,南,0.0,0.0,晴れ,20.0
2025528,01:00,0.0,16.7,10.8,12.9,68,1.0,南南東,0.0,0.0,晴れ,20.0
2025528,02:00,0.0,16.1,10.4,12.6,69,0.9,南西,0.0,0.0,晴れ,20.0
2025528,03:00,0.0,15.6,10.2,12.4,70,1.1,南南東,0.0,0.0,晴れ,20.0
2025528,04:00,0.0,15.3,9.4,11.8,68,1.0,南南東,0.0,0.0,晴れ,20.0
2025528,05:00,0.0,15.0,10.2,12.4,73,0.5,南南東,0.0,0.00,曇,20.0
2025528,06:00,0.0,16.1,9.8,12.1,66,0.7,南南西,0.0,0.08,曇,20.0
2025528,07:00,0.0,17.0,9.9,12.2,63,1.1,南東,0.4,0.48,曇,20.0
2025528,08:00,0.0,19.3,10.1,12.3,55,0.9,東南東,1.0,1.13,晴れ,20.0
2025528,09:00,0.0,21.7,10.8,13.0,50,0.9,北北東,1.0,2.04,晴れ,20.0
2025528,10:00,0.0,22.5,12.5,14.4,53,3.2,北,1.0,2.50,晴れ,20.0
2025528,11:00,0.0,24.2,13.4,15.4,51,3.2,北,1.0,2.70,晴れ,20.0
2025528,12:00,0.0,24.5,14.9,16.9,55,4.2,北,1.0,3.27,晴れ,20.0
2025528,13:00,0.0,24.2,14.9,16.9,56,4.1,北,1.0,2.97,晴れ,20.0
2025528,14:00,0.0,23.7,14.4,16.4,56,4.0,北北西,0.8,2.31,曇,20.0
2025528,15:00,0.0,23.8,16.6,18.9,64,3.3,北北西,0.9,2.31,曇,16.1
2025528,16:00,0.0,22.5,16.1,18.3,67,5.0,北西,1.0,1.91,晴れ,20.0
2025528,17:00,0.0,21.7,16.0,18.2,70,3.2,北西,0.7,1.22,曇,20.0
2025528,18:00,0.0,21.7,12.6,14.5,56,2.7,北西,0.0,0.50,曇,20.0
2025528,19:00,0.0,21.4,12.3,14.3,56,2.7,西北西,0.0,0.14,曇,20.0
2025528,20:00,0.0,21.1,14.0,16.0,64,2.0,西北西,0.0,0.01,曇,20.0
2025528,21:00,0.0,21.2,14.6,16.6,66,1.2,西南西,0.0,0.0,曇,20.0
2025528,22:00,0.0,20.6,15.0,17.0,70,0.8,南東,0.0,0.0,曇,20.0
2025528,23:00,0.0,19.9,15.8,17.9,77,1.2,北北東,0.0,0.0,曇,20.0
2025528,24:00,0.0,19.7,14.7,16.8,73,0.3,北北西,0.0,0.0,曇,20.0
2025530,01:00,0.0,15.9,12.3,14.3,79,0.9,南東,0.0,0.0,晴れ,20.0
2025530,02:00,0.0,14.7,10.7,12.9,77,0.2,静穏,0.0,0.0,曇,20.0
2025530,03:00,0.0,14.9,11.5,13.6,80,0.7,北西,0.0,0.0,曇,20.0
2025530,04:00,0.0,13.9,11.6,13.7,86,0.4,北西,0.0,0.00,曇,20.0
2025530,05:00,0.0,14.6,11.6,13.6,82,0.6,北北西,0.0,0.10,曇,20.0
2025530,06:00,0.0,15.3,10.9,13.0,75,0.3,西北西,0.4,0.42,曇,20.0
2025530,07:00,0.0,17.0,9.9,12.2,63,1.5,東南東,0.9,0.89,晴れ,20.0
2025530,08:00,0.0,19.8,10.0,12.2,53,1.9,東南東,1.0,1.65,晴れ,20.0
2025530,09:00,0.0,23.6,10.7,12.8,44,1.8,東南東,1.0,2.28,晴れ,20.0
2025530,10:00,0.0,25.3,10.8,12.9,40,2.4,東北東,1.0,2.77,晴れ,20.0
2025530,11:00,0.0,23.9,13.5,15.4,52,4.4,北北西,1.0,3.05,晴れ,20.0
2025530,12:00,0.0,21.5,12.6,14.6,57,5.3,北西,1.0,3.20,晴れ,20.0
2025530,13:00,0.0,19.9,12.7,14.6,63,5.1,北北西,1.0,3.05,晴れ,20.0
2025530,14:00,0.0,21.0,13.2,15.2,61,3.4,北北西,1.0,2.77,,×
2025530,15:00,0.0,21.2,11.8,13.8,55,3.5,北北西,1.0,2.31,晴れ,20.0
2025530,16:00,0.0,20.8,11.2,13.3,54,3.6,北北西,1.0,1.72,晴れ,20.0
2025530,17:00,0.0,19.4,10.4,12.6,56,4.3,北北西,1.0,1.06,晴れ,20.0
2025530,18:00,0.0,19.2,10.0,12.2,55,1.5,北西,0.4,0.50,曇,20.0
2025530,19:00,0.0,18.4,9.8,12.1,57,2.8,北北西,0.0,0.12,曇,20.0
2025530,20:00,0.0,18.2,10.6,12.8,61,1.5,北西,0.0,0.00,曇,20.0
2025530,21:00,0.0,17.7,10.8,13.0,64,1.3,西,0.0,0.0,曇,20.0
2025530,22:00,0.0,18.0,10.9,13.0,63,1.8,南南東,0.0,0.0,曇,20.0
2025530,23:00,0.0,17.9,11.7,13.7,67,0.7,南東,0.0,0.0,曇,20.0
2025530,24:00,0.0,17.5,12.0,14.0,70,0.9,東,0.0,0.0,曇,20.0
2025531,01:00,0.0,17.8,12.5,14.5,71,2.6,南東,0.0,0.0,曇,20.0
2025531,02:00,0.0,17.2,12.5,14.5,74,1.6,南東,0.0,0.0,曇,20.0
2025531,03:00,0.0,16.9,11.6,13.7,71,1.6,北北西,0.0,0.0,曇,20.0
2025531,04:00,0.0,16.1,11.7,13.7,75,1.2,北,0.0,0.00,曇,20.0
2025531,05:00,0.0,15.8,10.1,12.4,69,1.0,南南東,0.0,0.05,曇,20.0
2025531,06:00,0.0,16.3,11.0,13.2,71,1.6,東,0.0,0.27,曇,20.0
2025531,07:00,0.0,16.0,11.8,13.8,76,3.2,東,0.0,0.46,曇,20.0
2025531,08:00,0.0,16.9,11.2,13.3,69,3.6,東南東,0.0,0.84,曇,20.0
2025531,09:00,0.0,18.6,11.7,13.7,64,2.4,南東,0.2,1.55,曇,20.0
2025531,10:00,0.0,20.4,11.6,13.7,57,2.5,南東,0.1,1.75,曇,20.0
2025531,11:00,0.0,22.0,12.3,14.3,54,4.1,東南東,0.7,2.56,晴れ,20.0
2025531,12:00,0.0,23.7,13.0,14.9,51,3.8,東南東,0.7,2.81,曇,20.0
2025531,13:00,0.0,23.3,12.0,14.0,49,4.6,東南東,0.2,2.13,曇,20.0
2025531,14:00,0.0,23.9,10.9,13.1,44,4.6,東南東,0.6,2.35,曇,20.0
2025531,15:00,0.0,24.6,11.2,13.3,43,2.0,南南東,1.0,2.51,晴れ,20.0
2025531,16:00,0.0,22.6,13.9,15.9,58,4.3,北北西,1.0,1.80,晴れ,20.0
2025531,17:00,0.0,20.1,13.1,15.1,64,3.4,北西,0.8,1.09,晴れ,20.0
2025531,18:00,0.0,20.1,12.9,14.8,63,2.5,北,0.7,0.54,晴れ,20.0
2025531,19:00,0.0,18.8,12.3,14.3,66,1.8,北北西,0.0,0.11,曇,20.0
2025531,20:00,0.0,18.5,12.7,14.7,69,0.8,南東,0.0,0.00,晴れ,20.0
2025531,21:00,0.0,18.8,6.3,9.5,44,3.9,南南東,0.0,0.0,曇,20.0
2025531,22:00,0.0,17.8,3.3,7.7,38,4.3,南南東,0.0,0.0,晴れ,20.0
2025531,23:00,0.0,17.0,3.0,7.6,39,4.4,南南東,0.0,0.0,曇,20.0
2025531,24:00,0.0,16.7,2.3,7.2,38,3.6,南,0.0,0.0,晴れ,20.0
202561,01:00,0.0,16.0,2.4,7.3,40,2.0,南南西,0.0,0.0,曇,20.0
202561,02:00,0.0,14.6,4.0,8.1,49,1.0,南南東,0.0,0.0,晴れ,20.0
202561,03:00,0.0,14.0,5.1,8.8,55,0.8,北西,0.0,0.0,晴れ,20.0
202561,04:00,0.0,13.0,4.2,8.2,55,0.8,南,0.0,0.00,晴れ,20.0
202561,05:00,0.0,12.3,4.3,8.3,58,1.7,南南東,0.2,0.12,曇,20.0
202561,06:00,0.0,13.7,5.4,8.9,57,3.0,南東,1.0,0.61,晴れ,20.0
202561,07:00,0.0,14.9,6.5,9.7,57,2.3,南東,1.0,1.18,晴れ,20.0
202561,08:00,0.0,16.1,6.3,9.5,52,1.4,東北東,1.0,1.90,晴れ,20.0
202561,09:00,0.0,18.3,4.5,8.4,40,1.5,南南東,1.0,2.49,晴れ,20.0
202561,10:00,0.0,20.3,1.7,6.9,29,1.0,東,1.0,2.99,晴れ,20.0
202561,11:00,0.0,21.5,3.2,7.7,30,0.9,北西,1.0,3.28,晴れ,20.0
202561,12:00,0.0,22.1,5.1,8.8,33,1.7,北北東,1.0,3.37,晴れ,20.0
202561,13:00,0.0,20.7,7.0,10.0,41,5.6,北北西,1.0,3.33,晴れ,20.0
202561,14:00,0.0,19.7,7.5,10.3,45,6.5,北北西,1.0,3.08,晴れ,20.0
202561,15:00,0.0,19.9,10.3,12.6,54,5.2,北北西,1.0,2.59,晴れ,20.0
202561,16:00,0.0,18.8,10.1,12.4,57,7.1,北北西,1.0,2.02,晴れ,20.0
202561,17:00,0.0,17.3,12.0,14.0,71,7.1,北北西,1.0,1.34,晴れ,20.0
202561,18:00,0.0,16.4,10.3,12.5,67,5.5,北北西,1.0,0.70,晴れ,20.0
202561,19:00,0.0,15.9,6.1,9.4,52,4.8,北北西,0.3,0.14,晴れ,20.0
202561,20:00,0.0,15.8,3.9,8.1,45,4.4,北西,0.0,0.00,晴れ,20.0
202561,21:00,0.0,14.9,6.5,9.7,57,3.2,北西,0.0,0.0,晴れ,20.0
202561,22:00,0.0,14.2,8.2,10.9,67,2.1,北北西,0.0,0.0,晴れ,20.0
202561,23:00,0.0,13.6,8.9,11.4,73,2.0,北,0.0,0.0,晴れ,20.0
202561,24:00,0.0,12.9,8.6,11.2,75,0.9,西南西,0.0,0.0,晴れ,20.0
202563,01:00,0.0,12.9,12.0,14.0,94,0.7,西北西,0.0,0.0,雨,4.28
202563,02:00,0.0,13.1,11.8,13.9,92,0.5,西南西,0.0,0.0,曇,12.5
202563,03:00,0.0,13.9,10.9,13.0,82,1.4,南南東,0.0,0.0,曇,20.0
202563,04:00,0.0,13.7,11.1,13.2,84,1.9,南,0.0,0.00,曇,20.0
202563,05:00,0.0,13.9,10.9,13.0,82,1.7,東南東,0.0,0.04,曇,20.0
202563,06:00,0.0,13.8,8.9,11.4,72,2.3,東,0.0,0.12,曇,20.0
202563,07:00,0.0,14.1,9.6,11.9,74,1.8,東北東,0.0,0.20,曇,20.0
202563,08:00,0.0,14.5,9.3,11.7,71,1.6,南東,0.0,0.44,曇,20.0
202563,09:00,0.0,15.7,10.3,12.5,70,2.1,東,0.0,1.19,曇,20.0
202563,10:00,0.0,17.2,10.6,12.8,65,2.5,東,0.1,1.62,曇,20.0
202563,11:00,0.0,17.7,10.6,12.8,63,1.2,南南東,0.2,1.78,曇,20.0
202563,12:00,0.0,18.4,11.2,13.3,63,1.6,南南東,0.0,1.33,曇,20.0
202563,13:00,0.0,18.7,12.0,14.0,65,1.9,南南東,0.0,0.85,曇,20.0
202563,14:00,0.0,19.5,12.5,14.5,64,3.2,南南東,0.0,1.19,曇,20.0
202563,15:00,0.0,20.0,11.8,13.8,59,5.8,南南東,0.0,0.82,曇,20.0
202563,16:00,0.0,20.5,10.9,13.0,54,5.6,南南東,0.5,1.53,曇,20.0
202563,17:00,0.0,18.5,11.6,13.6,64,5.6,東南東,1.0,1.20,晴れ,20.0
202563,18:00,0.0,16.9,10.8,12.9,67,4.5,東南東,0.8,0.69,晴れ,20.0
202563,19:00,0.0,16.1,10.0,12.3,67,4.3,南東,0.0,0.07,曇,20.0
202563,20:00,0.0,15.7,9.4,11.8,66,4.2,南東,0.0,0.00,曇,20.0
202563,21:00,0.0,16.7,9.4,11.8,62,3.2,南東,0.0,0.0,曇,20.0
202563,22:00,0.0,16.9,10.1,12.3,64,3.5,東南東,0.0,0.0,曇,20.0
202563,23:00,0.0,16.3,11.3,13.3,72,2.5,東南東,0.0,0.0,雨,16.4
202563,24:00,0.0,15.2,12.7,14.7,85,1.9,東北東,0.0,0.0,雨,17.5
202564,01:00,1.0,14.5,13.6,15.5,94,2.8,東南東,0.0,0.0,雨,9.40
202564,02:00,2.0,13.6,12.8,14.8,95,2.3,東南東,0.0,0.0,雨,6.84
202564,03:00,2.5,13.2,12.7,14.7,97,2.8,東,0.0,0.0,雨,3.67
202564,04:00,0.5,13.0,12.5,14.5,97,1.4,東南東,0.0,0.00,雨,4.67
202564,05:00,0.5,13.0,12.5,14.5,97,2.1,南東,0.0,0.01,雨,5.73
202564,06:00,0.5,13.2,12.9,14.9,98,2.4,東南東,0.0,0.06,雨,2.71
202564,07:00,0.0,13.9,13.3,15.2,96,3.4,東南東,0.0,0.28,雨,14.9
202564,08:00,0.0,16.2,13.3,15.3,83,5.0,南南東,0.0,0.50,曇,20.0
202564,09:00,0.0,17.1,12.8,14.8,76,7.2,南南東,0.1,1.10,曇,20.0
202564,10:00,0.0,17.4,12.3,14.3,72,6.6,南南東,0.0,1.02,雨,20.0
202564,11:00,0.0,18.0,12.5,14.4,70,5.1,南南東,0.0,1.10,曇,20.0
202564,12:00,0.0,17.8,12.9,14.9,73,5.4,南南東,0.0,0.49,曇,20.0
202564,13:00,0.0,19.5,13.0,15.0,66,2.5,南,0.0,0.85,曇,20.0
202564,14:00,0.0,20.6,12.3,14.3,59,2.8,南南西,0.0,0.96,曇,20.0
202564,15:00,0.0,20.6,12.3,14.3,59,4.7,南西,0.3,1.57,雨,20.0
202564,16:00,0.0,19.4,11.2,13.3,59,5.5,南南西,0.1,0.91,晴れ,20.0
202564,17:00,0.0,18.7,11.5,13.6,63,4.6,南南西,0.2,0.70,曇,20.0
202564,18:00,0.0,18.1,11.9,13.9,67,3.8,南,0.1,0.30,雨,20.0
202564,19:00,0.0,17.7,10.8,13.0,64,3.8,南,0.0,0.07,雨,20.0
202564,20:00,0.0,16.6,13.0,14.9,79,2.7,北,0.0,0.00,曇,20.0
202564,21:00,0.0,16.2,12.6,14.5,79,1.3,北北東,0.0,0.0,曇,20.0
202564,22:00,0.0,15.5,12.3,14.3,81,2.3,北東,0.0,0.0,雨,20.0
202564,23:00,0.0,13.7,12.3,14.3,91,3.8,北北西,0.0,0.0,雨,9.03
202564,24:00,0.0,12.9,11.5,13.5,91,2.9,北,0.0,0.0,雨,20.0
202565,01:00,0.0,12.8,10.9,13.0,88,0.9,東北東,0.0,0.0,曇,20.0
202565,02:00,0.0,13.7,10.0,12.2,78,2.9,南西,0.0,0.0,曇,20.0
202565,03:00,0.0,13.2,8.3,10.9,72,2.2,西,0.0,0.0,曇,20.0
202565,04:00,0.0,12.9,8.0,10.7,72,0.8,西,0.0,0.00,曇,20.0
202565,05:00,0.0,13.1,6.7,9.8,65,4.5,北西,0.0,0.09,曇,20.0
202565,06:00,0.0,12.7,7.6,10.4,71,1.7,北北東,0.1,0.28,曇,20.0
202565,07:00,0.0,13.3,7.3,10.2,67,1.9,東北東,0.0,0.52,曇,20.0
202565,08:00,0.0,15.0,8.0,10.7,63,2.4,南南東,0.5,1.56,曇,20.0
202565,09:00,0.0,15.7,8.7,11.2,63,3.6,南,0.0,1.21,曇,20.0
202565,10:00,0.0,15.2,7.7,10.5,61,4.4,南南西,0.0,0.97,曇,20.0
202565,11:00,0.0,16.0,9.0,11.5,63,2.3,南,0.0,1.26,曇,20.0
202565,12:00,0.0,16.6,9.1,11.5,61,3.1,南南西,0.0,0.86,曇,20.0
202565,13:00,0.0,16.8,10.2,12.4,65,2.9,南南東,0.0,0.96,曇,20.0
202565,14:00,0.0,16.7,9.6,12.0,63,2.4,北北東,0.0,0.88,雨,20.0
202565,15:00,0.0,16.8,10.2,12.4,65,2.1,北北東,0.0,0.55,雨,20.0
202565,16:00,0.0,17.2,9.4,11.8,60,1.7,南,0.0,0.80,曇,20.0
202565,17:00,0.0,18.1,8.7,11.2,54,4.6,西南西,0.8,1.37,晴れ,20.0
202565,18:00,0.0,17.7,8.6,11.1,55,3.5,西南西,0.4,0.41,曇,20.0
202565,19:00,0.0,17.1,8.0,10.7,55,3.0,南西,0.3,0.19,晴れ,20.0
202565,20:00,0.0,16.6,7.5,10.4,55,1.4,南南西,0.0,0.00,晴れ,20.0
202565,21:00,0.0,15.9,7.9,10.7,59,4.0,南南東,0.0,0.0,晴れ,20.0
202565,22:00,0.0,15.4,8.4,11.0,63,1.5,南南東,0.0,0.0,曇,20.0
202565,23:00,0.0,14.9,8.8,11.4,67,0.8,東,0.0,0.0,曇,20.0
202565,24:00,0.0,15.2,8.7,11.2,65,1.4,東南東,0.0,0.0,曇,20.0
202566,01:00,0.0,20.7,18.1,20.8,85,2.9,南南東,0.0,0.0,曇,17.5
202566,02:00,0.0,20.4,17.8,20.4,85,1.8,南西,0.0,0.0,曇,17.1
202566,03:00,0.0,20.3,18.1,20.7,87,1.2,西南西,0.0,0.0,曇,16.0
202566,04:00,0.0,19.9,18.2,20.9,90,1.9,南西,0.0,0.0,曇,14.1
202566,05:00,0.0,19.5,15.6,17.7,78,2.3,北,0.0,0.0,曇,20.0
202566,06:00,0.0,20.5,15.1,17.1,71,1.6,北西,0.4,0.0,晴れ,20.0
202566,07:00,0.0,21.1,14.3,16.3,65,2.0,西,0.8,0.0,晴れ,20.0
202566,08:00,0.0,23.6,14.6,16.6,57,2.4,南,1.0,0.0,晴れ,20.0
202566,09:00,0.0,25.7,13.6,15.5,47,3.8,南南西,1.0,0.0,晴れ,20.0
202566,10:00,0.0,26.5,10.6,12.8,37,4.3,南南西,1.0,0.0,晴れ,20.0
202566,11:00,0.0,26.4,13.5,15.5,45,7.2,南南西,1.0,0.0,晴れ,20.0
202566,12:00,0.0,25.9,16.2,18.4,55,7.1,南南西,0.8,0.0,曇,20.0
202566,13:00,0.0,26.8,16.1,18.3,52,5.9,南南西,0.8,0.0,曇,20.0
202566,14:00,0.0,26.1,15.5,17.6,52,5.3,南南西,0.8,0.0,曇,20.0
202566,15:00,0.0,25.3,15.3,17.4,54,7.4,南南西,0.2,0.0,曇,20.0
202566,16:00,0.0,24.9,16.6,18.9,60,6.5,南南西,0.0,0.0,曇,20.0
202566,17:00,0.0,24.1,16.1,18.3,61,7.8,南西,0.0,0.0,曇,20.0
202566,18:00,0.0,23.5,16.8,19.1,66,6.7,南南西,0.0,0.0,曇,20.0
202566,19:00,0.0,23.0,16.8,19.1,68,5.9,南南西,0.0,0.0,曇,20.0
202566,20:00,0.0,22.9,16.9,19.3,69,5.0,南南西,0.0,0.0,曇,20.0
202566,21:00,0.0,22.6,16.6,18.9,69,5.9,南南西,0.0,0.0,曇,20.0
202566,22:00,0.0,22.5,14.9,16.9,62,4.8,南南西,0.0,0.0,曇,20.0
202566,23:00,0.0,22.3,15.7,17.8,66,4.6,南西,0.0,0.0,曇,20.0
202566,24:00,0.0,22.1,16.2,18.4,69,5.1,南西,0.0,0.0,曇,20.0
202567,01:00,0.0,22.0,16.5,18.8,71,4.8,南西,0.0,0.0,曇,20.0
202567,02:00,0.0,22.2,16.3,18.5,69,5.4,南西,0.0,0.0,曇,20.0
202567,03:00,0.0,22.0,16.1,18.2,69,4.9,南南西,0.0,0.0,曇,20.0
202567,04:00,0.0,21.9,16.4,18.7,71,4.3,南西,0.0,0.0,曇,19.3
202567,05:00,0.0,21.6,16.8,19.1,74,3.6,南西,0.0,0.0,曇,19.1
202567,06:00,0.0,22.2,16.5,18.7,70,4.0,南西,0.0,0.0,曇,20.0
202567,07:00,0.0,22.6,17.1,19.5,71,3.2,南西,0.0,0.0,曇,18.8
202567,08:00,0.0,24.2,18.2,20.8,69,3.9,南西,0.4,0.0,晴れ,20.0
202567,09:00,0.0,26.1,17.2,19.6,58,4.1,南西,1.0,0.0,晴れ,20.0
202567,10:00,0.0,26.5,14.9,17.0,49,4.8,南西,1.0,0.0,晴れ,20.0
202567,11:00,0.0,27.2,14.3,16.2,45,4.7,南南西,1.0,0.0,晴れ,20.0
202567,12:00,0.0,26.9,18.0,20.6,58,4.5,南南西,0.8,0.0,晴れ,20.0
202567,13:00,0.0,27.1,18.4,21.2,59,5.8,南南西,0.7,0.0,曇,20.0
202567,14:00,0.0,27.5,18.0,20.6,56,4.5,南南西,1.0,0.0,晴れ,20.0
202567,15:00,0.0,26.0,18.2,20.8,62,5.9,南西,1.0,0.0,晴れ,20.0
202567,16:00,0.0,24.7,17.7,20.2,65,4.6,南南西,0.3,0.0,曇,20.0
202567,17:00,0.0,23.9,17.4,19.9,67,4.1,南南西,0.0,0.0,曇,20.0
202567,18:00,0.0,22.3,18.3,21.0,78,5.4,南南東,0.0,0.0,曇,20.0
202567,19:00,0.0,21.9,17.9,20.5,78,3.7,南,0.0,0.0,曇,20.0
202567,20:00,0.0,21.5,18.1,20.8,81,4.1,南南東,0.0,0.0,曇,20.0
202567,21:00,0.0,21.5,17.9,20.5,80,2.7,南,0.0,0.0,曇,20.0
202567,22:00,0.0,21.0,18.4,21.1,85,1.1,南南東,0.0,0.0,曇,20.0
202567,23:00,0.0,21.0,18.6,21.4,86,1.5,南,0.0,0.0,曇,20.0
202567,24:00,0.0,20.8,18.7,21.6,88,1.1,東南東,0.0,0.0,曇,20.0
202568,01:00,0.0,20.8,18.9,21.9,89,1.1,東,0.0,0.0,曇,19.4
202568,02:00,0.0,21.0,19.1,22.1,89,0.9,東南東,0.0,0.0,曇,18.3
202568,03:00,0.0,21.2,19.1,22.2,88,1.2,北,0.0,0.0,曇,18.4
202568,04:00,0.0,21.2,19.1,22.2,88,1.7,北,0.0,0.0,雨,16.6
202568,05:00,0.0,21.2,19.1,22.2,88,2.6,北,0.0,0.0,曇,15.8
202568,06:00,0.0,22.0,19.6,22.7,86,1.5,北北東,0.0,0.0,雨,16.5
202568,07:00,0.0,21.7,19.6,22.8,88,1.9,西,0.0,0.0,雨,12.5
202568,08:00,0.0,22.1,20.4,23.9,90,1.1,南,0.0,0.0,雨,7.48
202568,09:00,0.0,23.4,20.2,23.6,82,0.8,南南西,0.0,0.0,曇,16.5
202568,10:00,0.0,24.1,20.2,23.7,79,0.8,南南西,0.0,0.0,曇,16.6
202568,11:00,0.0,24.6,20.5,24.1,78,1.9,東,0.0,0.0,曇,16.3
202568,12:00,0.0,24.8,20.1,23.5,75,1.4,東,0.0,0.0,曇,16.0
202568,13:00,0.0,25.8,19.0,21.9,66,2.3,東南東,0.1,0.0,雨,5.35
202568,14:00,0.0,25.4,18.1,20.8,64,3.2,南南東,0.0,0.0,曇,20.0
202568,15:00,0.0,25.2,18.2,20.8,65,2.7,南南東,0.0,0.0,曇,20.0
202568,16:00,0.0,24.9,16.6,18.9,60,3.3,南南西,0.0,0.0,曇,20.0
202568,17:00,0.0,23.7,18.1,20.8,71,4.2,南西,0.0,0.0,曇,18.4
202568,18:00,0.0,23.3,18.2,20.9,73,3.9,南南西,0.0,0.0,雨,18.3
202568,19:00,0.0,23.1,16.7,18.9,67,3.7,南西,0.0,0.0,雨,20.0
202568,20:00,0.0,22.6,18.0,20.6,75,4.3,南,0.0,0.0,雨,20.0
202568,21:00,0.0,22.5,19.3,22.4,82,5.2,南南西,0.0,0.0,曇,14.4
202568,22:00,0.0,22.2,18.8,21.7,81,3.4,南南西,0.0,0.0,曇,15.7
202568,23:00,0.0,22.0,18.6,21.4,81,3.3,南南西,0.0,0.0,曇,15.8
202568,24:00,0.0,21.8,18.2,20.9,80,2.9,南西,0.0,0.0,曇,15.8
2025610,01:00,0.0,16.7,11.6,13.7,72,4.2,南東,0.0,0.0,晴れ,20.0
2025610,02:00,0.0,16.2,11.8,13.8,75,2.7,南東,0.0,0.0,晴れ,20.0
2025610,03:00,0.0,16.3,11.3,13.3,72,1.4,東南東,0.0,0.0,晴れ,20.0
2025610,04:00,0.0,16.0,11.2,13.3,73,2.1,南東,0.0,0.00,晴れ,20.0
2025610,05:00,0.0,16.8,11.5,13.6,71,0.9,北北東,0.6,0.16,晴れ,20.0
2025610,06:00,0.0,18.0,12.2,14.2,69,1.1,北北東,1.0,0.65,晴れ,20.0
2025610,07:00,0.0,19.5,13.2,15.2,67,0.7,北東,1.0,1.20,晴れ,20.0
2025610,08:00,0.0,21.3,14.0,16.0,63,1.4,東,1.0,1.86,晴れ,20.0
2025610,09:00,0.0,24.1,15.3,17.4,58,1.9,南南東,1.0,2.49,晴れ,20.0
2025610,10:00,0.0,25.8,15.2,17.3,52,3.0,東,1.0,2.95,晴れ,20.0
2025610,11:00,0.0,27.2,13.9,15.9,44,4.1,東南東,1.0,3.23,晴れ,20.0
2025610,12:00,0.0,27.8,13.4,15.3,41,3.8,南南東,1.0,3.27,晴れ,20.0
2025610,13:00,0.0,23.7,15.8,17.9,61,5.4,北北西,0.9,2.95,晴れ,20.0
2025610,14:00,0.0,22.4,15.5,17.6,65,4.5,北北西,1.0,2.55,晴れ,20.0
2025610,15:00,0.0,21.6,15.2,17.3,67,3.9,北北西,1.0,2.38,晴れ,20.0
2025610,16:00,0.0,20.5,15.3,17.4,72,2.6,北北西,0.7,1.58,曇,20.0
2025610,17:00,0.0,20.9,15.0,17.1,69,1.7,北北西,0.8,1.03,曇,20.0
2025610,18:00,0.0,20.5,15.1,17.1,71,2.5,北,0.0,0.45,曇,20.0
2025610,19:00,0.0,20.2,14.8,16.8,71,1.1,北北西,0.0,0.10,曇,20.0
2025610,20:00,0.0,20.4,14.1,16.1,67,2.2,北北西,0.0,0.00,曇,20.0
2025610,21:00,0.0,19.8,14.2,16.2,70,2.7,南東,0.0,0.0,曇,20.0
2025610,22:00,0.0,19.5,14.3,16.3,72,4.0,南東,0.0,0.0,曇,20.0
2025610,23:00,0.0,18.9,16.2,18.3,84,7.3,南南東,0.0,0.0,晴れ,20.0
2025610,24:00,0.0,19.5,16.4,18.6,82,5.9,南南東,0.0,0.0,晴れ,20.0
2025611,01:00,0.0,19.6,16.3,18.5,81,5.5,南南東,0.0,0.0,曇,20.0
2025611,02:00,0.0,18.9,15.6,17.7,81,4.2,南東,0.0,0.0,曇,20.0
2025611,03:00,0.0,18.8,14.7,16.7,77,3.5,南東,0.0,0.0,曇,20.0
2025611,04:00,0.0,19.1,14.8,16.8,76,3.8,南東,0.0,0.00,曇,20.0
2025611,05:00,0.0,19.4,14.9,16.9,75,4.9,東南東,0.0,0.11,曇,20.0
2025611,06:00,0.0,20.2,15.9,18.0,76,4.0,南東,0.3,0.49,曇,20.0
2025611,07:00,0.0,21.8,17.4,19.9,76,3.7,南南東,0.2,0.64,曇,20.0
2025611,08:00,0.0,23.0,18.3,21.1,75,4.3,南南東,0.1,0.88,曇,20.0
2025611,09:00,0.0,21.5,18.1,20.8,81,4.3,南東,0.0,0.61,曇,20.0
2025611,10:00,0.0,22.4,18.2,20.9,77,3.5,東南東,0.0,1.06,曇,20.0
2025611,11:00,0.0,22.4,18.0,20.6,76,4.9,東南東,0.0,1.21,曇,20.0
2025611,12:00,0.0,24.7,18.2,20.9,67,3.9,南東,0.5,2.20,雷電,19.2
2025611,13:00,0.0,24.3,18.9,21.9,72,4.0,東南東,0.3,1.62,雷電,20.0
2025611,14:00,0.0,23.9,18.6,21.4,72,2.6,北西,0.5,2.13,曇,20.0
2025611,15:00,0.0,23.9,18.3,21.1,71,3.1,北北西,0.4,1.38,曇,20.0
2025611,16:00,0.0,22.4,16.9,19.2,71,4.9,北西,0.5,1.31,雷電,20.0
2025611,17:00,0.0,19.9,18.2,20.9,90,5.4,北北西,0.0,0.24,雨,16.4
2025611,18:00,0.0,18.7,17.2,19.6,91,3.4,北,0.0,0.09,雨,14.0
2025611,19:00,0.0,17.6,17.3,19.7,98,2.1,北,0.0,0.01,雷電,4.41
2025611,20:00,0.5,17.5,16.9,19.2,96,1.6,北,0.0,0.00,雨,12.9
2025611,21:00,0.5,18.0,17.4,19.8,96,2.1,北北東,0.0,0.0,雨,11.0
2025611,22:00,0.0,17.3,16.8,19.2,97,2.2,北北西,0.0,0.0,曇,8.54
2025611,23:00,0.0,17.2,16.9,19.2,98,2.5,北北西,0.0,0.0,雷電,7.20
2025611,24:00,3.0,17.2,16.7,19.0,97,2.0,北北西,0.0,0.0,雷電,6.44
2025612,01:00,0.0,16.1,14.6,16.7,91,2.5,北東,0.0,0.0,雨,20.0
2025612,02:00,0.0,16.3,15.2,17.2,93,0.9,西北西,0.0,0.0,曇,20.0
2025612,03:00,0.0,15.6,14.7,16.7,94,5.3,北北西,0.0,0.0,雨,12.8
2025612,04:00,0.0,15.3,14.2,16.2,93,6.9,北北西,0.0,0.00,雨,8.81
2025612,05:00,0.0,14.9,13.8,15.8,93,5.9,北北西,0.0,0.03,雨,16.9
2025612,06:00,0.0,14.7,13.8,15.7,94,6.5,北北西,0.0,0.15,曇,20.0
2025612,07:00,0.0,13.6,12.8,14.8,95,5.3,北西,0.0,0.43,雨,2.76
2025612,08:00,0.0,14.5,12.5,14.5,88,10.0,北西,0.0,0.68,曇,20.0
2025612,09:00,0.0,13.5,12.6,14.5,94,6.9,北西,0.0,0.56,雨,3.82
2025612,10:00,0.0,15.2,12.3,14.3,83,9.1,北西,0.0,1.19,曇,20.0
2025612,11:00,0.0,14.8,12.5,14.5,86,8.5,北西,0.1,1.66,雨,16.1
2025612,12:00,0.0,16.5,12.9,14.8,79,9.0,北西,0.8,3.21,曇,20.0
2025612,13:00,0.0,17.8,13.1,15.1,74,7.0,北北西,1.0,3.43,晴れ,20.0
2025612,14:00,0.0,16.7,12.5,14.4,76,7.3,北北西,1.0,2.91,晴れ,20.0
2025612,15:00,0.0,17.3,12.8,14.8,75,7.7,北北西,1.0,2.59,晴れ,20.0
2025612,16:00,0.0,16.4,12.0,14.0,75,6.2,北北西,1.0,1.96,晴れ,20.0
2025612,17:00,0.0,15.8,12.0,14.0,78,4.8,北北西,1.0,1.36,晴れ,20.0
2025612,18:00,0.0,15.0,12.1,14.2,83,4.4,北西,0.3,0.52,晴れ,20.0
2025612,19:00,0.0,14.7,12.2,14.2,85,3.6,北西,0.0,0.14,晴れ,20.0
2025612,20:00,0.0,14.9,12.4,14.4,85,4.3,北北西,0.0,0.00,曇,20.0
2025612,21:00,0.0,14.7,12.4,14.4,86,3.2,北西,0.0,0.0,曇,20.0
2025612,22:00,0.0,14.7,12.2,14.2,85,3.5,北北西,0.0,0.0,曇,20.0
2025612,23:00,0.0,14.5,12.0,14.0,85,1.8,西北西,0.0,0.0,曇,20.0
2025612,24:00,0.0,14.3,11.6,13.7,84,1.4,西北西,0.0,0.0,曇,20.0
2025613,01:00,0.0,14.3,11.6,13.7,84,1.2,南南西,0.0,0.0,曇,20.0
2025613,02:00,0.0,13.8,11.3,13.4,85,1.3,南南東,0.0,0.0,晴れ,20.0
2025613,03:00,0.0,13.4,9.7,12.0,78,0.8,南南東,0.0,0.0,曇,20.0
2025613,04:00,0.0,12.8,9.6,12.0,81,1.9,南東,0.0,0.00,晴れ,20.0
2025613,05:00,0.0,11.9,8.4,11.0,79,2.1,南東,0.5,0.15,晴れ,20.0
2025613,06:00,0.0,13.8,10.6,12.8,81,2.2,南東,1.0,0.74,晴れ,20.0
2025613,07:00,0.0,14.8,11.2,13.3,79,1.1,東南東,0.6,0.99,曇,20.0
2025613,08:00,0.0,17.0,12.1,14.1,73,1.2,南東,1.0,1.60,晴れ,20.0
2025613,09:00,0.0,18.3,11.9,13.9,66,2.3,東,1.0,2.21,晴れ,20.0
2025613,10:00,0.0,19.7,13.4,15.4,67,2.4,東南東,1.0,2.30,晴れ,20.0
2025613,11:00,0.0,21.8,14.5,16.5,63,2.5,東,1.0,3.05,晴れ,20.0
2025613,12:00,0.0,23.7,14.7,16.7,57,3.4,東北東,1.0,3.17,晴れ,20.0
2025613,13:00,0.0,24.5,14.6,16.6,54,4.1,東,1.0,3.18,晴れ,20.0
2025613,14:00,0.0,24.7,13.9,15.9,51,3.1,東北東,1.0,2.48,晴れ,20.0
2025613,15:00,0.0,24.6,14.4,16.4,53,3.1,東北東,0.9,2.19,晴れ,20.0
2025613,16:00,0.0,22.1,15.5,17.6,66,2.3,北西,0.8,1.88,曇,20.0
2025613,17:00,0.0,20.1,14.0,16.0,68,3.1,北北西,0.0,0.57,曇,20.0
2025613,18:00,0.0,19.2,14.3,16.2,73,2.4,北北西,0.0,0.24,曇,20.0
2025613,19:00,0.0,19.0,14.1,16.0,73,1.4,北,0.0,0.09,曇,20.0
2025613,20:00,0.0,18.8,14.1,16.1,74,1.3,北,0.0,0.00,曇,20.0
2025613,21:00,0.0,17.7,13.4,15.4,76,2.1,南東,0.0,0.0,曇,20.0
2025613,22:00,0.0,16.8,13.9,15.9,83,1.8,南東,0.0,0.0,曇,20.0
2025613,23:00,0.0,16.6,13.7,15.7,83,2.9,東南東,0.0,0.0,曇,20.0
2025613,24:00,0.0,16.3,13.4,15.4,83,3.0,南東,0.0,0.0,曇,20.0
2025614,01:00,0.0,16.5,13.4,15.4,82,2.5,南東,0.0,0.0,曇,20.0
2025614,02:00,0.0,16.8,13.3,15.3,80,3.5,南東,0.0,0.0,曇,20.0
2025614,03:00,0.0,16.6,13.3,15.3,81,3.0,南東,0.0,0.0,曇,20.0
2025614,04:00,0.0,16.5,13.2,15.2,81,1.9,東南東,0.0,0.00,晴れ,20.0
2025614,05:00,0.0,16.8,13.2,15.1,79,3.3,東南東,0.1,0.11,曇,20.0
2025614,06:00,0.0,17.4,13.1,15.1,76,3.3,南東,0.5,0.50,曇,20.0
2025614,07:00,0.0,19.6,14.0,16.0,70,3.1,東南東,0.2,0.76,曇,20.0
2025614,08:00,0.0,20.7,14.6,16.6,68,3.7,東南東,1.0,1.61,晴れ,20.0
2025614,09:00,0.0,23.4,14.1,16.1,56,5.1,南東,1.0,2.51,晴れ,20.0
2025614,10:00,0.0,24.6,15.0,17.0,55,3.5,東南東,1.0,3.01,晴れ,20.0
2025614,11:00,0.0,24.7,15.4,17.4,56,6.4,東南東,1.0,3.17,晴れ,20.0
2025614,12:00,0.0,25.5,15.8,18.0,55,5.5,東南東,1.0,3.25,晴れ,20.0
2025614,13:00,0.0,26.7,15.7,17.9,51,3.9,東南東,1.0,3.16,晴れ,20.0
2025614,14:00,0.0,25.4,14.5,16.5,51,5.2,南東,1.0,2.77,晴れ,20.0
2025614,15:00,0.0,26.6,14.7,16.7,48,5.8,南南東,1.0,2.41,晴れ,20.0
2025614,16:00,0.0,25.1,15.2,17.2,54,5.2,南東,1.0,1.89,晴れ,20.0
2025614,17:00,0.0,23.8,14.5,16.5,56,4.7,南東,1.0,1.31,晴れ,20.0
2025614,18:00,0.0,23.3,14.3,16.3,57,5.1,南南東,1.0,0.74,晴れ,20.0
2025614,19:00,0.0,20.4,13.9,15.8,66,6.8,南南東,0.1,0.18,曇,20.0
2025614,20:00,0.0,19.6,13.8,15.7,69,4.9,南東,0.0,0.01,晴れ,20.0
2025614,21:00,0.0,19.2,13.8,15.8,71,5.6,南南東,0.0,0.0,晴れ,20.0
2025614,22:00,0.0,17.3,13.6,15.6,79,7.5,南東,0.0,0.0,晴れ,20.0
2025614,23:00,0.0,17.0,13.9,15.9,82,6.5,南南東,0.0,0.0,晴れ,20.0
2025614,24:00,0.0,17.1,14.6,16.6,85,5.0,南東,0.0,0.0,晴れ,20.0
2025615,01:00,0.0,17.1,14.6,16.6,85,7.1,南南東,0.0,0.0,晴れ,20.0
2025615,02:00,0.0,17.4,14.9,16.9,85,6.9,南南東,0.0,0.0,曇,20.0
2025615,03:00,0.0,17.6,14.9,16.9,84,4.6,南南東,0.0,0.0,曇,20.0
2025615,04:00,0.0,17.4,15.4,17.5,88,4.6,南南東,0.0,0.00,晴れ,20.0
2025615,05:00,0.0,17.9,15.4,17.4,85,4.9,南南東,0.0,0.06,曇,20.0
2025615,06:00,0.0,18.4,15.5,17.6,83,3.5,南東,0.0,0.29,曇,20.0
2025615,07:00,0.0,18.7,15.6,17.7,82,3.9,南東,0.0,0.53,曇,20.0
2025615,08:00,0.0,20.8,15.8,17.9,73,5.2,南東,0.9,1.84,晴れ,20.0
2025615,09:00,0.0,21.6,15.9,18.1,70,5.2,南東,1.0,2.55,晴れ,20.0
2025615,10:00,0.0,21.2,16.2,18.4,73,5.0,南東,0.2,1.75,曇,20.0
2025615,11:00,0.0,23.0,17.0,19.4,69,4.6,南南東,0.2,2.08,曇,20.0
2025615,12:00,0.0,23.7,17.7,20.2,69,4.1,東南東,0.8,3.20,晴れ,20.0
2025615,13:00,0.0,22.1,16.4,18.6,70,4.3,東南東,0.6,2.59,晴れ,20.0
2025615,14:00,0.0,22.7,16.7,19.0,69,4.5,東南東,0.6,2.27,晴れ,20.0
2025615,15:00,0.0,23.6,17.4,19.8,68,3.7,東南東,0.7,2.14,曇,20.0
2025615,16:00,0.0,22.3,16.6,18.9,70,3.7,東南東,0.8,1.82,曇,20.0
2025615,17:00,0.0,20.4,16.2,18.5,77,4.3,東南東,0.1,0.70,曇,20.0
2025615,18:00,0.0,20.1,16.2,18.4,78,2.5,東南東,0.1,0.51,晴れ,20.0
2025615,19:00,0.0,19.1,15.8,17.9,81,2.5,東南東,0.0,0.17,曇,20.0
2025615,20:00,0.0,18.6,15.9,18.0,84,2.7,南東,0.0,0.00,曇,20.0
2025615,21:00,0.0,18.8,15.9,18.0,83,0.7,南南東,0.0,0.0,曇,20.0
2025615,22:00,0.0,18.6,15.9,18.0,84,0.5,西南西,0.0,0.0,曇,20.0
2025615,23:00,0.0,18.5,15.9,18.1,85,0.5,西南西,0.0,0.0,曇,20.0
2025615,24:00,0.0,18.3,15.8,17.9,85,0.6,南東,0.0,0.0,曇,20.0
2025617,01:00,0.0,24.7,23.0,28.0,90,1.5,南南東,0.0,0.0,,
2025617,02:00,0.0,24.3,23.1,28.3,93,1.9,南西,0.0,0.0,,
2025617,03:00,0.0,24.3,23.1,28.3,93,1.5,西北西,0.0,0.0,快晴,20.0
2025617,04:00,0.0,23.7,23.0,28.1,96,1.6,南南西,0.0,0.00,,
2025617,05:00,0.0,23.8,23.3,28.6,97,1.4,西南西,0.0,0.03,,
2025617,06:00,0.0,25.6,24.0,29.9,91,0.9,南南西,1.0,0.43,晴れ,20.0
2025617,07:00,0.0,28.5,24.9,31.5,81,1.5,北北西,1.0,1.09,,
2025617,08:00,0.0,30.2,24.8,31.3,73,1.1,南,1.0,1.77,,
2025617,09:00,0.0,31.1,25.0,31.6,70,2.9,南南東,1.0,2.37,晴れ,15.0
2025617,10:00,0.0,31.6,25.0,31.6,68,3.1,南南東,1.0,2.82,,
2025617,11:00,0.0,32.6,24.1,30.0,61,3.2,南南東,1.0,3.23,,
2025617,12:00,0.0,33.6,23.3,28.6,55,2.5,南東,1.0,3.41,快晴,15.0
2025617,13:00,0.0,33.9,23.0,28.1,53,4.3,東南東,1.0,3.38,,
2025617,14:00,0.0,33.6,23.9,29.7,57,5.3,南南東,1.0,3.10,,
2025617,15:00,0.0,33.3,23.6,29.2,57,4.1,南東,1.0,2.64,快晴,20.0
2025617,16:00,0.0,32.1,24.4,30.6,64,6.3,南東,1.0,2.00,,
2025617,17:00,0.0,31.0,23.4,28.8,64,4.0,南南東,1.0,1.29,,
2025617,18:00,0.0,30.2,23.4,28.8,67,2.8,南東,1.0,0.60,快晴,15.0
2025617,19:00,0.0,29.2,23.6,29.2,72,3.1,南東,0.2,0.11,,
2025617,20:00,0.0,29.0,23.2,28.5,71,2.8,東南東,0.0,0.00,,
2025617,21:00,0.0,28.3,23.2,28.5,74,2.3,南東,0.0,0.0,快晴,20.0
2025617,22:00,0.0,27.1,23.6,29.1,81,1.3,南南東,0.0,0.0,,
2025617,23:00,0.0,27.3,23.1,28.3,78,1.8,東,0.0,0.0,,
2025617,24:00,0.0,26.9,23.0,28.0,79,1.8,北北東,0.0,0.0,,
2025618,01:00,0.0,26.6,22.7,27.5,79,2.6,北北東,0.0,0.0,,
2025618,02:00,0.0,25.9,22.4,27.1,81,3.1,北北東,0.0,0.0,,
2025618,03:00,0.0,25.3,21.8,26.1,81,2.0,北,0.0,0.0,快晴,15.0
2025618,04:00,0.0,25.7,21.6,25.8,78,1.6,北北西,0.0,0.00,,
2025618,05:00,0.0,25.6,21.5,25.6,78,1.9,北,0.0,0.04,,
2025618,06:00,0.0,26.4,21.8,26.2,76,1.4,北,0.9,0.45,晴れ,20.0
2025618,07:00,0.0,27.9,21.5,25.6,68,3.3,北北東,0.8,1.04,,
2025618,08:00,0.0,29.5,21.7,26.0,63,2.8,北北東,1.0,1.81,,
2025618,09:00,0.0,30.8,22.1,26.7,60,4.5,東北東,1.0,2.45,晴れ,20.0
2025618,10:00,0.0,32.1,22.2,26.8,56,3.7,東北東,1.0,2.97,,
2025618,11:00,0.0,32.7,20.6,24.3,49,3.6,東北東,1.0,3.31,,
2025618,12:00,0.0,33.7,22.5,27.2,52,3.7,北北東,1.0,3.47,晴れ,20.0
2025618,13:00,0.0,33.6,22.4,27.1,52,3.6,東南東,1.0,3.46,,
2025618,14:00,0.0,32.7,23.1,28.2,57,4.5,南南東,0.6,2.22,,
2025618,15:00,0.0,32.8,22.6,27.4,55,3.7,南東,1.0,2.67,快晴,30.0
2025618,16:00,0.0,32.0,21.5,25.7,54,4.3,南東,1.0,2.04,,
2025618,17:00,0.0,30.6,21.4,25.5,58,5.4,南東,1.0,1.35,,
2025618,18:00,0.0,28.9,20.9,24.7,62,5.9,南南東,1.0,0.64,快晴,30.0
2025618,19:00,0.0,28.0,21.1,25.0,66,3.7,南東,0.3,0.13,,
2025618,20:00,0.0,27.8,21.1,25.0,67,4.2,南東,0.0,0.00,,
2025618,21:00,0.0,26.9,21.9,26.2,74,2.7,南南東,0.0,0.0,快晴,20.0
2025618,22:00,0.0,25.4,22.3,26.9,83,0.8,南,0.0,0.0,,
2025618,23:00,0.0,24.9,23.2,28.3,90,2.0,南南東,0.0,0.0,,
2025618,24:00,0.0,24.5,23.3,28.6,93,1.6,南,0.0,0.0,,
2025619,01:00,0.0,24.2,23.4,28.7,95,1.8,南南東,0.0,0.0,,
2025619,02:00,0.0,24.1,23.6,29.1,97,2.1,南,0.0,0.0,,
2025619,03:00,0.0,24.1,23.6,29.1,97,1.8,南,0.0,0.0,晴れ,20.0
2025619,04:00,0.0,24.3,23.6,29.2,96,1.2,南,0.0,0.00,,
2025619,05:00,0.0,24.3,23.6,29.2,96,1.4,南南東,0.0,0.02,,
2025619,06:00,0.0,25.9,24.3,30.4,91,1.5,南,0.3,0.37,曇,10.0
2025619,07:00,0.0,26.6,23.3,28.6,82,1.9,東北東,0.0,0.46,,
2025619,08:00,0.0,28.2,23.8,29.5,77,2.1,南,0.8,1.59,,
2025619,09:00,0.0,28.6,22.8,27.8,71,1.4,南,1.0,2.38,快晴,10.0
2025619,10:00,0.0,31.4,21.0,24.8,54,2.4,東北東,1.0,2.90,,
2025619,11:00,0.0,32.2,24.5,30.8,64,3.3,南南東,1.0,3.24,,
2025619,12:00,0.0,32.1,23.1,28.2,59,3.9,南南東,1.0,3.42,晴れ,15.0
2025619,13:00,0.0,32.8,22.6,27.4,55,4.6,南南東,1.0,3.38,,
2025619,14:00,0.0,32.3,23.3,28.5,59,4.2,南東,1.0,3.13,,
2025619,15:00,0.0,31.8,22.2,26.8,57,4.4,南南東,1.0,2.66,晴れ,20.0
2025619,16:00,0.0,30.9,20.8,24.6,55,5.1,南東,1.0,2.08,,
2025619,17:00,0.0,29.6,21.8,26.1,63,4.6,南東,1.0,1.38,,
2025619,18:00,0.0,28.3,21.3,25.4,66,3.1,南東,1.0,0.60,晴れ,25.0
2025619,19:00,0.0,27.8,22.5,27.3,73,3.6,南東,0.2,0.11,,
2025619,20:00,0.0,26.5,22.4,27.0,78,3.0,南,0.0,0.00,,
2025619,21:00,0.0,26.0,22.1,26.6,79,3.5,南南東,0.0,0.0,曇,30.0
2025619,22:00,0.0,25.6,22.1,26.6,81,2.8,南南東,0.0,0.0,,
2025619,23:00,0.0,25.2,22.1,26.6,83,1.9,南,0.0,0.0,,
2025619,24:00,0.0,25.0,21.7,26.0,82,3.2,南東,0.0,0.0,,
2025620,01:00,0.0,25.6,22.1,26.6,81,2.3,南南西,0.0,0.0,曇,10.9
2025620,02:00,0.0,25.5,22.2,26.8,82,1.0,南東,0.0,0.0,曇,11.5
2025620,03:00,0.0,25.7,22.0,26.4,80,1.5,南南東,0.0,0.0,曇,10.7
2025620,04:00,0.0,25.6,22.1,26.6,81,1.0,南南東,0.0,0.0,曇,10.6
2025620,05:00,0.0,25.8,21.9,26.3,79,1.8,南南西,0.0,0.01,曇,11.9
2025620,06:00,0.0,26.0,22.1,26.6,79,0.5,東,0.0,0.15,曇,12.1
2025620,07:00,0.0,26.2,22.1,26.5,78,1.3,北西,0.1,0.31,曇,10.1
2025620,08:00,0.0,27.7,22.2,26.8,72,0.5,北東,0.5,1.17,晴れ,9.98
2025620,09:00,0.0,28.9,21.9,26.3,66,1.6,南,0.5,1.64,曇,10.4
2025620,10:00,0.0,28.9,21.4,25.5,64,3.2,南南西,0.7,2.44,曇,10.5
2025620,11:00,0.0,31.1,21.9,26.2,58,4.1,南南西,0.6,2.46,晴れ,11.2
2025620,12:00,0.0,31.3,23.2,28.3,62,4.4,南西,0.8,3.07,晴れ,10.1
2025620,13:00,0.0,30.9,22.0,26.4,59,4.8,南西,0.9,2.93,曇,11.8
2025620,14:00,0.0,31.4,22.4,27.1,59,4.4,南南西,0.9,3.01,曇,12.8
2025620,15:00,0.0,31.2,22.5,27.3,60,5.4,南南東,1.0,2.62,晴れ,15.6
2025620,16:00,0.0,30.4,22.6,27.4,63,4.7,南南西,0.8,1.98,晴れ,15.4
2025620,17:00,0.0,29.1,21.6,25.8,64,4.3,南南東,0.7,1.09,晴れ,17.1
2025620,18:00,0.0,28.4,21.9,26.3,68,4.9,南,1.0,0.77,晴れ,17.7
2025620,19:00,0.0,27.1,21.8,26.2,73,5.3,南,0.5,0.20,晴れ,17.3
2025620,20:00,0.0,26.3,21.1,25.0,73,3.8,南南東,0.0,0.00,晴れ,20.0
2025620,21:00,0.0,25.9,21.4,25.4,76,3.7,南,0.0,0.0,晴れ,20.0
2025620,22:00,0.0,25.5,21.6,25.8,79,3.8,南,0.0,0.0,晴れ,20.0
2025620,23:00,0.0,25.4,21.9,26.3,81,3.6,南南東,0.0,0.0,晴れ,19.5
2025620,24:00,0.0,25.4,22.1,26.6,82,2.5,南,0.0,0.0,晴れ,20.0
2025621,01:00,0.0,25.2,21.9,26.3,82,2.8,南,0.0,0.0,曇,20.0
2025621,02:00,0.0,25.0,21.7,26.0,82,3.1,南南東,0.0,0.0,曇,19.9
2025621,03:00,0.0,24.5,21.8,26.1,85,2.1,南東,0.0,0.0,晴れ,19.4
2025621,04:00,0.0,24.3,21.8,26.1,86,2.1,南南東,0.0,0.0,晴れ,19.6
2025621,05:00,0.0,24.1,22.0,26.4,88,1.4,南東,0.0,0.02,曇,19.8
2025621,06:00,0.0,24.8,22.1,26.6,85,1.7,南東,0.0,0.25,曇,20.0
2025621,07:00,0.0,25.9,22.4,27.1,81,2.3,南東,0.0,0.42,曇,20.0
2025621,08:00,0.0,27.3,21.8,26.1,72,2.6,南南東,1.0,1.93,晴れ,20.0
2025621,09:00,0.0,27.3,20.4,24.0,66,2.6,南東,0.7,1.91,曇,20.0
2025621,10:00,0.0,27.6,20.9,24.8,67,2.4,南南西,0.0,1.10,曇,20.0
2025621,11:00,0.0,29.1,21.1,25.0,62,2.7,南西,0.1,1.53,曇,20.0
2025621,12:00,0.0,30.5,22.1,26.6,61,2.4,南南東,0.5,2.29,曇,20.0
2025621,13:00,0.0,31.6,21.5,25.6,55,3.5,南南西,0.4,2.21,曇,19.7
2025621,14:00,0.0,31.2,19.9,23.2,51,5.0,南南西,1.0,3.23,晴れ,20.0
2025621,15:00,0.0,30.8,20.4,24.0,54,4.6,南南東,1.0,2.58,晴れ,20.0
2025621,16:00,0.0,29.7,20.3,23.8,57,4.9,南,1.0,2.18,晴れ,20.0
2025621,17:00,0.0,28.8,20.0,23.4,59,4.7,南南東,0.9,1.23,曇,20.0
2025621,18:00,0.0,27.2,19.6,22.7,63,5.7,南南東,0.7,0.67,晴れ,20.0
2025621,19:00,0.0,26.5,19.9,23.2,67,4.2,南南東,0.6,0.24,曇,20.0
2025621,20:00,0.0,25.6,20.2,23.6,72,4.1,南南東,0.0,0.00,曇,20.0
2025621,21:00,0.0,25.1,20.6,24.2,76,4.2,南南東,0.0,0.0,曇,20.0
2025621,22:00,0.0,24.9,20.8,24.6,78,3.3,南南東,0.0,0.0,曇,20.0
2025621,23:00,0.0,25.0,20.9,24.7,78,3.2,南東,0.0,0.0,曇,20.0
2025621,24:00,0.0,24.8,20.7,24.4,78,2.6,南東,0.0,0.0,曇,20.0
2025622,01:00,0.0,24.4,20.9,24.8,81,3.1,南東,0.0,0.0,雨,16.6
2025622,02:00,0.0,24.6,20.7,24.4,79,2.2,東南東,0.0,0.0,曇,20.0
2025622,03:00,0.0,24.4,20.7,24.5,80,2.5,東南東,0.0,0.0,雨,20.0
2025622,04:00,0.0,24.6,20.7,24.4,79,1.9,東南東,0.0,0.0,曇,20.0
2025622,05:00,0.0,24.8,21.3,25.4,81,3.5,南東,0.0,0.01,曇,20.0
2025622,06:00,0.0,25.3,21.6,25.8,80,3.3,南東,0.2,0.28,曇,20.0
2025622,07:00,0.0,25.7,21.6,25.8,78,3.7,南南東,0.0,0.49,曇,20.0
2025622,08:00,0.0,26.9,22.5,27.3,77,3.0,南東,0.0,0.60,曇,20.0
2025622,09:00,0.0,27.2,22.2,26.7,74,4.6,南東,0.4,1.65,曇,18.1
2025622,10:00,0.0,28.2,22.7,27.5,72,4.8,南南東,0.4,2.07,曇,17.8
2025622,11:00,0.0,27.4,22.8,27.7,76,3.9,南東,0.0,0.48,曇,18.7
2025622,12:00,0.0,27.5,22.9,27.9,76,3.4,南東,0.0,0.38,雨,16.8
2025622,13:00,0.0,29.6,23.3,28.6,69,4.5,南南東,0.1,1.69,曇,17.9
2025622,14:00,0.0,28.9,22.9,27.9,70,5.2,南南東,0.3,1.53,曇,14.6
2025622,15:00,0.0,28.7,23.2,28.4,72,3.9,南東,0.0,0.45,曇,14.5
2025622,16:00,0.0,29.9,23.4,28.7,68,5.3,南東,0.1,0.84,曇,14.7
2025622,17:00,0.0,29.4,23.4,28.7,70,4.3,南南東,0.7,1.13,曇,14.6
2025622,18:00,0.0,28.4,23.5,29.0,75,3.8,南東,0.0,0.38,曇,15.2
2025622,19:00,0.0,27.5,23.3,28.6,78,5.4,南東,0.0,0.14,曇,16.4
2025622,20:00,0.0,27.2,23.5,28.9,80,6.0,南東,0.0,0.00,曇,17.0
2025622,21:00,0.0,27.0,23.7,29.2,82,3.9,南東,0.0,0.0,曇,16.3
2025622,22:00,0.0,27.0,23.7,29.2,82,3.7,南東,0.0,0.0,曇,16.2
2025622,23:00,0.0,27.0,23.9,29.6,83,5.0,南南東,0.0,0.0,雨,15.7
2025622,24:00,0.0,26.7,24.2,30.1,86,3.7,南東,0.0,0.0,曇,15.2
202571,01:00,0.0,25.7,23.9,29.7,90,2.4,南,0.0,0.0,,
202571,02:00,0.0,25.6,23.7,29.2,89,2.2,南,0.0,0.0,,
202571,03:00,0.0,25.8,23.9,29.6,89,2.3,南南西,0.0,0.0,快晴,25.0
202571,04:00,0.0,25.7,23.8,29.4,89,1.7,南南西,0.0,0.00,,
202571,05:00,0.0,25.6,24.0,29.9,91,2.9,南,0.0,0.02,,
202571,06:00,0.0,26.5,24.2,30.1,87,2.8,南南西,0.8,0.37,晴れ,15.0
202571,07:00,0.0,28.0,24.0,29.9,79,2.1,南,1.0,0.96,,
202571,08:00,0.0,29.5,24.6,30.9,75,1.7,南南西,1.0,1.75,,
202571,09:00,0.0,30.1,23.8,29.5,69,1.5,南,1.0,2.10,薄曇,15.0
202571,10:00,0.0,31.5,25.1,31.9,69,2.9,南南東,1.0,2.70,,
202571,11:00,0.0,31.6,25.0,31.6,68,5.1,南東,1.0,3.15,,
202571,12:00,0.0,32.6,25.7,33.0,67,4.3,南南東,1.0,2.96,薄曇,15.0
202571,13:00,0.0,32.7,25.3,32.2,65,5.5,南東,0.9,2.59,,
202571,14:00,0.0,30.6,25.0,31.6,72,5.2,南南東,0.7,2.08,,
202571,15:00,0.0,29.8,24.7,31.1,74,3.9,南,0.0,0.53,雷電,15.0
202571,16:00,0.0,29.8,24.7,31.1,74,2.8,南,0.0,0.53,,
202571,17:00,0.0,30.1,24.5,30.7,72,1.8,南南東,0.7,1.18,,
202571,18:00,0.0,28.9,24.9,31.5,79,3.9,南南東,0.5,0.67,曇,15.0
202571,19:00,0.0,27.7,25.0,31.6,85,3.3,南,0.0,0.03,,
202571,20:00,0.5,26.1,25.6,32.8,97,2.3,南,0.0,0.00,,
202571,21:00,0.0,25.9,25.4,32.4,97,1.6,南東,0.0,0.0,曇,15.0
202571,22:00,0.0,25.8,25.5,32.6,98,1.0,西南西,0.0,0.0,,
202571,23:00,0.0,26.0,25.5,32.6,97,1.1,東南東,0.0,0.0,,
202571,24:00,0.0,26.1,25.1,31.8,94,1.4,北北西,0.0,0.0,,
202572,01:00,0.0,28.4,24.0,29.8,77,0.9,南南東,0.0,0.0,晴れ,16.9
202572,02:00,0.0,28.1,23.3,28.5,75,1.1,南西,0.0,0.0,晴れ,15.0
202572,03:00,0.0,28.2,23.6,29.1,76,1.6,北西,0.0,0.0,晴れ,20.0
202572,04:00,0.0,27.4,23.4,28.8,79,0.5,南南西,0.0,0.0,晴れ,13.7
202572,05:00,0.0,27.2,24.1,30.0,83,1.2,南南西,0.0,0.00,晴れ,14.4
202572,06:00,0.0,27.5,23.7,29.4,80,0.5,西,0.0,0.07,晴れ,11.8
202572,07:00,0.0,28.2,23.6,29.1,76,1.0,南南西,1.0,0.51,晴れ,13.0
202572,08:00,0.0,29.4,23.8,29.5,72,1.2,北,1.0,1.19,晴れ,13.9
202572,09:00,0.0,30.5,24.4,30.6,70,2.7,北,1.0,1.90,晴れ,15.1
202572,10:00,0.0,31.2,25.1,31.8,70,4.3,北,1.0,2.56,晴れ,15.7
202572,11:00,0.0,31.7,25.3,32.3,69,3.8,北,1.0,2.99,晴れ,17.4
202572,12:00,0.0,31.7,24.8,31.3,67,5.2,北北西,1.0,3.27,晴れ,18.5
202572,13:00,0.0,31.6,24.2,30.2,65,4.6,北北西,1.0,3.41,晴れ,18.9
202572,14:00,0.0,31.7,24.8,31.3,67,4.2,北,1.0,3.19,晴れ,14.7
202572,15:00,0.0,31.9,24.8,31.2,66,4.5,北,1.0,2.89,晴れ,14.3
202572,16:00,0.0,31.4,26.0,33.6,73,5.7,北,0.6,1.94,曇,13.1
202572,17:00,0.0,30.7,26.0,33.6,76,4.5,北,0.8,1.45,曇,12.4
202572,18:00,0.0,29.7,25.0,31.7,76,2.2,北北東,0.7,0.86,晴れ,11.2
202572,19:00,0.0,29.7,24.6,30.9,74,3.5,北,0.6,0.37,晴れ,12.0
202572,20:00,0.0,29.1,24.9,31.4,78,2.0,北,0.0,0.03,晴れ,12.2
202572,21:00,0.0,29.1,24.7,31.0,77,1.7,北北西,0.0,0.00,曇,12.0
202572,22:00,0.0,29.1,24.7,31.0,77,1.4,南,0.0,0.0,晴れ,11.4
202572,23:00,0.0,29.0,24.8,31.3,78,1.0,北北西,0.0,0.0,晴れ,9.84
202572,24:00,0.0,28.9,24.5,30.7,77,1.3,南西,0.0,0.0,晴れ,9.52
202573,01:00,0.0,28.4,24.2,30.2,78,1.2,西北西,0.0,0.0,晴れ,9.28
202573,02:00,0.0,27.7,24.8,31.2,84,1.4,北,0.0,0.0,晴れ,8.49
202573,03:00,0.0,27.9,24.1,30.1,80,2.6,北北西,0.0,0.0,晴れ,9.82
202573,04:00,0.0,27.6,23.4,28.8,78,1.6,北北西,0.0,0.0,晴れ,10.9
202573,05:00,0.0,27.5,22.7,27.5,75,1.4,西南西,0.0,0.00,晴れ,14.2
202573,06:00,0.0,27.7,23.1,28.2,76,1.6,南南西,0.0,0.05,晴れ,12.3
202573,07:00,0.0,28.0,23.2,28.4,75,1.8,南,0.3,0.43,晴れ,14.3
202573,08:00,0.0,29.5,23.2,28.5,69,0.5,南南西,1.0,1.15,晴れ,16.9
202573,09:00,0.0,30.2,23.4,28.8,67,1.8,北北東,1.0,1.83,晴れ,16.7
202573,10:00,0.0,31.9,24.8,31.2,66,3.7,北北西,1.0,2.43,晴れ,20.0
202573,11:00,0.0,31.6,24.7,31.2,67,4.4,北,1.0,2.88,晴れ,20.0
202573,12:00,0.0,31.6,24.0,29.8,64,3.8,北,1.0,3.18,晴れ,20.0
202573,13:00,0.0,33.2,24.4,30.5,60,3.3,北,1.0,3.29,晴れ,20.0
202573,14:00,0.0,33.1,22.9,27.8,55,5.1,北西,1.0,3.24,晴れ,20.0
202573,15:00,0.0,32.7,24.5,30.7,62,6.2,北北西,1.0,2.86,晴れ,20.0
202573,16:00,0.0,32.5,23.7,29.4,60,4.8,北北西,1.0,2.33,晴れ,20.0
202573,17:00,0.0,31.9,24.2,30.3,64,3.9,北北西,1.0,1.52,晴れ,20.0
202573,18:00,0.0,31.1,24.3,30.3,67,3.7,北北西,1.0,1.01,晴れ,19.2
202573,19:00,0.0,30.0,25.3,32.3,76,3.0,北,0.4,0.40,晴れ,18.0
202573,20:00,0.0,29.7,25.5,32.5,78,2.8,北,0.0,0.03,晴れ,16.7
202573,21:00,0.0,29.3,25.5,32.6,80,2.6,北北西,0.0,0.00,晴れ,15.4
202573,22:00,0.0,29.4,25.2,32.0,78,2.2,北西,0.0,0.0,晴れ,16.8
202573,23:00,0.0,29.2,25.0,31.6,78,2.7,北西,0.0,0.0,晴れ,18.2
202573,24:00,0.0,29.0,24.8,31.3,78,1.6,西南西,0.0,0.0,晴れ,17.5
202574,01:00,0.0,24.9,21.6,25.8,82,4.5,南東,0.0,0.0,曇,16.2
202574,02:00,0.0,24.4,21.5,25.7,84,5.4,南南東,0.0,0.0,曇,13.1
202574,03:00,0.0,22.9,20.8,24.6,88,4.3,東南東,0.0,0.0,曇,9.52
202574,04:00,0.0,22.0,20.5,24.1,91,5.2,南東,0.0,0.00,曇,9.07
202574,05:00,0.0,22.4,20.5,24.1,89,3.8,南東,0.0,0.04,曇,10.7
202574,06:00,0.0,23.2,20.7,24.5,86,4.6,東南東,0.0,0.21,曇,15.7
202574,07:00,0.0,24.3,21.0,24.9,82,3.7,東,0.1,0.61,曇,17.9
202574,08:00,0.0,27.3,22.3,26.9,74,3.8,南東,0.2,0.84,曇,20.0
202574,09:00,0.0,28.1,21.9,26.2,69,4.7,南,0.1,0.92,曇,20.0
202574,10:00,0.0,28.0,21.8,26.1,69,4.5,南南西,0.0,0.53,曇,20.0
202574,11:00,0.0,27.6,23.2,28.4,77,3.4,南,0.0,0.63,雨,20.0
202574,12:00,0.0,28.2,23.1,28.3,74,3.9,南南東,0.0,0.94,曇,20.0
202574,13:00,0.0,28.2,22.7,27.5,72,2.8,南東,0.0,0.87,曇,20.0
202574,14:00,0.0,27.5,22.9,27.9,76,5.0,東南東,0.0,1.65,曇,20.0
202574,15:00,0.0,27.6,23.2,28.4,77,3.9,東南東,0.0,1.20,曇,20.0
202574,16:00,0.0,29.2,21.2,25.1,62,5.8,南,0.0,0.84,曇,20.0
202574,17:00,0.0,28.9,20.4,23.9,60,3.3,南南西,0.0,0.70,曇,20.0
202574,18:00,0.0,27.9,21.9,26.3,70,2.1,南,0.0,0.31,曇,20.0
202574,19:00,0.0,27.4,21.2,25.2,69,2.9,南南東,0.0,0.11,曇,20.0
202574,20:00,0.0,27.0,20.6,24.3,68,4.5,南南西,0.0,0.01,曇,20.0
202574,21:00,0.0,26.8,20.6,24.3,69,2.8,南西,0.0,0.0,曇,20.0
202574,22:00,0.0,24.6,21.3,25.4,82,3.3,南東,0.0,0.0,曇,20.0
202574,23:00,0.0,24.3,21.2,25.2,83,2.8,南東,0.0,0.0,曇,20.0
202574,24:00,0.0,23.9,21.2,25.2,85,2.5,東南東,0.0,0.0,曇,20.0
202575,01:00,0.0,23.7,21.2,25.2,86,2.5,南東,0.0,0.0,曇,20.0
202575,02:00,0.0,23.0,21.3,25.3,90,1.7,東,0.0,0.0,曇,20.0
202575,03:00,0.0,22.6,21.1,25.0,91,1.8,東南東,0.0,0.0,曇,20.0
202575,04:00,0.0,22.0,20.8,24.6,93,2.7,東南東,0.0,0.00,晴れ,20.0
202575,05:00,0.0,21.6,20.6,24.3,94,2.9,東南東,0.0,0.08,晴れ,20.0
202575,06:00,0.0,22.0,20.5,24.1,91,2.7,東,0.2,0.46,晴れ,20.0
202575,07:00,0.0,23.5,21.0,24.9,86,1.6,南東,0.7,1.24,晴れ,20.0
202575,08:00,0.0,24.5,20.8,24.6,80,2.6,東南東,1.0,1.90,晴れ,20.0
202575,09:00,0.0,25.9,21.4,25.4,76,3.5,南東,1.0,2.48,晴れ,20.0
202575,10:00,0.0,28.0,21.8,26.1,69,3.0,東,1.0,2.93,晴れ,20.0
202575,11:00,0.0,29.3,22.0,26.5,65,2.5,東北東,1.0,3.24,晴れ,20.0
202575,12:00,0.0,30.8,21.6,25.8,58,1.4,東北東,1.0,3.35,晴れ,20.0
202575,13:00,0.0,31.6,21.8,26.0,56,1.1,北北東,1.0,3.27,晴れ,20.0
202575,14:00,0.0,30.1,21.2,25.2,59,6.3,北西,0.9,2.84,晴れ,20.0
202575,15:00,0.0,29.5,21.7,26.0,63,5.3,北北西,1.0,2.63,晴れ,20.0
202575,16:00,0.0,27.9,21.2,25.2,67,6.1,北北西,0.6,1.75,晴れ,20.0
202575,17:00,0.0,26.3,21.5,25.7,75,4.9,北北西,1.0,1.25,晴れ,20.0
202575,18:00,0.0,25.9,21.4,25.4,76,2.6,北北西,0.2,0.46,曇,20.0
202575,19:00,0.0,25.4,21.5,25.6,79,2.9,北北西,0.0,0.13,曇,20.0
202575,20:00,0.0,25.1,21.6,25.8,81,1.7,北北東,0.0,0.00,曇,20.0
202575,21:00,0.0,25.0,21.5,25.7,81,1.8,北,0.0,0.0,曇,20.0
202575,22:00,0.0,24.5,21.6,25.8,84,1.0,東南東,0.0,0.0,曇,20.0
202575,23:00,0.0,24.8,21.3,25.4,81,1.9,南東,0.0,0.0,曇,20.0
202575,24:00,0.0,24.5,21.4,25.5,83,1.4,東南東,0.0,0.0,曇,20.0
202576,01:00,0.0,24.1,21.4,25.5,85,2.0,南南東,0.0,0.0,晴れ,20.0
202576,02:00,0.0,23.7,21.2,25.2,86,1.1,南南東,0.0,0.0,曇,20.0
202576,03:00,0.0,22.8,21.1,25.0,90,3.4,北北西,0.0,0.0,曇,20.0
202576,04:00,0.0,22.3,21.5,25.6,95,0.9,北北西,0.0,0.00,晴れ,13.2
202576,05:00,0.0,22.5,21.5,25.6,94,1.3,東,0.0,0.08,晴れ,14.2
202576,06:00,0.0,23.5,21.6,25.8,89,1.9,東南東,0.5,0.50,曇,20.0
202576,07:00,0.0,25.5,21.6,25.8,79,2.1,東南東,1.0,1.20,晴れ,20.0
202576,08:00,0.0,27.1,21.8,26.2,73,2.7,東,1.0,1.92,晴れ,20.0
202576,09:00,0.0,28.2,21.7,26.0,68,4.3,東南東,1.0,2.45,晴れ,20.0
202576,10:00,0.0,29.6,22.1,26.6,64,4.9,東南東,1.0,3.01,晴れ,20.0
202576,11:00,0.0,31.6,20.9,24.6,53,6.1,南,0.8,3.18,曇,20.0
202576,12:00,0.0,30.0,20.8,24.6,58,5.2,南南西,0.0,1.34,曇,20.0
202576,13:00,0.0,30.3,21.1,25.0,58,4.7,南,0.1,1.53,曇,20.0
202576,14:00,0.0,30.3,21.9,26.3,61,4.0,南南東,0.3,1.77,曇,20.0
202576,15:00,0.0,29.7,22.4,27.1,65,5.7,南南東,0.6,2.04,曇,20.0
202576,16:00,0.0,28.8,22.5,27.3,69,3.8,南東,0.2,1.09,曇,18.9
202576,17:00,0.0,29.8,22.8,27.7,66,4.4,南南東,0.7,1.29,晴れ,20.0
202576,18:00,0.0,29.3,21.8,26.1,64,4.0,南,0.4,0.52,晴れ,20.0
202576,19:00,0.0,28.6,21.9,26.2,67,4.2,南南東,0.0,0.13,曇,20.0
202576,20:00,0.0,26.6,21.8,26.1,75,3.9,南東,0.0,0.00,曇,20.0
202576,21:00,0.0,26.1,21.5,25.7,76,3.0,東南東,0.0,0.0,曇,20.0
202576,22:00,0.0,26.0,21.7,25.9,77,4.1,南東,0.0,0.0,曇,20.0
202576,23:00,0.0,26.4,21.6,25.8,75,4.4,南南東,0.0,0.0,曇,20.0
202576,24:00,0.0,25.2,21.5,25.7,80,3.7,東南東,0.0,0.0,晴れ,16.4
202578,01:00,0.0,27.8,25.2,32.1,86,4.0,南南東,0.0,0.0,曇,5.12
202578,02:00,0.0,27.6,25.2,32.1,87,2.5,南南東,0.0,0.0,晴れ,4.47
202578,03:00,0.0,27.3,25.3,32.3,89,3.4,南南東,0.0,0.0,晴れ,4.34
202578,04:00,0.0,26.8,24.8,31.4,89,3.2,南東,0.0,0.0,晴れ,4.24
202578,05:00,0.0,26.8,24.8,31.4,89,1.6,南東,0.0,0.0,晴れ,2.95
202578,06:00,0.0,27.4,24.9,31.4,86,1.4,南東,0.6,0.0,晴れ,3.58
202578,07:00,0.0,28.8,24.8,31.3,79,0.7,南南東,1.0,0.0,晴れ,4.66
202578,08:00,0.0,30.1,25.4,32.4,76,2.3,南東,0.8,0.0,晴れ,6.04
202578,09:00,0.0,31.3,24.4,30.6,67,3.4,南南東,0.6,0.0,晴れ,9.10
202578,10:00,0.0,31.0,24.4,30.6,68,2.8,西南西,0.5,0.0,晴れ,7.85
202578,11:00,0.0,31.7,24.6,30.9,66,2.5,西南西,0.6,0.0,晴れ,9.17
202578,12:00,0.0,31.1,25.5,32.5,72,3.6,西南西,0.2,0.0,晴れ,8.43
202578,13:00,0.0,31.1,25.2,32.1,71,3.6,西南西,0.1,0.0,曇,8.47
202578,14:00,0.0,32.6,26.2,34.0,69,3.6,西南西,0.3,0.0,曇,10.4
202578,15:00,0.0,32.3,26.1,33.9,70,5.8,西南西,1.0,0.0,晴れ,10.9
202578,16:00,0.5,30.3,26.5,34.6,80,5.6,西南西,0.6,0.0,雨,8.19
202578,17:00,0.0,30.6,26.3,34.3,78,5.8,西南西,0.8,0.0,晴れ,8.18
202578,18:00,0.0,31.5,23.3,28.7,62,5.3,南,1.0,0.0,晴れ,12.9
202578,19:00,0.0,30.5,22.9,28.0,64,4.9,南,0.3,0.0,晴れ,11.2
202578,20:00,0.0,29.7,23.9,29.6,71,6.3,南,0.0,0.0,晴れ,7.01
202578,21:00,0.0,28.8,25.2,32.1,81,4.9,南,0.0,0.0,晴れ,5.36
202578,22:00,0.0,28.6,25.0,31.7,81,3.9,南,0.0,0.0,晴れ,4.97
202578,23:00,0.0,28.4,25.4,32.5,84,4.3,南,0.0,0.0,晴れ,4.53
202578,24:00,0.0,28.1,25.1,32.0,84,4.2,南,0.0,0.0,晴れ,3.90
202579,01:00,0.0,27.9,25.2,32.0,85,4.7,南,0.0,0.0,晴れ,3.71
202579,02:00,0.0,27.8,25.1,31.8,85,3.8,南,0.0,0.0,晴れ,4.52
202579,03:00,0.0,27.5,25.0,31.6,86,4.4,南,0.0,0.0,晴れ,4.67
202579,04:00,0.0,27.5,25.0,31.6,86,3.7,南,0.0,0.0,晴れ,5.19
202579,05:00,0.0,27.5,25.0,31.6,86,4.0,南,0.0,0.0,晴れ,5.37
202579,06:00,0.0,28.1,24.5,30.8,81,4.4,南,0.2,0.0,晴れ,7.78
202579,07:00,0.0,29.5,25.0,31.8,77,3.6,南,1.0,0.0,晴れ,8.59
202579,08:00,0.0,29.9,25.0,31.7,75,5.1,南西,0.9,0.0,晴れ,9.19
202579,09:00,0.0,30.8,25.2,32.0,72,4.6,西南西,0.6,0.0,晴れ,9.34
202579,10:00,0.0,30.9,25.5,32.6,73,5.4,西南西,0.9,0.0,晴れ,9.10
202579,11:00,0.0,31.3,25.7,32.9,72,5.9,西南西,1.0,0.0,晴れ,7.98
202579,12:00,0.0,31.7,24.6,30.9,66,5.6,西南西,1.0,0.0,晴れ,7.30
202579,13:00,0.0,31.7,24.3,30.4,65,6.8,西南西,1.0,0.0,晴れ,6.46
202579,14:00,0.0,31.5,24.4,30.5,66,7.1,西南西,1.0,0.0,晴れ,6.52
202579,15:00,0.0,31.4,25.3,32.2,70,6.7,西南西,1.0,0.0,晴れ,16.2
202579,16:00,0.0,32.0,25.1,31.9,67,5.0,南南西,0.8,0.0,晴れ,15.4
202579,17:00,0.0,31.9,23.2,28.4,60,7.2,南,0.8,0.0,晴れ,20.0
202579,18:00,0.0,30.9,23.6,29.1,65,5.4,南,1.0,0.0,晴れ,20.0
202579,19:00,0.0,29.9,23.8,29.5,70,5.9,南,0.4,0.0,晴れ,20.0
202579,20:00,0.0,29.1,23.8,29.4,73,7.0,南,0.0,0.0,晴れ,20.0
202579,21:00,0.0,28.5,24.3,30.4,78,5.9,南南東,0.0,0.0,晴れ,20.0
202579,22:00,0.0,28.1,24.5,30.8,81,5.9,南,0.0,0.0,晴れ,20.0
202579,23:00,0.0,27.7,24.4,30.5,82,5.5,南南東,0.0,0.0,晴れ,20.0
202579,24:00,0.0,27.6,24.5,30.7,83,4.2,南,0.0,0.0,晴れ,20.0
2025711,01:00,0.0,20.3,15.9,18.1,76,0.6,南西,0.0,0.0,晴れ,20.0
2025711,02:00,0.0,19.5,14.8,16.8,74,2.3,南東,0.0,0.0,晴れ,20.0
2025711,03:00,0.0,19.3,14.6,16.6,74,2.5,南東,0.0,0.0,晴れ,20.0
2025711,04:00,0.0,18.9,14.4,16.4,75,3.5,南東,0.0,0.00,曇,20.0
2025711,05:00,0.0,18.9,14.6,16.6,76,3.6,南東,0.0,0.06,曇,20.0
2025711,06:00,0.0,19.4,15.1,17.1,76,3.4,南南東,0.0,0.20,曇,20.0
2025711,07:00,0.0,20.4,15.2,17.3,72,3.8,南南東,0.0,0.47,曇,20.0
2025711,08:00,0.0,21.0,15.1,17.2,69,3.1,南南東,0.0,0.85,曇,20.0
2025711,09:00,0.0,21.5,15.1,17.2,67,4.3,南南東,0.0,1.11,曇,20.0
2025711,10:00,0.0,22.2,14.8,16.9,63,5.3,南南東,0.1,1.87,曇,20.0
2025711,11:00,0.0,23.1,15.2,17.2,61,5.2,南南東,0.3,2.18,曇,20.0
2025711,12:00,0.0,24.7,15.4,17.4,56,4.4,南南東,0.9,3.19,晴れ,20.0
2025711,13:00,0.0,25.0,15.4,17.4,55,4.3,南東,1.0,3.49,晴れ,20.0
2025711,14:00,0.0,25.3,15.6,17.7,55,5.0,南南東,1.0,3.14,晴れ,20.0
2025711,15:00,0.0,24.0,14.7,16.7,56,5.0,東南東,0.7,2.31,晴れ,20.0
2025711,16:00,0.0,22.5,14.4,16.4,60,4.6,東南東,0.2,0.94,晴れ,20.0
2025711,17:00,0.0,21.6,14.3,16.3,63,4.5,東南東,0.6,1.08,晴れ,20.0
2025711,18:00,0.0,20.6,14.5,16.5,68,4.6,東南東,0.7,0.61,晴れ,20.0
2025711,19:00,0.0,19.1,14.4,16.4,74,4.7,南東,0.4,0.17,晴れ,20.0
2025711,20:00,0.0,18.1,13.8,15.8,76,3.8,南東,0.0,0.01,晴れ,20.0
2025711,21:00,0.0,17.7,13.8,15.8,78,4.1,南東,0.0,0.0,晴れ,20.0
2025711,22:00,0.0,17.5,13.8,15.8,79,3.9,南東,0.0,0.0,晴れ,20.0
2025711,23:00,0.0,17.5,13.6,15.6,78,4.2,南東,0.0,0.0,晴れ,20.0
2025711,24:00,0.0,17.4,13.5,15.5,78,3.9,南南東,0.0,0.0,晴れ,20.0
2025712,01:00,0.0,17.1,13.2,15.2,78,2.6,南東,0.0,0.0,晴れ,20.0
2025712,02:00,0.0,17.0,13.0,14.9,77,2.5,南南東,0.0,0.0,晴れ,20.0
2025712,03:00,0.0,16.6,13.0,14.9,79,3.3,南東,0.0,0.0,晴れ,20.0
2025712,04:00,0.0,16.4,12.8,14.7,79,1.5,南南東,0.0,0.00,晴れ,20.0
2025712,05:00,0.0,16.5,12.7,14.6,78,1.0,南南東,0.4,0.10,晴れ,20.0
2025712,06:00,0.0,16.8,12.6,14.5,76,1.4,南南東,0.1,0.31,晴れ,20.0
2025712,07:00,0.0,18.5,12.9,14.9,70,3.2,南東,0.4,0.83,晴れ,20.0
2025712,08:00,0.0,20.0,13.5,15.4,66,3.7,南東,1.0,1.92,晴れ,20.0
2025712,09:00,0.0,20.9,13.6,15.6,63,3.4,東南東,1.0,2.52,晴れ,20.0
2025712,10:00,0.0,22.4,13.7,15.7,58,4.5,東南東,1.0,3.00,晴れ,20.0
2025712,11:00,0.0,23.2,14.2,16.2,57,5.3,東南東,1.0,3.30,晴れ,20.0
2025712,12:00,0.0,23.7,14.4,16.4,56,4.2,東,1.0,3.42,晴れ,20.0
2025712,13:00,0.0,24.5,14.6,16.6,54,5.0,東南東,1.0,3.36,晴れ,20.0
2025712,14:00,0.0,24.7,14.5,16.5,53,4.0,東南東,1.0,3.11,晴れ,20.0
2025712,15:00,0.0,24.5,14.6,16.6,54,4.3,東南東,1.0,2.66,晴れ,20.0
2025712,16:00,0.0,24.2,14.6,16.6,55,3.8,東南東,1.0,2.10,晴れ,20.0
2025712,17:00,0.0,22.4,14.5,16.5,61,4.4,東南東,1.0,1.46,晴れ,20.0
2025712,18:00,0.0,20.8,14.5,16.5,67,4.3,東南東,0.9,0.76,晴れ,20.0
2025712,19:00,0.0,19.1,13.9,15.9,72,3.7,東南東,0.0,0.11,晴れ,20.0
2025712,20:00,0.0,18.2,13.7,15.7,75,3.2,東南東,0.0,0.01,曇,20.0
2025712,21:00,0.0,18.3,13.8,15.8,75,2.3,南東,0.0,0.0,曇,20.0
2025712,22:00,0.0,18.1,13.8,15.8,76,3.0,南東,0.0,0.0,曇,20.0
2025712,23:00,0.0,17.7,13.6,15.6,77,3.8,南東,0.0,0.0,曇,20.0
2025712,24:00,0.0,17.4,12.7,14.7,74,6.3,南東,0.0,0.0,曇,20.0
2025713,01:00,0.0,17.2,12.1,14.1,72,3.5,南東,0.0,0.0,晴れ,20.0
2025713,02:00,0.0,16.7,12.5,14.4,76,3.0,南東,0.0,0.0,晴れ,20.0
2025713,03:00,0.0,16.5,12.5,14.5,77,1.8,南東,0.0,0.0,曇,20.0
2025713,04:00,0.0,16.2,12.8,14.7,80,2.5,南東,0.0,0.00,曇,20.0
2025713,05:00,0.0,16.1,12.9,14.8,81,3.6,南東,0.0,0.07,曇,20.0
2025713,06:00,0.0,17.5,13.4,15.4,77,3.0,南東,0.9,0.74,晴れ,20.0
2025713,07:00,0.0,19.4,14.2,16.2,72,3.6,南東,0.8,0.94,曇,20.0
2025713,08:00,0.0,20.7,14.8,16.8,69,3.5,東南東,0.9,1.69,晴れ,20.0
2025713,09:00,0.0,22.8,15.7,17.8,64,3.6,東南東,1.0,2.47,晴れ,20.0
2025713,10:00,0.0,24.0,15.8,17.9,60,4.2,東南東,1.0,2.93,晴れ,20.0
2025713,11:00,0.0,24.4,16.4,18.6,61,4.8,東南東,1.0,2.97,晴れ,20.0
2025713,12:00,0.0,24.3,16.1,18.2,60,3.3,東南東,1.0,3.31,晴れ,20.0
2025713,13:00,0.0,25.7,16.6,18.8,57,3.3,東,1.0,3.14,晴れ,20.0
2025713,14:00,0.0,25.5,16.6,18.9,58,3.5,東,1.0,3.00,晴れ,20.0
2025713,15:00,0.0,25.8,16.7,18.9,57,2.7,東南東,1.0,2.40,晴れ,20.0
2025713,16:00,0.0,25.7,16.8,19.2,58,3.1,東,1.0,2.02,晴れ,20.0
2025713,17:00,0.0,25.3,17.3,19.7,61,2.4,東,1.0,1.41,晴れ,20.0
2025713,18:00,0.0,24.2,17.7,20.2,67,2.5,東南東,1.0,0.76,晴れ,20.0
2025713,19:00,0.0,22.3,17.5,19.9,74,3.1,東南東,0.5,0.19,晴れ,20.0
2025713,20:00,0.0,20.8,17.2,19.7,80,4.5,東南東,0.0,0.00,晴れ,20.0
2025713,21:00,0.0,20.7,17.3,19.8,81,4.5,南東,0.0,0.0,晴れ,20.0
2025713,22:00,0.0,20.8,17.4,19.9,81,3.9,南東,0.0,0.0,晴れ,20.0
2025713,23:00,0.0,20.7,17.3,19.8,81,3.8,南東,0.0,0.0,曇,20.0
2025713,24:00,0.0,20.5,17.3,19.8,82,4.5,南東,0.0,0.0,曇,20.0
2025714,01:00,0.0,25.3,24.3,30.3,94,3.3,南南東,0.0,0.0,,
2025714,02:00,0.0,25.3,24.1,30.0,93,1.4,南南東,0.0,0.0,,
2025714,03:00,0.0,25.9,24.5,30.8,92,1.8,東,0.0,0.0,曇,20.0
2025714,04:00,0.0,25.6,24.2,30.2,92,2.9,北東,0.0,0.0,,
2025714,05:00,0.0,25.3,23.9,29.7,92,2.6,北東,0.0,0.01,,
2025714,06:00,0.0,25.3,23.7,29.4,91,3.5,北東,0.0,0.10,曇,10.0
2025714,07:00,0.0,25.4,23.8,29.5,91,1.9,北,0.0,0.28,,
2025714,08:00,0.0,26.0,23.7,29.3,87,3.0,北西,0.0,0.40,,
2025714,09:00,0.0,27.1,23.8,29.4,82,2.8,北北西,0.0,0.83,雨,20.0
2025714,10:00,1.0,25.6,24.2,30.2,92,4.6,北西,0.0,0.48,,
2025714,11:00,3.0,25.2,24.5,30.8,96,3.2,北西,0.0,0.64,,
2025714,12:00,1.0,25.9,25.2,32.1,96,3.5,北西,0.0,0.66,雨,4.00
2025714,13:00,0.0,27.5,25.3,32.3,88,3.5,西北西,0.0,1.37,,
2025714,14:00,0.0,29.5,25.7,33.0,80,2.4,西北西,0.3,2.37,,
2025714,15:00,0.0,28.3,23.4,28.9,75,4.7,南,0.1,1.44,曇,20.0
2025714,16:00,0.0,29.3,24.6,31.0,76,3.6,南,0.4,1.61,,
2025714,17:00,0.0,29.3,23.3,28.5,70,6.0,南,0.7,1.09,,
2025714,18:00,0.0,28.7,23.2,28.4,72,6.4,南,0.9,0.67,晴れ,30.0
2025714,19:00,0.0,27.6,24.1,29.9,81,7.1,南,0.3,0.12,,
2025714,20:00,0.0,27.5,24.4,30.5,83,4.1,南,0.0,0.00,,
2025714,21:00,0.0,27.2,24.7,31.0,86,6.7,南南東,0.0,0.0,曇,30.0
2025714,22:00,0.0,27.7,24.6,30.8,83,8.0,南南東,0.0,0.0,,
2025714,23:00,0.0,27.5,24.6,30.9,84,7.1,南南東,0.0,0.0,,
2025714,24:00,0.0,27.3,24.6,30.9,85,8.0,南南東,0.0,0.0,,
2025719,01:00,0.0,24.6,21.9,26.3,85,1.4,北北西,0.0,0.0,曇,20.0
2025719,02:00,0.0,24.2,21.9,26.3,87,1.4,北北西,0.0,0.0,晴れ,20.0
2025719,03:00,0.0,23.7,21.6,25.8,88,1.6,北西,0.0,0.0,晴れ,19.4
2025719,04:00,0.0,22.5,21.1,25.1,92,0.8,北北東,0.0,0.00,晴れ,13.2
2025719,05:00,0.0,22.5,21.1,25.1,92,0.8,東南東,0.1,0.04,晴れ,17.7
2025719,06:00,0.0,24.2,21.1,25.1,83,1.9,南南西,1.0,0.45,晴れ,20.0
2025719,07:00,0.0,25.9,21.8,26.1,78,2.5,南南西,1.0,1.01,晴れ,20.0
2025719,08:00,0.0,26.6,21.4,25.4,73,3.0,南南東,1.0,1.64,晴れ,20.0
2025719,09:00,0.0,27.8,22.3,26.9,72,3.3,南,0.4,1.26,曇,20.0
2025719,10:00,0.0,27.9,21.9,26.3,70,2.6,南,0.7,1.73,曇,20.0
2025719,11:00,0.0,30.0,23.5,28.9,68,2.6,南東,1.0,3.00,晴れ,20.0
2025719,12:00,0.0,30.0,22.7,27.6,65,3.9,南南東,1.0,3.39,晴れ,20.0
2025719,13:00,0.0,30.8,22.9,28.0,63,3.5,南東,1.0,3.28,晴れ,20.0
2025719,14:00,0.0,30.6,21.4,25.5,58,3.9,南東,1.0,2.98,晴れ,20.0
2025719,15:00,0.0,29.3,22.3,26.9,66,3.6,南南東,1.0,2.32,晴れ,20.0
2025719,16:00,0.0,27.0,22.4,27.1,76,3.6,南東,1.0,1.71,晴れ,20.0
2025719,17:00,0.0,27.0,22.2,26.8,75,1.3,東,1.0,1.26,晴れ,20.0
2025719,18:00,0.0,26.7,22.1,26.6,76,2.3,東北東,1.0,0.66,晴れ,20.0
2025719,19:00,0.0,26.5,22.1,26.7,77,2.3,北北東,0.5,0.17,曇,20.0
2025719,20:00,0.0,26.3,22.2,26.7,78,1.5,北東,0.0,0.00,晴れ,20.0
2025719,21:00,0.0,26.0,22.3,26.9,80,2.3,北,0.0,0.0,晴れ,20.0
2025719,22:00,0.0,25.7,22.6,27.4,83,0.7,北,0.0,0.0,晴れ,20.0
2025719,23:00,0.0,25.6,22.7,27.6,84,0.9,東,0.0,0.0,晴れ,20.0
2025719,24:00,0.0,25.1,22.6,27.4,86,0.6,東南東,0.0,0.0,晴れ,20.0
2025720,01:00,0.0,24.8,22.7,27.6,88,0.7,東,0.0,0.0,曇,20.0
2025720,02:00,0.0,24.8,22.5,27.2,87,1.5,北,0.0,0.0,曇,20.0
2025720,03:00,0.0,24.7,22.6,27.4,88,0.7,東南東,0.0,0.0,曇,20.0
2025720,04:00,0.0,24.5,22.6,27.4,89,0.9,北北東,0.0,0.00,曇,20.0
2025720,05:00,0.0,24.4,22.7,27.5,90,0.6,東北東,0.0,0.02,曇,20.0
2025720,06:00,0.0,24.7,22.6,27.4,88,1.2,北北東,0.4,0.34,晴れ,20.0
2025720,07:00,0.0,26.3,23.0,28.1,82,1.2,北北東,1.0,1.06,晴れ,20.0
2025720,08:00,0.0,28.8,23.5,28.9,73,1.1,北東,1.0,1.74,晴れ,20.0
2025720,09:00,0.0,31.3,25.2,32.0,70,1.3,東南東,1.0,2.38,晴れ,20.0
2025720,10:00,0.0,31.5,24.4,30.5,66,2.2,南南東,1.0,2.89,晴れ,20.0
2025720,11:00,0.0,31.8,23.9,29.6,63,4.4,南東,1.0,3.30,晴れ,20.0
2025720,12:00,0.0,31.4,23.5,29.0,63,4.3,南東,1.0,2.97,晴れ,20.0
2025720,13:00,0.0,32.5,24.0,29.9,61,3.2,南東,1.0,2.61,晴れ,20.0
2025720,14:00,0.0,32.0,23.5,29.0,61,3.8,南東,1.0,2.82,晴れ,20.0
2025720,15:00,0.0,31.1,22.1,26.7,59,4.2,南南東,1.0,2.34,晴れ,20.0
2025720,16:00,0.0,32.2,22.9,27.9,58,2.8,南東,1.0,1.86,晴れ,20.0
2025720,17:00,0.0,31.9,21.7,26.0,55,3.9,南南東,1.0,1.43,晴れ,20.0
2025720,18:00,0.0,31.9,21.7,26.0,55,3.2,南,1.0,0.65,晴れ,20.0
2025720,19:00,0.0,30.3,22.5,27.2,63,3.0,南,0.5,0.12,晴れ,20.0
2025720,20:00,0.0,28.6,22.8,27.8,71,1.7,南南東,0.0,0.00,晴れ,20.0
2025720,21:00,0.0,26.6,22.9,27.9,80,1.7,南南東,0.0,0.0,晴れ,20.0
2025720,22:00,0.0,26.5,22.8,27.7,80,1.0,南東,0.0,0.0,晴れ,20.0
2025720,23:00,0.0,26.0,22.9,27.9,83,1.4,南南東,0.0,0.0,晴れ,20.0
2025720,24:00,0.0,25.7,23.0,28.1,85,1.0,東南東,0.0,0.0,晴れ,20.0
2025721,01:00,0.0,25.3,23.0,28.1,87,0.8,北北東,0.0,0.0,晴れ,20.0
2025721,02:00,0.0,25.2,22.9,27.9,87,0.4,北,0.0,0.0,晴れ,20.0
2025721,03:00,0.0,25.3,23.0,28.1,87,0.7,北北東,0.0,0.0,晴れ,20.0
2025721,04:00,0.0,25.2,22.7,27.6,86,0.7,南東,0.0,0.00,曇,20.0
2025721,05:00,0.0,25.3,22.8,27.7,86,0.2,静穏,0.0,0.02,曇,20.0
2025721,06:00,0.0,26.0,22.5,27.2,81,1.7,北,0.4,0.28,晴れ,20.0
2025721,07:00,0.0,27.5,23.1,28.3,77,1.1,南東,0.4,0.75,曇,20.0
2025721,08:00,0.0,29.4,22.9,27.9,68,1.4,南南東,0.7,1.42,晴れ,20.0
2025721,09:00,0.0,31.3,23.7,29.3,64,1.8,南南東,1.0,2.37,晴れ,20.0
2025721,10:00,0.0,33.0,24.8,31.2,62,2.4,南南東,1.0,2.89,晴れ,20.0
2025721,11:00,0.0,33.7,23.4,28.8,55,4.1,東南東,1.0,3.19,晴れ,20.0
2025721,12:00,0.0,34.9,20.8,24.6,44,4.7,南南東,1.0,3.33,晴れ,20.0
2025721,13:00,0.0,33.5,22.9,28.0,54,4.4,南東,1.0,3.36,晴れ,20.0
2025721,14:00,0.0,31.0,23.9,29.7,66,4.1,南東,0.8,2.53,曇,20.0
2025721,15:00,0.0,30.8,23.2,28.4,64,2.9,東南東,0.8,2.07,曇,20.0
2025721,16:00,0.0,31.4,22.1,26.7,58,3.1,南南東,0.7,1.60,曇,20.0
2025721,17:00,0.0,31.4,22.7,27.6,60,3.0,南南東,0.6,0.98,晴れ,20.0
2025721,18:00,0.0,31.9,23.2,28.4,60,2.8,南南東,0.7,0.50,晴れ,20.0
2025721,19:00,0.0,30.5,24.2,30.1,69,1.4,南南西,0.1,0.07,晴れ,20.0
2025721,20:00,0.0,30.3,24.2,30.2,70,1.7,東南東,0.0,0.00,晴れ,20.0
2025721,21:00,0.0,28.4,24.0,29.8,77,2.6,南南東,0.0,0.0,晴れ,20.0
2025721,22:00,0.0,27.4,24.1,29.9,82,1.5,南南東,0.0,0.0,晴れ,20.0
2025721,23:00,0.0,27.1,24.2,30.1,84,1.1,南東,0.0,0.0,晴れ,20.0
2025721,24:00,0.0,26.5,24.0,29.8,86,1.6,南南西,0.0,0.0,晴れ,20.0
2025726,01:00,0.0,26.5,21.0,24.9,72,1.1,西北西,0.0,0.0,雨,20.0
2025726,02:00,0.0,26.4,21.2,25.1,73,1.6,北北西,0.0,0.0,雨,20.0
2025726,03:00,0.0,26.1,22.0,26.4,78,1.0,北北西,0.0,0.0,雨,20.0
2025726,04:00,0.0,25.4,21.9,26.3,81,1.3,東北東,0.0,0.00,雨,20.0
2025726,05:00,0.0,24.5,22.2,26.8,87,1.1,東南東,0.0,0.00,雨,11.5
2025726,06:00,1.0,23.8,22.6,27.4,93,2.1,東,0.0,0.07,雨,13.4
2025726,07:00,0.0,24.3,22.4,27.0,89,1.4,南南東,0.0,0.22,雨,20.0
2025726,08:00,0.0,24.7,22.4,27.1,87,1.8,南東,0.0,0.40,雨,20.0
2025726,09:00,0.0,25.7,21.8,26.1,79,3.3,南南東,0.0,0.69,曇,20.0
2025726,10:00,0.0,26.5,21.7,26.0,75,3.4,南,0.0,0.89,曇,20.0
2025726,11:00,0.0,27.4,22.4,27.0,74,4.3,南南東,0.0,0.97,曇,20.0
2025726,12:00,0.0,27.4,21.9,26.3,72,4.7,南南東,0.0,0.71,曇,20.0
2025726,13:00,0.0,27.5,22.2,26.8,73,3.7,南東,0.0,0.56,曇,20.0
2025726,14:00,0.0,27.0,22.4,27.1,76,3.2,東南東,0.0,0.49,曇,20.0
2025726,15:00,1.0,25.6,23.5,28.9,88,4.6,東南東,0.0,0.28,雨,20.0
2025726,16:00,0.0,25.6,23.3,28.6,87,3.6,東南東,0.0,0.47,曇,20.0
2025726,17:00,0.0,25.6,22.9,27.9,85,4.4,東南東,0.0,0.50,曇,20.0
2025726,18:00,0.0,25.8,22.7,27.6,83,4.3,南東,0.0,0.07,曇,20.0
2025726,19:00,0.0,25.8,22.5,27.2,82,1.7,南東,0.0,0.02,雨,20.0
2025726,20:00,0.5,24.6,23.0,28.2,91,2.2,南東,0.0,0.00,雨,15.3
2025726,21:00,0.0,24.6,23.0,28.2,91,2.6,南東,0.0,0.0,雨,16.0
2025726,22:00,0.0,24.6,23.0,28.2,91,2.7,南東,0.0,0.0,曇,20.0
2025726,23:00,0.0,25.0,22.9,27.9,88,3.1,南南東,0.0,0.0,曇,20.0
2025726,24:00,0.0,25.5,22.8,27.7,85,2.8,南南東,0.0,0.0,曇,20.0
2025727,01:00,1.0,24.5,23.3,28.6,93,1.6,北北東,0.0,0.0,雨,5.63
2025727,02:00,0.5,24.2,23.4,28.7,95,1.8,西北西,0.0,0.0,雨,16.3
2025727,03:00,0.5,24.1,23.8,29.4,98,1.4,東,0.0,0.0,雨,5.60
2025727,04:00,2.5,24.0,23.5,29.0,97,2.1,南,0.0,0.00,雨,4.64
2025727,05:00,4.0,23.6,23.4,28.8,99,0.6,北北東,0.0,0.01,雨,8.25
2025727,06:00,6.0,23.4,23.2,28.5,99,1.5,北北東,0.0,0.03,雨,2.59
2025727,07:00,10.0,23.3,23.0,28.0,98,1.7,南南東,0.0,0.10,雨,6.51
2025727,08:00,2.0,23.3,22.8,27.8,97,1.2,東南東,0.0,0.12,雨,6.10
2025727,09:00,1.5,24.2,23.4,28.7,95,0.4,東北東,0.0,0.39,曇,19.3
2025727,10:00,0.0,25.7,23.9,29.7,90,0.9,北,0.1,1.06,曇,20.0
2025727,11:00,0.0,26.7,23.6,29.1,83,2.2,北,0.2,1.60,曇,20.0
2025727,12:00,0.0,28.5,22.5,27.3,70,3.4,北西,0.3,1.89,曇,20.0
2025727,13:00,0.0,28.8,22.5,27.3,69,3.3,北西,0.7,2.85,晴れ,20.0
2025727,14:00,0.0,29.2,23.2,28.4,70,3.7,北北西,0.7,2.87,晴れ,20.0
2025727,15:00,0.0,28.1,23.0,28.1,74,4.3,北北西,0.1,1.33,曇,20.0
2025727,16:00,0.0,27.4,23.0,28.1,77,3.1,北西,0.0,0.84,曇,20.0
2025727,17:00,0.0,27.1,23.4,28.7,80,4.4,北北西,0.2,0.87,曇,20.0
2025727,18:00,0.0,26.1,23.2,28.4,84,3.5,北北西,0.2,0.45,晴れ,20.0
2025727,19:00,0.0,25.4,22.7,27.6,85,4.3,北北西,0.0,0.06,曇,20.0
2025727,20:00,0.0,25.2,22.9,27.9,87,3.5,北北西,0.0,0.00,曇,20.0
2025727,21:00,0.0,25.1,22.8,27.7,87,3.2,北北西,0.0,0.0,曇,20.0
2025727,22:00,0.0,24.9,22.6,27.4,87,3.5,北北西,0.0,0.0,曇,20.0
2025727,23:00,0.0,24.8,22.5,27.2,87,3.1,北,0.0,0.0,曇,20.0
2025727,24:00,0.0,24.9,22.6,27.4,87,1.9,北北西,0.0,0.0,曇,20.0
2025729,01:00,0.0,23.7,22.7,27.6,94,0.2,静穏,0.0,0.0,曇,16.0
2025729,02:00,0.0,23.6,22.2,26.8,92,0.2,静穏,0.0,0.0,曇,20.0
2025729,03:00,0.0,22.9,22.4,27.1,97,0.3,北東,0.0,0.0,雨,6.73
2025729,04:00,0.0,23.2,22.7,27.6,97,0.9,南南西,0.0,0.00,雨,11.4
2025729,05:00,0.0,23.5,22.7,27.5,95,1.5,南南東,0.0,0.02,曇,20.0
2025729,06:00,0.0,24.2,22.8,27.8,92,0.1,静穏,0.0,0.17,曇,20.0
2025729,07:00,0.0,24.9,23.0,28.0,89,0.8,東,0.0,0.51,曇,20.0
2025729,08:00,0.0,26.3,22.8,27.7,81,1.3,北,0.3,1.26,曇,20.0
2025729,09:00,0.0,27.5,23.1,28.3,77,1.9,北北東,0.5,1.87,曇,20.0
2025729,10:00,0.0,28.0,23.4,28.7,76,1.2,北北東,0.0,1.18,曇,18.7
2025729,11:00,0.0,27.7,23.5,29.0,78,3.6,北,0.0,0.83,雨,19.2
2025729,12:00,0.0,27.0,24.1,30.0,84,3.4,北西,0.0,0.22,雨,14.6
2025729,13:00,0.0,27.4,23.6,29.2,80,2.0,北西,0.0,0.51,曇,20.0
2025729,14:00,0.0,28.4,23.3,28.6,74,2.5,北北西,0.0,1.05,曇,20.0
2025729,15:00,0.0,27.6,23.0,28.1,76,3.6,北北西,0.0,1.20,曇,20.0
2025729,16:00,0.0,28.6,23.1,28.2,72,3.8,北北西,0.7,1.53,曇,20.0
2025729,17:00,0.0,27.9,23.1,28.2,75,3.8,北北西,1.0,1.27,晴れ,20.0
2025729,18:00,0.0,26.5,23.6,29.1,84,3.6,北北西,0.8,0.54,晴れ,20.0
2025729,19:00,0.0,25.8,23.5,28.9,87,2.0,北北西,0.0,0.10,晴れ,20.0
2025729,20:00,0.0,25.2,23.6,29.2,91,0.7,北北東,0.0,0.00,晴れ,20.0
2025729,21:00,0.0,25.4,23.5,28.9,89,0.5,北西,0.0,0.0,晴れ,20.0
2025729,22:00,0.0,25.1,23.2,28.4,89,1.9,南東,0.0,0.0,晴れ,19.9
2025729,23:00,0.0,24.9,23.2,28.3,90,2.4,東南東,0.0,0.0,晴れ,20.0
2025729,24:00,0.0,24.6,22.3,26.9,87,1.6,東南東,0.0,0.0,晴れ,20.0
2025730,01:00,0.0,24.2,22.3,26.9,89,0.9,南南東,0.0,0.0,晴れ,20.0
2025730,02:00,0.0,24.1,22.0,26.4,88,1.6,南東,0.0,0.0,晴れ,20.0
2025730,03:00,0.0,24.1,22.0,26.4,88,1.6,南東,0.0,0.0,晴れ,20.0
2025730,04:00,0.0,24.0,21.9,26.3,88,1.0,南南東,0.0,0.00,晴れ,20.0
2025730,05:00,0.0,23.6,22.4,27.1,93,0.8,北西,0.1,0.05,曇,19.6
2025730,06:00,0.0,24.8,22.1,26.6,85,1.0,東南東,1.0,0.46,晴れ,20.0
2025730,07:00,0.0,26.7,21.9,26.3,75,2.3,南南東,0.7,0.79,晴れ,20.0
2025730,08:00,0.0,28.3,22.1,26.6,69,2.3,南東,1.0,1.69,晴れ,20.0
2025730,09:00,0.0,29.5,23.0,28.0,68,3.5,南東,1.0,2.29,晴れ,20.0
2025730,10:00,0.0,30.5,22.4,27.1,62,3.9,南東,1.0,2.87,晴れ,20.0
2025730,11:00,0.0,30.7,22.6,27.4,62,5.3,南東,0.9,2.74,晴れ,20.0
2025730,12:00,0.0,31.5,23.1,28.2,61,5.3,南南東,1.0,3.28,晴れ,20.0
2025730,13:00,0.0,32.5,22.3,26.9,55,5.4,南南東,0.9,3.07,晴れ,20.0
2025730,14:00,0.0,32.1,22.5,27.3,57,5.3,南南東,1.0,3.19,晴れ,20.0
2025730,15:00,0.0,31.3,22.6,27.4,60,4.7,南南東,0.4,1.85,曇,20.0
2025730,16:00,0.0,30.3,22.2,26.8,62,4.2,東南東,0.8,1.70,晴れ,20.0
2025730,17:00,0.0,29.2,21.4,25.5,63,4.6,南東,1.0,1.30,晴れ,20.0
2025730,18:00,0.0,27.6,21.4,25.5,69,4.0,南東,0.9,0.57,晴れ,20.0
2025730,19:00,0.0,26.5,21.0,24.9,72,3.8,東南東,0.0,0.07,晴れ,20.0
2025730,20:00,0.0,25.2,20.7,24.4,76,4.2,南東,0.0,0.00,晴れ,20.0
2025730,21:00,0.0,25.1,20.8,24.5,77,4.1,南東,0.0,0.0,晴れ,20.0
2025730,22:00,0.0,24.8,20.9,24.7,79,3.7,南南東,0.0,0.0,晴れ,20.0
2025730,23:00,0.0,24.0,21.1,25.1,84,4.3,南東,0.0,0.0,晴れ,20.0
2025730,24:00,0.0,23.8,21.5,25.7,87,3.5,南東,0.0,0.0,曇,20.0
2025731,01:00,0.0,23.7,21.4,25.5,87,3.7,南東,0.0,0.0,晴れ,20.0
2025731,02:00,0.0,23.7,21.6,25.8,88,3.1,南東,0.0,0.0,曇,20.0
2025731,03:00,0.0,23.6,21.3,25.3,87,4.0,南東,0.0,0.0,曇,20.0
2025731,04:00,0.0,23.6,21.3,25.3,87,3.6,南東,0.0,0.00,晴れ,20.0
2025731,05:00,0.0,23.5,21.0,24.9,86,4.4,南南東,0.0,0.03,曇,20.0
2025731,06:00,0.0,24.4,21.5,25.7,84,4.3,南南東,0.4,0.32,晴れ,20.0
2025731,07:00,0.0,25.8,22.1,26.6,80,2.6,南東,0.8,0.97,晴れ,20.0
2025731,08:00,0.0,26.3,21.5,25.7,75,3.8,南東,0.9,1.45,晴れ,20.0
2025731,09:00,0.0,27.2,21.9,26.3,73,4.7,南東,0.2,1.37,曇,20.0
2025731,10:00,0.0,26.5,22.1,26.7,77,4.4,南南東,0.1,0.71,曇,20.0
2025731,11:00,0.0,28.4,22.4,27.1,70,5.0,南東,0.3,1.97,曇,20.0
2025731,12:00,0.0,28.5,22.3,26.9,69,6.5,南南東,0.9,3.01,晴れ,20.0
2025731,13:00,0.0,29.2,22.4,27.2,67,6.9,南南東,1.0,3.01,晴れ,20.0
2025731,14:00,0.0,29.1,22.1,26.6,66,7.7,南南東,0.9,2.56,晴れ,20.0
2025731,15:00,0.0,29.5,22.0,26.4,64,8.3,南南東,1.0,2.45,晴れ,20.0
2025731,16:00,0.0,28.3,21.3,25.4,66,7.6,南南東,0.8,1.63,曇,20.0
2025731,17:00,0.0,27.8,21.4,25.4,68,5.0,南南東,0.0,0.42,曇,20.0
2025731,18:00,0.0,27.4,21.4,25.6,70,3.9,南南東,0.0,0.32,曇,20.0
2025731,19:00,0.0,26.7,21.0,24.9,71,3.3,南東,0.0,0.10,曇,20.0
2025731,20:00,0.0,26.0,21.0,24.9,74,4.2,南南東,0.0,0.00,曇,20.0
2025731,21:00,0.0,25.8,20.8,24.6,74,4.6,南南東,0.0,0.0,曇,20.0
2025731,22:00,0.0,25.7,20.7,24.4,74,4.6,南南東,0.0,0.0,曇,20.0
2025731,23:00,0.0,25.5,20.8,24.5,75,4.4,南南東,0.0,0.0,曇,20.0
2025731,24:00,0.0,25.1,20.4,23.9,75,4.5,南東,0.0,0.0,曇,20.0
202581,01:00,0.0,29.2,24.1,30.0,74,2.9,西南西,0.0,0.0,,
202581,02:00,0.0,29.1,23.3,28.6,71,2.0,西南西,0.0,0.0,,
202581,03:00,0.0,29.4,22.6,27.5,67,1.9,南南西,0.0,0.0,曇,20.0
202581,04:00,0.0,28.6,23.1,28.2,72,1.8,南西,0.0,0.0,,
202581,05:00,0.0,28.6,23.3,28.6,73,2.0,南南西,0.0,0.00,,
202581,06:00,0.0,28.6,23.3,28.6,73,2.8,南西,0.2,0.10,晴れ,20.0
202581,07:00,0.0,29.2,23.9,29.6,73,1.7,南西,1.0,0.59,,
202581,08:00,0.0,29.5,23.7,29.3,71,1.6,南南西,0.4,0.84,,
202581,09:00,0.0,30.0,23.9,29.7,70,1.0,南西,0.1,0.74,曇,20.0
202581,10:00,0.0,31.0,23.9,29.7,66,1.9,西北西,0.2,1.23,,
202581,11:00,0.0,32.4,23.9,29.7,61,1.3,西北西,0.4,2.02,,
202581,12:00,0.0,34.4,23.8,29.4,54,1.1,北東,0.7,2.48,晴れ,20.0
202581,13:00,0.0,35.7,24.6,31.0,53,2.9,南西,0.6,2.32,,
202581,14:00,0.0,35.2,23.9,29.6,52,3.2,南西,1.0,3.15,,
202581,15:00,0.0,34.7,24.3,30.4,55,3.5,南西,1.0,2.73,快晴,20.0
202581,16:00,0.0,34.3,24.0,29.8,55,4.2,南西,1.0,2.15,,
202581,17:00,0.0,34.0,23.7,29.3,55,3.8,南西,1.0,1.48,,
202581,18:00,0.0,33.7,24.0,29.8,57,2.5,西南西,0.5,0.59,晴れ,15.0
202581,19:00,0.0,33.0,21.5,25.7,51,4.1,北,0.2,0.09,,
202581,20:00,0.0,32.0,21.2,25.2,53,4.3,北,0.0,0.00,,
202581,21:00,0.0,30.7,21.2,25.2,57,3.4,北,0.0,0.0,晴れ,15.0
202581,22:00,0.0,30.0,21.7,25.9,61,3.3,北北東,0.0,0.0,,
202581,23:00,0.0,29.6,22.3,27.0,65,4.0,北,0.0,0.0,,
202581,24:00,0.0,29.2,22.4,27.2,67,2.6,北北東,0.0,0.0,,
202582,01:00,0.0,29.1,22.1,26.6,66,2.0,北西,0.0,0.0,,
202582,02:00,0.0,28.8,22.5,27.3,69,2.3,北西,0.0,0.0,,
202582,03:00,0.0,28.5,22.7,27.6,71,1.8,北北西,0.0,0.0,晴れ,15.0
202582,04:00,0.0,28.3,22.3,26.9,70,2.0,北北西,0.0,0.0,,
202582,05:00,0.0,28.3,22.1,26.6,69,1.8,北北西,0.0,0.00,,
202582,06:00,0.0,28.3,22.1,26.6,69,1.9,北北西,0.3,0.09,快晴,15.0
202582,07:00,0.0,29.0,22.3,26.9,67,1.4,北北東,1.0,0.67,,
202582,08:00,0.0,30.0,22.4,27.2,64,2.1,北北東,1.0,1.38,,
202582,09:00,0.0,31.2,21.7,25.9,57,3.6,北,1.0,2.16,晴れ,15.0
202582,10:00,0.0,32.2,22.0,26.5,55,4.1,北,0.6,2.20,,
202582,11:00,0.0,32.7,22.2,26.7,54,4.0,北北東,0.1,1.70,,
202582,12:00,0.0,33.0,21.5,25.7,51,2.9,北,0.0,1.51,曇,30.0
202582,13:00,0.0,35.5,22.1,26.6,46,3.2,北北東,0.6,2.87,,
202582,14:00,0.0,35.6,21.8,26.2,45,2.4,北,0.5,2.48,,
202582,15:00,0.0,37.0,22.0,26.4,42,2.9,北,0.9,2.67,晴れ,30.0
202582,16:00,0.0,36.8,21.0,24.8,40,3.0,北,0.9,2.06,,
202582,17:00,0.0,34.7,19.5,22.7,41,4.3,北北東,1.0,1.54,,
202582,18:00,0.0,33.9,20.7,24.3,46,4.3,北北東,1.0,0.81,快晴,30.0
202582,19:00,0.0,32.4,20.7,24.3,50,4.5,北,0.8,0.19,,
202582,20:00,0.0,31.3,21.2,25.1,55,4.5,北北東,0.0,0.00,,
202582,21:00,0.0,30.7,22.0,26.5,60,3.9,北北東,0.0,0.0,快晴,20.0
202582,22:00,0.0,30.0,21.9,26.3,62,3.8,北北東,0.0,0.0,,
202582,23:00,0.0,29.5,22.0,26.4,64,2.7,北北東,0.0,0.0,,
202582,24:00,0.0,29.3,22.3,26.9,66,2.3,北,0.0,0.0,,
202583,01:00,0.0,28.9,22.6,27.5,69,3.2,北北東,0.0,0.0,,
202583,02:00,0.0,28.5,22.7,27.6,71,2.7,北,0.0,0.0,,
202583,03:00,0.0,28.2,22.9,27.9,73,2.7,北北東,0.0,0.0,快晴,20.0
202583,04:00,0.0,28.0,22.9,28.0,74,2.7,北北東,0.0,0.0,,
202583,05:00,0.0,28.1,23.3,28.5,75,1.5,北北東,0.0,0.00,,
202583,06:00,0.0,28.0,23.6,29.1,77,1.3,北東,0.5,0.11,快晴,15.0
202583,07:00,0.0,28.9,23.6,29.1,73,1.2,北北東,1.0,0.64,,
202583,08:00,0.0,29.7,23.6,29.2,70,2.1,北,0.7,1.12,,
202583,09:00,0.0,30.6,23.5,29.0,66,1.3,北北東,0.6,1.63,晴れ,25.0
202583,10:00,0.0,31.4,23.2,28.5,62,2.4,東北東,0.2,1.23,,
202583,11:00,0.0,32.1,23.1,28.2,59,1.8,北東,0.0,1.16,,
202583,12:00,0.0,34.2,23.9,29.6,55,1.2,北北東,0.3,1.89,晴れ,25.0
202583,13:00,0.0,35.1,24.1,30.0,53,2.6,南,0.8,3.06,,
202583,14:00,0.0,36.4,24.0,29.8,49,2.8,西北西,1.0,3.19,,
202583,15:00,0.0,36.0,22.6,27.3,46,3.9,南南西,1.0,2.79,快晴,20.0
202583,16:00,0.0,35.3,23.6,29.2,51,3.7,南西,1.0,2.20,,
202583,17:00,0.0,33.6,22.4,27.1,52,4.5,西南西,1.0,1.51,,
202583,18:00,0.0,32.7,21.9,26.2,53,4.2,南西,1.0,0.78,晴れ,20.0
202583,19:00,0.0,31.9,21.4,25.5,54,3.6,南西,0.2,0.11,,
202583,20:00,0.0,31.1,23.2,28.5,63,2.5,西南西,0.0,0.00,,
202583,21:00,0.0,30.5,23.7,29.3,67,2.5,西北西,0.0,0.0,快晴,15.0
202583,22:00,0.0,30.5,23.4,28.8,66,1.8,西,0.0,0.0,,
202583,23:00,0.0,30.4,22.8,27.8,64,1.9,南西,0.0,0.0,,
202583,24:00,0.0,30.1,23.1,28.2,66,1.8,西,0.0,0.0,,
202585,01:00,0.0,25.8,23.1,28.2,85,3.2,南東,0.0,0.0,曇,20.0
202585,02:00,0.0,25.3,23.5,29.0,90,3.8,東南東,0.0,0.0,雨,13.5
202585,03:00,1.5,24.4,23.7,29.3,96,4.0,南東,0.0,0.0,雨,10.6
202585,04:00,2.0,24.4,23.6,29.0,95,4.3,南東,0.0,0.00,雨,17.4
202585,05:00,0.0,24.6,23.6,29.1,94,3.5,南南東,0.0,0.00,曇,20.0
202585,06:00,0.0,24.5,23.5,28.9,94,1.5,東南東,0.0,0.13,曇,20.0
202585,07:00,0.0,25.1,22.6,27.4,86,4.2,南東,0.0,0.19,曇,20.0
202585,08:00,0.0,25.7,23.4,28.7,87,1.9,北西,0.0,0.36,雨,16.8
202585,09:00,0.0,26.0,22.9,27.9,83,2.6,東南東,0.0,0.47,曇,20.0
202585,10:00,0.0,27.4,22.1,26.7,73,0.8,東北東,0.0,1.16,曇,20.0
202585,11:00,0.0,27.0,23.1,28.2,79,3.8,北北東,0.2,1.11,雨,20.0
202585,12:00,0.0,28.0,22.0,26.5,70,2.8,北北西,0.5,1.89,晴れ,20.0
202585,13:00,0.0,28.0,22.0,26.5,70,5.5,北北西,0.7,2.68,晴れ,20.0
202585,14:00,0.0,28.5,22.5,27.3,70,4.4,北北西,0.4,1.94,曇,20.0
202585,15:00,0.0,27.7,21.7,26.0,70,4.7,北北西,0.2,1.33,曇,20.0
202585,16:00,0.0,27.4,21.7,25.9,71,5.1,北北西,0.0,0.61,曇,20.0
202585,17:00,0.0,27.1,22.1,26.5,74,4.7,北北西,0.1,0.58,晴れ,20.0
202585,18:00,0.0,26.5,22.8,27.7,80,3.7,北北西,0.0,0.20,雨,20.0
202585,19:00,0.0,26.1,21.8,26.0,77,3.5,北北西,0.0,0.02,曇,20.0
202585,20:00,0.0,25.8,21.7,25.9,78,3.2,北北西,0.0,0.00,曇,20.0
202585,21:00,0.0,25.5,21.6,25.8,79,1.8,北北西,0.0,0.0,曇,20.0
202585,22:00,0.0,25.1,21.8,26.1,82,1.1,西,0.0,0.0,曇,20.0
202585,23:00,0.0,25.2,21.7,26.0,81,1.1,北北西,0.0,0.0,曇,20.0
202585,24:00,0.0,24.7,21.6,25.8,83,0.9,南,0.0,0.0,曇,20.0
202586,01:00,0.0,24.1,21.6,25.8,86,0.8,南南西,0.0,0.0,晴れ,20.0
202586,02:00,0.0,23.8,21.7,26.0,88,1.4,南,0.0,0.0,曇,20.0
202586,03:00,0.0,24.0,20.9,24.8,83,2.1,南南東,0.0,0.0,曇,20.0
202586,04:00,0.0,24.0,20.7,24.5,82,1.2,南南東,0.0,0.00,曇,20.0
202586,05:00,0.0,23.1,20.1,23.5,83,1.4,南,0.0,0.02,曇,20.0
202586,06:00,0.0,23.9,20.0,23.4,79,1.7,南南東,0.6,0.38,曇,20.0
202586,07:00,0.0,24.8,19.9,23.2,74,3.2,東南東,0.4,0.64,曇,20.0
202586,08:00,0.0,26.1,19.5,22.7,67,3.3,南東,0.3,1.02,曇,20.0
202586,09:00,0.0,27.3,20.4,24.0,66,2.6,南南東,0.1,1.02,曇,20.0
202586,10:00,0.0,28.2,21.3,25.3,66,1.5,南,0.1,1.37,曇,20.0
202586,11:00,0.0,29.0,19.1,22.0,55,2.7,南,0.5,2.22,曇,20.0
202586,12:00,0.0,30.0,19.1,22.1,52,2.8,南南東,0.3,1.88,曇,20.0
202586,13:00,0.0,29.1,20.3,23.8,59,2.6,南東,0.0,0.82,雨,20.0
202586,14:00,0.0,29.1,19.7,23.0,57,3.4,北北西,0.0,0.80,曇,20.0
202586,15:00,0.0,28.0,19.8,23.1,61,2.5,北北西,0.0,0.27,雨,20.0
202586,16:00,0.0,27.5,19.8,23.1,63,0.7,北,0.0,0.42,雨,20.0
202586,17:00,0.0,24.7,18.2,20.9,67,1.3,南西,0.0,0.21,雨,20.0
202586,18:00,1.5,22.9,20.6,24.3,87,1.2,東南東,0.0,0.05,雨,20.0
202586,19:00,0.0,22.8,20.5,24.2,87,1.9,西,0.0,0.01,雨,20.0
202586,20:00,0.0,23.2,20.5,24.2,85,1.8,南南東,0.0,0.00,曇,20.0
202586,21:00,0.0,22.9,20.6,24.3,87,2.8,南東,0.0,0.0,曇,20.0
202586,22:00,0.0,22.9,20.3,23.7,85,3.4,東南東,0.0,0.0,曇,20.0
202586,23:00,0.0,22.8,20.2,23.6,85,1.4,南東,0.0,0.0,曇,20.0
202586,24:00,0.0,23.2,20.4,23.9,84,3.2,南東,0.0,0.0,曇,20.0
202587,01:00,0.0,23.4,20.4,23.9,83,2.4,南東,0.0,0.0,曇,20.0
202587,02:00,0.0,23.2,20.4,23.9,84,3.5,南東,0.0,0.0,曇,20.0
202587,03:00,0.0,23.2,20.9,24.7,87,2.3,南東,0.0,0.0,雨,20.0
202587,04:00,0.0,23.0,20.5,24.2,86,3.4,南南東,0.0,0.00,雨,20.0
202587,05:00,0.0,22.6,20.9,24.7,90,3.6,南南東,0.0,0.01,雨,20.0
202587,06:00,0.0,23.0,20.9,24.7,88,2.5,南南東,0.1,0.24,曇,20.0
202587,07:00,0.0,23.7,21.2,25.2,86,3.3,南東,0.0,0.42,曇,20.0
202587,08:00,0.0,24.9,21.6,25.8,82,2.8,東南東,0.0,0.88,曇,20.0
202587,09:00,0.0,24.1,21.8,26.1,87,3.4,南東,0.0,0.54,雨,17.0
202587,10:00,0.5,24.5,22.2,26.8,87,3.0,南東,0.0,0.63,雨,20.0
202587,11:00,0.0,24.7,22.6,27.4,88,3.3,東南東,0.0,0.69,雨,20.0
202587,12:00,0.0,26.2,23.1,28.2,83,2.4,東,0.0,1.54,雨,20.0
202587,13:00,0.0,26.4,22.7,27.5,80,1.2,西北西,0.0,0.94,雨,20.0
202587,14:00,4.5,24.5,23.5,28.9,94,3.4,北西,0.0,0.53,雨,14.8
202587,15:00,0.0,24.8,22.7,27.6,88,1.5,南南東,0.0,0.67,曇,20.0
202587,16:00,0.0,25.8,22.1,26.6,80,1.0,北西,0.4,1.10,曇,20.0
202587,17:00,0.0,25.0,21.9,26.3,83,2.9,北北西,0.0,0.40,曇,20.0
202587,18:00,0.0,24.9,22.0,26.5,84,3.0,北北西,0.0,0.14,雨,20.0
202587,19:00,5.5,22.9,22.4,27.1,97,3.6,西北西,0.0,0.01,雷電,2.19
202587,20:00,12.0,21.6,20.9,24.8,96,1.6,北北東,0.0,0.00,雷電,6.19
202587,21:00,6.0,21.9,21.6,25.8,98,1.2,南南東,0.0,0.0,雷電,8.34
202587,22:00,1.5,22.1,21.6,25.8,97,1.7,南南東,0.0,0.0,雷電,6.47
202587,23:00,2.0,22.0,21.5,25.7,97,1.5,南,0.0,0.0,雷電,13.1
202587,24:00,0.0,21.6,21.4,25.5,99,1.0,北西,0.0,0.0,曇,18.9
202589,01:00,0.0,27.6,23.0,28.1,76,1.1,南東,0.0,0.0,曇,20.0
202589,02:00,0.0,27.4,23.0,28.1,77,1.8,南東,0.0,0.0,曇,20.0
202589,03:00,0.0,27.1,23.4,28.7,80,2.2,南東,0.0,0.0,雨,20.0
202589,04:00,0.0,26.9,23.4,28.7,81,1.9,東南東,0.0,0.0,曇,20.0
202589,05:00,0.0,26.8,23.5,28.9,82,1.7,南東,0.0,0.0,雨,20.0
202589,06:00,0.0,25.2,20.9,24.7,77,4.8,南,0.0,0.00,雨,10.8
202589,07:00,0.0,24.4,21.7,26.0,85,1.3,東南東,0.0,0.06,雨,20.0
202589,08:00,0.0,25.0,21.3,25.3,80,1.7,東南東,0.0,0.20,曇,20.0
202589,09:00,0.5,24.9,22.8,27.7,88,2.5,南,0.0,0.26,雨,6.89
202589,10:00,1.0,25.4,23.6,29.2,90,2.6,南南東,0.0,0.30,雨,9.70
202589,11:00,2.0,24.9,23.7,29.3,93,3.0,南東,0.0,0.21,雨,4.71
202589,12:00,8.0,24.4,23.2,28.4,93,1.4,東南東,0.0,0.26,雨,10.6
202589,13:00,1.0,25.1,23.3,28.7,90,3.4,南東,0.0,0.54,雨,20.0
202589,14:00,0.0,26.5,23.8,29.4,85,2.9,南東,0.0,1.21,曇,20.0
202589,15:00,0.0,26.4,24.4,30.6,89,2.3,東南東,0.0,0.63,雨,11.6
202589,16:00,0.5,26.7,24.7,31.2,89,2.7,南東,0.0,0.30,雨,14.6
202589,17:00,0.0,27.4,24.9,31.4,86,2.4,南南東,0.0,0.13,雨,20.0
202589,18:00,0.0,28.9,24.5,30.7,77,3.9,南,0.0,0.04,曇,20.0
202589,19:00,0.0,29.5,24.2,30.1,73,3.0,南南西,0.0,0.01,曇,20.0
202589,20:00,0.0,29.6,23.8,29.5,71,4.6,南,0.0,0.00,雨,20.0
202589,21:00,0.0,29.5,24.2,30.1,73,3.5,南,0.0,0.0,雷電,20.0
202589,22:00,0.0,28.8,24.8,31.3,79,1.4,西,0.0,0.0,雷電,20.0
202589,23:00,0.0,28.5,25.3,32.3,83,1.9,南南東,0.0,0.0,雷電,20.0
202589,24:00,1.5,26.5,25.6,32.9,95,5.7,北,0.0,0.0,雨,5.76
2025810,01:00,7.0,25.8,25.3,32.2,97,2.1,北北東,0.0,0.0,雷電,4.59
2025810,02:00,6.0,26.0,25.3,32.3,96,1.2,西,0.0,0.0,雷電,3.90
2025810,03:00,6.0,25.7,25.2,32.0,97,0.9,南西,0.0,0.0,雷電,2.05
2025810,04:00,2.5,25.8,25.3,32.2,97,2.5,南東,0.0,0.0,雨,10.9
2025810,05:00,0.0,25.9,25.2,32.1,96,1.5,東南東,0.0,0.0,雨,20.0
2025810,06:00,0.0,26.4,25.5,32.7,95,1.4,南南東,0.0,0.00,曇,20.0
2025810,07:00,1.5,28.0,25.2,32.1,85,4.6,南南西,0.0,0.02,雨,6.63
2025810,08:00,0.5,28.3,24.9,31.6,82,3.1,南,0.0,0.09,雨,20.0
2025810,09:00,0.0,28.2,25.2,32.1,84,1.5,南南西,0.0,0.23,雨,20.0
2025810,10:00,0.5,28.5,25.1,31.9,82,2.4,南,0.0,0.12,雨,14.1
2025810,11:00,1.5,27.9,25.2,32.0,85,1.8,南,0.0,0.03,雷電,13.6
2025810,12:00,10.5,26.4,25.9,33.4,97,1.7,東,0.0,0.04,雷電,5.69
2025810,13:00,4.0,27.3,25.7,33.0,91,2.3,南,0.0,0.08,雷電,2.13
2025810,14:00,27.0,26.5,26.2,33.9,98,1.6,北東,0.0,0.04,雷電,1.64
2025810,15:00,18.0,26.8,26.3,34.2,97,1.3,東南東,0.0,0.07,雨,11.1
2025810,16:00,0.5,28.5,25.7,33.1,85,3.3,南,0.0,0.25,雷電,20.0
2025810,17:00,0.0,29.0,25.8,33.3,83,2.2,西,0.0,0.07,雷電,14.4
2025810,18:00,32.5,26.7,26.0,33.6,96,5.1,北西,0.0,0.00,雷電,1.35
2025810,19:00,53.5,26.6,25.7,33.1,95,2.5,西北西,0.0,0.01,雷電,14.0
2025810,20:00,0.5,26.7,25.8,33.3,95,1.7,南西,0.0,0.00,雷電,12.3
2025810,21:00,0.0,26.5,25.5,32.6,94,1.3,西北西,0.0,0.0,雷電,20.0
2025810,22:00,0.5,26.4,25.7,33.1,96,0.7,南西,0.0,0.0,雨,20.0
2025810,23:00,0.0,26.4,25.7,33.1,96,1.5,南東,0.0,0.0,曇,20.0
2025810,24:00,0.0,26.2,25.5,32.7,96,2.1,南東,0.0,0.0,曇,20.0
2025811,01:00,0.0,25.9,25.0,31.8,95,1.7,東南東,0.0,0.0,曇,20.0
2025811,02:00,0.0,26.1,25.1,31.8,94,1.9,南東,0.0,0.0,曇,20.0
2025811,03:00,0.0,26.2,24.8,31.3,92,2.0,南東,0.0,0.0,曇,20.0
2025811,04:00,0.0,26.3,24.9,31.5,92,2.5,南東,0.0,0.0,雨,20.0
2025811,05:00,0.0,26.5,24.5,30.8,89,2.1,南東,0.0,0.0,雷電,20.0
2025811,06:00,0.5,26.3,24.7,31.1,91,2.0,南東,0.0,0.00,雨,17.2
2025811,07:00,1.0,25.9,24.9,31.4,94,1.7,南東,0.0,0.03,雨,9.83
2025811,08:00,3.0,25.6,24.7,31.2,95,1.3,東南東,0.0,0.06,雨,8.39
2025811,09:00,7.5,25.7,25.2,32.0,97,1.2,西南西,0.0,0.09,雨,2.20
2025811,10:00,2.0,26.2,25.3,32.3,95,0.9,南西,0.0,0.25,雨,20.0
2025811,11:00,5.5,26.3,25.6,32.9,96,2.0,南,0.0,0.42,雨,1.61
2025811,12:00,4.5,26.9,26.0,33.7,95,1.2,東,0.0,0.63,曇,20.0
2025811,13:00,11.5,26.7,25.8,33.3,95,2.8,南南東,0.0,0.52,雨,0.81
2025811,14:00,1.5,26.7,25.7,32.9,94,1.4,南東,0.0,0.16,雨,5.46
2025811,15:00,0.5,26.8,25.8,33.1,94,0.8,北北東,0.0,0.20,雨,6.80
2025811,16:00,29.5,25.7,25.0,31.7,96,1.2,南南西,0.0,0.03,雨,1.78
2025811,17:00,4.5,25.9,25.4,32.4,97,1.2,東南東,0.0,0.10,雨,3.32
2025811,18:00,6.0,26.2,25.5,32.7,96,2.4,南東,0.0,0.21,曇,20.0
2025811,19:00,0.0,26.8,25.8,33.1,94,2.7,南東,0.0,0.14,曇,20.0
2025811,20:00,0.0,28.7,24.7,31.1,79,3.6,南,0.0,0.00,曇,20.0
2025811,21:00,0.0,28.6,24.2,30.2,77,3.3,南,0.0,0.0,曇,20.0
2025811,22:00,0.0,29.3,24.0,29.8,73,5.1,南,0.0,0.0,曇,20.0
2025811,23:00,0.0,29.5,24.2,30.1,73,4.0,南南西,0.0,0.0,曇,20.0
2025811,24:00,0.0,29.4,23.8,29.5,72,3.1,南,0.0,0.0,曇,20.0
2025813,01:00,0.0,23.0,19.2,22.2,79,1.4,北西,0.0,0.0,晴れ,20.0
2025813,02:00,0.0,22.7,18.9,21.8,79,1.1,西,0.0,0.0,晴れ,20.0
2025813,03:00,0.0,22.1,18.5,21.3,80,1.2,西,0.0,0.0,晴れ,20.0
2025813,04:00,0.0,21.9,18.3,21.0,80,0.9,南南西,0.0,0.0,晴れ,20.0
2025813,05:00,0.0,21.2,18.2,20.9,83,0.8,南東,0.0,0.01,晴れ,20.0
2025813,06:00,0.0,21.9,17.5,20.0,76,0.2,静穏,0.8,0.32,晴れ,20.0
2025813,07:00,0.0,23.9,19.0,22.0,74,0.9,東北東,1.0,0.97,晴れ,20.0
2025813,08:00,0.0,26.0,20.1,23.5,70,3.2,北,0.9,1.59,晴れ,20.0
2025813,09:00,0.0,26.7,18.8,21.7,62,3.5,北,1.0,2.27,晴れ,20.0
2025813,10:00,0.0,27.4,17.6,20.1,55,4.3,北,1.0,2.72,晴れ,20.0
2025813,11:00,0.0,28.3,17.2,19.6,51,3.7,北北西,1.0,3.04,晴れ,20.0
2025813,12:00,0.0,28.7,18.2,20.9,53,3.7,北北西,1.0,3.17,晴れ,20.0
2025813,13:00,0.0,29.0,18.8,21.6,54,4.4,北北西,1.0,3.08,晴れ,20.0
2025813,14:00,0.0,28.6,17.8,20.4,52,5.0,北北西,1.0,2.81,晴れ,20.0
2025813,15:00,0.0,28.3,19.5,22.7,59,5.6,北北西,1.0,2.38,晴れ,20.0
2025813,16:00,0.0,27.5,19.1,22.0,60,3.4,北北西,1.0,1.81,晴れ,20.0
2025813,17:00,0.0,26.9,19.3,22.3,63,5.0,北西,1.0,1.16,晴れ,20.0
2025813,18:00,0.0,26.0,19.7,22.9,68,4.7,北北西,0.9,0.49,晴れ,20.0
2025813,19:00,0.0,25.2,19.8,23.1,72,4.0,北北西,0.0,0.03,晴れ,20.0
2025813,20:00,0.0,24.4,20.1,23.5,77,2.4,西北西,0.0,0.00,晴れ,20.0
2025813,21:00,0.0,24.2,20.1,23.6,78,1.6,西北西,0.0,0.0,晴れ,20.0
2025813,22:00,0.0,24.0,19.9,23.3,78,0.8,西,0.0,0.0,晴れ,20.0
2025813,23:00,0.0,23.8,20.0,23.3,79,1.2,西,0.0,0.0,晴れ,20.0
2025813,24:00,0.0,23.4,20.0,23.3,81,1.4,南南東,0.0,0.0,曇,20.0
2025814,01:00,0.0,22.7,19.3,22.4,81,1.1,南南東,0.0,0.0,曇,20.0
2025814,02:00,0.0,22.8,19.2,22.2,80,1.9,南,0.0,0.0,曇,20.0
2025814,03:00,0.0,22.2,18.2,20.9,78,1.8,南南東,0.0,0.0,曇,20.0
2025814,04:00,0.0,21.5,17.7,20.3,79,2.1,東南東,0.0,0.0,曇,20.0
2025814,05:00,0.0,21.4,17.2,19.6,77,2.9,南東,0.0,0.01,曇,20.0
2025814,06:00,0.0,21.7,17.1,19.5,75,4.3,東南東,0.0,0.18,曇,20.0
2025814,07:00,0.0,22.5,17.4,19.9,73,4.6,南東,0.0,0.47,曇,20.0
2025814,08:00,0.0,24.9,19.3,22.4,71,3.9,南東,0.5,1.01,曇,20.0
2025814,09:00,0.0,27.2,19.8,23.1,64,3.7,南東,1.0,2.19,晴れ,20.0
2025814,10:00,0.0,27.8,19.6,22.8,61,4.6,南東,0.6,2.00,曇,20.0
2025814,11:00,0.0,27.9,18.9,21.8,58,4.8,南南東,0.7,2.35,曇,20.0
2025814,12:00,0.0,27.7,19.0,21.9,59,5.7,南東,0.0,1.37,曇,20.0
2025814,13:00,0.0,28.5,18.9,21.8,56,7.3,南南東,0.3,1.91,曇,20.0
2025814,14:00,0.0,27.1,18.7,21.5,60,7.4,南南東,0.0,1.34,曇,20.0
2025814,15:00,0.0,27.4,20.0,23.4,64,4.1,南南東,0.3,1.45,曇,20.0
2025814,16:00,0.0,27.3,20.2,23.6,65,4.3,南南東,0.0,0.94,曇,20.0
2025814,17:00,0.0,26.4,19.8,23.1,67,6.2,南南東,0.0,0.42,曇,20.0
2025814,18:00,0.0,25.8,19.2,22.3,67,6.0,南南東,0.0,0.10,曇,20.0
2025814,19:00,0.0,25.4,19.1,22.1,68,4.6,南東,0.0,0.01,曇,20.0
2025814,20:00,0.0,24.9,19.3,22.4,71,4.9,南東,0.0,0.00,曇,20.0
2025814,21:00,0.0,24.8,19.6,22.9,73,5.5,南東,0.0,0.0,雨,20.0
2025814,22:00,0.0,24.2,19.3,22.4,74,5.4,南南東,0.0,0.0,雨,20.0
2025814,23:00,0.0,23.8,20.7,24.5,83,6.6,南南東,0.0,0.0,曇,20.0
2025814,24:00,0.0,24.1,21.0,24.9,83,6.1,南南東,0.0,0.0,曇,20.0
2025815,01:00,0.0,24.5,22.0,26.4,86,2.5,北西,0.0,0.0,晴れ,20.0
2025815,02:00,0.0,24.6,22.1,26.6,86,2.9,北西,0.0,0.0,晴れ,20.0
2025815,03:00,0.0,24.6,22.1,26.6,86,0.9,北北西,0.0,0.0,晴れ,20.0
2025815,04:00,0.0,24.1,22.0,26.4,88,1.5,北,0.0,0.0,晴れ,17.5
2025815,05:00,0.0,23.9,22.0,26.4,89,0.4,北北西,0.0,0.00,晴れ,20.0
2025815,06:00,0.0,24.4,22.3,26.9,88,0.9,北北西,0.6,0.22,晴れ,20.0
2025815,07:00,0.0,25.6,22.3,26.9,82,1.5,南南西,0.9,0.83,晴れ,20.0
2025815,08:00,0.0,27.9,22.4,27.1,72,0.9,南東,0.9,1.79,晴れ,20.0
2025815,09:00,0.0,29.3,23.7,29.4,72,2.1,東北東,0.6,1.90,曇,20.0
2025815,10:00,0.0,28.6,23.5,29.0,74,2.9,南東,0.5,1.76,曇,20.0
2025815,11:00,0.0,29.1,22.6,27.4,68,4.2,西北西,0.0,0.74,曇,20.0
2025815,12:00,0.0,28.9,22.2,26.7,67,2.6,西,0.0,1.00,曇,20.0
2025815,13:00,0.0,30.1,22.0,26.5,62,4.5,西,0.0,1.37,曇,20.0
2025815,14:00,0.0,31.3,21.8,26.1,57,4.2,西南西,0.3,1.72,晴れ,20.0
2025815,15:00,0.0,32.5,22.0,26.4,54,3.7,西南西,1.0,2.44,晴れ,20.0
2025815,16:00,0.0,31.8,21.9,26.3,56,3.8,西北西,0.2,1.00,曇,20.0
2025815,17:00,0.0,31.0,21.2,25.2,56,3.7,北北西,0.0,0.63,曇,20.0
2025815,18:00,0.0,30.6,19.6,22.8,52,4.8,北北西,0.3,0.29,曇,20.0
2025815,19:00,0.0,28.9,18.1,20.7,52,3.3,北北西,0.2,0.04,晴れ,20.0
2025815,20:00,0.0,28.4,17.3,19.7,51,3.9,北西,0.0,0.00,晴れ,20.0
2025815,21:00,0.0,27.6,17.5,19.9,54,2.9,北西,0.0,0.0,晴れ,20.0
2025815,22:00,0.0,26.5,18.1,20.8,60,1.9,西北西,0.0,0.0,晴れ,20.0
2025815,23:00,0.0,25.7,17.9,20.5,62,1.5,北北西,0.0,0.0,晴れ,20.0
2025815,24:00,0.0,24.4,18.1,20.8,68,0.9,北北西,0.0,0.0,晴れ,20.0
2025816,01:00,0.0,23.5,18.4,21.1,73,1.0,西北西,0.0,0.0,晴れ,20.0
2025816,02:00,0.0,24.3,18.0,20.7,68,2.1,北西,0.0,0.0,晴れ,20.0
2025816,03:00,0.0,23.2,18.5,21.3,75,1.6,西北西,0.0,0.0,晴れ,20.0
2025816,04:00,0.0,22.6,18.2,20.8,76,1.8,西北西,0.0,0.0,晴れ,20.0
2025816,05:00,0.0,21.5,17.1,19.5,76,2.3,北北西,0.0,0.00,晴れ,20.0
2025816,06:00,0.0,21.6,16.8,19.1,74,3.3,北北西,0.5,0.23,晴れ,20.0
2025816,07:00,0.0,23.6,18.3,21.0,72,3.9,北,1.0,0.89,晴れ,20.0
2025816,08:00,0.0,26.5,18.4,21.1,61,2.4,北北西,1.0,1.52,晴れ,20.0
2025816,09:00,0.0,28.1,20.1,23.6,62,1.2,東,1.0,2.23,晴れ,20.0
2025816,10:00,0.0,28.2,21.5,25.6,67,3.6,南東,0.5,2.00,晴れ,20.0
2025816,11:00,0.0,27.4,22.1,26.7,73,3.9,南東,0.0,0.89,曇,20.0
2025816,12:00,0.0,28.0,21.1,25.0,66,5.7,南東,0.3,1.70,曇,20.0
2025816,13:00,0.0,29.2,22.4,27.2,67,4.0,東南東,0.7,2.69,晴れ,20.0
2025816,14:00,0.0,29.1,19.7,23.0,57,5.9,南南東,1.0,2.89,晴れ,20.0
2025816,15:00,0.0,29.5,19.2,22.3,54,4.5,南東,1.0,2.44,晴れ,20.0
2025816,16:00,0.0,28.1,19.9,23.2,61,4.9,南東,1.0,1.80,晴れ,20.0
2025816,17:00,0.0,27.2,22.2,26.7,74,4.2,南南東,0.7,0.81,曇,20.0
2025816,18:00,0.0,26.6,22.9,27.9,80,4.8,南南東,0.4,0.34,晴れ,20.0
2025816,19:00,0.0,26.0,23.1,28.2,84,3.9,南,0.0,0.02,晴れ,20.0
2025816,20:00,0.0,25.9,23.2,28.4,85,3.0,南南東,0.0,0.0,晴れ,20.0
2025816,21:00,0.0,25.7,23.4,28.7,87,2.8,南南東,0.0,0.0,曇,20.0
2025816,22:00,0.0,25.8,23.7,29.2,88,2.9,南,0.0,0.0,晴れ,20.0
2025816,23:00,0.0,25.7,23.9,29.7,90,2.2,南南東,0.0,0.0,晴れ,20.0
2025816,24:00,0.0,25.5,23.7,29.4,90,1.0,南東,0.0,0.0,晴れ,20.0
2025817,01:00,0.0,25.4,23.8,29.5,91,1.2,南南東,0.0,0.0,曇,20.0
2025817,02:00,0.0,24.7,22.4,27.1,87,2.6,北,0.0,0.0,曇,20.0
2025817,03:00,0.0,24.3,22.0,26.4,87,2.0,北北西,0.0,0.0,曇,20.0
2025817,04:00,0.0,24.0,21.9,26.3,88,2.0,北北西,0.0,0.0,晴れ,20.0
2025817,05:00,0.0,24.0,22.3,26.9,90,1.5,北北西,0.0,0.00,晴れ,18.7
2025817,06:00,0.0,24.4,22.5,27.2,89,1.9,北北西,0.0,0.18,曇,17.9
2025817,07:00,0.0,25.1,22.4,27.1,85,0.9,南南西,0.0,0.45,曇,20.0
2025817,08:00,0.0,27.3,23.3,28.7,79,1.3,南南東,0.8,1.36,晴れ,20.0
2025817,09:00,0.0,28.5,23.2,28.4,73,1.2,南,1.0,2.08,晴れ,20.0
2025817,10:00,0.0,30.1,24.0,29.9,70,1.5,東南東,0.9,2.40,晴れ,20.0
2025817,11:00,0.0,31.8,24.9,31.5,67,3.6,東南東,1.0,3.06,晴れ,19.4
2025817,12:00,0.0,30.9,24.8,31.3,70,2.4,東南東,0.6,2.21,晴れ,19.2
2025817,13:00,0.0,32.0,25.1,31.9,67,2.9,南東,1.0,3.18,晴れ,20.0
2025817,14:00,0.0,34.4,23.1,28.3,52,2.1,北北西,0.9,2.54,晴れ,20.0
2025817,15:00,0.0,32.1,25.0,31.6,66,2.6,南南西,0.8,1.68,曇,20.0
2025817,16:00,0.0,33.1,20.3,23.8,47,3.5,西南西,0.0,0.84,曇,20.0
2025817,17:00,0.0,32.6,21.2,25.1,51,2.2,西南西,0.3,0.68,曇,20.0
2025817,18:00,0.0,31.7,21.0,24.8,53,2.1,南西,0.3,0.31,曇,20.0
2025817,19:00,0.0,31.0,20.6,24.3,54,2.6,西南西,0.0,0.04,曇,20.0
2025817,20:00,0.0,30.2,20.7,24.5,57,1.9,南西,0.0,0.0,曇,20.0
2025817,21:00,0.0,30.6,21.1,25.0,57,3.0,西,0.0,0.0,晴れ,20.0
2025817,22:00,0.0,30.5,21.3,25.3,58,2.8,西,0.0,0.0,晴れ,20.0
2025817,23:00,0.0,29.6,21.3,25.3,61,0.9,西北西,0.0,0.0,曇,20.0
2025817,24:00,0.0,29.1,21.9,26.2,65,1.1,北北西,0.0,0.0,雨,20.0
2025819,01:00,0.0,22.8,14.4,16.4,59,2.8,南南西,0.0,0.0,曇,20.0
2025819,02:00,0.0,21.7,14.6,16.6,64,1.7,南,0.0,0.0,曇,20.0
2025819,03:00,0.0,21.2,14.6,16.6,66,1.7,南東,0.0,0.0,曇,20.0
2025819,04:00,0.0,21.6,15.9,18.1,70,2.0,南東,0.0,0.0,雨,20.0
2025819,05:00,4.5,19.4,18.2,21.0,93,1.3,東,0.0,0.00,雨,4.16
2025819,06:00,4.0,19.0,17.5,20.0,91,0.9,西北西,0.0,0.02,雨,7.65
2025819,07:00,1.5,19.6,18.8,21.7,95,4.2,南南東,0.0,0.13,雨,6.75
2025819,08:00,1.0,19.8,19.2,22.2,96,3.1,東南東,0.0,0.16,雨,20.0
2025819,09:00,0.5,21.4,19.9,23.2,91,6.2,南東,0.0,0.16,雨,10.9
2025819,10:00,1.0,21.9,20.0,23.4,89,5.8,南東,0.0,0.19,雨,20.0
2025819,11:00,0.0,23.4,20.6,24.2,84,5.5,南南東,0.0,0.45,雨,20.0
2025819,12:00,0.0,25.7,21.6,25.8,78,5.6,南南東,0.1,1.48,曇,20.0
2025819,13:00,0.0,27.4,21.7,25.9,71,3.5,南,0.8,2.75,曇,20.0
2025819,14:00,0.0,28.4,22.4,27.1,70,5.0,南南東,0.9,2.45,晴れ,20.0
2025819,15:00,0.0,26.9,22.1,26.6,75,4.0,南東,0.6,1.60,曇,20.0
2025819,16:00,0.0,28.1,22.1,26.6,70,1.1,南東,0.3,0.97,晴れ,20.0
2025819,17:00,0.0,27.9,23.1,28.2,75,3.0,東北東,0.5,0.73,晴れ,20.0
2025819,18:00,0.0,26.9,23.0,28.0,79,2.1,東,0.6,0.37,晴れ,20.0
2025819,19:00,0.0,26.2,23.3,28.6,84,1.1,東北東,0.0,0.03,曇,20.0
2025819,20:00,0.0,25.3,23.2,28.4,88,0.5,南西,0.0,0.00,曇,20.0
2025819,21:00,0.0,24.9,22.8,27.7,88,1.0,西北西,0.0,0.0,晴れ,20.0
2025819,22:00,0.0,24.1,22.7,27.6,92,0.7,西,0.0,0.0,晴れ,20.0
2025819,23:00,0.0,23.8,22.6,27.4,93,1.0,南西,0.0,0.0,晴れ,20.0
2025819,24:00,0.0,23.2,21.7,25.9,91,1.2,南南東,0.0,0.0,晴れ,20.0
2025820,01:00,0.0,22.7,21.0,24.8,90,1.0,東南東,0.0,0.0,曇,20.0
2025820,02:00,0.0,22.4,20.7,24.4,90,1.9,東南東,0.0,0.0,晴れ,20.0
2025820,03:00,0.0,21.9,20.5,24.2,92,0.6,南南東,0.0,0.0,晴れ,20.0
2025820,04:00,0.0,21.8,20.6,24.3,93,0.5,西南西,0.0,0.0,曇,20.0
2025820,05:00,0.0,22.0,20.3,23.8,90,0.7,東南東,0.0,0.00,曇,20.0
2025820,06:00,0.0,22.8,20.2,23.6,85,1.8,南東,0.0,0.13,曇,20.0
2025820,07:00,0.0,24.0,20.9,24.8,83,1.3,東,0.0,0.39,曇,20.0
2025820,08:00,0.0,26.0,20.8,24.5,73,3.5,東南東,0.0,0.65,曇,20.0
2025820,09:00,0.0,28.4,22.2,26.7,69,2.1,南東,0.6,1.46,曇,20.0
2025820,10:00,0.0,29.8,21.5,25.6,61,3.4,東南東,1.0,2.15,晴れ,20.0
2025820,11:00,0.0,30.4,23.3,28.7,66,2.7,東南東,0.8,2.31,曇,20.0
2025820,12:00,0.0,30.9,22.2,26.8,60,2.9,南東,0.3,1.86,曇,20.0
2025820,13:00,0.0,32.2,19.5,22.6,47,2.5,西,0.5,2.14,曇,20.0
2025820,14:00,0.0,32.0,21.5,25.7,54,4.3,南南西,0.9,2.25,晴れ,20.0
2025820,15:00,0.0,30.3,21.9,26.3,61,2.1,北北西,0.3,1.20,曇,20.0
2025820,16:00,0.0,30.0,22.2,26.7,63,2.6,北北西,0.4,1.09,曇,20.0
2025820,17:00,0.0,29.0,22.5,27.3,68,2.7,北北東,0.1,0.61,曇,20.0
2025820,18:00,0.0,28.3,23.2,28.5,74,2.8,北北西,0.0,0.24,雷電,20.0
2025820,19:00,0.0,27.3,23.8,29.4,81,3.6,北西,0.0,0.02,曇,20.0
2025820,20:00,0.0,26.8,21.6,25.7,73,2.8,西,0.0,0.00,雨,20.0
2025820,21:00,1.0,25.5,23.0,28.1,86,2.0,西北西,0.0,0.0,雨,3.99
2025820,22:00,0.0,24.1,22.7,27.6,92,0.7,北北西,0.0,0.0,曇,20.0
2025820,23:00,5.0,22.8,21.4,25.5,92,0.9,南東,0.0,0.0,曇,20.0
2025820,24:00,0.0,22.0,21.2,25.1,95,0.8,北西,0.0,0.0,曇,20.0
2025821,01:00,0.0,21.9,21.6,25.8,98,0.5,東北東,0.0,0.0,晴れ,20.0
2025821,02:00,0.0,22.3,21.1,25.0,93,1.0,南東,0.0,0.0,曇,20.0
2025821,03:00,0.0,22.1,20.7,24.5,92,0.7,西,0.0,0.0,晴れ,20.0
2025821,04:00,0.0,21.3,20.8,24.6,97,0.5,南,0.0,0.0,晴れ,19.2
2025821,05:00,0.0,21.4,20.7,24.5,96,1.3,西北西,0.0,0.00,晴れ,19.8
2025821,06:00,0.0,22.8,20.2,23.6,85,0.9,西,0.8,0.24,晴れ,20.0
2025821,07:00,0.0,24.9,19.3,22.4,71,2.9,北西,1.0,0.84,雷電,20.0
2025821,08:00,3.5,21.5,20.0,23.3,91,4.3,北西,0.0,0.16,雷電,6.62
2025821,09:00,9.0,20.5,19.2,22.2,92,2.6,西南西,0.0,0.21,雨,13.2
2025821,10:00,0.0,24.8,20.5,24.1,77,3.2,西,0.5,1.56,晴れ,20.0
2025821,11:00,0.0,26.8,20.6,24.3,69,4.4,北西,1.0,3.04,晴れ,20.0
2025821,12:00,0.0,26.2,20.1,23.5,69,4.8,北西,0.7,2.53,曇,20.0
2025821,13:00,0.0,26.0,19.2,22.2,66,6.2,北西,0.7,2.42,晴れ,20.0
2025821,14:00,0.0,26.2,19.6,22.8,67,6.8,北西,0.8,2.07,曇,20.0
2025821,15:00,0.0,25.7,19.4,22.5,68,5.9,北西,0.9,1.72,晴れ,20.0
2025821,16:00,0.0,25.8,18.2,20.9,63,6.3,北北西,0.8,1.32,曇,20.0
2025821,17:00,0.0,25.2,19.1,22.1,69,7.7,北西,0.8,0.90,晴れ,20.0
2025821,18:00,0.0,24.4,19.5,22.6,74,5.0,北北西,0.4,0.26,晴れ,20.0
2025821,19:00,0.0,24.2,19.5,22.7,75,4.0,北北西,0.0,0.02,晴れ,20.0
2025821,20:00,0.0,23.8,19.3,22.4,76,3.2,北西,0.0,0.0,晴れ,20.0
2025821,21:00,0.0,23.4,18.7,21.6,75,3.5,西北西,0.0,0.0,晴れ,20.0
2025821,22:00,0.0,22.8,18.4,21.1,76,1.8,西,0.0,0.0,晴れ,20.0
2025821,23:00,0.0,22.4,18.2,20.9,77,2.6,西北西,0.0,0.0,晴れ,20.0
2025821,24:00,0.0,22.2,18.0,20.6,77,2.3,西北西,0.0,0.0,晴れ,20.0
2025822,01:00,0.0,21.7,18.3,21.0,81,0.8,南東,0.0,0.0,晴れ,20.0
2025822,02:00,0.0,20.9,17.9,20.5,83,1.6,南南東,0.0,0.0,晴れ,20.0
2025822,03:00,0.0,20.8,18.0,20.6,84,1.3,南,0.0,0.0,晴れ,20.0
2025822,04:00,0.0,20.2,18.0,20.6,87,0.7,南南東,0.0,0.0,曇,20.0
2025822,05:00,0.0,20.5,17.3,19.8,82,0.9,東南東,0.0,0.01,曇,20.0
2025822,06:00,0.0,20.3,17.1,19.5,82,1.4,南南東,0.5,0.24,曇,20.0
2025822,07:00,0.0,21.1,17.5,20.0,80,1.6,南東,0.1,0.49,曇,20.0
2025822,08:00,0.0,22.4,17.1,19.5,72,2.1,南東,0.0,0.84,曇,20.0
2025822,09:00,0.0,24.1,17.8,20.4,68,1.9,南東,0.6,1.61,曇,20.0
2025822,10:00,0.0,25.6,16.5,18.7,57,2.5,南東,0.8,2.35,曇,20.0
2025822,11:00,0.0,26.5,17.3,19.7,57,2.9,南東,0.4,2.15,曇,20.0
2025822,12:00,0.0,27.2,18.2,20.9,58,2.9,南東,0.9,2.72,晴れ,20.0
2025822,13:00,0.0,26.8,18.1,20.8,59,3.6,南東,0.2,1.80,曇,20.0
2025822,14:00,0.0,26.4,19.1,22.0,64,3.7,南東,0.0,1.09,曇,20.0
2025822,15:00,0.0,25.6,19.3,22.3,68,3.7,南南東,0.0,0.62,曇,20.0
2025822,16:00,0.0,25.2,18.9,21.8,68,5.0,南東,0.0,0.59,曇,20.0
2025822,17:00,0.0,24.9,18.4,21.1,67,4.1,南東,0.0,0.33,曇,20.0
2025822,18:00,0.0,24.3,18.3,21.0,69,3.4,南南東,0.0,0.08,雨,20.0
2025822,19:00,0.0,23.4,18.9,21.9,76,4.2,南東,0.0,0.00,雨,20.0
2025822,20:00,0.0,22.9,17.8,20.4,73,4.2,南東,0.0,0.0,雨,18.2
2025822,21:00,0.0,21.9,19.3,22.3,85,2.5,南東,0.0,0.0,雨,12.1
2025822,22:00,3.5,21.3,20.6,24.3,96,3.9,南南東,0.0,0.0,雨,4.93
2025822,23:00,1.5,20.9,19.2,22.2,90,6.7,南南東,0.0,0.0,雨,20.0
2025822,24:00,0.0,21.7,19.3,22.3,86,8.1,南南東,0.0,0.0,雨,20.0
2025823,01:00,0.0,21.9,18.5,21.3,81,5.6,南東,0.0,0.0,雨,20.0
2025823,02:00,0.0,21.2,19.0,21.9,87,6.3,南東,0.0,0.0,雨,20.0
2025823,03:00,0.5,21.3,19.2,22.3,88,5.5,南東,0.0,0.0,雨,20.0
2025823,04:00,0.0,21.8,19.6,22.7,87,6.2,南南東,0.0,0.0,曇,20.0
2025823,05:00,0.0,22.5,20.1,23.4,86,7.9,南南東,0.0,0.00,晴れ,20.0
2025823,06:00,0.0,23.4,20.9,24.8,86,6.4,南南東,0.1,0.11,晴れ,20.0
2025823,07:00,0.0,23.7,21.6,25.8,88,4.3,南東,0.1,0.34,雨,20.0
2025823,08:00,0.0,23.9,22.2,26.7,90,0.5,西北西,0.0,0.40,雨,20.0
2025823,09:00,0.0,24.2,22.6,27.5,91,1.2,北北西,0.0,0.25,雨,20.0
2025823,10:00,0.0,25.8,22.7,27.6,83,0.7,北,0.1,1.19,曇,20.0
2025823,11:00,0.0,27.9,23.1,28.2,75,0.5,南西,0.8,2.74,晴れ,20.0
2025823,12:00,0.0,29.6,22.6,27.4,66,1.5,北西,0.6,2.51,晴れ,20.0
2025823,13:00,0.0,27.7,22.2,26.8,72,6.0,北西,0.6,2.51,晴れ,20.0
2025823,14:00,0.0,27.4,21.4,25.6,70,6.4,北北西,0.8,2.58,晴れ,20.0
2025823,15:00,0.0,27.3,21.6,25.8,71,5.2,北北西,0.9,2.35,晴れ,20.0
2025823,16:00,0.0,26.0,21.7,25.9,77,6.1,北北西,0.7,1.55,晴れ,20.0
2025823,17:00,0.0,25.4,21.7,26.0,80,5.8,北北西,0.4,0.70,雨,20.0
2025823,18:00,0.0,24.8,21.5,25.7,82,5.2,北北西,0.1,0.25,曇,20.0
2025823,19:00,0.0,24.5,21.2,25.2,82,3.4,北北西,0.0,0.02,曇,20.0
2025823,20:00,0.0,24.3,21.2,25.2,83,4.1,北北西,0.0,0.0,晴れ,20.0
2025823,21:00,0.0,23.4,20.6,24.2,84,2.0,西北西,0.0,0.0,晴れ,20.0
2025823,22:00,0.0,23.0,19.8,23.0,82,3.8,北西,0.0,0.0,晴れ,20.0
2025823,23:00,0.0,22.7,18.9,21.8,79,1.9,西北西,0.0,0.0,晴れ,20.0
2025823,24:00,0.0,22.4,18.4,21.1,78,1.9,北西,0.0,0.0,晴れ,20.0
2025824,01:00,0.0,21.3,18.1,20.8,82,0.4,北西,0.0,0.0,晴れ,20.0
2025824,02:00,0.0,21.1,17.9,20.5,82,1.5,南,0.0,0.0,晴れ,20.0
2025824,03:00,0.0,21.1,18.1,20.8,83,1.3,南南東,0.0,0.0,晴れ,20.0
2025824,04:00,0.0,21.0,17.8,20.4,82,0.7,西北西,0.0,0.0,晴れ,20.0
2025824,05:00,0.0,20.9,17.7,20.3,82,1.1,南西,0.0,0.00,晴れ,20.0
2025824,06:00,0.0,21.8,18.0,20.6,79,0.7,南西,0.2,0.20,曇,20.0
2025824,07:00,0.0,25.2,19.1,22.1,69,2.8,北北西,1.0,0.87,晴れ,20.0
2025824,08:00,0.0,26.4,19.6,22.7,66,3.6,北北西,1.0,1.53,晴れ,20.0
2025824,09:00,0.0,27.2,19.8,23.1,64,3.3,北北西,1.0,2.15,晴れ,20.0
2025824,10:00,0.0,28.1,19.3,22.4,59,3.8,北北西,1.0,2.63,晴れ,20.0
2025824,11:00,0.0,28.2,20.2,23.7,62,4.3,北北西,1.0,2.95,晴れ,20.0
2025824,12:00,0.0,28.5,18.6,21.4,55,6.4,北西,1.0,3.04,晴れ,20.0
2025824,13:00,0.0,28.5,18.9,21.8,56,5.9,北北西,1.0,2.95,晴れ,20.0
2025824,14:00,0.0,27.9,19.7,22.9,61,6.4,北北西,1.0,2.67,晴れ,20.0
2025824,15:00,0.0,27.8,19.9,23.2,62,5.3,北北西,1.0,2.23,晴れ,20.0
2025824,16:00,0.0,26.9,19.8,23.0,65,5.3,北北西,1.0,1.65,晴れ,20.0
2025824,17:00,0.0,26.5,19.9,23.2,67,3.8,北北西,1.0,1.00,晴れ,20.0
2025824,18:00,0.0,25.7,20.5,24.1,73,3.9,北北西,0.9,0.35,晴れ,20.0
2025824,19:00,0.0,25.0,21.3,25.3,80,2.9,北西,0.0,0.01,晴れ,20.0
2025824,20:00,0.0,24.5,20.8,24.6,80,1.7,西,0.0,0.0,曇,20.0
2025824,21:00,0.0,24.3,21.0,24.9,82,0.7,西,0.0,0.0,晴れ,20.0
2025824,22:00,0.0,24.5,21.4,25.5,83,0.7,北西,0.0,0.0,曇,20.0
2025824,23:00,0.0,24.1,20.8,24.6,82,1.9,南南東,0.0,0.0,雨,20.0
2025824,24:00,0.0,24.3,20.6,24.3,80,2.7,南南東,0.0,0.0,雨,20.0
2025829,01:00,0.0,20.5,16.1,18.3,76,3.6,南東,0.0,0.0,曇,20.0
2025829,02:00,0.0,20.8,16.2,18.4,75,1.1,南東,0.0,0.0,曇,20.0
2025829,03:00,0.0,20.5,16.7,19.1,79,1.6,南東,0.0,0.0,曇,20.0
2025829,04:00,0.0,20.5,17.5,20.0,83,4.0,南東,0.0,0.0,曇,20.0
2025829,05:00,0.0,20.5,17.5,20.0,83,3.3,南東,0.0,0.00,曇,20.0
2025829,06:00,0.0,20.3,17.3,19.8,83,2.7,南東,0.0,0.05,曇,20.0
2025829,07:00,0.0,20.8,17.6,20.1,82,3.1,南東,0.0,0.23,雨,20.0
2025829,08:00,0.0,21.3,18.5,21.3,84,3.1,南東,0.0,0.50,雨,20.0
2025829,09:00,0.0,22.8,19.0,21.9,79,2.2,南東,0.0,0.99,曇,20.0
2025829,10:00,0.0,23.3,19.5,22.6,79,1.9,南東,0.0,0.75,雨,20.0
2025829,11:00,0.0,24.0,19.3,22.4,75,0.7,東南東,0.0,1.04,雨,20.0
2025829,12:00,0.0,24.2,19.3,22.4,74,1.0,北東,0.0,0.84,曇,20.0
2025829,13:00,1.0,22.9,20.1,23.5,84,1.4,東北東,0.0,0.37,雨,20.0
2025829,14:00,0.0,23.6,19.3,22.4,77,2.7,東南東,0.0,0.36,雨,20.0
2025829,15:00,0.0,23.5,19.2,22.3,77,2.3,南南東,0.0,0.42,雨,20.0
2025829,16:00,0.0,23.1,19.3,22.3,79,2.3,南東,0.0,0.30,雨,20.0
2025829,17:00,0.0,22.7,19.3,22.4,81,1.8,南南東,0.0,0.19,雨,20.0
2025829,18:00,0.0,22.2,19.4,22.5,84,2.2,南南東,0.0,0.05,雨,20.0
2025829,19:00,0.5,21.5,17.7,20.3,79,2.2,南,0.0,0.00,雨,20.0
2025829,20:00,0.0,21.0,18.8,21.6,87,2.6,南東,0.0,0.0,曇,20.0
2025829,21:00,0.0,20.8,18.6,21.4,87,3.1,南東,0.0,0.0,曇,20.0
2025829,22:00,0.0,20.8,17.6,20.1,82,4.1,南東,0.0,0.0,雨,20.0
2025829,23:00,0.0,20.6,17.6,20.1,83,3.2,南東,0.0,0.0,雨,20.0
2025829,24:00,0.0,20.5,17.5,20.0,83,2.1,東南東,0.0,0.0,雨,20.0
2025830,01:00,0.0,19.6,18.6,21.4,94,1.2,南東,0.0,0.0,雨,12.5
2025830,02:00,1.0,19.9,19.3,22.3,96,1.6,東南東,0.0,0.0,雨,20.0
2025830,03:00,0.0,20.0,18.8,21.7,93,2.8,東南東,0.0,0.0,曇,20.0
2025830,04:00,0.0,20.2,18.2,20.8,88,3.5,東南東,0.0,0.0,曇,20.0
2025830,05:00,0.0,19.9,18.0,20.7,89,4.4,南東,0.0,0.00,曇,20.0
2025830,06:00,0.0,20.4,18.0,20.6,86,3.2,南南東,0.0,0.05,曇,20.0
2025830,07:00,0.0,20.5,18.6,21.5,89,2.6,南東,0.0,0.19,曇,20.0
2025830,08:00,0.0,20.3,18.6,21.4,90,3.5,東南東,0.0,0.21,雨,20.0
2025830,09:00,0.0,20.1,18.6,21.4,91,2.6,東南東,0.0,0.22,雨,7.90
2025830,10:00,0.5,19.5,18.9,21.8,96,2.8,北東,0.0,0.22,雨,15.8
2025830,11:00,0.5,19.9,19.3,22.3,96,2.0,東,0.0,0.58,雨,5.21
2025830,12:00,0.5,20.4,19.4,22.5,94,1.2,東南東,0.0,0.76,雨,11.1
2025830,13:00,0.0,20.7,19.9,23.2,95,1.0,北,0.0,0.73,雨,3.12
2025830,14:00,0.0,21.1,20.3,23.8,95,1.5,北,0.0,0.52,雨,9.61
2025830,15:00,0.0,21.7,20.0,23.4,90,3.0,北西,0.0,0.51,曇,20.0
2025830,16:00,0.0,22.4,19.8,23.0,85,2.5,北北西,0.0,0.51,曇,20.0
2025830,17:00,0.0,22.4,19.4,22.5,83,4.6,北北西,0.2,0.61,晴れ,20.0
2025830,18:00,0.0,22.0,19.4,22.5,85,3.3,北北西,0.0,0.10,曇,20.0
2025830,19:00,0.0,21.3,19.6,22.8,90,1.2,北西,0.0,0.00,曇,20.0
2025830,20:00,0.0,21.4,19.0,21.9,86,1.5,西北西,0.0,0.0,晴れ,20.0
2025830,21:00,0.0,20.6,18.7,21.6,89,1.4,西,0.0,0.0,晴れ,20.0
2025830,22:00,0.0,19.6,18.8,21.7,95,1.2,南,0.0,0.0,晴れ,20.0
2025830,23:00,0.0,19.9,18.6,21.4,92,1.2,南,0.0,0.0,晴れ,20.0
2025830,24:00,0.0,19.8,18.5,21.2,92,1.0,南南東,0.0,0.0,晴れ,20.0
2025831,01:00,0.0,20.0,18.7,21.5,92,0.5,南,0.0,0.0,曇,20.0
2025831,02:00,0.0,20.2,18.7,21.5,91,0.5,東,0.0,0.0,曇,20.0
2025831,03:00,0.0,20.5,18.8,21.7,90,0.8,西,0.0,0.0,曇,20.0
2025831,04:00,0.0,20.2,18.5,21.3,90,0.5,南南東,0.0,0.0,曇,20.0
2025831,05:00,0.0,19.8,18.3,21.0,91,0.5,北,0.0,0.00,曇,20.0
2025831,06:00,0.0,20.0,18.3,21.0,90,0.2,静穏,0.0,0.10,曇,20.0
2025831,07:00,0.0,21.2,18.6,21.4,85,0.6,東南東,0.2,0.48,晴れ,20.0
2025831,08:00,0.0,23.0,18.8,21.6,77,2.3,南東,0.4,0.96,晴れ,20.0
2025831,09:00,0.0,25.1,19.3,22.3,70,1.8,東,0.9,1.92,晴れ,20.0
2025831,10:00,0.0,24.9,19.5,22.7,72,1.6,東北東,0.7,2.08,晴れ,20.0
2025831,11:00,0.0,25.0,20.1,23.4,74,4.0,東,0.1,1.03,曇,20.0
2025831,12:00,0.0,25.8,19.9,23.3,70,1.8,東,0.4,1.90,曇,20.0
2025831,13:00,0.0,26.3,19.0,21.9,64,1.5,南東,0.0,1.28,曇,20.0
2025831,14:00,0.0,26.2,20.3,23.8,70,2.7,南東,0.2,1.47,曇,20.0
2025831,15:00,0.0,26.4,20.5,24.1,70,3.1,東南東,0.4,1.11,曇,20.0
2025831,16:00,0.0,26.1,20.2,23.7,70,3.1,南南東,0.3,0.89,曇,20.0
2025831,17:00,0.0,25.5,20.3,23.8,73,3.8,南東,0.9,0.90,晴れ,20.0
2025831,18:00,0.0,24.7,20.2,23.7,76,2.1,南東,0.1,0.21,曇,20.0
2025831,19:00,0.0,23.6,20.2,23.6,81,2.8,南東,0.0,0.00,曇,20.0
2025831,20:00,0.0,23.5,19.9,23.2,80,2.3,南南東,0.0,0.0,曇,20.0
2025831,21:00,0.0,23.1,20.1,23.5,83,3.6,南東,0.0,0.0,雨,20.0
2025831,22:00,0.0,23.0,19.8,23.0,82,3.8,南東,0.0,0.0,曇,20.0
2025831,23:00,0.0,23.1,19.1,22.1,78,2.6,南東,0.0,0.0,曇,20.0
2025831,24:00,0.0,22.5,19.7,22.9,84,3.0,南東,0.0,0.0,晴れ,20.0
202592,01:00,0.0,28.9,24.2,30.3,76,6.3,南,0.0,0.0,晴れ,20.0
202592,02:00,0.0,28.9,24.5,30.7,77,6.9,南南西,0.0,0.0,晴れ,20.0
202592,03:00,0.0,28.9,24.2,30.3,76,8.4,南南西,0.0,0.0,晴れ,20.0
202592,04:00,0.0,28.7,24.3,30.3,77,6.6,南南西,0.0,0.0,晴れ,20.0
202592,05:00,0.0,28.8,23.9,29.7,75,5.8,南西,0.0,0.0,晴れ,20.0
202592,06:00,0.0,29.2,24.1,30.0,74,5.8,南南西,0.5,0.0,晴れ,20.0
202592,07:00,0.0,30.4,24.3,30.4,70,5.6,南南西,1.0,0.0,晴れ,20.0
202592,08:00,0.0,31.3,23.9,29.7,65,7.4,南西,1.0,0.0,晴れ,20.0
202592,09:00,0.0,32.5,24.8,31.3,64,6.2,南西,1.0,0.0,晴れ,20.0
202592,10:00,0.0,32.8,24.6,30.9,62,6.5,南西,1.0,0.0,晴れ,20.0
202592,11:00,0.0,34.2,23.6,29.1,54,7.8,南西,1.0,0.0,晴れ,20.0
202592,12:00,0.0,34.1,23.8,29.4,55,7.7,南西,1.0,0.0,晴れ,20.0
202592,13:00,0.0,34.1,25.0,31.6,59,7.6,南西,1.0,0.0,晴れ,20.0
202592,14:00,0.0,34.2,24.5,30.7,57,6.8,南西,1.0,0.0,晴れ,20.0
202592,15:00,0.0,33.6,24.5,30.7,59,7.2,南西,1.0,0.0,晴れ,20.0
202592,16:00,0.0,33.2,24.1,30.0,59,7.3,南西,1.0,0.0,晴れ,20.0
202592,17:00,0.0,31.9,23.7,29.3,62,6.9,南西,0.3,0.0,曇,20.0
202592,18:00,0.0,30.9,23.3,28.6,64,8.0,南南西,0.3,0.0,曇,20.0
202592,19:00,0.0,30.3,24.7,31.1,72,7.0,南南西,0.0,0.0,曇,20.0
202592,20:00,0.0,30.1,25.2,32.0,75,5.6,南南西,0.0,0.0,曇,20.0
202592,21:00,0.0,29.6,25.1,31.9,77,8.1,南西,0.0,0.0,曇,20.0
202592,22:00,0.0,30.1,24.3,30.3,71,6.7,南南西,0.0,0.0,曇,20.0
202592,23:00,0.0,29.5,24.8,31.3,76,5.0,南西,0.0,0.0,曇,20.0
202592,24:00,0.0,29.6,24.5,30.7,74,6.0,南西,0.0,0.0,曇,20.0
202593,01:00,0.0,29.2,25.2,32.0,79,4.6,南西,0.0,0.0,曇,20.0
202593,02:00,0.0,29.0,25.0,31.7,79,5.1,南西,0.0,0.0,曇,20.0
202593,03:00,0.0,28.7,23.4,28.8,73,2.9,西北西,0.0,0.0,晴れ,20.0
202593,04:00,0.0,28.8,23.0,28.1,71,3.1,西,0.0,0.0,晴れ,20.0
202593,05:00,0.0,28.3,24.9,31.6,82,3.2,南西,0.0,0.0,晴れ,20.0
202593,06:00,0.0,29.1,24.4,30.6,76,4.7,南西,0.3,0.0,曇,20.0
202593,07:00,0.0,30.0,24.6,31.0,73,6.8,南西,0.9,0.0,曇,20.0
202593,08:00,0.0,31.0,24.6,31.0,69,5.2,南西,1.0,0.0,晴れ,20.0
202593,09:00,0.0,31.3,24.4,30.6,67,5.0,西南西,1.0,0.0,晴れ,20.0
202593,10:00,0.0,32.0,24.6,30.9,65,5.2,西南西,1.0,0.0,晴れ,20.0
202593,11:00,0.0,33.1,25.6,32.9,65,3.9,西南西,1.0,0.0,晴れ,20.0
202593,12:00,0.0,33.0,25.0,31.7,63,4.8,西南西,1.0,0.0,晴れ,20.0
202593,13:00,0.0,33.1,25.6,32.9,65,5.7,西南西,0.9,0.0,曇,20.0
202593,14:00,0.0,33.0,25.3,32.2,64,7.3,西南西,0.5,0.0,曇,20.0
202593,15:00,0.0,31.8,25.2,32.0,68,7.4,南西,0.0,0.0,曇,20.0
202593,16:00,0.0,31.2,25.6,32.7,72,6.1,南西,0.0,0.0,曇,20.0
202593,17:00,0.0,30.7,25.1,31.8,72,5.7,南西,0.0,0.0,曇,20.0
202593,18:00,0.0,30.6,25.4,32.5,74,3.9,南,0.0,0.0,曇,20.0
202593,19:00,0.0,29.9,25.2,32.1,76,4.9,南,0.0,0.0,曇,20.0
202593,20:00,0.0,29.7,25.2,32.1,77,3.0,南南東,0.0,0.0,曇,20.0
202593,21:00,0.0,29.3,25.5,32.6,80,3.8,南,0.0,0.0,曇,20.0
202593,22:00,0.0,29.1,25.1,31.8,79,2.5,南南東,0.0,0.0,曇,20.0
202593,23:00,0.0,28.8,25.0,31.7,80,2.6,南東,0.0,0.0,曇,20.0
202593,24:00,0.0,28.6,25.0,31.7,81,2.7,南南東,0.0,0.0,曇,20.0
202594,01:00,0.0,28.2,24.6,31.0,81,2.2,南東,0.0,0.0,曇,20.0
202594,02:00,0.0,28.0,24.6,31.0,82,2.0,東南東,0.0,0.0,曇,20.0
202594,03:00,0.0,28.0,24.6,31.0,82,1.3,南東,0.0,0.0,曇,20.0
202594,04:00,0.0,28.0,24.6,31.0,82,1.3,東北東,0.0,0.0,曇,20.0
202594,05:00,0.0,27.5,25.3,32.3,88,2.5,北東,0.0,0.0,曇,20.0
202594,06:00,0.0,27.5,25.3,32.3,88,2.0,北北東,0.0,0.0,曇,20.0
202594,07:00,0.0,26.9,23.2,28.4,80,5.0,北東,0.0,0.0,曇,20.0
202594,08:00,0.0,27.0,24.1,30.0,84,4.0,北東,0.0,0.0,雨,20.0
202594,09:00,1.0,26.9,24.9,31.6,89,4.0,北東,0.0,0.0,雨,20.0
202594,10:00,0.0,27.4,24.9,31.4,86,2.2,北東,0.0,0.0,曇,20.0
202594,11:00,0.0,28.3,25.1,31.9,83,1.3,北,0.0,0.0,曇,20.0
202594,12:00,0.0,29.4,25.0,31.6,77,1.8,南南東,0.0,0.0,曇,20.0
202594,13:00,0.0,28.9,24.9,31.5,79,4.7,北西,0.2,0.0,曇,20.0
202594,14:00,0.0,28.1,24.3,30.4,80,4.1,北北西,0.0,0.0,雨,20.0
202594,15:00,0.0,29.5,24.2,30.1,73,2.3,北北西,0.0,0.0,曇,20.0
202594,16:00,0.0,28.6,24.2,30.2,77,1.5,北,0.0,0.0,曇,20.0
202594,17:00,0.0,28.8,23.9,29.7,75,0.5,東南東,0.0,0.0,曇,20.0
202594,18:00,0.0,28.1,24.7,31.2,82,2.2,東南東,0.0,0.0,曇,20.0
202594,19:00,0.0,28.0,24.4,30.6,81,1.7,南東,0.0,0.0,曇,20.0
202594,20:00,0.0,27.7,25.0,31.6,85,1.1,東北東,0.0,0.0,曇,20.0
202594,21:00,0.0,27.3,25.0,31.6,87,2.2,東,0.0,0.0,曇,20.0
202594,22:00,0.0,27.6,25.2,32.1,87,4.0,南南東,0.0,0.0,曇,11.8
202594,23:00,0.0,27.4,24.7,31.0,85,4.4,南西,0.0,0.0,曇,20.0
202594,24:00,0.0,27.2,24.9,31.4,87,3.7,南西,0.0,0.0,曇,20.0
202595,01:00,1.0,25.6,24.4,30.5,93,2.8,北東,0.0,0.0,,
202595,02:00,4.0,25.5,24.5,30.7,94,3.0,北東,0.0,0.0,,
202595,03:00,11.0,25.2,24.5,30.8,96,3.8,北東,0.0,0.0,雷電,10.0
202595,04:00,4.0,25.4,24.7,31.2,96,2.2,北,0.0,0.0,,
202595,05:00,11.0,25.0,24.5,30.7,97,1.5,北東,0.0,0.0,,
202595,06:00,1.0,25.2,24.7,31.1,97,2.8,北北東,0.0,0.00,雨,20.0
202595,07:00,0.5,25.4,24.7,31.2,96,2.7,北北東,0.0,0.05,,
202595,08:00,18.0,25.4,24.9,31.5,97,2.4,北東,0.0,0.10,,
202595,09:00,1.5,25.7,24.8,31.4,95,3.8,北北東,0.0,0.24,曇,15.0
202595,10:00,0.0,26.2,25.2,32.0,94,3.1,北北東,0.0,0.47,,
202595,11:00,0.0,27.5,25.1,32.0,87,3.8,北,0.0,1.02,,
202595,12:00,0.0,30.4,24.8,31.3,72,1.5,西南西,0.3,1.91,曇,20.0
202595,13:00,0.0,29.4,24.3,30.3,74,3.6,西南西,0.1,1.23,,
202595,14:00,8.0,28.2,25.4,32.5,85,1.5,南西,0.1,0.96,,
202595,15:00,0.0,29.9,24.1,30.0,71,3.7,西北西,0.4,1.63,雨,20.0
202595,16:00,0.0,30.7,23.6,29.2,66,3.3,北西,0.7,1.44,,
202595,17:00,0.0,30.4,22.8,27.8,64,2.4,北,0.5,0.80,,
202595,18:00,0.0,29.0,23.7,29.3,73,2.8,西北西,0.0,0.07,曇,20.0
202595,19:00,0.0,28.9,23.1,28.3,71,2.3,北北西,0.0,0.00,,
202595,20:00,0.0,28.7,23.2,28.4,72,2.3,西北西,0.0,0.0,,
202595,21:00,0.0,28.2,23.1,28.3,74,2.4,北北西,0.0,0.0,晴れ,30.0
202595,22:00,0.0,28.1,23.0,28.1,74,1.1,西,0.0,0.0,,
202595,23:00,0.0,27.7,22.9,27.9,75,2.6,北西,0.0,0.0,,
202595,24:00,0.0,27.4,22.6,27.4,75,1.1,西南西,0.0,0.0,,
202596,01:00,0.0,27.1,22.1,26.5,74,1.3,西北西,0.0,0.0,,
202596,02:00,0.0,26.9,21.9,26.2,74,2.0,北西,0.0,0.0,,
202596,03:00,0.0,25.7,21.8,26.1,79,1.9,北,0.0,0.0,快晴,15.0
202596,04:00,0.0,25.6,20.8,24.6,75,1.2,北,0.0,0.0,,
202596,05:00,0.0,26.0,19.9,23.2,69,1.3,北北西,0.0,0.0,,
202596,06:00,0.0,25.9,20.0,23.4,70,1.8,北北東,0.2,0.03,快晴,30.0
202596,07:00,0.0,26.3,20.4,24.0,70,2.1,北,1.0,0.47,,
202596,08:00,0.0,27.3,20.6,24.3,67,0.6,西南西,1.0,1.20,,
202596,09:00,0.0,28.5,19.4,22.6,58,1.5,北北西,1.0,1.93,晴れ,40.0
202596,10:00,0.0,29.4,17.6,20.1,49,2.1,北東,1.0,2.52,,
202596,11:00,0.0,31.5,17.8,20.3,44,2.5,北東,1.0,2.98,,
202596,12:00,0.0,32.2,16.9,19.2,40,1.1,北,1.0,3.19,晴れ,35.0
202596,13:00,0.0,33.9,17.2,19.6,37,2.0,北北西,1.0,3.18,,
202596,14:00,0.0,33.4,17.2,19.6,38,3.2,西,1.0,2.95,,
202596,15:00,0.0,33.6,18.9,21.9,42,2.0,南西,1.0,2.47,晴れ,40.0
202596,16:00,0.0,32.5,18.7,21.5,44,2.7,南西,1.0,1.81,,
202596,17:00,0.0,32.1,17.6,20.1,42,2.7,南南西,1.0,1.10,,
202596,18:00,0.0,31.1,19.1,22.2,49,2.8,西南西,1.0,0.42,晴れ,40.0
202596,19:00,0.0,30.6,18.0,20.6,47,1.8,南西,0.1,0.02,,
202596,20:00,0.0,30.0,20.0,23.3,55,2.0,南南西,0.0,0.0,,
202596,21:00,0.0,29.2,20.1,23.5,58,2.5,南西,0.0,0.0,晴れ,20.0
202596,22:00,0.0,28.7,21.0,24.8,63,2.0,南南西,0.0,0.0,,
202596,23:00,0.0,28.3,21.6,25.8,67,1.1,南西,0.0,0.0,,
202596,24:00,0.0,28.1,22.4,27.0,71,1.4,南,0.0,0.0,,
202597,01:00,0.0,27.8,22.1,26.5,71,0.6,南南東,0.0,0.0,,
202597,02:00,0.0,27.5,22.5,27.2,74,1.0,南東,0.0,0.0,,
202597,03:00,0.0,27.1,20.7,24.4,68,1.2,南南西,0.0,0.0,快晴,20.0
202597,04:00,0.0,26.5,20.4,23.9,69,1.6,南,0.0,0.0,,
202597,05:00,0.0,26.1,19.5,22.7,67,1.2,南,0.0,0.0,,
202597,06:00,0.0,26.0,19.2,22.2,66,1.3,南,0.1,0.02,晴れ,15.0
202597,07:00,0.0,26.8,19.7,22.9,65,1.5,南南西,1.0,0.47,,
202597,08:00,0.0,28.1,20.4,24.0,63,0.6,南南西,1.0,1.10,,
202597,09:00,0.0,29.7,21.9,26.3,63,0.8,西北西,0.9,1.87,晴れ,15.0
202597,10:00,0.0,30.8,22.7,27.6,62,2.2,南西,0.8,2.19,,
202597,11:00,0.0,31.0,22.6,27.4,61,3.1,南南西,0.5,2.00,,
202597,12:00,0.0,32.5,22.9,27.9,57,2.6,西南西,1.0,3.20,晴れ,25.0
202597,13:00,0.0,33.1,22.5,27.3,54,4.3,南西,1.0,3.12,,
202597,14:00,0.0,33.6,23.0,28.1,54,3.5,南西,1.0,2.90,,
202597,15:00,0.0,32.9,22.4,27.0,54,3.8,西南西,1.0,2.44,晴れ,30.0
202597,16:00,0.0,32.9,22.1,26.5,53,3.8,西南西,1.0,1.76,,
202597,17:00,0.0,32.5,22.6,27.4,56,3.8,南南西,1.0,1.06,,
202597,18:00,0.0,31.7,23.3,28.5,61,2.2,南西,0.7,0.33,晴れ,30.0
202597,19:00,0.0,30.5,24.2,30.1,69,2.6,西南西,0.0,0.01,,
202597,20:00,0.0,30.1,24.3,30.3,71,2.4,西,0.0,0.0,,
202597,21:00,0.0,30.0,24.4,30.6,72,2.3,南西,0.0,0.0,曇,25.0
202597,22:00,0.0,29.5,24.4,30.5,74,2.4,西南西,0.0,0.0,,
202597,23:00,0.0,29.2,24.1,30.0,74,1.7,南西,0.0,0.0,,
202597,24:00,0.0,29.1,24.0,29.8,74,1.3,南西,0.0,0.0,,
202599,01:00,0.0,20.5,16.3,18.6,77,2.2,南東,0.0,0.0,曇,20.0
202599,02:00,0.0,20.4,16.2,18.5,77,2.7,南東,0.0,0.0,曇,20.0
202599,03:00,0.0,20.6,16.0,18.2,75,2.2,南東,0.0,0.0,曇,20.0
202599,04:00,0.0,20.8,15.8,17.9,73,1.7,南東,0.0,0.0,曇,20.0
202599,05:00,0.0,21.1,16.7,19.0,76,4.4,南東,0.0,0.00,曇,20.0
202599,06:00,0.0,20.9,19.0,22.0,89,4.5,東南東,0.0,0.02,曇,20.0
202599,07:00,0.0,21.6,19.5,22.7,88,4.2,東,0.0,0.12,曇,20.0
202599,08:00,0.0,22.5,18.7,21.5,79,1.1,南西,0.0,0.29,曇,20.0
202599,09:00,0.0,23.3,20.5,24.0,84,2.0,南南東,0.0,0.65,曇,20.0
202599,10:00,0.0,24.1,19.8,23.1,77,0.7,南南東,0.0,0.59,曇,20.0
202599,11:00,0.0,25.1,19.3,22.3,70,4.3,南南東,0.0,0.73,曇,20.0
202599,12:00,0.0,25.8,19.5,22.6,68,3.2,南,0.0,0.97,曇,20.0
202599,13:00,0.0,26.4,19.1,22.0,64,5.6,南南東,0.0,1.10,曇,20.0
202599,14:00,0.0,26.1,19.0,22.0,65,4.6,南南東,0.0,0.92,曇,20.0
202599,15:00,0.0,25.7,19.8,23.1,70,2.8,南東,0.0,0.71,曇,20.0
202599,16:00,0.0,25.2,20.2,23.7,74,5.0,南南東,0.0,0.49,曇,20.0
202599,17:00,0.0,24.5,20.6,24.3,79,4.8,南南東,0.0,0.21,曇,20.0
202599,18:00,0.0,23.9,20.6,24.3,82,4.6,南,0.0,0.05,曇,20.0
202599,19:00,0.0,23.6,19.8,23.0,79,4.3,南,0.0,0.00,曇,20.0
202599,20:00,0.0,23.7,19.0,22.0,75,4.8,南,0.0,0.0,曇,20.0
202599,21:00,0.0,23.4,18.7,21.6,75,2.7,南南東,0.0,0.0,曇,20.0
202599,22:00,0.0,22.7,19.5,22.6,82,2.5,南東,0.0,0.0,曇,20.0
202599,23:00,0.0,23.0,19.2,22.2,79,3.9,南南東,0.0,0.0,曇,20.0
202599,24:00,0.0,22.6,19.6,22.8,83,2.3,南南西,0.0,0.0,曇,20.0
2025911,01:00,0.0,21.1,16.1,18.3,73,1.6,西北西,0.0,0.0,曇,20.0
2025911,02:00,0.0,20.6,16.0,18.2,75,1.7,南南東,0.0,0.0,曇,20.0
2025911,03:00,0.0,19.9,16.0,18.1,78,1.4,西,0.0,0.0,晴れ,20.0
2025911,04:00,0.0,19.8,16.3,18.5,80,0.7,北,0.0,0.0,曇,20.0
2025911,05:00,0.0,19.2,14.9,16.9,76,1.8,南東,0.0,0.00,曇,20.0
2025911,06:00,0.0,18.5,14.8,16.8,79,1.3,東南東,0.0,0.04,曇,20.0
2025911,07:00,0.0,20.6,13.6,15.5,64,1.2,東南東,0.8,0.59,晴れ,20.0
2025911,08:00,0.0,22.7,13.8,15.7,57,0.6,東南東,1.0,1.30,晴れ,20.0
2025911,09:00,0.0,24.5,14.9,16.9,55,2.4,南東,1.0,1.90,晴れ,20.0
2025911,10:00,0.0,26.3,15.4,17.5,51,1.8,東南東,1.0,2.38,晴れ,20.0
2025911,11:00,0.0,28.0,15.0,17.0,45,1.6,北西,1.0,2.73,晴れ,20.0
2025911,12:00,0.0,26.5,17.0,19.4,56,7.3,北西,1.0,2.87,晴れ,20.0
2025911,13:00,0.0,25.6,19.0,22.0,67,5.0,北北西,0.8,2.43,雷電,20.0
2025911,14:00,0.0,23.6,20.0,23.3,80,4.2,北北西,0.2,1.05,雷電,20.0
2025911,15:00,0.0,23.9,18.3,21.1,71,5.3,北北西,0.2,0.74,曇,20.0
2025911,16:00,0.0,23.0,17.7,20.2,72,4.3,北北西,0.2,0.66,雨,20.0
2025911,17:00,0.0,23.1,17.3,19.8,70,3.3,北,0.3,0.51,晴れ,20.0
2025911,18:00,0.0,22.5,16.8,19.1,70,2.3,北北西,0.1,0.10,曇,20.0
2025911,19:00,0.0,21.9,16.4,18.7,71,1.7,西,0.0,0.00,晴れ,20.0
2025911,20:00,0.0,21.0,16.4,18.7,75,1.4,西北西,0.0,0.0,晴れ,20.0
2025911,21:00,0.0,21.0,15.8,17.9,72,1.8,西南西,0.0,0.0,晴れ,20.0
2025911,22:00,0.0,20.5,15.7,17.8,74,1.0,西,0.0,0.0,晴れ,20.0
2025911,23:00,0.0,20.1,15.5,17.6,75,1.6,西,0.0,0.0,晴れ,20.0
2025911,24:00,0.0,19.0,15.5,17.6,80,0.8,南南西,0.0,0.0,晴れ,20.0
2025912,01:00,0.0,18.8,15.7,17.8,82,1.8,南南東,0.0,0.0,晴れ,17.6
2025912,02:00,0.0,18.3,15.9,18.1,86,0.9,西,0.0,0.0,晴れ,20.0
2025912,03:00,0.0,18.0,15.5,17.5,85,1.0,南東,0.0,0.0,晴れ,20.0
2025912,04:00,0.0,17.0,14.7,16.7,86,0.6,東南東,0.0,0.0,晴れ,20.0
2025912,05:00,0.0,16.8,14.8,16.8,88,0.6,南,0.0,0.00,晴れ,20.0
2025912,06:00,0.0,17.1,14.9,17.0,87,0.4,北東,0.4,0.11,晴れ,20.0
2025912,07:00,0.0,18.5,15.0,17.0,80,0.5,北北東,1.0,0.65,晴れ,20.0
2025912,08:00,0.0,20.1,15.3,17.4,74,1.9,南東,1.0,1.30,晴れ,20.0
2025912,09:00,0.0,21.8,15.9,18.0,69,2.0,東南東,1.0,1.91,晴れ,20.0
2025912,10:00,0.0,23.4,15.5,17.6,61,3.3,南東,1.0,2.42,晴れ,20.0
2025912,11:00,0.0,24.7,16.2,18.4,59,2.4,東南東,1.0,2.72,晴れ,20.0
2025912,12:00,0.0,26.0,17.4,19.8,59,3.8,東南東,1.0,2.80,晴れ,20.0
2025912,13:00,0.0,26.8,17.3,19.7,56,4.1,南東,1.0,2.72,晴れ,20.0
2025912,14:00,0.0,27.8,16.8,19.1,51,4.7,南南東,0.8,2.05,晴れ,20.0
2025912,15:00,0.0,26.7,16.3,18.6,53,7.7,南南東,0.9,1.78,晴れ,20.0
2025912,16:00,0.0,25.6,16.2,18.4,56,6.4,南南東,1.0,1.31,晴れ,20.0
2025912,17:00,0.0,24.7,16.4,18.7,60,3.9,南南東,1.0,0.65,晴れ,20.0
2025912,18:00,0.0,23.4,17.2,19.6,68,2.9,南東,0.4,0.11,晴れ,20.0
2025912,19:00,0.0,22.7,17.2,19.6,71,2.0,東,0.0,0.00,晴れ,20.0
2025912,20:00,0.0,21.6,17.6,20.1,78,3.0,南東,0.0,0.0,晴れ,20.0
2025912,21:00,0.0,21.4,17.6,20.1,79,2.1,南南東,0.0,0.0,晴れ,20.0
2025912,22:00,0.0,20.6,17.4,19.9,82,4.3,南南東,0.0,0.0,晴れ,20.0
2025912,23:00,0.0,20.6,17.8,20.4,84,4.8,南南東,0.0,0.0,晴れ,20.0
2025912,24:00,0.0,20.1,16.6,18.8,80,4.3,南東,0.0,0.0,晴れ,20.0
2025913,01:00,0.0,19.3,16.2,18.4,82,3.7,南東,0.0,0.0,晴れ,20.0
2025913,02:00,0.0,19.2,16.6,18.9,85,4.2,南東,0.0,0.0,晴れ,20.0
2025913,03:00,0.0,19.1,16.3,18.6,84,4.1,南東,0.0,0.0,晴れ,20.0
2025913,04:00,0.0,19.1,16.9,19.2,87,4.5,南東,0.0,0.0,晴れ,20.0
2025913,05:00,0.0,19.3,17.1,19.5,87,3.9,南東,0.0,0.00,曇,20.0
2025913,06:00,0.0,19.7,17.5,20.0,87,3.2,東南東,0.0,0.09,曇,20.0
2025913,07:00,0.0,20.8,18.4,21.1,86,3.0,東南東,0.0,0.29,曇,20.0
2025913,08:00,0.0,22.6,18.6,21.4,78,4.7,南東,0.5,0.82,曇,20.0
2025913,09:00,0.0,22.8,18.4,21.1,76,6.0,南南東,0.7,1.38,曇,20.0
2025913,10:00,0.0,23.8,18.9,21.8,74,5.9,南南東,0.1,1.08,曇,20.0
2025913,11:00,0.0,23.3,18.6,21.5,75,7.6,南南東,0.0,0.82,雨,20.0
2025913,12:00,0.0,23.2,18.3,21.0,74,7.1,南南東,0.0,1.07,雨,20.0
2025913,13:00,0.0,22.4,18.4,21.1,78,6.3,南南東,0.0,0.56,雨,20.0
2025913,14:00,0.0,22.0,18.4,21.2,80,6.4,南東,0.0,0.14,雨,16.0
2025913,15:00,0.5,21.0,18.9,21.9,88,5.0,南東,0.0,0.17,雨,10.0
2025913,16:00,1.0,20.2,18.3,21.1,89,6.9,南東,0.0,0.14,雨,11.1
2025913,17:00,1.0,19.0,17.0,19.3,88,6.7,南東,0.0,0.06,雨,11.0
2025913,18:00,1.5,17.3,15.5,17.6,89,5.5,南南東,0.0,0.01,雨,11.3
2025913,19:00,2.0,17.0,15.9,18.0,93,5.6,南南東,0.0,0.00,雨,4.26
2025913,20:00,1.5,17.0,16.2,18.4,95,5.1,南南東,0.0,0.0,雨,4.22
2025913,21:00,4.0,17.5,17.0,19.4,97,3.8,南南東,0.0,0.0,雨,4.17
2025913,22:00,8.0,18.4,18.2,21.0,99,4.5,南東,0.0,0.0,雨,6.18
2025913,23:00,2.5,19.5,19.4,22.4,99,2.6,東南東,0.0,0.0,雨,6.07
2025913,24:00,5.5,23.4,22.2,26.8,93,8.5,南南東,0.0,0.0,雨,4.16
2025914,01:00,2.5,24.0,22.1,26.6,89,6.1,南南東,0.0,0.0,雨,20.0
2025914,02:00,0.0,23.0,22.2,26.7,95,3.0,南南東,0.0,0.0,雨,20.0
2025914,03:00,0.5,20.8,19.1,22.1,90,10.1,北西,0.0,0.0,雨,20.0
2025914,04:00,0.0,20.6,18.2,20.9,86,9.7,北西,0.0,0.0,雨,20.0
2025914,05:00,0.0,20.7,18.1,20.8,85,11.9,北西,0.0,0.00,雨,20.0
2025914,06:00,0.0,20.2,18.5,21.3,90,10.0,北西,0.0,0.03,雨,16.5
2025914,07:00,1.0,19.6,18.1,20.8,91,10.3,北西,0.1,0.26,雨,4.65
2025914,08:00,0.5,20.2,18.0,20.6,87,9.9,北西,0.7,1.20,雨,11.3
2025914,09:00,0.0,21.5,16.5,18.7,73,8.1,北西,0.6,1.53,曇,20.0
2025914,10:00,0.0,22.0,16.5,18.8,71,9.5,北北西,0.4,1.52,曇,20.0
2025914,11:00,0.0,21.7,16.0,18.2,70,8.6,北北西,0.4,1.68,晴れ,20.0
2025914,12:00,0.0,21.9,16.2,18.4,70,7.6,北北西,0.3,1.62,晴れ,20.0
2025914,13:00,0.0,22.8,16.1,18.3,66,7.9,北北西,0.7,2.25,晴れ,20.0
2025914,14:00,0.0,22.9,15.7,17.9,64,6.1,北北西,0.9,2.32,晴れ,20.0
2025914,15:00,0.0,23.0,15.8,18.0,64,8.4,北西,0.9,1.87,晴れ,20.0
2025914,16:00,0.0,22.4,15.3,17.3,64,6.1,北西,1.0,1.35,晴れ,20.0
2025914,17:00,0.0,22.0,16.1,18.2,69,4.5,北北西,1.0,0.65,晴れ,20.0
2025914,18:00,0.0,21.2,16.0,18.1,72,2.0,西北西,0.4,0.10,晴れ,20.0
2025914,19:00,0.0,20.1,15.1,17.2,73,1.5,西南西,0.0,0.00,晴れ,20.0
2025914,20:00,0.0,19.2,15.5,17.6,79,0.9,南南西,0.0,0.0,晴れ,20.0
2025914,21:00,0.0,18.5,14.8,16.8,79,0.8,南南東,0.0,0.0,晴れ,20.0
2025914,22:00,0.0,18.0,14.1,16.1,78,1.0,南南東,0.0,0.0,晴れ,20.0
2025914,23:00,0.0,17.3,13.8,15.8,80,0.7,南南東,0.0,0.0,晴れ,20.0
2025914,24:00,0.0,17.0,13.2,15.1,78,2.2,南東,0.0,0.0,晴れ,20.0
2025915,01:00,0.0,16.5,12.5,14.5,77,2.6,南東,0.0,0.0,晴れ,20.0
2025915,02:00,0.0,16.8,11.9,14.0,73,2.1,南東,0.0,0.0,晴れ,20.0
2025915,03:00,0.0,15.9,11.9,13.9,77,4.4,南南東,0.0,0.0,晴れ,20.0
2025915,04:00,0.0,16.3,11.7,13.7,74,3.6,南東,0.0,0.0,晴れ,20.0
2025915,05:00,0.0,16.2,11.8,13.8,75,5.0,南東,0.0,0.00,晴れ,20.0
2025915,06:00,0.0,16.8,12.2,14.2,74,5.5,南東,0.4,0.09,晴れ,20.0
2025915,07:00,0.0,18.3,13.6,15.6,74,3.9,南東,1.0,0.62,晴れ,20.0
2025915,08:00,0.0,21.5,15.1,17.2,67,4.6,南南東,1.0,1.27,晴れ,20.0
2025915,09:00,0.0,23.7,16.7,19.1,65,4.6,南東,1.0,1.87,晴れ,20.0
2025915,10:00,0.0,24.9,17.1,19.5,62,4.6,南南東,1.0,2.34,晴れ,20.0
2025915,11:00,0.0,25.0,17.7,20.3,64,6.4,南東,1.0,2.63,晴れ,20.0
2025915,12:00,0.0,26.7,17.5,20.0,57,4.1,南東,1.0,2.71,晴れ,20.0
2025915,13:00,0.0,28.4,14.6,16.6,43,4.6,南南西,1.0,2.61,晴れ,20.0
2025915,14:00,0.0,28.3,15.9,18.1,47,6.6,南南西,1.0,2.38,晴れ,20.0
2025915,15:00,0.0,26.9,17.7,20.2,57,7.3,南南東,0.9,1.81,晴れ,20.0
2025915,16:00,0.0,25.5,18.2,20.9,64,4.6,南南東,0.6,1.00,晴れ,20.0
2025915,17:00,0.0,24.0,18.7,21.5,72,4.2,南南東,0.8,0.47,晴れ,20.0
2025915,18:00,0.0,23.3,18.6,21.5,75,3.0,南東,0.0,0.05,晴れ,20.0
2025915,19:00,0.0,22.2,19.6,22.8,85,4.6,東南東,0.0,0.00,晴れ,20.0
2025915,20:00,0.0,22.2,19.2,22.2,83,2.4,南東,0.0,0.0,晴れ,20.0
2025915,21:00,0.0,21.4,19.2,22.2,87,2.3,南南東,0.0,0.0,晴れ,20.0
2025915,22:00,0.0,21.3,18.9,21.8,86,2.7,南,0.0,0.0,晴れ,20.0
2025915,23:00,0.0,20.0,17.6,20.1,86,3.5,南西,0.0,0.0,晴れ,20.0
2025915,24:00,0.0,20.8,16.8,19.2,78,1.5,西,0.0,0.0,晴れ,20.0
2025917,01:00,0.0,24.6,21.1,25.1,81,2.3,南南西,0.0,0.0,曇,20.0
2025917,02:00,0.0,24.0,21.3,25.4,85,1.8,南,0.0,0.0,晴れ,20.0
2025917,03:00,0.0,24.0,20.5,24.2,81,0.5,北北東,0.0,0.0,晴れ,20.0
2025917,04:00,0.0,23.3,21.0,24.9,87,2.6,南,0.0,0.0,晴れ,20.0
2025917,05:00,0.0,24.2,22.3,26.9,89,3.1,南南西,0.0,0.00,晴れ,20.0
2025917,06:00,0.0,25.6,22.9,27.9,85,3.3,南西,0.3,0.09,晴れ,20.0
2025917,07:00,0.0,26.6,22.9,27.9,80,2.6,南南西,0.9,0.54,晴れ,20.0
2025917,08:00,0.0,28.8,23.0,28.1,71,4.6,南,0.9,1.22,晴れ,20.0
2025917,09:00,0.0,31.3,23.9,29.7,65,1.8,南,1.0,2.03,晴れ,20.0
2025917,10:00,0.0,26.6,21.8,26.1,75,7.9,北北西,0.4,1.25,雨,20.0
2025917,11:00,0.0,29.7,22.4,27.1,65,5.3,北,0.8,2.65,曇,20.0
2025917,12:00,0.0,28.7,21.5,25.6,65,2.3,北北西,0.2,1.35,曇,20.0
2025917,13:00,0.0,28.1,22.6,27.4,72,1.5,北北東,0.2,1.21,雨,20.0
2025917,14:00,0.0,28.8,22.3,26.9,68,0.9,南南東,0.2,1.05,雨,20.0
2025917,15:00,0.0,27.9,23.5,28.9,77,4.2,南南西,0.0,0.52,曇,20.0
2025917,16:00,0.0,27.2,23.7,29.2,81,3.0,南南西,0.0,0.35,曇,20.0
2025917,17:00,0.0,26.8,23.3,28.6,81,5.1,南南西,0.0,0.27,曇,20.0
2025917,18:00,0.0,26.5,23.4,28.7,83,3.0,南,0.1,0.07,晴れ,20.0
2025917,19:00,0.0,25.9,23.6,29.1,87,2.1,南,0.0,0.00,曇,20.0
2025917,20:00,0.0,25.7,23.9,29.7,90,1.3,北北東,0.0,0.0,晴れ,20.0
2025917,21:00,0.0,25.2,24.0,29.8,93,0.6,南東,0.0,0.0,晴れ,19.4
2025917,22:00,0.0,25.4,23.8,29.5,91,2.1,北北西,0.0,0.0,晴れ,20.0
2025917,23:00,0.0,24.9,23.3,28.7,91,1.9,北北西,0.0,0.0,晴れ,20.0
2025917,24:00,0.0,24.7,23.3,28.6,92,2.6,北北西,0.0,0.0,曇,20.0
2025918,01:00,0.0,26.1,24.0,29.8,88,1.7,南東,0.0,0.0,晴れ,20.0
2025918,02:00,0.0,26.3,24.3,30.5,89,1.9,南南東,0.0,0.0,晴れ,20.0
2025918,03:00,0.0,26.3,24.5,30.8,90,1.3,南南東,0.0,0.0,曇,20.0
2025918,04:00,0.0,26.6,24.5,30.7,88,1.8,南南東,0.0,0.0,雷電,20.0
2025918,05:00,8.5,24.1,22.7,27.6,92,1.5,北西,0.0,0.0,雷電,20.0
2025918,06:00,0.0,25.0,22.7,27.6,87,1.5,南南東,0.0,0.00,曇,20.0
2025918,07:00,0.5,24.7,23.1,28.3,91,1.7,南東,0.0,0.02,雨,20.0
2025918,08:00,0.0,25.0,23.6,29.2,92,0.6,西,0.0,0.07,雷電,15.7
2025918,09:00,1.5,25.6,23.8,29.6,90,1.7,南東,0.0,0.31,雷電,20.0
2025918,10:00,0.0,27.0,23.3,28.5,80,1.6,東南東,0.1,1.00,雷電,20.0
2025918,11:00,6.5,24.7,23.9,29.6,95,0.9,北北西,0.0,0.20,雷電,20.0
2025918,12:00,0.0,25.5,23.4,28.7,88,1.2,南,0.0,0.35,曇,20.0
2025918,13:00,0.0,27.7,25.3,32.3,87,1.2,北,0.5,1.92,曇,20.0
2025918,14:00,0.0,28.5,25.1,31.9,82,1.9,北,0.6,2.12,晴れ,20.0
2025918,15:00,0.0,28.4,24.4,30.6,79,3.3,北北西,0.1,1.26,曇,20.0
2025918,16:00,0.0,27.4,24.3,30.3,83,5.5,北,0.2,0.96,雨,20.0
2025918,17:00,0.0,25.2,23.8,29.5,92,7.3,北,0.0,0.22,雷電,8.88
2025918,18:00,1.0,24.8,23.4,28.8,92,3.2,北,0.0,0.02,雨,17.4
2025918,19:00,0.0,25.2,22.9,27.9,87,2.8,北北東,0.0,0.00,曇,20.0
2025918,20:00,0.0,25.4,22.5,27.3,84,3.7,北北東,0.0,0.0,曇,20.0
2025918,21:00,0.0,25.5,22.2,26.8,82,3.1,北,0.0,0.0,曇,20.0
2025918,22:00,0.0,25.4,22.3,26.9,83,2.2,北北東,0.0,0.0,曇,20.0
2025918,23:00,0.0,25.4,21.5,25.6,79,2.9,北北東,0.0,0.0,曇,20.0
2025918,24:00,0.0,25.1,21.8,26.1,82,1.9,北北東,0.0,0.0,曇,20.0
2025920,01:00,0.0,13.2,8.1,10.8,71,0.5,西南西,0.0,0.0,曇,20.0
2025920,02:00,0.0,12.9,8.6,11.2,75,0.7,西南西,0.0,0.0,曇,20.0
2025920,03:00,0.0,12.9,8.0,10.7,72,1.4,南南東,0.0,0.0,曇,20.0
2025920,04:00,0.0,11.9,8.4,11.0,79,0.6,南南東,0.0,0.0,曇,20.0
2025920,05:00,0.0,12.5,7.8,10.6,73,0.5,南,0.0,0.00,曇,20.0
2025920,06:00,0.0,12.4,8.5,11.1,77,0.4,南東,0.0,0.05,曇,20.0
2025920,07:00,0.0,13.4,8.3,10.9,71,0.6,南南東,0.0,0.30,曇,20.0
2025920,08:00,0.0,15.6,8.4,11.0,62,1.2,南南東,0.8,1.04,曇,20.0
2025920,09:00,0.0,16.8,9.3,11.7,61,1.5,北東,0.5,1.23,曇,20.0
2025920,10:00,0.0,17.5,8.4,11.0,55,2.3,東,0.1,1.28,曇,20.0
2025920,11:00,0.0,18.6,7.7,10.5,49,2.1,東,0.1,1.45,曇,20.0
2025920,12:00,0.0,19.9,9.2,11.6,50,2.8,東南東,0.1,1.43,曇,20.0
2025920,13:00,0.0,20.0,11.0,13.1,56,4.2,南東,0.0,1.19,曇,20.0
2025920,14:00,0.0,20.2,11.4,13.5,57,3.7,南南東,0.0,0.99,曇,20.0
2025920,15:00,0.0,19.7,11.5,13.5,59,3.5,南南東,0.0,0.40,曇,20.0
2025920,16:00,0.0,19.5,12.0,14.1,62,2.2,南南東,0.0,0.22,曇,20.0
2025920,17:00,0.0,18.8,12.8,14.8,68,1.4,南,0.0,0.06,曇,20.0
2025920,18:00,0.0,18.9,12.2,14.2,65,1.8,東南東,0.0,0.00,雨,20.0
2025920,19:00,0.5,16.9,14.2,16.2,84,1.3,北北東,0.0,0.00,雨,6.40
2025920,20:00,3.5,15.7,13.9,15.9,89,2.2,東北東,0.0,0.0,雨,6.26
2025920,21:00,6.0,15.0,14.4,16.4,96,2.3,北北西,0.0,0.0,雨,4.54
2025920,22:00,14.5,14.6,14.1,16.1,97,4.5,北西,0.0,0.0,雨,2.95
2025920,23:00,21.0,13.9,13.4,15.4,97,4.3,北北西,0.0,0.0,雨,2.96
2025920,24:00,17.0,14.3,13.8,15.8,97,6.3,北西,0.0,0.0,雷電,4.03
2025921,01:00,9.5,14.5,13.9,15.9,96,7.9,北西,0.0,0.0,雨,4.81
2025921,02:00,3.0,15.2,14.3,16.2,94,7.0,北北西,0.0,0.0,雨,4.80
2025921,03:00,0.5,14.6,12.8,14.8,89,4.9,北西,0.0,0.0,曇,20.0
2025921,04:00,3.0,13.5,12.4,14.4,93,5.6,北西,0.0,0.0,雨,3.47
2025921,05:00,4.5,13.2,12.6,14.6,96,4.7,北北西,0.0,0.00,雨,3.02
2025921,06:00,1.0,13.0,12.1,14.1,94,3.9,西北西,0.0,0.01,雨,4.18
2025921,07:00,0.5,13.1,12.3,14.3,95,3.2,西北西,0.0,0.15,雨,3.18
2025921,08:00,1.0,13.9,11.8,13.8,87,5.6,北西,0.0,0.28,雨,17.8
2025921,09:00,0.0,15.5,11.7,13.7,78,4.2,北西,0.0,0.46,雨,20.0
2025921,10:00,0.0,18.0,11.3,13.4,65,10.3,北北西,0.8,2.03,晴れ,20.0
2025921,11:00,0.0,18.4,11.0,13.1,62,8.0,北北西,0.6,2.39,曇,20.0
2025921,12:00,0.0,17.5,11.8,13.8,69,8.2,北北西,0.3,1.60,雨,20.0
2025921,13:00,0.0,17.9,11.5,13.5,66,8.8,北北西,0.3,1.44,雨,20.0
2025921,14:00,0.0,18.5,11.1,13.2,62,10.8,北北西,0.3,1.41,曇,20.0
2025921,15:00,0.0,17.7,10.8,13.0,64,9.0,北北西,0.6,1.36,晴れ,20.0
2025921,16:00,0.0,17.2,10.6,12.8,65,8.3,北北西,0.5,0.69,晴れ,20.0
2025921,17:00,0.0,17.2,10.6,12.8,65,6.5,北北西,0.2,0.23,晴れ,20.0
2025921,18:00,0.0,16.9,10.5,12.7,66,5.1,北北西,0.0,0.02,晴れ,20.0
2025921,19:00,0.0,17.2,11.0,13.1,67,3.9,北北西,0.0,0.00,曇,20.0
2025921,20:00,0.0,16.8,10.2,12.4,65,4.2,北西,0.0,0.0,晴れ,20.0
2025921,21:00,0.0,15.3,8.1,10.8,62,2.5,北北東,0.0,0.0,晴れ,20.0
2025921,22:00,0.0,14.8,7.4,10.3,61,1.5,西北西,0.0,0.0,曇,20.0
2025921,23:00,0.0,14.0,7.3,10.2,64,2.0,西北西,0.0,0.0,晴れ,20.0
2025921,24:00,0.0,13.9,6.3,9.5,60,2.6,西北西,0.0,0.0,晴れ,20.0
2025922,01:00,0.0,13.0,6.4,9.6,64,2.1,西,0.0,0.0,晴れ,20.0
2025922,02:00,0.0,12.5,6.8,9.9,68,1.0,南,0.0,0.0,晴れ,20.0
2025922,03:00,0.0,11.6,7.3,10.2,75,1.3,南東,0.0,0.0,晴れ,20.0
2025922,04:00,0.0,11.3,7.2,10.2,76,1.1,南東,0.0,0.0,晴れ,20.0
2025922,05:00,0.0,11.1,7.4,10.3,78,2.0,南東,0.0,0.00,晴れ,20.0
2025922,06:00,0.0,11.5,8.4,11.0,81,1.1,東南東,0.3,0.11,雨,20.0
2025922,07:00,0.0,13.2,8.9,11.4,75,1.2,南東,0.9,0.66,晴れ,20.0
2025922,08:00,0.0,15.7,9.8,12.1,68,2.6,南東,1.0,1.23,晴れ,20.0
2025922,09:00,0.0,18.3,10.2,12.4,59,1.3,南東,0.7,1.65,晴れ,20.0
2025922,10:00,0.0,19.9,10.6,12.8,55,0.9,東,1.0,2.26,晴れ,20.0
2025922,11:00,0.0,21.8,11.8,13.8,53,3.3,北北西,1.0,2.76,晴れ,20.0
2025922,12:00,0.0,21.5,12.1,14.1,55,4.5,北,0.3,1.54,曇,20.0
2025922,13:00,0.0,19.6,14.2,16.2,71,4.2,北,0.2,1.11,雨,16.8
2025922,14:00,1.5,19.8,15.9,18.0,78,0.7,南,0.3,1.18,雨,20.0
2025922,15:00,0.0,21.5,13.4,15.4,60,3.7,北北西,0.6,1.31,晴れ,20.0
2025922,16:00,0.0,20.8,12.2,14.3,58,5.4,北北西,0.8,0.98,晴れ,20.0
2025922,17:00,0.0,20.3,11.8,13.8,58,4.3,北北西,0.7,0.40,晴れ,20.0
2025922,18:00,0.0,17.8,11.6,13.7,67,0.6,西,0.1,0.03,晴れ,20.0
2025922,19:00,0.0,16.2,11.2,13.3,72,2.9,南西,0.0,0.00,晴れ,20.0
2025922,20:00,0.0,15.5,11.3,13.4,76,1.1,西,0.0,0.0,晴れ,20.0
2025922,21:00,0.0,15.7,10.7,12.8,72,2.8,西,0.0,0.0,晴れ,20.0
2025922,22:00,0.0,14.3,11.3,13.4,82,1.2,南南西,0.0,0.0,晴れ,20.0
2025922,23:00,0.0,13.9,11.3,13.3,84,1.3,南西,0.0,0.0,晴れ,20.0
2025922,24:00,0.0,13.8,11.2,13.3,84,1.6,南,0.0,0.0,晴れ,20.0
2025923,01:00,0.0,13.1,10.8,13.0,86,0.6,南,0.0,0.0,曇,20.0
2025923,02:00,0.0,14.1,10.3,12.5,78,1.2,南南東,0.0,0.0,曇,20.0
2025923,03:00,0.0,13.9,10.0,12.2,77,1.1,南南西,0.0,0.0,曇,20.0
2025923,04:00,0.0,13.8,9.9,12.1,77,1.6,南東,0.0,0.0,曇,20.0
2025923,05:00,0.0,13.1,9.7,12.1,80,1.5,東南東,0.0,0.00,曇,20.0
2025923,06:00,0.0,13.4,10.0,12.3,80,1.0,南南東,0.0,0.04,曇,20.0
2025923,07:00,0.0,14.5,10.1,12.4,75,0.8,東南東,0.3,0.39,曇,20.0
2025923,08:00,0.0,16.7,10.8,12.9,68,1.4,東,0.9,0.91,晴れ,20.0
2025923,09:00,0.0,18.8,11.1,13.2,61,2.0,南東,1.0,1.75,晴れ,20.0
2025923,10:00,0.0,20.9,10.1,12.4,50,2.7,南東,1.0,1.88,晴れ,20.0
2025923,11:00,0.0,21.8,10.0,12.3,47,1.9,東南東,1.0,2.08,晴れ,20.0
2025923,12:00,0.0,22.4,9.9,12.2,45,1.3,東,1.0,2.59,晴れ,20.0
2025923,13:00,0.0,22.5,10.0,12.3,45,2.6,東南東,1.0,2.62,晴れ,20.0
2025923,14:00,0.0,23.0,9.8,12.1,43,2.5,東南東,0.7,1.90,晴れ,20.0
2025923,15:00,0.0,23.3,9.7,12.0,42,2.7,南南東,0.8,1.79,晴れ,20.0
2025923,16:00,0.0,22.4,9.6,11.9,44,2.0,南東,0.6,1.01,晴れ,20.0
2025923,17:00,0.0,21.5,8.8,11.3,44,1.7,北北西,0.5,0.44,晴れ,20.0
2025923,18:00,0.0,19.6,11.1,13.2,58,1.8,北西,0.0,0.02,晴れ,20.0
2025923,19:00,0.0,18.6,10.9,13.1,61,1.1,西,0.0,0.00,晴れ,20.0
2025923,20:00,0.0,17.9,11.5,13.5,66,1.0,南西,0.0,0.0,晴れ,20.0
2025923,21:00,0.0,16.9,10.8,12.9,67,1.7,南南東,0.0,0.0,晴れ,20.0
2025923,22:00,0.0,15.9,11.7,13.7,76,0.8,南東,0.0,0.0,晴れ,20.0
2025923,23:00,0.0,14.8,11.6,13.6,81,0.4,南東,0.0,0.0,晴れ,20.0
2025923,24:00,0.0,14.7,10.7,12.9,77,1.7,南東,0.0,0.0,晴れ,20.0
2025927,01:00,0.0,24.4,21.9,26.3,86,4.6,北東,0.0,0.0,曇,20.0
2025927,02:00,0.0,24.1,22.2,26.7,89,2.5,北北東,0.0,0.0,曇,20.0
2025927,03:00,0.0,24.1,22.4,27.0,90,3.1,北東,0.0,0.0,曇,20.0
2025927,04:00,0.0,24.5,20.8,24.6,80,4.0,北東,0.0,0.0,曇,20.0
2025927,05:00,0.0,23.9,20.8,24.6,83,1.8,北北東,0.0,0.0,曇,20.0
2025927,06:00,0.0,23.9,18.8,21.7,73,3.0,北東,0.0,0.0,曇,20.0
2025927,07:00,0.0,23.9,18.8,21.7,73,2.1,北北東,0.0,0.0,曇,20.0
2025927,08:00,0.0,24.7,18.4,21.2,68,2.0,北東,0.0,0.0,曇,20.0
2025927,09:00,0.0,25.1,17.3,19.8,62,3.1,北東,0.0,0.0,曇,20.0
2025927,10:00,0.0,25.7,16.0,18.2,55,3.1,東北東,0.1,0.0,曇,20.0
2025927,11:00,0.0,26.2,15.9,18.0,53,3.8,東,0.0,0.0,曇,20.0
2025927,12:00,0.0,27.1,14.5,16.5,46,4.7,東南東,0.2,0.0,曇,20.0
2025927,13:00,0.0,27.4,13.0,15.0,41,4.0,東北東,0.8,0.0,晴れ,20.0
2025927,14:00,0.0,28.0,14.6,16.6,44,4.3,南東,1.0,0.0,晴れ,20.0
2025927,15:00,0.0,27.7,15.1,17.1,46,3.6,東南東,1.0,0.0,晴れ,20.0
2025927,16:00,0.0,27.4,14.8,16.8,46,5.1,東南東,1.0,0.0,晴れ,20.0
2025927,17:00,0.0,26.3,14.1,16.1,47,4.0,東南東,0.8,0.0,晴れ,20.0
2025927,18:00,0.0,25.0,16.4,18.7,59,3.5,東南東,0.0,0.0,晴れ,20.0
2025927,19:00,0.0,24.4,17.2,19.6,64,3.3,東南東,0.0,0.0,晴れ,20.0
2025927,20:00,0.0,24.1,17.4,19.8,66,3.0,東,0.0,0.0,晴れ,20.0
2025927,21:00,0.0,23.8,17.3,19.8,67,3.5,東北東,0.0,0.0,晴れ,20.0
2025927,22:00,0.0,23.4,17.9,20.4,71,4.0,東北東,0.0,0.0,晴れ,20.0
2025927,23:00,0.0,23.1,17.3,19.8,70,3.3,東北東,0.0,0.0,曇,20.0
2025927,24:00,0.0,22.7,16.7,19.0,69,2.5,北東,0.0,0.0,曇,20.0
2025928,01:00,0.0,22.6,17.5,20.0,73,3.2,北東,0.0,0.0,曇,20.0
2025928,02:00,0.0,22.3,17.7,20.2,75,3.2,北東,0.0,0.0,曇,20.0
2025928,03:00,0.0,22.0,18.0,20.6,78,3.1,北東,0.0,0.0,晴れ,20.0
2025928,04:00,0.0,21.8,18.2,20.9,80,3.0,北東,0.0,0.0,晴れ,20.0
2025928,05:00,0.0,21.6,18.4,21.2,82,3.0,東北東,0.0,0.0,晴れ,20.0
2025928,06:00,0.0,21.9,18.5,21.3,81,1.6,北東,0.0,0.0,曇,20.0
2025928,07:00,0.0,22.5,18.9,21.8,80,1.6,東北東,0.5,0.0,曇,20.0
2025928,08:00,0.0,24.8,18.7,21.6,69,1.1,東,0.9,0.0,晴れ,20.0
2025928,09:00,0.0,25.9,19.3,22.4,67,0.5,南南西,0.8,0.0,晴れ,20.0
2025928,10:00,0.0,26.5,20.1,23.6,68,1.8,西南西,0.1,0.0,曇,20.0
2025928,11:00,0.0,28.3,19.0,21.9,57,5.8,南南東,0.1,0.0,曇,20.0
2025928,12:00,0.0,27.7,17.9,20.4,55,7.5,南南東,0.1,0.0,曇,20.0
2025928,13:00,0.0,26.3,19.7,22.9,67,2.6,西,0.1,0.0,曇,20.0
2025928,14:00,0.0,27.3,20.2,23.6,65,2.9,南南東,0.3,0.0,雨,20.0
2025928,15:00,0.0,27.7,19.8,23.0,62,3.9,南,0.3,0.0,曇,20.0
2025928,16:00,0.0,27.3,19.7,22.9,63,5.6,南南東,0.4,0.0,曇,20.0
2025928,17:00,0.0,26.5,20.6,24.2,70,6.2,南南東,0.0,0.0,曇,20.0
2025928,18:00,0.0,25.8,21.3,25.3,76,6.7,南南東,0.0,0.0,曇,20.0
2025928,19:00,0.0,25.2,21.1,25.0,78,3.4,南東,0.0,0.0,晴れ,20.0
2025928,20:00,0.0,25.0,21.1,25.0,79,4.5,南東,0.0,0.0,曇,20.0
2025928,21:00,0.0,25.2,21.5,25.7,80,5.0,南南東,0.0,0.0,曇,20.0
2025928,22:00,0.0,25.3,21.8,26.1,81,5.6,南南東,0.0,0.0,曇,20.0
2025928,23:00,0.0,25.3,22.2,26.8,83,6.4,南南東,0.0,0.0,曇,20.0
2025928,24:00,0.0,25.2,21.5,25.7,80,4.6,南,0.0,0.0,曇,20.0
2025930,01:00,0.0,23.2,17.7,20.2,71,1.0,東北東,0.0,0.0,晴れ,20.0
2025930,02:00,0.0,22.3,17.9,20.5,76,2.0,北北東,0.0,0.0,晴れ,20.0
2025930,03:00,0.0,22.2,18.6,21.4,80,1.2,南西,0.0,0.0,晴れ,20.0
2025930,04:00,0.0,22.0,18.4,21.2,80,1.1,南,0.0,0.0,晴れ,20.0
2025930,05:00,0.0,21.3,18.3,21.0,83,1.1,南東,0.0,0.0,晴れ,20.0
2025930,06:00,0.0,21.0,17.8,20.4,82,1.6,南東,0.0,0.00,曇,20.0
2025930,07:00,0.0,21.7,17.7,20.3,78,1.2,南南東,0.1,0.10,曇,20.0
2025930,08:00,0.0,22.8,17.1,19.4,70,1.4,東南東,0.5,0.58,曇,20.0
2025930,09:00,0.0,24.5,16.8,19.1,62,2.1,南東,0.5,1.06,晴れ,20.0
2025930,10:00,0.0,25.7,14.5,16.5,50,1.2,南南東,1.0,2.13,晴れ,20.0
2025930,11:00,0.0,27.3,15.7,17.8,49,1.5,東北東,1.0,2.59,晴れ,20.0
2025930,12:00,0.0,27.0,16.6,18.9,53,4.1,北北西,0.9,2.82,晴れ,20.0
2025930,13:00,0.0,27.6,16.9,19.2,52,4.7,北,0.2,2.12,曇,20.0
2025930,14:00,0.0,26.7,16.9,19.3,55,4.9,北,0.5,2.13,曇,20.0
2025930,15:00,0.0,27.1,18.1,20.8,58,4.7,北,0.1,1.12,曇,20.0
2025930,16:00,0.0,26.3,17.4,19.9,58,3.6,北,0.2,0.96,曇,20.0
2025930,17:00,0.0,25.8,16.9,19.3,58,2.9,北,0.0,0.38,曇,20.0
2025930,18:00,0.0,25.6,16.7,19.0,58,1.7,北,0.0,0.14,曇,20.0
2025930,19:00,0.0,25.4,16.8,19.1,59,2.2,北,0.0,0.00,曇,20.0
2025930,20:00,0.0,25.4,16.8,19.1,59,1.2,北西,0.0,0.0,曇,20.0
2025930,21:00,0.0,24.8,17.5,20.0,64,1.4,南西,0.0,0.0,晴れ,20.0
2025930,22:00,0.0,24.3,17.6,20.1,66,1.9,南西,0.0,0.0,晴れ,20.0
2025930,23:00,0.0,23.7,17.5,19.9,68,1.0,南西,0.0,0.0,晴れ,20.0
2025930,24:00,0.0,23.7,17.5,19.9,68,1.1,南東,0.0,0.0,曇,20.0
2025104,01:00,0.0,21.8,19.2,22.2,85,3.9,北北東,0.0,0.0,曇,20.0
2025104,02:00,0.0,21.6,19.2,22.2,86,3.4,北北東,0.0,0.0,曇,20.0
2025104,03:00,0.0,21.2,19.1,22.2,88,4.0,北北東,0.0,0.0,曇,20.0
2025104,04:00,0.0,21.2,19.0,21.9,87,3.6,北東,0.0,0.0,曇,20.0
2025104,05:00,0.0,21.0,19.1,22.1,89,3.6,北東,0.0,0.0,曇,20.0
2025104,06:00,0.0,20.7,19.0,22.0,90,3.8,北北東,0.0,0.0,曇,20.0
2025104,07:00,0.0,21.8,19.4,22.5,86,3.3,北北東,0.5,0.0,曇,20.0
2025104,08:00,0.0,23.2,20.0,23.3,82,3.3,北東,0.4,0.0,晴れ,20.0
2025104,09:00,0.0,24.8,20.1,23.5,75,2.5,北東,0.6,0.0,曇,20.0
2025104,10:00,0.0,25.5,18.9,21.9,67,2.9,東北東,0.0,0.0,曇,20.0
2025104,11:00,0.0,24.0,20.3,23.9,80,3.6,南南東,0.0,0.0,曇,20.0
2025104,12:00,0.0,24.5,18.7,21.5,70,3.8,東,0.0,0.0,曇,20.0
2025104,13:00,0.0,24.1,19.4,22.5,75,4.0,東南東,0.0,0.0,曇,20.0
2025104,14:00,0.0,23.2,19.4,22.5,79,4.3,南東,0.0,0.0,雨,20.0
2025104,15:00,0.0,23.3,18.8,21.7,76,2.9,東北東,0.0,0.0,曇,20.0
2025104,16:00,0.0,23.8,19.3,22.4,76,2.8,東北東,0.0,0.0,曇,20.0
2025104,17:00,0.0,23.7,19.2,22.3,76,0.8,北,0.0,0.0,曇,20.0
2025104,18:00,0.0,23.1,19.5,22.6,80,1.4,北,0.0,0.0,曇,20.0
2025104,19:00,0.0,22.5,20.1,23.4,86,1.6,北,0.0,0.0,曇,20.0
2025104,20:00,0.0,22.3,20.4,24.0,89,1.7,北,0.0,0.0,曇,20.0
2025104,21:00,0.0,22.2,20.3,23.8,89,1.5,北北東,0.0,0.0,曇,20.0
2025104,22:00,0.0,21.9,20.2,23.7,90,1.9,北,0.0,0.0,曇,20.0
2025104,23:00,0.0,21.8,19.7,23.0,88,2.0,北,0.0,0.0,曇,20.0
2025104,24:00,0.0,21.7,19.5,22.6,87,1.9,北,0.0,0.0,曇,20.0
20251011,01:00,0.0,12.5,0.3,6.2,43,4.7,北西,0.0,0.0,曇,20.0
20251011,02:00,0.0,12.5,-1.1,5.7,39,5.1,北西,0.0,0.0,曇,20.0
20251011,03:00,0.0,12.8,-1.9,5.3,36,4.2,北北西,0.0,0.0,曇,20.0
20251011,04:00,0.0,12.5,-1.8,5.4,37,4.9,北北西,0.0,0.0,晴れ,20.0
20251011,05:00,0.0,11.9,-0.6,5.9,42,4.8,北北西,0.0,0.0,曇,20.0
20251011,06:00,0.0,11.4,-1.7,5.4,40,3.6,北北西,0.0,0.01,曇,20.0
20251011,07:00,0.0,10.0,1.4,6.8,55,1.0,南南東,0.8,0.30,曇,20.0
20251011,08:00,0.0,11.9,0.7,6.4,46,0.3,北東,0.9,0.87,晴れ,20.0
20251011,09:00,0.0,14.0,-0.1,6.1,38,5.4,北北西,1.0,1.46,晴れ,20.0
20251011,10:00,0.0,14.4,1.7,6.9,42,4.2,北北西,1.0,1.95,晴れ,20.0
20251011,11:00,0.0,14.2,2.8,7.4,46,5.2,北北西,0.9,1.82,晴れ,20.0
20251011,12:00,0.0,14.2,3.1,7.6,47,4.4,北北西,0.4,1.33,曇,20.0
20251011,13:00,0.0,14.1,3.3,7.7,48,3.4,北北西,0.3,1.20,曇,20.0
20251011,14:00,0.0,13.6,3.1,7.6,49,3.9,北北西,0.1,0.83,曇,20.0
20251011,15:00,0.0,13.2,3.3,7.7,51,2.9,北北西,0.0,0.38,曇,20.0
20251011,16:00,0.0,12.8,2.7,7.4,50,1.3,北,0.0,0.18,曇,20.0
20251011,17:00,0.0,12.4,1.4,6.8,47,1.7,東北東,0.0,0.03,曇,20.0
20251011,18:00,0.0,11.9,2.9,7.5,54,1.5,南南西,0.0,0.00,曇,20.0
20251011,19:00,0.0,11.5,3.0,7.6,56,1.1,南,0.0,0.0,曇,20.0
20251011,20:00,0.0,11.4,2.7,7.4,55,2.0,南,0.0,0.0,曇,20.0
20251011,21:00,0.0,10.8,4.3,8.3,64,2.1,南南東,0.0,0.0,曇,20.0
20251011,22:00,0.0,10.9,3.7,8.0,61,1.3,南東,0.0,0.0,曇,20.0
20251011,23:00,0.0,10.4,4.3,8.3,66,3.1,南東,0.0,0.0,曇,20.0
20251011,24:00,0.0,10.5,4.2,8.3,65,3.4,南東,0.0,0.0,曇,20.0
20251012,01:00,0.0,10.3,4.2,8.3,66,3.5,東南東,0.0,0.0,曇,20.0
20251012,02:00,0.0,10.5,3.5,7.9,62,3.7,南東,0.0,0.0,,20.0
20251012,03:00,0.0,10.3,4.0,8.1,65,3.3,東南東,0.0,0.0,,20.0
20251012,04:00,0.0,10.7,4.6,8.5,66,3.5,南南東,0.0,0.0,,20.0
20251012,05:00,0.0,11.0,5.1,8.8,67,1.8,南東,0.0,0.0,,20.0
20251012,06:00,0.0,11.2,6.2,9.4,71,2.4,東南東,0.0,0.00,,20.0
20251012,07:00,0.0,11.2,6.2,9.4,71,1.4,南東,0.0,0.07,曇,20.0
20251012,08:00,0.0,12.5,7.0,10.0,69,1.4,南東,0.0,0.37,曇,20.0
20251012,09:00,0.0,14.0,8.4,11.0,69,3.5,南東,0.0,0.49,曇,20.0
20251012,10:00,0.0,15.3,9.9,12.2,70,3.3,南東,0.0,0.74,曇,20.0
20251012,11:00,0.0,14.6,10.6,12.8,77,3.2,東南東,0.0,0.51,曇,20.0
20251012,12:00,0.0,14.5,12.0,14.0,85,3.5,東南東,0.0,0.72,雨,14.4
20251012,13:00,0.0,13.8,11.9,13.9,88,3.7,東南東,0.0,0.94,雨,20.0
20251012,14:00,0.0,14.2,12.3,14.3,88,3.1,東南東,0.0,0.67,雨,20.0
20251012,15:00,0.0,13.8,12.7,14.7,93,2.3,南東,0.0,0.27,雨,4.45
20251012,16:00,0.5,13.7,13.2,15.2,97,0.2,静穏,0.0,0.11,雨,3.36
20251012,17:00,0.5,13.8,13.3,15.3,97,0.0,静穏,0.0,0.05,雨,8.51
20251012,18:00,0.0,13.7,13.4,15.4,98,0.9,北東,0.0,0.00,雨,11.0
20251012,19:00,0.0,13.7,13.4,15.4,98,0.8,北北東,0.0,0.0,雨,14.7
20251012,20:00,0.0,13.5,13.0,15.0,97,1.0,北北東,0.0,0.0,雨,13.2
20251012,21:00,0.0,13.5,13.2,15.2,98,0.1,静穏,0.0,0.0,,9.59
20251012,22:00,0.0,13.5,13.2,15.2,98,0.4,西,0.0,0.0,,7.22
20251012,23:00,0.0,13.6,13.3,15.3,98,0.4,北,0.0,0.0,曇,5.70
20251012,24:00,0.0,13.2,12.9,14.9,98,0.7,西南西,0.0,0.0,曇,11.4
20251015,01:00,0.0,24.0,21.3,25.4,85,1.6,西南西,0.0,0.0,曇,20.0
20251015,02:00,0.0,23.8,21.3,25.4,86,1.2,西,0.0,0.0,雨,20.0
20251015,03:00,0.0,23.7,21.4,25.5,87,1.4,西南西,0.0,0.0,雨,18.2
20251015,04:00,0.0,23.7,21.2,25.2,86,1.7,南西,0.0,0.0,雨,20.0
20251015,05:00,0.0,23.6,20.9,24.8,85,2.6,北北東,0.0,0.0,曇,20.0
20251015,06:00,0.0,23.5,21.4,25.5,88,3.2,北,0.0,0.00,晴れ,20.0
20251015,07:00,0.0,23.6,21.3,25.3,87,2.8,北北東,0.1,0.06,晴れ,20.0
20251015,08:00,0.0,23.7,21.0,24.9,85,4.4,北北東,0.2,0.34,曇,20.0
20251015,09:00,0.0,24.7,21.4,25.5,82,2.8,北,0.0,0.54,曇,20.0
20251015,10:00,0.0,25.2,20.9,24.7,77,1.0,北北西,0.0,0.91,曇,20.0
20251015,11:00,0.0,26.4,20.7,24.4,71,1.4,北,0.4,1.61,晴れ,20.0
20251015,12:00,0.0,26.8,20.9,24.7,70,1.8,北北西,0.4,1.59,晴れ,20.0
20251015,13:00,0.0,27.7,21.5,25.6,69,3.8,北,1.0,2.59,晴れ,20.0
20251015,14:00,0.0,27.1,21.6,25.8,72,5.3,北,0.8,1.84,曇,20.0
20251015,15:00,0.0,27.1,21.8,26.2,73,4.8,北,0.5,1.38,晴れ,20.0
20251015,16:00,0.0,26.4,21.0,24.8,72,5.7,北,0.6,1.12,晴れ,20.0
20251015,17:00,0.0,26.1,21.3,25.4,75,4.4,北,0.6,0.53,晴れ,20.0
20251015,18:00,0.0,25.3,21.2,25.2,78,4.1,北,0.2,0.09,晴れ,20.0
20251015,19:00,0.0,25.4,21.5,25.6,79,1.6,北西,0.0,0.00,晴れ,20.0
20251015,20:00,0.0,25.1,21.4,25.5,80,1.6,北北西,0.0,0.0,晴れ,20.0
20251015,21:00,0.0,24.8,21.3,25.4,81,1.5,南南西,0.0,0.0,晴れ,20.0
20251015,22:00,0.0,24.5,21.2,25.2,82,1.7,南東,0.0,0.0,晴れ,20.0
20251015,23:00,0.0,24.1,21.0,24.9,83,1.0,東南東,0.0,0.0,晴れ,20.0
20251015,24:00,0.0,24.2,21.1,25.1,83,1.9,南南東,0.0,0.0,晴れ,20.0
20251016,01:00,0.0,24.3,21.2,25.2,83,1.8,南東,0.0,0.0,晴れ,20.0
20251016,02:00,0.0,23.9,21.2,25.2,85,1.4,南南東,0.0,0.0,晴れ,20.0
20251016,03:00,0.0,24.5,21.2,25.2,82,1.8,東南東,0.0,0.0,晴れ,20.0
20251016,04:00,0.0,24.4,21.5,25.7,84,2.0,東南東,0.0,0.0,曇,20.0
20251016,05:00,0.0,24.3,21.6,25.8,85,1.5,東南東,0.0,0.0,曇,20.0
20251016,06:00,0.0,24.3,21.8,26.1,86,2.0,南東,0.0,0.00,晴れ,20.0
20251016,07:00,0.0,24.8,21.7,26.0,83,1.6,南東,0.0,0.06,曇,20.0
20251016,08:00,0.0,26.4,22.0,26.5,77,2.1,南南東,0.2,0.44,曇,20.0
20251016,09:00,0.0,27.5,21.8,26.1,71,2.4,南,0.0,0.57,曇,20.0
20251016,10:00,0.0,28.8,21.8,26.1,66,2.6,南西,0.4,1.19,曇,20.0
20251016,11:00,0.0,29.1,21.3,25.4,63,2.4,西南西,0.1,0.86,曇,20.0
20251016,12:00,0.0,28.4,22.2,26.7,69,2.6,西南西,0.0,0.48,雨,14.9
20251016,13:00,4.5,25.1,23.7,29.3,92,1.3,西,0.0,0.36,雨,7.66
20251016,14:00,0.5,25.2,22.9,27.9,87,2.7,西,0.0,0.38,雨,20.0
20251016,15:00,0.0,25.9,22.8,27.7,83,1.6,西,0.1,0.85,曇,20.0
20251016,16:00,0.0,25.9,23.2,28.4,85,2.2,北西,0.0,0.35,曇,20.0
20251016,17:00,0.0,25.8,23.3,28.6,86,1.7,北北西,0.0,0.12,雨,20.0
20251016,18:00,0.0,24.1,22.4,27.0,90,6.7,北,0.0,0.02,雨,12.6
20251016,19:00,0.5,23.8,21.3,25.4,86,5.0,北北東,0.0,0.00,曇,20.0
20251016,20:00,0.0,23.8,20.9,24.8,84,3.2,北北東,0.0,0.0,雨,20.0
20251016,21:00,0.0,23.9,21.0,24.9,84,2.8,北北東,0.0,0.0,雨,20.0
20251016,22:00,0.0,23.9,20.6,24.3,82,2.2,北北東,0.0,0.0,曇,20.0
20251016,23:00,0.0,23.8,20.6,24.2,82,2.4,北,0.0,0.0,雨,20.0
20251016,24:00,0.0,23.5,20.3,23.7,82,4.0,北,0.0,0.0,曇,20.0
20251017,01:00,0.0,23.1,20.3,23.7,84,3.7,北北東,0.0,0.0,晴れ,20.0
20251017,02:00,0.0,22.9,19.9,23.2,83,2.3,北北東,0.0,0.0,晴れ,20.0
20251017,03:00,0.0,22.4,19.4,22.5,83,2.2,北北東,0.0,0.0,晴れ,20.0
20251017,04:00,0.0,22.1,18.9,21.8,82,2.4,北北東,0.0,0.0,晴れ,20.0
20251017,05:00,0.0,21.8,18.6,21.4,82,2.7,北北東,0.0,0.0,晴れ,20.0
20251017,06:00,0.0,21.2,18.6,21.4,85,1.3,北北東,0.0,0.00,晴れ,20.0
20251017,07:00,0.0,21.4,17.8,20.4,80,1.8,北東,0.1,0.06,曇,20.0
20251017,08:00,0.0,22.9,18.0,20.7,74,1.3,東北東,0.8,0.53,晴れ,20.0
20251017,09:00,0.0,24.2,18.4,21.1,70,1.1,東南東,1.0,1.32,晴れ,20.0
20251017,10:00,0.0,25.9,17.8,20.4,61,2.1,南南東,1.0,1.94,晴れ,20.0
20251017,11:00,0.0,26.5,18.4,21.1,61,1.4,南南西,1.0,2.40,晴れ,20.0
20251017,12:00,0.0,27.8,18.2,20.9,56,2.3,北東,1.0,2.64,晴れ,20.0
20251017,13:00,0.0,28.1,18.2,20.9,55,2.9,北北東,1.0,2.65,晴れ,20.0
20251017,14:00,0.0,28.6,17.2,19.6,50,2.2,東北東,1.0,2.42,晴れ,20.0
20251017,15:00,0.0,29.2,18.6,21.5,53,3.2,北北東,1.0,1.98,晴れ,20.0
20251017,16:00,0.0,29.1,18.9,21.8,54,2.9,北西,1.0,1.35,晴れ,20.0
20251017,17:00,0.0,27.1,19.5,22.6,63,2.8,北北西,0.8,0.60,晴れ,20.0
20251017,18:00,0.0,26.1,19.0,22.0,65,1.8,北,0.3,0.09,晴れ,20.0
20251017,19:00,0.0,25.7,19.1,22.1,67,2.0,南西,0.0,0.00,曇,20.0
20251017,20:00,0.0,25.1,18.6,21.4,67,1.5,南南東,0.0,0.0,晴れ,20.0
20251017,21:00,0.0,24.8,18.3,21.0,67,1.6,南東,0.0,0.0,晴れ,20.0
20251017,22:00,0.0,24.6,18.8,21.7,70,3.3,南東,0.0,0.0,晴れ,20.0
20251017,23:00,0.0,24.6,19.0,22.0,71,3.1,東南東,0.0,0.0,晴れ,20.0
20251017,24:00,0.0,24.8,19.4,22.5,72,4.5,南南東,0.0,0.0,晴れ,20.0
20251018,01:00,0.0,24.8,19.9,23.2,74,3.9,南東,0.0,0.0,晴れ,19.1
20251018,02:00,0.0,24.5,20.0,23.4,76,3.2,南東,0.0,0.0,晴れ,20.0
20251018,03:00,0.0,24.4,20.1,23.5,77,4.9,南東,0.0,0.0,晴れ,20.0
20251018,04:00,0.0,24.4,19.9,23.2,76,3.8,南東,0.0,0.0,晴れ,20.0
20251018,05:00,0.0,24.7,19.5,22.7,73,4.8,南東,0.0,0.0,曇,20.0
20251018,06:00,0.0,24.1,18.7,21.6,72,2.6,東南東,0.0,0.00,晴れ,20.0
20251018,07:00,0.0,23.8,18.7,21.5,73,1.5,東南東,0.1,0.05,晴れ,20.0
20251018,08:00,0.0,24.7,18.9,21.8,70,1.5,東南東,0.4,0.36,雨,20.0
20251018,09:00,1.0,23.6,20.4,23.9,82,1.9,南東,0.0,0.11,雨,13.4
20251018,10:00,0.5,23.6,20.9,24.8,85,1.9,南,0.0,0.30,雨,10.9
20251018,11:00,0.0,24.3,20.8,24.6,81,1.5,南東,0.0,0.45,曇,20.0
20251018,12:00,0.0,27.2,20.8,24.5,68,1.8,南東,0.6,2.01,晴れ,20.0
20251018,13:00,0.0,28.3,21.3,25.4,66,2.7,南南西,0.0,1.11,雨,20.0
20251018,14:00,0.0,29.3,21.5,25.7,63,2.2,南,0.2,1.32,曇,20.0
20251018,15:00,0.0,28.3,21.6,25.8,67,2.5,北,0.2,1.00,曇,20.0
20251018,16:00,0.0,27.7,22.0,26.4,71,2.7,北西,0.1,0.53,晴れ,20.0
20251018,17:00,0.0,25.9,20.7,24.4,73,5.1,北北西,0.2,0.38,曇,20.0
20251018,18:00,0.0,24.2,21.5,25.7,85,5.6,北,0.0,0.04,晴れ,20.0
20251018,19:00,0.0,23.8,20.7,24.5,83,4.4,北北東,0.0,0.00,曇,20.0
20251018,20:00,0.0,23.4,20.6,24.2,84,5.0,北,0.0,0.0,雨,12.1
20251018,21:00,0.0,23.4,20.4,23.9,83,4.3,北北東,0.0,0.0,曇,20.0
20251018,22:00,0.0,22.4,20.0,23.3,86,6.2,北,0.0,0.0,雨,20.0
20251018,23:00,0.0,21.6,19.4,22.5,87,3.2,北,0.0,0.0,雨,20.0
20251018,24:00,0.0,21.3,20.0,23.3,92,1.1,西北西,0.0,0.0,雨,3.48
20251019,01:00,1.5,21.2,20.4,23.9,95,1.3,南西,0.0,0.0,雨,6.74
20251019,02:00,0.0,21.4,20.6,24.2,95,2.3,北,0.0,0.0,曇,20.0
20251019,03:00,0.0,21.5,20.5,24.1,94,3.2,北,0.0,0.0,曇,20.0
20251019,04:00,0.0,21.6,20.4,24.0,93,3.8,北北東,0.0,0.0,曇,20.0
20251019,05:00,0.0,21.6,19.7,23.0,89,4.2,北北東,0.0,0.0,曇,20.0
20251019,06:00,0.0,21.6,19.0,21.9,85,2.6,北北東,0.0,0.00,雨,20.0
20251019,07:00,0.0,21.4,17.4,19.9,78,3.3,北東,0.0,0.03,曇,20.0
20251019,08:00,0.0,21.4,17.4,19.9,78,3.4,北北東,0.0,0.18,曇,20.0
20251019,09:00,0.0,21.8,17.8,20.4,78,0.6,南東,0.0,0.55,曇,20.0
20251019,10:00,0.0,22.8,19.2,22.2,80,1.9,北,0.0,0.59,曇,20.0
20251019,11:00,0.0,22.9,19.1,22.1,79,4.4,北,0.0,0.81,曇,20.0
20251019,12:00,0.0,22.3,18.7,21.5,80,4.9,北,0.0,0.62,曇,20.0
20251019,13:00,0.0,23.1,19.3,22.3,79,2.7,北北東,0.0,0.73,曇,20.0
20251019,14:00,0.0,22.9,18.9,21.8,78,3.0,北,0.0,0.51,曇,20.0
20251019,15:00,0.0,22.7,18.7,21.5,78,4.7,北,0.0,0.25,曇,20.0
20251019,16:00,0.0,23.0,18.8,21.6,77,3.4,北,0.0,0.32,曇,20.0
20251019,17:00,0.5,21.6,19.2,22.2,86,3.1,北北東,0.0,0.09,雨,7.28
20251019,18:00,2.0,20.9,19.4,22.5,91,2.1,北北東,0.0,0.00,雨,9.96
20251019,19:00,2.0,21.0,20.0,23.4,94,1.0,北,0.0,0.00,雨,7.56
20251019,20:00,0.5,20.9,19.4,22.5,91,2.5,北,0.0,0.0,雨,12.2
20251019,21:00,1.0,20.7,19.2,22.2,91,3.4,北,0.0,0.0,雨,12.2
20251019,22:00,1.0,20.4,19.2,22.3,93,1.7,北北東,0.0,0.0,雨,9.37
20251019,23:00,0.5,20.4,18.9,21.8,91,2.6,北,0.0,0.0,曇,20.0
20251019,24:00,0.0,20.3,18.4,21.2,89,1.0,北,0.0,0.0,曇,20.0
20251020,01:00,0.5,20.2,18.3,21.1,89,1.1,北,0.0,0.0,曇,20.0
20251020,02:00,0.0,20.6,18.2,20.9,86,1.5,北西,0.0,0.0,曇,20.0
20251020,03:00,0.0,20.7,18.1,20.8,85,3.3,北北東,0.0,0.0,曇,20.0
20251020,04:00,0.0,20.5,17.9,20.5,85,2.0,北北東,0.0,0.0,曇,20.0
20251020,05:00,0.0,21.0,15.8,17.9,72,3.4,北北東,0.0,0.0,曇,20.0
20251020,06:00,0.0,20.6,15.4,17.5,72,2.5,北北東,0.0,0.00,曇,20.0
20251020,07:00,0.0,20.6,15.2,17.2,71,2.0,北北東,0.0,0.00,曇,20.0
20251020,08:00,0.0,20.9,15.5,17.6,71,1.7,北北東,0.0,0.10,雨,20.0
20251020,09:00,0.0,21.6,15.0,17.0,66,2.3,北東,0.0,0.47,曇,20.0
20251020,10:00,0.0,23.3,15.6,17.7,62,1.9,北東,0.2,1.23,曇,20.0
20251020,11:00,0.0,23.4,16.0,18.1,63,4.7,北北東,0.3,1.60,曇,20.0
20251020,12:00,0.0,24.4,15.4,17.4,57,5.9,北,0.7,2.21,晴れ,20.0
20251020,13:00,0.0,24.9,16.9,19.2,61,6.5,北,0.6,2.00,晴れ,20.0
20251020,14:00,0.0,24.6,17.1,19.5,63,8.5,北,1.0,2.38,晴れ,20.0
20251020,15:00,0.0,24.0,17.0,19.4,65,8.3,北,1.0,1.93,晴れ,20.0
20251020,16:00,0.0,23.0,16.1,18.3,65,5.8,北北東,0.8,1.09,晴れ,20.0
20251020,17:00,0.0,21.8,15.9,18.0,69,4.9,北北東,0.5,0.46,晴れ,20.0
20251020,18:00,0.0,21.3,15.8,18.0,71,5.5,北北東,0.0,0.04,曇,20.0
20251020,19:00,0.0,20.9,15.9,18.0,73,4.3,北東,0.0,0.00,晴れ,20.0
20251020,20:00,0.0,20.6,15.6,17.7,73,3.9,北北東,0.0,0.0,晴れ,20.0
20251020,21:00,0.0,20.4,16.0,18.2,76,4.1,北北東,0.0,0.0,曇,20.0
20251020,22:00,0.0,20.3,15.5,17.6,74,4.7,北,0.0,0.0,曇,20.0
20251020,23:00,0.0,19.9,15.1,17.2,74,3.9,北北東,0.0,0.0,晴れ,20.0
20251020,24:00,0.0,19.5,14.8,16.8,74,3.3,北北東,0.0,0.0,曇,20.0
