日付,時刻,降水量(mm),気温(°C),露点温度(°C),蒸気圧(hPa),湿度(%),風速(m/s),風向,日照時間(h),全天日射量(MJ/㎡),天気,視程(km)
2025328,01:00,0.0,19.6,16.6,18.9,83,5.4,南,0.0,0.0,,
2025328,02:00,0.0,19.3,16.9,19.3,86,5.8,南南西,0.0,0.0,,
2025328,03:00,0.0,19.3,16.9,19.3,86,6.7,南,0.0,0.0,曇,15.0
2025328,04:00,0.0,19.3,16.7,19.0,85,7.6,南,0.0,0.0,,
2025328,05:00,0.0,19.1,16.7,19.0,86,5.9,南,0.0,0.0,,
2025328,06:00,0.0,19.0,16.6,18.9,86,5.8,南,0.0,0.00,雨,15.0
2025328,07:00,0.0,18.4,17.4,19.9,94,5.0,南,0.0,0.03,,
2025328,08:00,2.0,18.1,17.6,20.1,97,3.7,南南東,0.0,0.07,,
2025328,09:00,0.5,18.8,18.3,21.1,97,1.7,南東,0.0,0.32,曇,15.0
2025328,10:00,0.0,20.2,18.7,21.5,91,1.4,北東,0.3,1.42,,
2025328,11:00,0.0,22.3,17.9,20.5,76,2.0,南南西,0.8,2.64,,
2025328,12:00,0.0,24.5,17.7,20.3,66,1.2,南南東,0.6,2.56,晴れ,25.0
2025328,13:00,0.0,24.9,17.6,20.2,64,2.1,西,0.7,2.22,,
2025328,14:00,0.0,23.3,17.5,20.0,70,4.5,南,0.0,1.55,,
2025328,15:00,0.0,23.5,17.7,20.3,70,5.1,南南東,0.4,1.55,薄曇,30.0
2025328,16:00,0.0,22.9,17.4,19.8,71,2.4,南南東,0.6,1.20,,
2025328,17:00,0.0,21.5,17.1,19.5,76,3.6,南南東,0.5,0.67,,
2025328,18:00,0.0,20.8,17.0,19.4,79,0.8,南西,0.2,0.18,薄曇,15.0
2025328,19:00,0.0,21.4,10.6,12.7,50,6.2,北西,0.0,0.00,,
2025328,20:00,0.0,19.6,12.9,14.8,65,3.5,北北西,0.0,0.0,,
2025328,21:00,0.0,17.4,12.1,14.1,71,6.3,北東,0.0,0.0,曇,20.0
2025328,22:00,0.0,16.4,11.6,13.6,73,5.8,北東,0.0,0.0,,
2025328,23:00,0.0,15.0,11.0,13.1,77,3.3,北東,0.0,0.0,,
2025328,24:00,0.0,14.1,11.8,13.8,86,1.9,東北東,0.0,0.0,,
2025329,01:00,0.0,13.4,10.9,13.1,85,4.2,東,0.0,0.0,,
2025329,02:00,0.0,13.1,10.6,12.8,85,2.8,北東,0.0,0.0,,
2025329,03:00,0.0,12.5,10.2,12.5,86,3.2,北東,0.0,0.0,雨,20.0
2025329,04:00,0.0,11.4,10.3,12.5,93,2.7,北東,0.0,0.0,,
2025329,05:00,1.0,10.6,10.0,12.3,96,3.0,北東,0.0,0.0,,
2025329,06:00,0.5,9.5,8.7,11.3,95,3.9,北東,0.0,0.00,雨,4.00
2025329,07:00,1.0,9.5,9.1,11.5,97,2.9,東北東,0.0,0.03,,
2025329,08:00,1.5,8.7,8.1,10.8,96,4.4,東北東,0.0,0.09,,
2025329,09:00,1.5,8.8,8.1,10.8,95,2.3,東北東,0.0,0.28,雨,9.00
2025329,10:00,0.5,8.2,7.0,10.0,92,4.3,北北東,0.0,0.20,,
2025329,11:00,3.5,7.1,6.2,9.5,94,3.8,北北東,0.0,0.15,,
2025329,12:00,1.0,6.1,4.8,8.6,91,3.9,北東,0.0,0.28,雨,5.00
2025329,13:00,0.5,5.0,3.8,8.0,92,3.3,北東,0.0,0.35,,
2025329,14:00,1.0,4.9,4.2,8.2,95,3.5,北東,0.0,0.42,,
2025329,15:00,0.0,5.2,4.2,8.2,93,3.7,東北東,0.0,0.37,雨,9.00
2025329,16:00,0.0,5.0,3.8,8.0,92,3.1,北北東,0.0,0.19,,
2025329,17:00,0.5,5.2,4.0,8.1,92,3.4,北北東,0.0,0.11,,
2025329,18:00,0.0,5.0,3.8,8.0,92,3.7,東北東,0.0,0.04,雨,10.0
2025329,19:00,0.0,4.6,3.1,7.6,90,2.8,東北東,0.0,0.00,,
2025329,20:00,0.0,4.6,3.4,7.8,92,1.0,西,0.0,0.0,,
2025329,21:00,0.0,5.1,2.5,7.3,83,1.7,西北西,0.0,0.0,曇,15.0
2025329,22:00,0.0,5.8,3.3,7.7,84,1.8,北西,0.0,0.0,,
2025329,23:00,0.0,6.1,2.7,7.4,79,1.6,北北西,0.0,0.0,,
2025329,24:00,0.0,5.8,2.8,7.5,81,1.9,北西,0.0,0.0,,
2025330,01:00,0.0,5.4,3.3,7.7,86,1.4,北東,0.0,0.0,,
2025330,02:00,0.0,5.3,3.3,7.8,87,3.0,北西,0.0,0.0,,
2025330,03:00,0.5,5.3,3.5,7.8,88,1.6,北西,0.0,0.0,雨,10.0
2025330,04:00,0.0,5.6,2.3,7.2,79,1.4,北西,0.0,0.0,,
2025330,05:00,0.0,5.5,2.7,7.4,82,2.2,北北西,0.0,0.0,,
2025330,06:00,0.0,5.9,2.7,7.4,80,2.3,北,0.0,0.02,曇,15.0
2025330,07:00,0.0,6.4,2.5,7.3,76,1.5,北北東,0.2,0.34,,
2025330,08:00,0.0,7.8,3.1,7.6,72,1.5,東,0.2,0.86,,
2025330,09:00,0.0,8.5,1.6,6.9,62,1.8,北北西,0.4,1.42,薄曇,20.0
2025330,10:00,0.0,9.2,3.2,7.7,66,1.7,北北東,0.1,1.36,,
2025330,11:00,0.0,9.1,1.0,6.6,57,1.8,北北西,0.4,1.78,,
2025330,12:00,0.0,13.5,5.2,8.8,57,2.6,西南西,1.0,3.02,晴れ,30.0
2025330,13:00,0.0,13.1,2.6,7.4,49,1.5,北北東,1.0,3.14,,
2025330,14:00,0.0,14.2,1.8,7.0,43,1.5,北東,1.0,2.91,,
2025330,15:00,0.0,14.5,1.4,6.8,41,1.9,東北東,1.0,2.36,晴れ,35.0
2025330,16:00,0.0,13.7,-0.7,5.8,37,1.5,東北東,0.7,1.40,,
2025330,17:00,0.0,12.7,3.9,8.1,55,2.6,南,0.1,0.45,,
2025330,18:00,0.0,11.7,4.0,8.1,59,1.1,南西,0.0,0.07,曇,20.0
2025330,19:00,0.0,10.6,-0.8,5.8,45,5.8,北西,0.0,0.00,,
2025330,20:00,0.0,10.8,-1.6,5.4,42,2.4,北北西,0.0,0.0,,
2025330,21:00,0.0,10.0,2.4,7.2,59,4.1,北北東,0.0,0.0,雨,20.0
2025330,22:00,0.0,9.5,0.7,6.4,54,2.9,北北東,0.0,0.0,,
2025330,23:00,0.0,8.5,2.5,7.3,66,2.6,北東,0.0,0.0,,
2025330,24:00,0.0,8.0,1.4,6.8,63,3.0,北東,0.0,0.0,,
202542,01:00,5.5,5.9,5.8,9.2,99,2.6,北西,0.0,0.0,,
202542,02:00,4.0,6.3,6.2,9.5,99,2.9,北西,0.0,0.0,,
202542,03:00,4.0,6.5,6.4,9.6,99,4.0,北西,0.0,0.0,雨,5.00
202542,04:00,4.0,6.7,6.6,9.7,99,4.5,北西,0.0,0.0,,
202542,05:00,3.5,7.1,7.0,10.0,99,2.9,北北西,0.0,0.00,,
202542,06:00,2.5,7.3,7.2,10.1,99,4.0,北西,0.0,0.00,雨,3.00
202542,07:00,2.0,7.6,7.5,10.3,99,4.0,北北西,0.0,0.06,,
202542,08:00,1.0,7.8,7.5,10.4,98,2.9,北西,0.0,0.18,,
202542,09:00,0.5,8.3,8.0,10.7,98,4.1,北西,0.0,0.26,雨,4.00
202542,10:00,1.0,8.9,8.5,11.1,97,3.5,北北西,0.0,0.52,,
202542,11:00,0.5,9.8,9.2,11.6,96,3.9,北西,0.0,0.75,,
202542,12:00,0.0,11.2,9.8,12.1,91,3.7,北北西,0.0,1.03,曇,20.0
202542,13:00,0.0,13.3,10.3,12.5,82,3.1,北北西,0.0,1.33,,
202542,14:00,0.0,12.5,10.4,12.6,87,2.2,北北西,0.0,0.82,,
202542,15:00,0.0,12.4,10.7,12.8,89,2.7,北,0.0,0.37,雨,8.00
202542,16:00,0.0,11.9,11.3,13.4,96,3.7,北北東,0.0,0.34,,
202542,17:00,0.0,11.7,9.4,11.8,86,3.5,北東,0.0,0.38,,
202542,18:00,0.0,11.2,8.8,11.3,85,3.2,東北東,0.0,0.06,曇,15.0
202542,19:00,0.0,10.8,8.2,10.9,84,2.6,北東,0.0,0.00,,
202542,20:00,0.0,10.7,7.8,10.6,82,3.4,東北東,0.0,0.0,,
202542,21:00,0.0,10.3,6.8,9.9,79,3.5,東北東,0.0,0.0,曇,15.0
202542,22:00,0.0,10.1,6.1,9.4,76,4.1,北東,0.0,0.0,,
202542,23:00,0.0,9.5,6.4,9.6,81,2.5,北東,0.0,0.0,,
202542,24:00,0.0,9.6,6.0,9.3,78,2.9,北北東,0.0,0.0,,
202543,01:00,0.0,9.3,6.0,9.4,80,2.5,北北東,0.0,0.0,,
202543,02:00,0.0,9.4,5.8,9.2,78,2.2,北北東,0.0,0.0,,
202543,03:00,0.0,9.1,6.0,9.4,81,1.7,北北東,0.0,0.0,曇,20.0
202543,04:00,0.0,8.9,6.0,9.4,82,2.5,北北東,0.0,0.0,,
202543,05:00,0.0,8.7,6.2,9.4,84,2.7,北北東,0.0,0.00,,
202543,06:00,0.0,8.3,6.9,10.0,91,2.1,北東,0.0,0.02,雨,15.0
202543,07:00,0.0,8.9,6.9,9.9,87,1.7,北東,0.0,0.11,,
202543,08:00,1.0,8.5,7.6,10.4,94,2.4,北北東,0.0,0.23,,
202543,09:00,0.5,8.6,7.7,10.5,94,3.2,北北東,0.0,0.43,雨,10.0
202543,10:00,1.0,8.7,7.8,10.6,94,3.0,北北東,0.0,0.50,,
202543,11:00,0.0,8.8,7.4,10.3,91,2.6,北北東,0.0,0.60,,
202543,12:00,0.5,9.1,8.0,10.7,93,3.8,北北東,0.0,0.65,雨,9.00
202543,13:00,1.0,8.4,7.5,10.4,94,1.6,北北東,0.0,0.62,,
202543,14:00,0.5,9.0,8.1,10.8,94,2.0,北北東,0.0,0.47,,
202543,15:00,0.5,9.1,8.0,10.7,93,2.3,北北東,0.0,0.47,雨,9.00
202543,16:00,0.5,8.8,7.7,10.5,93,3.1,北東,0.0,0.35,,
202543,17:00,0.0,8.6,7.5,10.4,93,3.2,北北東,0.0,0.22,,
202543,18:00,0.0,8.3,7.2,10.2,93,2.7,北東,0.0,0.09,雨,15.0
202543,19:00,0.0,8.2,6.8,9.9,91,1.7,北東,0.0,0.00,,
202543,20:00,0.0,8.2,7.0,10.0,92,2.4,東,0.0,0.0,,
202543,21:00,0.0,7.6,6.2,9.5,91,2.1,北東,0.0,0.0,曇,20.0
202543,22:00,0.0,7.1,6.4,9.6,95,1.5,東北東,0.0,0.0,,
202543,23:00,0.0,6.3,6.0,9.4,98,0.9,北北西,0.0,0.0,,
202543,24:00,0.0,6.2,6.1,9.4,99,1.6,北西,0.0,0.0,,
202544,01:00,0.0,6.1,6.0,9.3,99,1.4,北北西,0.0,0.0,,
202544,02:00,0.0,5.9,5.8,9.2,99,1.0,北西,0.0,0.0,,
202544,03:00,0.0,6.1,5.8,9.2,98,1.6,北西,0.0,0.0,薄曇,15.0
202544,04:00,0.0,5.7,5.6,9.1,99,0.6,北西,0.0,0.0,,
202544,05:00,0.0,5.6,5.5,9.0,99,1.0,北西,0.0,0.00,,
202544,06:00,0.0,5.8,5.8,9.2,100,1.2,西北西,0.0,0.04,晴れ,10.0
202544,07:00,0.0,7.8,6.8,9.8,93,1.3,北東,0.9,0.56,,
202544,08:00,0.0,10.8,7.1,10.1,78,2.4,北西,1.0,1.36,,
202544,09:00,0.0,11.9,5.1,8.8,63,2.5,西北西,1.0,2.09,快晴,15.0
202544,10:00,0.0,14.3,4.0,8.1,50,2.5,北西,1.0,2.70,,
202544,11:00,0.0,14.9,2.5,7.3,43,2.2,南南東,1.0,3.12,,
202544,12:00,0.0,17.1,2.3,7.2,37,4.2,北北西,1.0,3.33,快晴,30.0
202544,13:00,0.0,17.8,2.2,7.1,35,3.7,北西,1.0,3.28,,
202544,14:00,0.0,17.5,0.2,6.2,31,5.3,北西,1.0,2.99,,
202544,15:00,0.0,17.6,-0.1,6.0,30,2.3,北北西,0.8,2.07,晴れ,30.0
202544,16:00,0.0,16.5,0.2,6.2,33,2.8,北西,1.0,1.79,,
202544,17:00,0.0,14.9,-1.2,5.6,33,6.3,北西,0.8,0.88,,
202544,18:00,0.0,13.7,-2.7,5.0,32,4.5,北西,0.7,0.26,晴れ,25.0
202544,19:00,0.0,12.5,0.3,6.2,43,2.3,北北西,0.0,0.00,,
202544,20:00,0.0,11.2,2.5,7.3,55,2.4,北西,0.0,0.0,,
202544,21:00,0.0,10.8,-1.3,5.6,43,2.9,北西,0.0,0.0,快晴,30.0
202544,22:00,0.0,10.4,-1.3,5.5,44,2.9,北西,0.0,0.0,,
202544,23:00,0.0,9.7,-0.5,5.9,49,1.3,北西,0.0,0.0,,
202544,24:00,0.0,9.4,-0.8,5.8,49,3.3,北西,0.0,0.0,,
202545,01:00,0.0,8.7,-0.3,6.0,53,2.0,北北西,0.0,0.0,,
202545,02:00,0.0,8.6,-0.7,5.8,52,2.5,北北西,0.0,0.0,,
202545,03:00,0.0,7.9,-0.3,6.0,56,2.4,北北西,0.0,0.0,快晴,30.0
202545,04:00,0.0,7.8,-0.4,5.9,56,3.7,北西,0.0,0.0,,
202545,05:00,0.0,7.3,-0.2,6.0,59,1.9,北,0.0,0.00,,
202545,06:00,0.0,6.4,0.5,6.3,66,2.4,北,0.2,0.06,快晴,25.0
202545,07:00,0.0,8.0,1.6,6.9,64,1.4,北,1.0,0.61,,
202545,08:00,0.0,10.1,0.7,6.4,52,1.0,東,1.0,1.38,,
202545,09:00,0.0,11.6,0.7,6.4,47,1.7,北,1.0,2.10,快晴,30.0
202545,10:00,0.0,12.9,0.6,6.4,43,2.6,南東,1.0,2.68,,
202545,11:00,0.0,14.5,2.1,7.1,43,2.5,南,1.0,3.05,,
202545,12:00,0.0,15.9,2.7,7.4,41,4.1,南東,0.9,3.04,晴れ,30.0
202545,13:00,0.0,15.7,4.4,8.4,47,5.4,南東,0.9,3.06,,
202545,14:00,0.0,16.3,5.9,9.3,50,5.2,南南東,1.0,2.76,,
202545,15:00,0.0,15.4,5.1,8.7,50,4.6,南南東,1.0,1.95,薄曇,30.0
202545,16:00,0.0,15.3,6.3,9.6,55,6.3,南南東,0.9,1.54,,
202545,17:00,0.0,14.3,6.9,9.9,61,4.4,南東,0.3,0.54,,
202545,18:00,0.0,14.2,6.6,9.7,60,5.4,南東,0.0,0.14,薄曇,30.0
202545,19:00,0.0,13.4,8.1,10.8,70,5.4,南南東,0.0,0.00,,
202545,20:00,0.0,12.8,8.9,11.4,77,3.7,南東,0.0,0.0,,
202545,21:00,0.0,12.2,9.4,11.8,83,2.9,南南東,0.0,0.0,薄曇,30.0
202545,22:00,0.0,12.6,9.8,12.1,83,2.2,南東,0.0,0.0,,
202545,23:00,0.0,12.7,10.3,12.5,85,2.0,南,0.0,0.0,,
202545,24:00,0.0,12.5,10.2,12.5,86,1.2,南西,0.0,0.0,,
202546,01:00,0.0,11.5,10.9,13.0,96,1.8,南,0.0,0.0,,
202546,02:00,0.0,12.1,10.7,12.8,91,2.9,南南東,0.0,0.0,,
202546,03:00,0.0,13.4,10.2,12.5,81,3.5,南南西,0.0,0.0,曇,25.0
202546,04:00,0.0,12.8,8.5,11.1,75,3.0,南南西,0.0,0.0,,
202546,05:00,0.0,12.3,9.1,11.6,81,1.9,南南東,0.0,0.00,,
202546,06:00,0.0,10.9,8.7,11.2,86,2.3,南,0.0,0.03,晴れ,30.0
202546,07:00,0.0,14.4,7.0,10.0,61,2.2,南南西,0.7,0.48,,
202546,08:00,0.0,16.5,6.1,9.4,50,3.2,南南西,1.0,1.46,,
202546,09:00,0.0,18.1,6.9,10.0,48,2.7,南南西,0.9,1.90,薄曇,30.0
202546,10:00,0.0,18.5,7.3,10.2,48,5.2,南,0.9,2.47,,
202546,11:00,0.0,17.8,7.5,10.4,51,6.1,南南西,0.0,1.46,,
202546,12:00,0.0,17.5,9.2,11.6,58,5.5,南,0.0,1.01,曇,30.0
202546,13:00,0.0,16.2,8.9,11.4,62,5.4,南南西,0.0,0.93,,
202546,14:00,0.0,15.1,10.7,12.9,75,5.7,南,0.0,0.68,,
202546,15:00,0.0,17.7,9.9,12.2,60,5.1,南,0.3,1.66,晴れ,30.0
202546,16:00,0.0,17.0,11.1,13.2,68,6.2,南,0.7,1.35,,
202546,17:00,0.0,16.1,11.9,13.9,76,5.4,南,1.0,1.03,,
202546,18:00,0.0,15.2,11.8,13.8,80,4.1,南,0.8,0.32,晴れ,25.0
202546,19:00,0.0,15.0,12.0,14.0,82,5.0,南,0.0,0.00,,
202546,20:00,0.0,15.2,12.3,14.3,83,3.9,南南西,0.0,0.0,,
202546,21:00,0.0,15.2,12.7,14.7,85,4.5,南,0.0,0.0,曇,20.0
202546,22:00,0.0,15.2,12.7,14.7,85,3.5,南南西,0.0,0.0,,
202546,23:00,0.0,14.7,12.6,14.6,87,4.1,南南西,0.0,0.0,,
202546,24:00,0.0,13.5,12.6,14.5,94,1.5,西,0.0,0.0,,
2025412,01:00,0.0,13.7,12.1,14.1,90,3.4,北,0.0,0.0,晴れ,20.0
2025412,02:00,0.0,13.4,11.8,13.8,90,4.5,北,0.0,0.0,晴れ,19.8
2025412,03:00,0.0,13.7,10.3,12.5,80,3.8,北,0.0,0.0,晴れ,20.0
2025412,04:00,0.0,13.4,8.9,11.4,74,5.1,北,0.0,0.0,晴れ,20.0
2025412,05:00,0.0,12.8,9.1,11.5,78,2.9,北,0.0,0.0,晴れ,18.4
2025412,06:00,0.0,12.8,9.3,11.7,79,3.3,北北東,0.3,0.0,晴れ,15.7
2025412,07:00,0.0,13.9,8.7,11.3,71,2.8,北,1.0,0.0,晴れ,17.4
2025412,08:00,0.0,15.7,7.2,10.2,57,4.6,北,0.9,0.0,晴れ,20.0
2025412,09:00,0.0,17.3,6.8,9.9,50,3.8,北,1.0,0.0,晴れ,20.0
2025412,10:00,0.0,18.5,7.6,10.4,49,2.4,北北東,1.0,0.0,晴れ,20.0
2025412,11:00,0.0,17.1,9.8,12.1,62,6.5,東,1.0,0.0,晴れ,16.5
2025412,12:00,0.0,17.0,10.2,12.4,64,7.9,東,1.0,0.0,晴れ,20.0
2025412,13:00,0.0,18.4,11.0,13.1,62,7.1,東,1.0,0.0,晴れ,20.0
2025412,14:00,0.0,18.7,10.8,12.9,60,4.4,東,1.0,0.0,晴れ,20.0
2025412,15:00,0.0,17.7,9.6,12.0,59,5.0,東,1.0,0.0,晴れ,20.0
2025412,16:00,0.0,17.9,9.8,12.1,59,3.2,東,0.7,0.0,晴れ,20.0
2025412,17:00,0.0,17.1,9.8,12.1,62,2.8,東北東,0.7,0.0,晴れ,20.0
2025412,18:00,0.0,15.6,10.2,12.4,70,4.2,東,0.1,0.0,曇,20.0
2025412,19:00,0.0,14.6,9.6,12.0,72,4.9,東,0.0,0.0,曇,20.0
2025412,20:00,0.0,14.0,9.3,11.7,73,3.2,東,0.0,0.0,曇,20.0
2025412,21:00,0.0,13.4,8.9,11.4,74,3.6,東,0.0,0.0,曇,20.0
2025412,22:00,0.0,13.0,8.5,11.1,74,4.9,東,0.0,0.0,曇,20.0
2025412,23:00,0.0,12.9,8.6,11.2,75,4.1,東,0.0,0.0,曇,20.0
2025412,24:00,0.0,12.7,9.2,11.6,79,3.8,東,0.0,0.0,曇,20.0
2025415,01:00,0.0,11.3,7.8,10.6,79,5.8,西北西,0.0,0.0,雨,15.6
2025415,02:00,0.5,9.9,6.1,9.4,77,4.0,西,0.0,0.0,雨,20.0
2025415,03:00,0.0,10.5,5.7,9.1,72,4.4,南西,0.0,0.0,曇,20.0
2025415,04:00,0.0,10.2,4.6,8.5,68,5.0,西,0.0,0.0,曇,20.0
2025415,05:00,0.5,9.3,5.3,8.9,76,4.2,西,0.0,0.0,雨,20.0
2025415,06:00,0.0,9.3,4.3,8.3,71,2.4,西南西,0.0,0.01,曇,20.0
2025415,07:00,0.0,9.5,4.1,8.2,69,4.0,西南西,0.0,0.09,曇,20.0
2025415,08:00,0.0,9.4,4.2,8.3,70,4.3,西北西,0.1,0.33,雨,20.0
2025415,09:00,0.0,9.5,4.1,8.2,69,3.3,西北西,0.0,0.32,雨,20.0
2025415,10:00,0.0,9.7,3.9,8.1,67,3.8,西,0.0,0.58,曇,20.0
2025415,11:00,0.0,11.6,4.8,8.6,63,3.0,西北西,0.2,1.11,曇,20.0
2025415,12:00,0.0,10.2,5.0,8.7,70,2.8,北西,0.2,1.43,雨,20.0
2025415,13:00,0.5,12.1,5.5,9.0,64,1.8,北,0.4,2.02,曇,20.0
2025415,14:00,0.0,11.7,3.2,7.7,56,3.4,西,0.4,1.92,曇,20.0
2025415,15:00,0.0,11.5,5.6,9.1,67,3.4,北西,0.2,1.35,晴れ,20.0
2025415,16:00,0.0,12.8,3.5,7.8,53,5.2,西,0.3,1.30,晴れ,20.0
2025415,17:00,0.0,12.3,2.7,7.4,52,5.3,西,0.8,1.37,晴れ,20.0
2025415,18:00,0.0,12.0,2.5,7.3,52,5.0,西南西,0.9,0.59,晴れ,20.0
2025415,19:00,0.0,11.5,2.5,7.3,54,3.5,西南西,0.2,0.08,晴れ,20.0
2025415,20:00,0.0,11.4,3.0,7.5,56,2.8,西南西,0.0,0.00,晴れ,20.0
2025415,21:00,0.0,11.0,3.1,7.6,58,1.7,北北東,0.0,0.0,晴れ,20.0
2025415,22:00,0.0,8.1,4.3,8.3,77,2.2,北東,0.0,0.0,晴れ,20.0
2025415,23:00,0.0,7.1,3.9,8.1,80,1.5,北東,0.0,0.0,晴れ,20.0
2025415,24:00,0.0,7.3,3.4,7.8,76,3.0,東北東,0.0,0.0,晴れ,20.0
2025417,01:00,0.0,12.0,-4.2,4.5,32,1.4,北北西,0.0,0.0,,
2025417,02:00,0.0,12.5,-2.9,4.9,34,1.4,北,0.0,0.0,,
2025417,03:00,0.0,11.9,-2.7,5.0,36,1.3,北北東,0.0,0.0,快晴,30.0
2025417,04:00,0.0,10.7,1.0,6.6,51,1.6,南南東,0.0,0.0,,
2025417,05:00,0.0,10.6,-0.8,5.8,45,1.4,西北西,0.0,0.00,,
2025417,06:00,0.0,12.2,0.6,6.4,45,1.9,北西,0.2,0.14,晴れ,20.0
2025417,07:00,0.0,14.3,0.2,6.2,38,1.8,北北西,0.9,0.67,,
2025417,08:00,0.0,15.6,2.4,7.3,41,1.8,北北西,1.0,1.11,,
2025417,09:00,0.0,17.5,5.5,9.0,45,1.7,南,1.0,1.81,薄曇,15.0
2025417,10:00,0.0,18.7,6.2,9.5,44,2.7,南南東,1.0,2.18,,
2025417,11:00,0.0,20.2,5.1,8.8,37,2.6,南東,1.0,3.06,,
2025417,12:00,0.0,21.2,7.1,10.1,40,2.9,南南東,1.0,3.21,晴れ,15.0
2025417,13:00,0.0,20.8,7.8,10.6,43,4.9,南南東,1.0,3.06,,
2025417,14:00,0.0,22.0,10.2,12.4,47,4.3,南南東,1.0,2.36,,
2025417,15:00,0.0,24.6,10.9,13.0,42,4.8,南,0.6,1.78,薄曇,20.0
2025417,16:00,0.0,24.4,9.2,11.6,38,4.5,南南西,1.0,1.75,,
2025417,17:00,0.0,22.8,8.5,11.1,40,5.2,南南西,1.0,0.98,,
2025417,18:00,0.0,21.4,8.0,10.7,42,4.4,南南西,0.7,0.30,晴れ,20.0
2025417,19:00,0.0,20.8,9.4,11.8,48,4.9,南西,0.0,0.01,,
2025417,20:00,0.0,19.7,10.7,12.9,56,3.5,南西,0.0,0.0,,
2025417,21:00,0.0,18.9,11.7,13.8,63,3.0,南西,0.0,0.0,晴れ,20.0
2025417,22:00,0.0,19.0,12.0,14.1,64,3.7,南南西,0.0,0.0,,
2025417,23:00,0.0,17.9,12.1,14.2,69,3.2,南西,0.0,0.0,,
2025417,24:00,0.0,16.8,12.4,14.3,75,2.3,南南西,0.0,0.0,,
2025418,01:00,0.0,16.6,12.8,14.7,78,2.0,南西,0.0,0.0,,
2025418,02:00,0.0,15.4,12.5,14.5,83,1.9,西南西,0.0,0.0,,
2025418,03:00,0.0,15.5,9.6,12.0,68,2.0,北西,0.0,0.0,薄曇,25.0
2025418,04:00,0.0,15.0,8.3,10.9,64,2.4,北西,0.0,0.0,,
2025418,05:00,0.0,14.5,8.0,10.7,65,2.1,西北西,0.0,0.00,,
2025418,06:00,0.0,14.4,8.1,10.8,66,1.6,北西,0.0,0.10,薄曇,20.0
2025418,07:00,0.0,16.1,8.6,11.2,61,1.6,西,0.1,0.52,,
2025418,08:00,0.0,17.7,9.4,11.7,58,2.4,北西,0.4,1.01,,
2025418,09:00,0.0,19.0,8.4,11.0,50,0.7,北西,0.2,1.38,薄曇,15.0
2025418,10:00,0.0,20.8,10.9,13.0,53,2.4,南南西,0.3,1.63,,
2025418,11:00,0.0,21.5,11.5,13.6,53,2.6,西南西,0.7,2.21,,
2025418,12:00,0.0,23.7,13.9,15.8,54,3.6,南南東,1.0,2.74,薄曇,15.0
2025418,13:00,0.0,23.2,14.2,16.2,57,3.2,南,1.0,2.27,,
2025418,14:00,0.0,24.3,15.3,17.3,57,2.6,南南東,1.0,2.49,,
2025418,15:00,0.0,23.7,15.2,17.3,59,5.7,南南東,1.0,2.21,薄曇,20.0
2025418,16:00,0.0,22.2,15.3,17.4,65,5.4,南南東,1.0,1.60,,
2025418,17:00,0.0,21.6,15.5,17.5,68,4.1,南南東,0.6,0.78,,
2025418,18:00,0.0,21.0,14.7,16.7,67,4.2,南南西,0.0,0.27,薄曇,15.0
2025418,19:00,0.0,20.1,14.5,16.5,70,3.7,南南西,0.0,0.01,,
2025418,20:00,0.0,20.0,14.6,16.6,71,5.1,南,0.0,0.0,,
2025418,21:00,0.0,19.8,14.6,16.6,72,3.4,南南西,0.0,0.0,快晴,15.0
2025418,22:00,0.0,19.1,14.8,16.8,76,2.2,南南西,0.0,0.0,,
2025418,23:00,0.0,18.4,14.9,16.9,80,2.3,南南西,0.0,0.0,,
2025418,24:00,0.0,18.3,15.0,17.0,81,2.2,南,0.0,0.0,,
2025419,01:00,0.0,17.0,15.0,17.1,88,2.0,南,0.0,0.0,,
2025419,02:00,0.0,16.8,14.8,16.8,88,2.0,南南西,0.0,0.0,,
2025419,03:00,0.0,16.4,14.8,16.8,90,1.7,南南西,0.0,0.0,快晴,10.0
2025419,04:00,0.0,15.9,14.8,16.8,93,1.1,南,0.0,0.0,,
2025419,05:00,0.0,15.9,14.8,16.8,93,0.9,南南東,0.0,0.00,,
2025419,06:00,0.0,16.9,15.4,17.5,91,1.5,西北西,0.0,0.12,快晴,10.0
2025419,07:00,0.0,19.3,16.2,18.4,82,1.5,西北西,0.7,0.62,,
2025419,08:00,0.0,20.6,14.5,16.5,68,1.0,東北東,1.0,1.25,,
2025419,09:00,0.0,22.3,14.9,17.0,63,1.3,南南東,1.0,1.92,快晴,10.0
2025419,10:00,0.0,23.8,16.8,19.2,65,2.5,南南東,1.0,2.48,,
2025419,11:00,0.0,24.2,14.0,16.0,53,3.6,南南東,1.0,2.88,,
2025419,12:00,0.0,24.8,14.6,16.6,53,4.2,南南東,1.0,3.09,快晴,10.0
2025419,13:00,0.0,26.0,15.1,17.1,51,4.3,南南東,1.0,3.03,,
2025419,14:00,0.0,27.1,13.8,15.8,44,3.7,南東,1.0,2.73,,
2025419,15:00,0.0,26.9,16.8,19.1,54,4.3,南南東,1.0,2.13,晴れ,15.0
2025419,16:00,0.0,25.7,16.0,18.2,55,3.8,南南東,1.0,1.41,,
2025419,17:00,0.0,23.8,16.1,18.3,62,2.9,南南東,1.0,0.88,,
2025419,18:00,0.0,21.5,16.7,19.0,74,3.9,南南東,0.0,0.26,薄曇,10.0
2025419,19:00,0.0,20.1,16.4,18.6,79,3.0,南南東,0.0,0.01,,
2025419,20:00,0.0,19.1,16.3,18.6,84,4.0,南,0.0,0.0,,
2025419,21:00,0.0,18.8,16.4,18.7,86,3.0,南南東,0.0,0.0,薄曇,8.00
2025419,22:00,0.0,18.7,16.5,18.8,87,4.4,南南東,0.0,0.0,,
2025419,23:00,0.0,18.9,16.2,18.3,84,4.6,南,0.0,0.0,,
2025419,24:00,0.0,18.9,16.0,18.1,83,3.9,南,0.0,0.0,,
2025420,01:00,0.0,18.7,15.6,17.7,82,3.9,南,0.0,0.0,,
2025420,02:00,0.0,18.7,15.4,17.5,81,2.4,南南西,0.0,0.0,,
2025420,03:00,0.0,18.6,15.1,17.1,80,2.9,南,0.0,0.0,曇,15.0
2025420,04:00,0.0,19.0,14.7,16.7,76,2.6,南南西,0.0,0.0,,
2025420,05:00,0.0,18.7,14.4,16.4,76,2.9,南南西,0.0,0.00,,
2025420,06:00,0.0,19.2,14.7,16.7,75,4.0,南南西,0.0,0.06,曇,15.0
2025420,07:00,0.0,19.8,15.0,17.1,74,3.4,南南西,0.0,0.22,,
2025420,08:00,0.0,20.1,15.5,17.6,75,3.8,南南西,0.0,0.33,,
2025420,09:00,0.0,20.8,15.8,17.9,73,5.0,南,0.0,0.63,曇,20.0
2025420,10:00,0.0,21.7,15.8,17.9,69,6.1,南,0.0,0.97,,
2025420,11:00,0.0,22.5,15.1,17.2,63,5.7,南,0.0,1.34,,
2025420,12:00,0.0,22.7,15.1,17.1,62,7.4,南南西,0.0,1.41,曇,20.0
2025420,13:00,0.0,23.3,15.4,17.5,61,4.2,南,0.0,1.57,,
2025420,14:00,0.0,23.0,15.1,17.1,61,5.7,南南西,0.0,1.55,,
2025420,15:00,0.0,22.9,15.0,17.0,61,6.1,南,0.0,1.27,曇,25.0
2025420,16:00,0.0,22.4,14.5,16.5,61,6.1,南南西,0.1,1.00,,
2025420,17:00,0.0,21.8,14.5,16.5,63,4.7,南南西,0.0,0.53,,
2025420,18:00,0.0,21.1,14.5,16.5,66,4.9,南,0.0,0.15,曇,25.0
2025420,19:00,0.0,20.5,14.9,16.9,70,3.6,南,0.0,0.01,,
2025420,20:00,0.0,20.3,14.7,16.7,70,3.4,南,0.0,0.0,,
2025420,21:00,0.0,19.7,15.0,17.0,74,1.4,西,0.0,0.0,曇,25.0
2025420,22:00,0.0,18.2,15.3,17.3,83,1.3,南南西,0.0,0.0,,
2025420,23:00,0.0,19.0,15.1,17.1,78,0.8,北北西,0.0,0.0,,
2025420,24:00,0.0,19.6,15.3,17.3,76,1.9,北,0.0,0.0,,
2025423,01:00,1.5,16.4,14.8,16.8,90,2.4,北,0.0,0.0,雨,3.09
2025423,02:00,1.0,16.5,14.9,16.9,90,1.6,北北東,0.0,0.0,雨,3.49
2025423,03:00,0.5,16.5,14.9,16.9,90,2.4,北北東,0.0,0.0,雨,4.00
2025423,04:00,0.0,16.7,15.1,17.1,90,1.2,北,0.0,0.0,雨,12.8
2025423,05:00,0.0,16.7,15.1,17.1,90,2.2,北,0.0,0.00,雨,20.0
2025423,06:00,0.0,16.7,14.9,16.9,89,3.2,北北東,0.0,0.01,雨,6.54
2025423,07:00,0.5,17.2,15.4,17.5,89,1.5,北北東,0.0,0.13,曇,20.0
2025423,08:00,0.0,17.6,15.4,17.5,87,1.8,北北東,0.0,0.25,曇,20.0
2025423,09:00,0.0,18.8,15.7,17.8,82,0.4,東北東,0.0,0.72,曇,20.0
2025423,10:00,0.0,20.2,15.9,18.0,76,0.4,北北西,0.0,1.34,曇,20.0
2025423,11:00,0.0,20.8,15.4,17.4,71,1.4,東南東,0.0,1.41,曇,20.0
2025423,12:00,0.0,21.7,14.6,16.6,64,0.9,東,0.3,2.13,曇,20.0
2025423,13:00,0.0,22.1,15.9,18.1,68,3.7,南西,0.3,2.18,曇,20.0
2025423,14:00,0.0,21.1,15.2,17.3,69,4.3,南西,0.2,1.84,晴れ,20.0
2025423,15:00,0.0,21.6,15.0,17.0,66,2.3,南西,0.5,2.12,曇,20.0
2025423,16:00,0.0,21.1,15.2,17.3,69,3.0,南南西,0.2,1.04,曇,17.5
2025423,17:00,0.0,20.8,15.4,17.4,71,1.5,西南西,0.2,0.66,曇,16.2
2025423,18:00,0.0,20.0,11.0,13.1,56,6.5,北北東,0.0,0.34,曇,20.0
2025423,19:00,0.0,17.8,10.0,12.2,60,7.7,北北東,0.1,0.10,曇,20.0
2025423,20:00,0.0,16.6,9.5,11.9,63,7.0,北北東,0.0,0.00,曇,20.0
2025423,21:00,0.0,15.7,8.9,11.4,64,6.5,北北東,0.0,0.0,曇,20.0
2025423,22:00,0.0,15.4,8.9,11.4,65,5.9,北北東,0.0,0.0,曇,20.0
2025423,23:00,0.0,15.2,8.7,11.2,65,4.8,北北東,0.0,0.0,曇,20.0
2025423,24:00,0.0,15.0,8.7,11.3,66,4.4,北東,0.0,0.0,曇,20.0
2025425,01:00,0.0,15.3,9.0,11.5,66,2.0,北,0.0,0.0,曇,20.0
2025425,02:00,0.0,14.8,9.0,11.4,68,2.1,北北西,0.0,0.0,曇,20.0
2025425,03:00,0.0,14.6,8.6,11.1,67,1.7,北北西,0.0,0.0,曇,20.0
2025425,04:00,0.0,14.6,9.6,12.0,72,1.1,北北西,0.0,0.0,曇,20.0
2025425,05:00,0.0,14.7,10.1,12.4,74,1.3,北北西,0.0,0.00,曇,20.0
2025425,06:00,0.0,14.7,10.9,13.0,78,3.1,北,0.0,0.07,曇,20.0
2025425,07:00,0.0,15.8,11.6,13.6,76,2.7,北北西,0.0,0.35,曇,20.0
2025425,08:00,0.0,16.8,9.5,11.9,62,3.6,西北西,0.0,0.71,曇,20.0
2025425,09:00,0.0,17.5,8.9,11.4,57,4.9,北西,0.0,0.79,曇,20.0
2025425,10:00,0.0,18.3,7.4,10.3,49,6.6,西北西,0.0,1.19,曇,15.4
2025425,11:00,0.0,19.0,5.5,9.0,41,4.9,北西,0.0,1.53,曇,11.2
2025425,12:00,0.0,20.8,7.1,10.1,41,5.7,西北西,0.5,2.33,曇,9.81
2025425,13:00,0.0,20.4,5.6,9.1,38,5.3,西北西,1.0,2.73,晴れ,10.2
2025425,14:00,0.0,20.0,4.5,8.4,36,6.6,西北西,0.5,2.15,曇,11.5
2025425,15:00,0.0,18.9,3.5,7.9,36,8.0,西北西,0.0,1.18,曇,11.1
2025425,16:00,0.0,18.5,1.9,7.0,33,6.8,西北西,0.0,0.90,曇,12.9
2025425,17:00,0.0,17.3,0.5,6.3,32,5.9,西北西,0.0,0.59,曇,16.0
2025425,18:00,0.0,16.0,-0.7,5.8,32,5.1,西北西,0.0,0.19,曇,14.3
2025425,19:00,0.0,14.9,1.1,6.6,39,6.3,西北西,0.0,0.01,曇,14.7
2025425,20:00,0.0,14.3,1.6,6.8,42,6.3,北西,0.0,0.00,曇,15.2
2025425,21:00,0.0,13.7,1.7,6.9,44,5.6,西北西,0.0,0.0,曇,16.0
2025425,22:00,0.0,13.3,0.3,6.3,41,6.0,北西,0.0,0.0,曇,17.7
2025425,23:00,0.0,12.4,1.4,6.8,47,4.5,北西,0.0,0.0,晴れ,17.6
2025425,24:00,0.0,11.8,-0.3,6.0,43,3.6,北西,0.0,0.0,晴れ,17.4
2025426,01:00,0.0,11.3,-1.5,5.5,41,5.1,北西,0.0,0.0,晴れ,16.1
2025426,02:00,0.0,10.8,-1.3,5.6,43,4.3,北西,0.0,0.0,晴れ,15.5
2025426,03:00,0.0,10.3,-0.8,5.8,46,3.0,北西,0.0,0.0,晴れ,16.3
2025426,04:00,0.0,9.9,-0.3,6.0,49,3.6,北北西,0.0,0.0,晴れ,15.7
2025426,05:00,0.0,9.5,-0.7,5.8,49,3.5,北北西,0.0,0.00,晴れ,15.9
2025426,06:00,0.0,9.6,-0.6,5.9,49,3.3,北北西,0.7,0.15,晴れ,15.3
2025426,07:00,0.0,11.6,-1.5,5.5,40,2.3,北,1.0,0.81,晴れ,16.0
2025426,08:00,0.0,13.0,-4.1,4.5,30,3.6,北,1.0,1.62,晴れ,17.2
2025426,09:00,0.0,15.1,-3.7,4.6,27,2.9,北,1.0,2.37,晴れ,19.7
2025426,10:00,0.0,17.7,-4.3,4.5,22,3.1,北北西,1.0,2.98,晴れ,20.0
2025426,11:00,0.0,19.2,-4.3,4.5,20,4.4,北西,1.0,3.40,晴れ,20.0
2025426,12:00,0.0,21.2,-3.3,4.8,19,4.7,北西,1.0,3.62,晴れ,19.5
2025426,13:00,0.0,21.3,-2.5,5.1,20,4.6,北西,1.0,3.58,晴れ,20.0
2025426,14:00,0.0,20.9,-3.6,4.7,19,7.7,西北西,1.0,3.23,晴れ,16.8
2025426,15:00,0.0,21.0,-4.9,4.2,17,8.8,西北西,1.0,2.73,晴れ,17.3
2025426,16:00,0.0,20.8,-4.4,4.4,18,6.3,北北西,1.0,2.07,晴れ,18.7
2025426,17:00,0.0,19.3,-3.5,4.7,21,5.8,西北西,1.0,1.31,晴れ,16.0
2025426,18:00,0.0,17.7,-2.0,5.3,26,5.8,西北西,1.0,0.55,晴れ,15.9
2025426,19:00,0.0,16.7,-1.4,5.5,29,5.3,西北西,0.2,0.05,晴れ,16.7
2025426,20:00,0.0,16.1,-1.9,5.3,29,3.0,北北西,0.0,0.00,晴れ,17.0
2025426,21:00,0.0,15.6,-1.5,5.5,31,2.8,北,0.0,0.0,晴れ,16.9
2025426,22:00,0.0,14.7,-1.0,5.7,34,2.7,北北西,0.0,0.0,晴れ,17.1
2025426,23:00,0.0,13.8,-1.0,5.7,36,1.8,西北西,0.0,0.0,晴れ,16.9
2025426,24:00,0.0,13.1,-0.2,6.0,40,2.6,北西,0.0,0.0,晴れ,16.6
2025427,01:00,0.0,11.9,1.0,6.5,47,2.5,北,0.0,0.0,晴れ,16.1
2025427,02:00,0.0,11.4,1.1,6.6,49,2.4,北,0.0,0.0,晴れ,16.1
2025427,03:00,0.0,11.1,-0.7,5.8,44,3.3,北,0.0,0.0,晴れ,17.7
2025427,04:00,0.0,10.2,-1.2,5.6,45,3.7,北,0.0,0.0,晴れ,19.1
2025427,05:00,0.0,9.7,0.1,6.1,51,3.3,北北西,0.0,0.00,晴れ,16.8
2025427,06:00,0.0,9.8,0.2,6.2,51,1.8,北西,0.7,0.16,晴れ,16.5
2025427,07:00,0.0,11.6,-0.5,5.9,43,3.0,北北西,1.0,0.78,晴れ,20.0
2025427,08:00,0.0,13.4,-1.0,5.7,37,1.6,北,1.0,1.55,晴れ,18.7
2025427,09:00,0.0,15.6,-3.3,4.8,27,0.9,東北東,1.0,2.29,晴れ,18.4
2025427,10:00,0.0,17.9,-3.5,4.7,23,1.3,北東,1.0,2.89,晴れ,20.0
2025427,11:00,0.0,21.4,0.0,6.1,24,1.1,東南東,1.0,3.28,晴れ,18.7
2025427,12:00,0.0,22.1,-0.6,5.9,22,1.0,西南西,1.0,3.42,晴れ,20.0
2025427,13:00,0.0,23.8,0.8,6.5,22,2.2,西南西,1.0,3.43,晴れ,17.8
2025427,14:00,0.0,24.8,2.9,7.5,24,2.0,南,1.0,3.15,晴れ,17.1
2025427,15:00,0.0,24.2,2.4,7.2,24,2.3,南,1.0,2.46,晴れ,18.5
2025427,16:00,0.0,23.9,4.3,8.3,28,2.6,南,1.0,1.72,晴れ,18.9
2025427,17:00,0.0,23.3,6.6,9.7,34,2.7,南,0.9,1.10,曇,19.6
2025427,18:00,0.0,21.5,5.4,9.0,35,4.1,南南東,0.1,0.33,曇,20.0
2025427,19:00,0.0,20.6,7.3,10.2,42,2.6,南南東,0.0,0.02,曇,20.0
2025427,20:00,0.0,19.5,10.0,12.2,54,2.6,南東,0.0,0.00,曇,20.0
2025427,21:00,0.0,18.9,10.5,12.7,58,3.0,南東,0.0,0.0,曇,19.6
2025427,22:00,0.0,18.2,9.3,11.7,56,1.7,南東,0.0,0.0,曇,20.0
2025427,23:00,0.0,17.9,8.5,11.1,54,1.2,東南東,0.0,0.0,曇,19.6
2025427,24:00,0.0,17.2,8.4,11.0,56,0.6,東,0.0,0.0,曇,19.7
2025429,01:00,1.0,13.3,13.2,15.1,99,2.0,西,0.0,0.0,,
2025429,02:00,0.0,13.2,13.1,15.0,99,1.4,北,0.0,0.0,,
2025429,03:00,0.5,13.0,12.9,14.8,99,1.3,北,0.0,0.0,曇,10.0
2025429,04:00,0.0,13.2,13.1,15.0,99,1.0,北北西,0.0,0.0,,
2025429,05:00,0.0,13.4,13.1,15.1,98,1.9,北,0.0,0.00,,
2025429,06:00,0.0,13.1,13.0,14.9,99,2.8,西北西,0.4,0.24,晴れ,15.0
2025429,07:00,0.0,14.3,13.5,15.5,95,2.1,西,1.0,0.97,,
2025429,08:00,0.0,16.5,12.7,14.6,78,3.1,西,1.0,1.69,,
2025429,09:00,0.0,18.4,11.9,14.0,66,2.9,西,1.0,2.44,晴れ,30.0
2025429,10:00,0.0,19.6,7.0,10.0,44,5.3,西北西,1.0,2.81,,
2025429,11:00,0.0,20.7,7.7,10.5,43,3.0,北北西,0.9,3.15,,
2025429,12:00,0.0,21.3,8.9,11.4,45,2.0,西,0.9,3.34,晴れ,35.0
2025429,13:00,0.0,21.6,2.3,7.2,28,2.4,北北東,0.5,2.47,,
2025429,14:00,0.0,22.8,4.3,8.3,30,1.0,北東,1.0,3.05,,
2025429,15:00,0.0,21.2,7.1,10.1,40,3.3,南,0.8,2.24,晴れ,40.0
2025429,16:00,0.0,21.2,4.7,8.6,34,1.4,東南東,0.5,1.34,,
2025429,17:00,0.0,19.1,5.6,9.1,41,1.7,南,0.0,0.45,,
2025429,18:00,0.0,19.8,-1.3,5.5,24,1.9,北北西,0.0,0.18,晴れ,30.0
2025429,19:00,0.0,18.4,-0.4,5.9,28,3.0,北北西,0.0,0.01,,
2025429,20:00,0.0,17.2,-0.5,5.9,30,3.4,北北西,0.0,0.0,,
2025429,21:00,0.0,15.6,0.6,6.4,36,3.1,北北西,0.0,0.0,快晴,30.0
2025429,22:00,0.0,15.1,0.5,6.4,37,2.0,北,0.0,0.0,,
2025429,23:00,0.0,14.3,0.6,6.4,39,2.3,北北西,0.0,0.0,,
2025429,24:00,0.0,13.8,0.1,6.2,39,3.9,北西,0.0,0.0,,
2025430,01:00,0.0,12.4,0.8,6.5,45,2.8,西北西,0.0,0.0,,
2025430,02:00,0.0,12.7,0.1,6.2,42,4.7,北西,0.0,0.0,,
2025430,03:00,0.0,12.5,0.6,6.4,44,2.1,北北西,0.0,0.0,快晴,30.0
2025430,04:00,0.0,12.0,0.5,6.3,45,2.2,北,0.0,0.0,,
2025430,05:00,0.0,11.5,0.9,6.5,48,3.1,西北西,0.0,0.00,,
2025430,06:00,0.0,11.7,3.0,7.6,55,4.7,北西,0.4,0.26,快晴,30.0
2025430,07:00,0.0,14.6,1.8,7.0,42,3.7,北西,1.0,1.02,,
2025430,08:00,0.0,16.5,2.2,7.1,38,4.0,北西,1.0,1.80,,
2025430,09:00,0.0,18.2,2.9,7.5,36,3.0,北西,1.0,2.50,快晴,30.0
2025430,10:00,0.0,20.3,2.2,7.1,30,3.1,西北西,1.0,2.98,,
2025430,11:00,0.0,21.6,2.3,7.2,28,2.0,西北西,1.0,3.37,,
2025430,12:00,0.0,22.4,3.0,7.6,28,3.8,南南東,1.0,3.54,快晴,30.0
2025430,13:00,0.0,23.3,5.3,8.9,31,4.4,南南東,1.0,3.41,,
2025430,14:00,0.0,23.3,5.3,8.9,31,4.9,南南東,1.0,3.10,,
2025430,15:00,0.0,22.8,3.9,8.1,29,3.4,南,1.0,2.59,快晴,35.0
2025430,16:00,0.0,22.3,4.4,8.3,31,5.2,南南西,1.0,1.92,,
2025430,17:00,0.0,20.6,7.6,10.4,43,5.0,南南西,1.0,1.16,,
2025430,18:00,0.0,19.3,8.9,11.4,51,4.4,南南西,1.0,0.43,快晴,35.0
2025430,19:00,0.0,18.3,10.7,12.8,61,4.9,南南西,0.1,0.03,,
2025430,20:00,0.0,16.8,11.1,13.2,69,2.2,南南西,0.0,0.0,,
2025430,21:00,0.0,16.9,11.4,13.5,70,2.5,南南東,0.0,0.0,快晴,30.0
2025430,22:00,0.0,16.8,12.8,14.7,77,3.4,南南東,0.0,0.0,,
2025430,23:00,0.0,16.4,14.1,16.0,86,2.8,南東,0.0,0.0,,
2025430,24:00,0.0,15.3,13.7,15.6,90,2.4,南南東,0.0,0.0,,
202551,01:00,0.0,14.6,13.8,15.8,95,1.1,南南東,0.0,0.0,,
202551,02:00,0.0,14.3,13.5,15.5,95,1.1,南西,0.0,0.0,,
202551,03:00,0.0,14.5,11.8,13.9,84,1.8,北北西,0.0,0.0,快晴,20.0
202551,04:00,0.0,14.0,11.4,13.4,84,1.9,北西,0.0,0.0,,
202551,05:00,0.0,13.0,10.4,12.6,84,2.0,北,0.0,0.01,,
202551,06:00,0.0,14.0,10.4,12.6,79,1.0,北北西,0.3,0.24,快晴,20.0
202551,07:00,0.0,15.2,10.8,13.0,75,1.9,北西,0.9,0.87,,
202551,08:00,0.0,16.7,11.2,13.3,70,1.1,西南西,0.9,1.51,,
202551,09:00,0.0,20.3,14.7,16.7,70,0.9,南南西,0.6,1.80,晴れ,15.0
202551,10:00,0.0,20.5,12.5,14.5,60,2.8,南南東,0.8,2.71,,
202551,11:00,0.0,22.7,13.8,15.7,57,4.5,南南東,0.8,2.83,,
202551,12:00,0.0,22.4,12.4,14.4,53,4.2,南,0.7,2.74,晴れ,25.0
202551,13:00,0.0,22.3,10.8,12.9,48,4.9,南,1.0,3.28,,
202551,14:00,0.0,22.7,10.5,12.7,46,6.1,南,1.0,2.72,,
202551,15:00,0.0,22.1,13.2,15.2,57,6.1,南南東,1.0,2.29,薄曇,25.0
202551,16:00,0.0,21.2,11.5,13.6,54,6.8,南南東,1.0,1.62,,
202551,17:00,0.0,20.1,12.1,14.1,60,8.0,南南東,0.9,0.86,,
202551,18:00,0.0,19.4,13.4,15.3,68,7.0,南南東,0.8,0.47,薄曇,25.0
202551,19:00,0.0,19.0,13.9,15.8,72,3.9,南南東,0.0,0.03,,
202551,20:00,0.0,18.5,13.8,15.8,74,4.1,南南東,0.0,0.0,,
202551,21:00,0.0,18.0,14.3,16.3,79,6.1,南南東,0.0,0.0,薄曇,25.0
202551,22:00,0.0,17.7,13.8,15.8,78,4.1,南南東,0.0,0.0,,
202551,23:00,0.0,17.3,13.0,15.0,76,4.6,南南東,0.0,0.0,,
202551,24:00,0.0,16.5,12.3,14.3,76,3.2,南南東,0.0,0.0,,
202555,01:00,0.0,14.2,10.6,12.8,79,1.6,北東,0.0,0.0,,
202555,02:00,0.0,14.0,9.5,11.8,74,0.8,北,0.0,0.0,,
202555,03:00,0.0,13.3,7.3,10.2,67,2.1,北西,0.0,0.0,晴れ,25.0
202555,04:00,0.0,12.4,7.3,10.2,71,0.9,西,0.0,0.0,,
202555,05:00,0.0,12.0,6.1,9.4,67,1.1,北北東,0.0,0.01,,
202555,06:00,0.0,13.8,6.9,9.9,63,1.7,北西,0.0,0.24,薄曇,25.0
202555,07:00,0.0,16.1,5.7,9.1,50,1.0,西北西,0.7,0.81,,
202555,08:00,0.0,17.0,4.4,8.3,43,0.9,西南西,0.9,1.46,,
202555,09:00,0.0,18.0,7.4,10.3,50,2.5,南南東,0.6,1.70,晴れ,30.0
202555,10:00,0.0,19.8,11.3,13.4,58,2.7,東南東,1.0,2.78,,
202555,11:00,0.0,20.5,11.4,13.5,56,2.0,南東,1.0,3.28,,
202555,12:00,0.0,21.3,7.5,10.4,41,4.4,南南東,1.0,3.52,晴れ,30.0
202555,13:00,0.0,21.8,9.7,12.0,46,4.9,南南東,1.0,3.40,,
202555,14:00,0.0,22.6,9.4,11.8,43,5.2,南南東,1.0,3.07,,
202555,15:00,0.0,22.2,11.3,13.4,50,4.8,南南東,0.9,2.44,晴れ,30.0
202555,16:00,0.0,21.4,11.2,13.3,52,5.1,南南東,0.8,1.55,,
202555,17:00,0.0,20.2,10.6,12.8,54,6.7,南南東,0.8,0.93,,
202555,18:00,0.0,19.4,11.9,14.0,62,4.7,南南東,0.2,0.32,薄曇,35.0
202555,19:00,0.0,18.6,10.5,12.6,59,5.9,南南東,0.0,0.02,,
202555,20:00,0.0,17.6,8.5,11.1,55,3.9,南,0.0,0.0,,
202555,21:00,0.0,17.4,9.3,11.7,59,3.8,南,0.0,0.0,薄曇,30.0
202555,22:00,0.0,17.1,9.5,11.9,61,4.7,南,0.0,0.0,,
202555,23:00,0.0,17.5,10.6,12.8,64,3.7,南,0.0,0.0,,
202555,24:00,0.0,17.3,10.9,13.0,66,4.4,南南東,0.0,0.0,,
202557,01:00,0.0,12.9,12.8,14.7,99,2.5,北西,0.0,0.0,,
202557,02:00,0.0,13.4,13.4,15.4,100,2.0,北西,0.0,0.0,,
202557,03:00,2.5,13.5,13.4,15.3,99,2.7,西北西,0.0,0.0,雨,4.00
202557,04:00,1.0,13.1,13.1,15.1,100,1.1,西北西,0.0,0.0,,
202557,05:00,0.0,13.6,13.6,15.6,100,4.8,西北西,0.0,0.00,,
202557,06:00,0.0,14.1,14.1,16.1,100,1.7,西南西,0.1,0.20,晴れ,25.0
202557,07:00,0.0,15.4,14.6,16.6,95,3.0,北西,1.0,1.06,,
202557,08:00,0.0,17.4,10.1,12.3,62,5.3,北西,1.0,1.81,,
202557,09:00,0.0,20.0,12.3,14.3,61,4.9,北西,1.0,2.50,快晴,40.0
202557,10:00,0.0,20.9,10.1,12.4,50,6.4,北西,1.0,3.02,,
202557,11:00,0.0,22.0,9.5,11.9,45,6.0,北西,1.0,3.40,,
202557,12:00,0.0,22.1,9.0,11.4,43,4.8,北西,1.0,3.49,晴れ,40.0
202557,13:00,0.0,21.7,8.2,10.9,42,5.5,北北西,1.0,3.44,,
202557,14:00,0.0,22.3,6.9,10.0,37,5.0,北北西,1.0,3.07,,
202557,15:00,0.0,22.2,6.8,9.9,37,3.7,北西,1.0,2.56,薄曇,30.0
202557,16:00,0.0,21.5,6.6,9.7,38,3.2,北西,0.8,1.77,,
202557,17:00,0.0,20.9,5.7,9.1,37,3.0,北北西,0.0,0.49,,
202557,18:00,0.0,19.9,4.4,8.4,36,1.8,東北東,0.0,0.11,曇,30.0
202557,19:00,0.0,17.9,11.7,13.7,67,3.8,南南東,0.0,0.01,,
202557,20:00,0.0,17.8,11.6,13.7,67,3.3,南南東,0.0,0.00,,
202557,21:00,0.0,17.3,11.4,13.4,68,2.5,南東,0.0,0.0,雨,30.0
202557,22:00,0.0,16.9,11.8,13.9,72,2.8,南南東,0.0,0.0,,
202557,23:00,0.0,16.5,5.8,9.2,49,3.1,西北西,0.0,0.0,,
202557,24:00,0.0,16.0,6.7,9.8,54,1.5,西北西,0.0,0.0,,
202559,01:00,0.0,15.6,11.6,13.6,77,2.9,南南東,0.0,0.0,,
202559,02:00,0.0,15.3,11.7,13.7,79,1.4,南南東,0.0,0.0,,
202559,03:00,0.0,15.1,12.2,14.2,83,2.5,南,0.0,0.0,薄曇,25.0
202559,04:00,0.0,15.4,12.2,14.2,81,2.2,南南東,0.0,0.0,,
202559,05:00,0.0,14.9,12.4,14.4,85,1.0,南南東,0.0,0.01,,
202559,06:00,0.0,16.3,13.6,15.6,84,0.6,南南西,0.0,0.23,曇,20.0
202559,07:00,0.0,17.9,13.6,15.6,76,1.3,南,0.0,0.36,,
202559,08:00,0.0,18.4,13.5,15.5,73,0.6,南,0.0,0.61,,
202559,09:00,0.0,19.6,14.4,16.4,72,2.9,南南東,0.1,0.94,曇,20.0
202559,10:00,0.0,19.5,14.3,16.3,72,3.3,南南東,0.0,1.13,,
202559,11:00,0.0,20.5,14.6,16.6,69,3.5,南東,0.0,1.38,,
202559,12:00,0.0,21.7,14.6,16.6,64,4.6,南南東,0.0,1.81,曇,30.0
202559,13:00,0.0,22.3,13.7,15.6,58,4.9,南南東,0.2,1.95,,
202559,14:00,0.0,22.2,12.5,14.5,54,5.5,南南東,0.6,2.41,,
202559,15:00,0.0,21.4,12.5,14.5,57,4.9,南,0.2,1.60,曇,40.0
202559,16:00,0.0,20.5,14.6,16.6,69,5.9,南,0.0,0.60,,
202559,17:00,0.0,19.9,13.8,15.8,68,6.4,南,0.0,0.25,,
202559,18:00,0.0,19.6,13.5,15.5,68,6.8,南,0.0,0.11,曇,25.0
202559,19:00,0.0,17.9,14.8,16.8,82,5.3,南,0.0,0.01,,
202559,20:00,0.5,16.8,15.7,17.8,93,2.3,南,0.0,0.00,,
202559,21:00,0.5,16.5,15.9,18.0,96,2.0,南南東,0.0,0.0,雨,10.0
202559,22:00,0.5,16.6,15.3,17.4,92,4.1,南東,0.0,0.0,,
202559,23:00,1.0,15.1,14.3,16.3,95,2.5,南,0.0,0.0,,
202559,24:00,0.5,15.5,14.9,16.9,96,3.6,南東,0.0,0.0,,
2025510,01:00,0.0,15.8,14.7,16.7,93,4.1,南南東,0.0,0.0,,
2025510,02:00,2.0,15.9,15.6,17.7,98,3.1,南南東,0.0,0.0,,
2025510,03:00,1.0,16.9,16.6,18.9,98,4.9,南南東,0.0,0.0,雨,9.00
2025510,04:00,1.0,16.8,16.5,18.8,98,4.4,南南東,0.0,0.0,,
2025510,05:00,1.5,17.6,17.3,19.7,98,5.7,南,0.0,0.00,,
2025510,06:00,2.5,17.6,17.5,19.9,99,4.9,南,0.0,0.02,雨,2.00
2025510,07:00,1.0,17.6,17.5,19.9,99,4.0,南,0.0,0.08,,
2025510,08:00,1.5,18.1,18.1,20.8,100,4.0,南,0.0,0.13,,
2025510,09:00,2.0,18.5,18.5,21.3,100,1.0,南,0.0,0.32,雨,2.00
2025510,10:00,1.5,18.5,18.3,21.1,99,0.9,南,0.0,0.44,,
2025510,11:00,0.0,18.9,18.9,21.8,100,1.8,北西,0.0,0.34,,
2025510,12:00,0.0,19.6,19.6,22.8,100,1.4,西南西,0.0,0.57,曇,7.00
2025510,13:00,0.0,18.6,18.4,21.2,99,1.1,西,0.0,0.33,,
2025510,14:00,0.0,18.2,18.0,20.7,99,0.5,西南西,0.0,0.23,,
2025510,15:00,0.0,18.4,18.2,21.0,99,0.7,北北西,0.0,0.26,曇,15.0
2025510,16:00,0.0,18.4,18.2,21.0,99,2.0,北西,0.0,0.36,,
2025510,17:00,0.0,19.3,19.1,22.2,99,1.0,北西,0.0,0.48,,
2025510,18:00,0.0,20.7,20.4,23.9,98,4.8,南,0.2,0.24,曇,25.0
2025510,19:00,0.0,21.3,19.8,23.1,91,8.2,南南西,0.0,0.04,,
2025510,20:00,0.0,21.7,19.5,22.6,87,4.5,南,0.0,0.00,,
2025510,21:00,0.0,21.6,18.4,21.2,82,5.2,南南西,0.0,0.0,薄曇,25.0
2025510,22:00,0.0,20.8,18.2,20.9,85,3.8,南南西,0.0,0.0,,
2025510,23:00,0.0,20.7,18.1,20.8,85,4.2,南南西,0.0,0.0,,
2025510,24:00,0.0,18.8,17.7,20.2,93,1.6,北西,0.0,0.0,,
2025511,01:00,0.0,17.6,17.3,19.7,98,1.4,北北東,0.0,0.0,,
2025511,02:00,0.0,17.2,17.2,19.6,100,1.2,北北東,0.0,0.0,,
2025511,03:00,0.0,17.3,17.3,19.7,100,1.8,北北東,0.0,0.0,薄曇,20.0
2025511,04:00,0.0,17.2,17.2,19.6,100,1.6,北,0.0,0.0,,
2025511,05:00,0.0,16.9,16.9,19.3,100,1.0,北,0.0,0.01,,
2025511,06:00,0.0,17.8,17.8,20.4,100,1.7,北,0.0,0.27,薄曇,7.00
2025511,07:00,0.0,18.0,17.7,20.2,98,1.1,北北西,0.1,0.77,,
2025511,08:00,0.0,20.4,16.2,18.5,77,1.8,北北西,0.9,1.50,,
2025511,09:00,0.0,22.4,12.7,14.6,54,3.5,北西,1.0,2.25,薄曇,20.0
2025511,10:00,0.0,23.0,11.7,13.8,49,4.1,北西,1.0,2.55,,
2025511,11:00,0.0,24.4,12.4,14.4,47,1.7,北,1.0,3.31,,
2025511,12:00,0.0,25.3,11.8,13.9,43,4.3,西北西,1.0,3.49,薄曇,30.0
2025511,13:00,0.0,25.0,11.9,13.9,44,2.1,西,1.0,2.91,,
2025511,14:00,0.0,25.4,11.2,13.3,41,2.4,南南西,1.0,3.05,,
2025511,15:00,0.0,24.4,12.4,14.4,47,4.4,南南東,0.7,1.81,薄曇,25.0
2025511,16:00,0.0,23.8,12.1,14.2,48,3.9,南南東,0.2,1.15,,
2025511,17:00,0.0,22.7,12.4,14.3,52,2.0,南,0.0,0.48,,
2025511,18:00,0.0,21.4,12.3,14.3,56,1.6,南,0.0,0.12,曇,30.0
2025511,19:00,0.0,21.2,12.9,14.9,59,2.2,南西,0.0,0.01,,
2025511,20:00,0.0,20.6,13.3,15.3,63,1.2,南西,0.0,0.00,,
2025511,21:00,0.0,20.7,10.5,12.7,52,1.4,北北東,0.0,0.0,雨,20.0
2025511,22:00,0.0,16.8,13.2,15.1,79,1.3,北西,0.0,0.0,,
2025511,23:00,0.5,15.7,14.4,16.4,92,0.9,西,0.0,0.0,,
2025511,24:00,0.5,16.0,15.4,17.5,96,1.9,西北西,0.0,0.0,,
2025514,01:00,0.0,18.0,12.9,14.9,72,1.0,東北東,0.0,0.0,曇,17.4
2025514,02:00,0.0,17.2,13.1,15.1,77,1.4,北北東,0.0,0.0,曇,16.4
2025514,03:00,0.0,16.9,13.1,15.0,78,0.9,北北東,0.0,0.0,曇,15.0
2025514,04:00,0.0,16.6,13.5,15.5,82,0.2,静穏,0.0,0.0,曇,13.7
2025514,05:00,0.0,16.3,13.2,15.2,82,0.6,北北西,0.0,0.00,曇,14.3
2025514,06:00,0.0,16.9,13.4,15.4,80,1.0,北東,0.0,0.14,曇,14.1
2025514,07:00,0.0,18.1,13.2,15.2,73,1.1,北東,0.2,0.60,曇,14.0
2025514,08:00,0.0,18.7,12.2,14.2,66,1.1,北東,0.0,0.78,曇,16.9
2025514,09:00,0.0,20.5,13.5,15.4,64,1.2,西,0.0,1.21,曇,15.8
2025514,10:00,0.0,21.1,12.8,14.8,59,2.1,南西,0.2,1.62,曇,14.2
2025514,11:00,0.0,23.7,13.6,15.5,53,1.2,南西,1.0,3.19,晴れ,15.3
2025514,12:00,0.0,25.4,12.6,14.6,45,1.7,南西,1.0,3.51,晴れ,12.5
2025514,13:00,0.0,25.1,12.3,14.3,45,1.2,南西,1.0,3.00,晴れ,12.7
2025514,14:00,0.0,25.4,13.3,15.3,47,2.3,南南西,0.9,2.65,晴れ,11.5
2025514,15:00,0.0,26.1,13.6,15.6,46,2.3,南西,0.8,2.29,晴れ,14.0
2025514,16:00,0.0,25.8,12.3,14.3,43,2.8,南西,1.0,2.01,晴れ,20.0
2025514,17:00,0.0,25.3,11.8,13.9,43,2.5,南,1.0,1.36,晴れ,20.0
2025514,18:00,0.0,23.7,11.7,13.8,47,3.5,南南東,1.0,0.64,晴れ,20.0
2025514,19:00,0.0,22.1,12.7,14.6,55,3.1,南南東,0.4,0.11,晴れ,20.0
2025514,20:00,0.0,20.9,14.1,16.1,65,3.7,南南東,0.0,0.00,晴れ,18.5
2025514,21:00,0.0,20.3,14.9,16.9,71,2.9,南南東,0.0,0.0,晴れ,16.8
2025514,22:00,0.0,19.6,15.1,17.1,75,2.9,南東,0.0,0.0,晴れ,15.1
2025514,23:00,0.0,18.9,14.2,16.2,74,2.1,南東,0.0,0.0,晴れ,15.3
2025514,24:00,0.0,18.3,14.0,16.0,76,1.3,東南東,0.0,0.0,曇,16.1
2025516,01:00,0.0,19.3,16.4,18.6,83,2.9,南,0.0,0.0,,
2025516,02:00,0.0,18.7,16.1,18.3,85,2.0,南南西,0.0,0.0,,
2025516,03:00,0.0,18.0,15.8,18.0,87,2.3,南,0.0,0.0,薄曇,20.0
2025516,04:00,0.0,18.9,15.2,17.3,79,2.2,西南西,0.0,0.0,,
2025516,05:00,0.0,17.6,15.2,17.3,86,1.1,南西,0.0,0.01,,
2025516,06:00,0.0,18.8,15.7,17.8,82,1.8,西北西,0.2,0.29,薄曇,20.0
2025516,07:00,0.0,20.5,15.7,17.8,74,1.8,北西,0.9,0.97,,
2025516,08:00,0.0,21.1,15.9,18.0,72,2.7,北西,0.2,1.12,,
2025516,09:00,0.0,23.1,16.4,18.7,66,1.0,北東,0.8,1.86,薄曇,15.0
2025516,10:00,0.0,23.5,15.8,18.0,62,1.2,東南東,0.5,2.11,,
2025516,11:00,0.0,24.5,16.8,19.1,62,1.1,西南西,0.1,1.98,,
2025516,12:00,0.0,24.2,16.5,18.7,62,3.2,南南東,0.1,1.66,薄曇,15.0
2025516,13:00,0.0,24.5,17.5,20.0,65,3.5,南,0.0,1.25,,
2025516,14:00,0.0,24.4,16.2,18.3,60,3.9,南南東,0.3,1.91,,
2025516,15:00,0.0,24.0,15.5,17.6,59,4.1,南,0.0,1.29,曇,20.0
2025516,16:00,0.0,23.4,15.7,17.8,62,3.4,南,0.0,0.72,,
2025516,17:00,0.0,22.4,16.2,18.4,68,3.7,南,0.0,0.52,,
2025516,18:00,0.0,21.8,15.9,18.0,69,4.9,南,0.0,0.29,薄曇,15.0
2025516,19:00,0.0,21.4,16.2,18.4,72,2.9,南,0.0,0.03,,
2025516,20:00,0.0,21.1,15.7,17.8,71,3.4,南南東,0.0,0.00,,
2025516,21:00,0.0,20.7,16.7,19.0,78,5.2,南南東,0.0,0.0,曇,15.0
2025516,22:00,0.0,20.6,16.6,18.9,78,3.7,南南東,0.0,0.0,,
2025516,23:00,0.0,20.5,16.1,18.3,76,3.2,南,0.0,0.0,,
2025516,24:00,0.0,20.6,16.4,18.7,77,4.3,南,0.0,0.0,,
2025517,01:00,0.0,20.5,16.5,18.8,78,3.7,南,0.0,0.0,,
2025517,02:00,0.0,20.6,17.0,19.4,80,3.4,南,0.0,0.0,,
2025517,03:00,0.0,20.3,17.3,19.8,83,3.8,南,0.0,0.0,雨,15.0
2025517,04:00,0.5,19.0,18.5,21.3,97,2.6,南南東,0.0,0.0,,
2025517,05:00,0.5,19.1,18.8,21.7,98,3.8,南南東,0.0,0.00,,
2025517,06:00,2.0,19.0,18.8,21.8,99,2.8,南,0.0,0.03,雨,5.00
2025517,07:00,0.5,19.1,18.8,21.7,98,3.5,南,0.0,0.14,,
2025517,08:00,1.5,18.9,18.7,21.6,99,2.9,南,0.0,0.26,,
2025517,09:00,2.5,19.3,19.1,22.2,99,3.5,南東,0.0,0.40,雨,3.00
2025517,10:00,3.0,19.9,19.8,23.0,99,3.5,南南東,0.0,0.52,,
2025517,11:00,2.5,20.9,20.7,24.5,99,3.7,南,0.0,0.42,,
2025517,12:00,1.5,21.0,20.8,24.6,99,3.8,南,0.0,0.23,雨,5.00
2025517,13:00,5.5,21.0,20.8,24.6,99,4.6,南,0.0,0.14,,
2025517,14:00,7.0,21.0,20.8,24.6,99,6.5,南南東,0.0,0.23,,
2025517,15:00,1.0,21.7,21.5,25.7,99,5.4,南,0.0,0.27,雨,10.0
2025517,16:00,0.0,22.6,22.3,26.9,98,6.2,南,0.0,0.28,,
2025517,17:00,0.0,23.3,22.3,26.9,94,5.4,南,0.0,0.33,,
2025517,18:00,0.0,23.3,22.1,26.6,93,4.2,南,0.0,0.18,曇,15.0
2025517,19:00,0.0,23.5,21.8,26.1,90,4.8,南南西,0.0,0.01,,
2025517,20:00,0.0,23.3,21.8,26.0,91,4.4,南,0.0,0.00,,
2025517,21:00,0.0,23.2,21.5,25.6,90,4.4,南南西,0.0,0.0,曇,20.0
2025517,22:00,0.0,23.2,21.1,25.0,88,3.5,南南西,0.0,0.0,,
2025517,23:00,0.0,23.1,21.0,24.9,88,4.6,南南西,0.0,0.0,,
2025517,24:00,0.0,23.4,21.1,25.0,87,4.2,南南西,0.0,0.0,,
2025518,01:00,0.0,23.1,20.8,24.6,87,3.1,南南西,0.0,0.0,,
2025518,02:00,0.0,22.7,21.0,24.8,90,4.1,南南西,0.0,0.0,,
2025518,03:00,0.0,22.4,20.9,24.7,91,5.1,南南西,0.0,0.0,晴れ,20.0
2025518,04:00,0.0,22.7,20.6,24.3,88,5.3,南南西,0.0,0.0,,
2025518,05:00,0.0,22.8,20.7,24.4,88,5.7,南,0.0,0.02,,
2025518,06:00,0.0,23.5,21.6,25.8,89,5.5,南南西,0.9,0.44,薄曇,15.0
2025518,07:00,0.0,24.8,21.7,26.0,83,3.2,南南西,0.5,0.88,,
2025518,08:00,0.0,23.0,20.4,23.9,85,3.3,北北西,0.1,0.92,,
2025518,09:00,0.0,25.0,21.7,26.0,82,1.4,北北西,0.1,1.11,曇,15.0
2025518,10:00,0.0,26.2,21.6,25.9,76,0.8,北西,0.3,1.88,,
2025518,11:00,0.0,26.9,22.3,26.9,76,2.0,南,0.0,1.23,,
2025518,12:00,0.0,26.7,21.7,25.9,74,3.4,南,0.0,1.23,曇,15.0
2025518,13:00,0.0,25.9,21.6,25.7,77,2.0,南南西,0.0,0.87,,
2025518,14:00,0.0,26.1,20.9,24.7,73,3.8,南南西,0.2,1.33,,
2025518,15:00,0.0,25.7,20.9,24.8,75,3.8,南,0.0,0.88,曇,15.0
2025518,16:00,0.0,25.2,19.6,22.8,71,5.3,南,0.0,0.72,,
2025518,17:00,0.0,25.2,18.9,21.8,68,5.7,南南西,0.0,0.39,,
2025518,18:00,0.0,24.5,19.1,22.1,72,4.5,南南西,0.0,0.14,曇,10.0
2025518,19:00,0.0,23.8,19.3,22.4,76,4.4,南南西,0.0,0.01,,
2025518,20:00,0.0,23.0,19.6,22.8,81,2.5,南,0.0,0.00,,
2025518,21:00,0.0,22.9,19.7,22.9,82,3.1,南,0.0,0.0,曇,20.0
2025518,22:00,0.0,23.1,19.5,22.6,80,2.6,南西,0.0,0.0,,
2025518,23:00,0.0,22.7,19.9,23.2,84,1.8,南南西,0.0,0.0,,
2025518,24:00,0.0,22.3,19.7,22.9,85,2.8,南南西,0.0,0.0,,
2025520,01:00,0.0,21.5,16.0,18.2,71,3.4,南,0.0,0.0,曇,12.0
2025520,02:00,0.0,21.7,15.8,17.9,69,4.3,南南西,0.0,0.0,曇,15.4
2025520,03:00,0.0,21.6,15.7,17.8,69,4.1,南南西,0.0,0.0,曇,19.4
2025520,04:00,0.0,21.6,15.9,18.1,70,2.9,南南西,0.0,0.0,曇,16.5
2025520,05:00,0.0,21.7,16.0,18.2,70,2.4,南南西,0.0,0.00,曇,17.3
2025520,06:00,0.0,21.9,16.2,18.4,70,3.1,南南西,0.0,0.06,曇,18.4
2025520,07:00,0.0,22.3,16.4,18.6,69,1.9,南南西,0.0,0.19,曇,20.0
2025520,08:00,0.0,22.8,16.8,19.2,69,2.5,南南西,0.0,0.44,曇,19.0
2025520,09:00,0.0,23.8,16.4,18.6,63,3.1,南,0.6,1.67,晴れ,16.2
2025520,10:00,0.0,25.9,17.3,19.7,59,3.8,南,1.0,2.71,晴れ,20.0
2025520,11:00,0.0,26.7,16.6,18.9,54,3.2,南,1.0,3.15,晴れ,19.3
2025520,12:00,0.0,27.8,17.7,20.2,54,4.4,南南西,1.0,3.39,晴れ,20.0
2025520,13:00,0.0,27.9,17.2,19.5,52,3.5,南,1.0,3.42,晴れ,20.0
2025520,14:00,0.0,27.7,17.0,19.3,52,3.3,南西,1.0,3.23,晴れ,20.0
2025520,15:00,0.0,28.1,16.7,19.0,50,3.2,南南西,1.0,2.81,晴れ,20.0
2025520,16:00,0.0,28.6,16.5,18.8,48,3.8,南,1.0,2.25,晴れ,20.0
2025520,17:00,0.0,28.6,16.2,18.4,47,3.4,南西,1.0,1.51,晴れ,20.0
2025520,18:00,0.0,27.8,16.4,18.7,50,2.9,南南西,0.8,0.73,晴れ,20.0
2025520,19:00,0.0,27.0,17.5,20.0,56,3.2,南,0.1,0.18,曇,20.0
2025520,20:00,0.0,26.3,18.2,20.9,61,3.1,南南西,0.0,0.00,曇,20.0
2025520,21:00,0.0,25.6,18.8,21.7,66,3.4,南南西,0.0,0.0,曇,20.0
2025520,22:00,0.0,25.3,19.0,21.9,68,2.8,南南西,0.0,0.0,曇,19.4
2025520,23:00,0.0,24.9,19.3,22.4,71,2.9,南南西,0.0,0.0,曇,20.0
2025520,24:00,0.0,24.7,19.3,22.4,72,1.5,南南西,0.0,0.0,曇,10.4
2025522,01:00,1.5,22.1,19.7,22.9,86,2.0,北北西,0.0,0.0,雨,11.4
2025522,02:00,0.0,22.0,19.6,22.7,86,3.7,北北東,0.0,0.0,雨,20.0
2025522,03:00,1.5,21.8,19.2,22.2,85,3.4,北北東,0.0,0.0,雨,7.63
2025522,04:00,2.5,21.9,19.3,22.3,85,2.2,北北東,0.0,0.0,雨,5.25
2025522,05:00,5.0,21.7,19.3,22.3,86,6.1,北北東,0.0,0.00,雨,6.51
2025522,06:00,0.5,22.1,19.1,22.1,83,2.3,北東,0.0,0.05,雨,20.0
2025522,07:00,0.0,22.9,18.5,21.2,76,5.7,北北東,0.0,0.36,曇,20.0
2025522,08:00,0.0,23.8,18.7,21.5,73,1.7,東,0.0,0.86,曇,20.0
2025522,09:00,0.0,24.6,18.5,21.3,69,2.9,北東,0.0,1.09,曇,20.0
2025522,10:00,0.0,25.5,18.4,21.2,65,3.0,北北東,0.1,0.93,曇,20.0
2025522,11:00,0.0,25.6,17.5,20.0,61,5.5,北北東,0.1,1.41,曇,20.0
2025522,12:00,0.0,26.3,17.7,20.2,59,5.3,東北東,0.0,1.23,曇,20.0
2025522,13:00,0.0,27.1,17.0,19.4,54,5.2,北東,0.2,1.91,曇,20.0
2025522,14:00,0.0,28.1,16.7,19.0,50,5.7,北,0.7,2.45,曇,20.0
2025522,15:00,0.0,27.9,16.2,18.4,49,5.0,北北東,1.0,2.82,晴れ,20.0
2025522,16:00,0.0,26.5,15.3,17.3,50,8.2,北北東,0.9,2.08,晴れ,20.0
2025522,17:00,0.0,25.5,14.9,17.0,52,8.9,北北東,1.0,1.53,晴れ,20.0
2025522,18:00,0.0,23.7,14.4,16.4,56,8.8,北北東,1.0,0.84,晴れ,20.0
2025522,19:00,0.0,22.4,14.3,16.3,60,7.7,北北東,0.3,0.22,晴れ,20.0
2025522,20:00,0.0,21.3,14.0,16.0,63,7.1,北北東,0.0,0.00,晴れ,20.0
2025522,21:00,0.0,20.8,13.8,15.7,64,7.4,北北東,0.0,0.0,晴れ,20.0
2025522,22:00,0.0,20.3,13.3,15.2,64,5.6,北北東,0.0,0.0,曇,20.0
2025522,23:00,0.0,19.8,13.0,15.0,65,6.2,北東,0.0,0.0,晴れ,20.0
2025522,24:00,0.0,19.8,13.0,15.0,65,3.6,北北東,0.0,0.0,晴れ,20.0
2025523,01:00,0.0,17.4,13.7,15.7,79,3.8,北東,0.0,0.0,,
2025523,02:00,0.0,16.9,13.2,15.2,79,4.5,北東,0.0,0.0,,
2025523,03:00,0.0,16.8,13.3,15.3,80,4.6,東北東,0.0,0.0,曇,15.0
2025523,04:00,0.0,17.0,12.8,14.7,76,3.7,北東,0.0,0.00,,
2025523,05:00,0.0,16.7,12.7,14.6,77,2.5,北東,0.0,0.00,,
2025523,06:00,0.0,16.8,12.8,14.7,77,3.3,北北東,0.0,0.08,曇,15.0
2025523,07:00,0.0,17.0,13.3,15.3,79,2.2,東,0.0,0.18,,
2025523,08:00,0.0,17.5,13.2,15.2,76,2.8,北東,0.0,0.52,,
2025523,09:00,0.0,18.5,12.3,14.3,67,3.1,北東,0.0,1.07,曇,25.0
2025523,10:00,0.0,20.5,10.3,12.5,52,4.6,東北東,0.5,2.13,,
2025523,11:00,0.0,22.6,12.8,14.8,54,3.9,東北東,0.9,3.00,,
2025523,12:00,0.0,22.0,9.9,12.2,46,3.6,東北東,1.0,3.18,薄曇,30.0
2025523,13:00,0.0,22.8,11.2,13.3,48,3.2,東,0.1,2.22,,
2025523,14:00,0.0,21.8,10.0,12.3,47,3.4,東北東,0.0,1.55,,
2025523,15:00,0.0,21.3,7.9,10.6,42,3.2,東,0.0,1.18,曇,30.0
2025523,16:00,0.0,20.6,6.9,10.0,41,4.4,北東,0.0,0.90,,
2025523,17:00,0.0,20.1,7.8,10.6,45,3.3,東北東,0.0,0.51,,
2025523,18:00,0.0,19.2,9.4,11.8,53,2.2,北東,0.0,0.20,曇,25.0
2025523,19:00,0.0,18.5,9.0,11.5,54,2.7,北東,0.0,0.03,,
2025523,20:00,0.0,18.3,12.7,14.7,70,2.9,東北東,0.0,0.00,,
2025523,21:00,0.0,17.7,14.0,16.0,79,3.3,東北東,0.0,0.0,曇,25.0
2025523,22:00,0.0,17.6,13.7,15.7,78,2.5,北東,0.0,0.0,,
2025523,23:00,0.0,17.5,13.8,15.8,79,2.6,北東,0.0,0.0,,
2025523,24:00,0.0,17.3,13.4,15.4,78,2.5,北北東,0.0,0.0,,
2025524,01:00,0.0,16.7,13.1,15.0,79,2.4,北北東,0.0,0.0,,
2025524,02:00,0.0,16.8,12.8,14.7,77,2.3,北北東,0.0,0.0,,
2025524,03:00,0.0,16.7,12.7,14.6,77,2.7,北北東,0.0,0.0,曇,25.0
2025524,04:00,0.0,16.6,12.2,14.2,75,3.2,北北東,0.0,0.00,,
2025524,05:00,0.0,16.7,12.5,14.4,76,2.4,北北東,0.0,0.00,,
2025524,06:00,0.0,16.6,12.4,14.4,76,2.1,北北東,0.0,0.06,曇,20.0
2025524,07:00,0.0,17.1,12.8,14.8,76,1.6,北西,0.0,0.30,,
2025524,08:00,0.0,17.7,12.4,14.4,71,1.9,北,0.0,0.69,,
2025524,09:00,0.0,19.1,13.7,15.7,71,2.5,東北東,0.0,1.03,曇,20.0
2025524,10:00,0.0,19.3,13.0,15.0,67,2.8,北北東,0.0,1.05,,
2025524,11:00,0.0,19.3,12.6,14.6,65,2.2,北北西,0.0,0.86,,
2025524,12:00,0.0,20.4,12.6,14.6,61,3.2,北,0.0,1.11,曇,20.0
2025524,13:00,0.0,20.1,12.6,14.6,62,3.2,北北東,0.0,0.90,,
2025524,14:00,0.0,19.8,13.3,15.2,66,4.5,北東,0.0,0.56,,
2025524,15:00,0.0,19.8,13.0,15.0,65,1.6,北,0.0,0.33,曇,25.0
2025524,16:00,0.0,19.5,13.0,15.0,66,3.9,北東,0.0,0.24,,
2025524,17:00,0.0,19.2,12.7,14.7,66,3.3,北東,0.0,0.24,,
2025524,18:00,0.0,17.7,14.6,16.6,82,2.9,東北東,0.0,0.12,雨,10.0
2025524,19:00,0.0,17.5,14.0,16.0,80,2.0,北東,0.0,0.01,,
2025524,20:00,1.0,16.1,14.8,16.8,92,2.0,北北東,0.0,0.00,,
2025524,21:00,1.5,15.5,15.0,17.1,97,3.3,北北東,0.0,0.0,雨,9.00
2025524,22:00,0.5,15.4,14.9,17.0,97,2.0,東北東,0.0,0.0,,
2025524,23:00,1.5,15.4,15.3,17.3,99,1.1,北,0.0,0.0,,
2025524,24:00,2.0,15.3,15.2,17.2,99,1.5,北北東,0.0,0.0,,
2025525,01:00,1.0,15.1,15.1,17.2,100,2.0,北西,0.0,0.0,,
2025525,02:00,3.5,15.0,14.9,16.9,99,0.7,北北西,0.0,0.0,,
2025525,03:00,4.5,15.1,15.1,17.2,100,2.4,北北東,0.0,0.0,雨,6.00
2025525,04:00,5.5,14.9,14.9,16.9,100,1.2,北西,0.0,0.00,,
2025525,05:00,6.0,14.8,14.8,16.8,100,0.9,北北西,0.0,0.01,,
2025525,06:00,1.0,15.1,15.1,17.2,100,1.6,北東,0.0,0.05,雨,6.00
2025525,07:00,0.5,15.5,15.2,17.3,98,1.7,北東,0.0,0.42,,
2025525,08:00,0.0,16.7,16.2,18.4,97,1.2,北北西,0.1,0.85,,
2025525,09:00,0.0,17.3,16.0,18.2,92,1.5,北東,0.1,1.04,曇,20.0
2025525,10:00,0.0,18.0,16.3,18.6,90,2.0,北西,0.0,1.05,,
2025525,11:00,0.0,18.6,16.0,18.2,85,0.8,西,0.0,1.18,,
2025525,12:00,0.0,20.0,17.8,20.3,87,1.0,北北西,0.0,1.15,曇,15.0
2025525,13:00,0.0,20.3,18.3,21.0,88,1.3,西,0.0,0.85,,
2025525,14:00,0.0,20.0,16.7,18.9,81,1.7,北,0.0,0.74,,
2025525,15:00,0.0,19.9,16.9,19.3,83,1.5,北北西,0.0,0.70,曇,10.0
2025525,16:00,0.0,19.9,16.4,18.6,80,2.8,北北東,0.0,0.81,,
2025525,17:00,0.0,19.5,16.9,19.3,85,2.8,北北東,0.0,0.43,,
2025525,18:00,0.0,19.7,17.3,19.7,86,2.0,北北東,0.0,0.19,曇,15.0
2025525,19:00,0.0,19.4,17.2,19.6,87,2.2,北,0.0,0.03,,
2025525,20:00,0.0,18.7,17.0,19.4,90,2.4,北東,0.0,0.00,,
2025525,21:00,0.0,18.0,16.3,18.6,90,1.9,北北東,0.0,0.0,曇,15.0
2025525,22:00,0.0,18.1,16.8,19.1,92,2.0,北東,0.0,0.0,,
2025525,23:00,0.0,17.6,16.6,18.9,94,1.7,北東,0.0,0.0,,
2025525,24:00,0.0,18.1,16.3,18.5,89,1.6,北北東,0.0,0.0,,
2025527,01:00,0.0,16.5,11.7,13.7,73,1.5,北東,0.0,0.0,,
2025527,02:00,0.0,16.4,11.8,13.8,74,1.6,北北東,0.0,0.0,,
2025527,03:00,0.0,16.2,12.4,14.4,78,1.6,北,0.0,0.0,薄曇,25.0
2025527,04:00,0.0,16.3,12.1,14.1,76,1.4,北北東,0.0,0.00,,
2025527,05:00,0.0,16.2,11.4,13.4,73,2.0,北北東,0.0,0.01,,
2025527,06:00,0.0,16.3,12.1,14.1,76,2.2,北東,0.0,0.17,曇,30.0
2025527,07:00,0.0,17.0,11.9,14.0,72,3.2,北北東,0.0,0.48,,
2025527,08:00,0.0,17.6,11.9,13.9,69,3.2,北北東,0.0,0.74,,
2025527,09:00,0.0,17.9,11.9,13.9,68,2.3,北,0.0,0.84,曇,30.0
2025527,10:00,0.0,18.5,11.8,13.8,65,3.1,北北東,0.0,0.95,,
2025527,11:00,0.0,18.9,12.0,14.0,64,1.3,北北東,0.0,0.88,,
2025527,12:00,0.0,19.4,12.7,14.6,65,2.6,北東,0.0,1.18,曇,30.0
2025527,13:00,0.0,19.8,12.1,14.1,61,2.5,北東,0.0,1.22,,
2025527,14:00,0.0,19.5,12.3,14.3,63,2.6,北東,0.0,0.87,,
2025527,15:00,0.0,19.8,12.6,14.6,63,3.2,北北東,0.0,0.82,曇,30.0
2025527,16:00,0.0,19.5,13.2,15.2,67,3.1,東北東,0.0,0.64,,
2025527,17:00,0.0,19.0,13.6,15.6,71,3.7,北北東,0.0,0.33,,
2025527,18:00,0.0,19.1,13.3,15.3,69,1.7,北東,0.0,0.21,曇,25.0
2025527,19:00,0.0,18.3,13.8,15.8,75,1.9,東北東,0.0,0.04,,
2025527,20:00,0.0,18.0,13.7,15.7,76,2.6,東北東,0.0,0.00,,
2025527,21:00,0.0,17.6,13.7,15.7,78,2.5,東北東,0.0,0.0,曇,25.0
2025527,22:00,0.0,17.4,14.3,16.3,82,2.7,東北東,0.0,0.0,,
2025527,23:00,0.0,17.5,14.2,16.2,81,1.1,北北西,0.0,0.0,,
2025527,24:00,0.0,17.1,14.0,16.0,82,1.3,北北西,0.0,0.0,,
2025528,01:00,0.0,16.9,14.6,16.6,86,1.4,北,0.0,0.0,,
2025528,02:00,0.0,16.7,14.7,16.7,88,2.4,北北西,0.0,0.0,,
2025528,03:00,0.0,16.6,15.0,17.0,90,1.8,北北西,0.0,0.0,雨,20.0
2025528,04:00,0.0,16.1,15.3,17.4,95,2.4,北,0.0,0.00,,
2025528,05:00,0.0,15.9,15.3,17.3,96,1.6,北北西,0.0,0.01,,
2025528,06:00,0.5,16.3,15.2,17.2,93,2.0,北北東,0.0,0.27,曇,15.0
2025528,07:00,0.0,17.5,15.1,17.2,86,2.2,北,0.2,0.78,,
2025528,08:00,0.0,18.6,14.5,16.5,77,2.0,北北西,0.7,1.52,,
2025528,09:00,0.0,20.8,15.4,17.4,71,3.2,北北東,0.9,2.33,薄曇,30.0
2025528,10:00,0.0,20.7,14.1,16.1,66,2.5,北,0.5,2.15,,
2025528,11:00,0.0,22.8,14.6,16.7,60,3.1,北北東,0.4,2.26,,
2025528,12:00,0.0,23.4,13.0,15.0,52,3.1,東北東,1.0,3.55,晴れ,30.0
2025528,13:00,0.0,24.3,13.8,15.8,52,3.0,北東,1.0,3.52,,
2025528,14:00,0.0,24.3,12.9,14.9,49,3.5,東,1.0,3.11,,
2025528,15:00,0.0,24.3,13.5,15.5,51,3.2,東南東,1.0,2.71,晴れ,30.0
2025528,16:00,0.0,22.8,13.6,15.5,56,5.2,北北東,1.0,2.06,,
2025528,17:00,0.0,21.7,13.9,15.8,61,3.0,東北東,0.9,1.10,,
2025528,18:00,0.0,20.3,12.5,14.5,61,3.5,東南東,0.0,0.37,薄曇,30.0
2025528,19:00,0.0,19.6,8.9,11.4,50,3.1,東,0.0,0.06,,
2025528,20:00,0.0,18.7,10.3,12.5,58,1.8,東北東,0.0,0.00,,
2025528,21:00,0.0,18.2,10.6,12.8,61,2.2,東北東,0.0,0.0,曇,30.0
2025528,22:00,0.0,17.5,11.3,13.4,67,1.4,北東,0.0,0.0,,
2025528,23:00,0.0,17.0,11.7,13.8,71,0.9,北東,0.0,0.0,,
2025528,24:00,0.0,17.2,12.3,14.3,73,1.4,北西,0.0,0.0,,
2025529,01:00,0.0,17.1,12.8,14.8,76,1.4,東北東,0.0,0.0,,
2025529,02:00,0.0,16.9,13.1,15.0,78,1.6,北北東,0.0,0.0,,
2025529,03:00,0.0,17.0,13.2,15.1,78,1.5,北,0.0,0.0,曇,25.0
2025529,04:00,0.0,16.9,13.2,15.2,79,1.2,北,0.0,0.00,,
2025529,05:00,0.0,16.6,13.1,15.1,80,1.5,東北東,0.0,0.02,,
2025529,06:00,0.0,17.1,12.8,14.8,76,1.1,北東,0.0,0.24,薄曇,20.0
2025529,07:00,0.0,19.1,11.4,13.5,61,1.5,北北東,0.7,0.91,,
2025529,08:00,0.0,20.2,11.4,13.5,57,1.5,北北東,1.0,1.53,,
2025529,09:00,0.0,21.7,11.4,13.5,52,2.4,北東,1.0,1.87,薄曇,20.0
2025529,10:00,0.0,22.7,12.4,14.3,52,1.7,東,0.9,2.25,,
2025529,11:00,0.0,22.2,12.5,14.5,54,3.5,南,0.3,1.95,,
2025529,12:00,0.0,22.5,13.0,15.0,55,2.7,南南東,0.0,1.66,薄曇,30.0
2025529,13:00,0.0,22.8,13.9,15.8,57,4.7,南南東,0.2,2.15,,
2025529,14:00,0.0,22.7,13.8,15.7,57,4.6,南南東,0.0,1.44,,
2025529,15:00,0.0,22.1,14.2,16.2,61,3.6,南南東,0.0,0.96,曇,25.0
2025529,16:00,0.0,21.4,13.8,15.8,62,3.5,南南東,0.0,0.51,,
2025529,17:00,0.0,20.6,14.7,16.7,69,2.9,南南東,0.0,0.28,,
2025529,18:00,0.0,20.1,14.9,16.9,72,3.5,南南東,0.0,0.15,曇,25.0
2025529,19:00,0.0,19.6,11.1,13.2,58,2.1,南南東,0.0,0.02,,
2025529,20:00,0.0,19.3,12.1,14.1,63,3.2,南南東,0.0,0.00,,
2025529,21:00,0.0,19.3,13.7,15.7,70,3.3,南南東,0.0,0.0,雨,20.0
2025529,22:00,0.0,17.2,16.2,18.4,94,1.7,南,0.0,0.0,,
2025529,23:00,1.5,16.0,15.7,17.8,98,0.2,静穏,0.0,0.0,,
2025529,24:00,1.0,15.8,15.7,17.8,99,1.2,北東,0.0,0.0,,
2025530,01:00,3.5,16.3,15.2,17.2,93,2.3,東北東,0.0,0.0,雨,5.65
2025530,02:00,3.5,15.5,14.7,16.7,95,2.9,東,0.0,0.0,雨,2.98
2025530,03:00,5.5,15.6,15.3,17.4,98,2.8,北,0.0,0.0,雨,2.75
2025530,04:00,4.0,15.4,15.1,17.1,98,3.4,北北西,0.0,0.0,雨,3.99
2025530,05:00,3.5,15.7,15.4,17.5,98,3.9,北,0.0,0.0,雨,4.93
2025530,06:00,3.0,14.8,14.0,16.0,95,3.2,北,0.0,0.0,雨,6.17
2025530,07:00,3.5,14.7,13.9,15.9,95,4.6,北,0.0,0.0,雨,6.65
2025530,08:00,3.5,14.2,13.3,15.2,94,5.0,北,0.0,0.0,雨,6.25
2025530,09:00,1.5,14.5,13.7,15.7,95,5.0,北北東,0.0,0.0,雨,13.7
2025530,10:00,0.5,14.8,13.9,15.8,94,6.4,北,0.0,0.0,雨,16.1
2025530,11:00,1.5,14.5,14.0,16.0,97,7.5,北,0.0,0.0,雨,2.60
2025530,12:00,0.5,14.9,14.3,16.3,96,8.7,北,0.0,0.0,雨,3.48
2025530,13:00,0.0,14.9,14.3,16.3,96,7.1,北,0.0,0.0,雨,2.86
2025530,14:00,0.0,14.9,13.1,15.1,89,8.8,北,0.0,0.0,雨,20.0
2025530,15:00,0.0,15.2,13.6,15.5,90,9.1,北,0.0,0.0,雨,16.3
2025530,16:00,0.0,15.1,14.3,16.3,95,7.8,北,0.0,0.0,雨,5.74
2025530,17:00,0.0,15.1,14.3,16.3,95,8.5,北,0.0,0.0,雨,8.37
2025530,18:00,0.0,15.2,14.3,16.2,94,8.2,北,0.0,0.0,雨,10.9
2025530,19:00,0.0,15.3,14.2,16.2,93,7.5,北,0.0,0.0,曇,20.0
2025530,20:00,0.0,15.3,14.0,16.0,92,8.5,北,0.0,0.0,雨,17.0
2025530,21:00,0.0,15.3,14.4,16.3,94,7.6,北,0.0,0.0,雨,18.6
2025530,22:00,0.0,15.8,13.3,15.3,85,8.3,北,0.0,0.0,曇,20.0
2025530,23:00,0.0,16.1,13.2,15.2,83,8.3,北,0.0,0.0,曇,20.0
2025530,24:00,0.0,16.1,13.2,15.2,83,7.9,北,0.0,0.0,曇,20.0
2025531,01:00,0.0,16.3,12.5,14.5,78,5.8,北,0.0,0.0,曇,20.0
2025531,02:00,0.0,16.0,12.4,14.4,79,6.1,北,0.0,0.0,曇,20.0
2025531,03:00,0.0,15.8,12.2,14.2,79,8.0,北,0.0,0.0,曇,20.0
2025531,04:00,0.0,16.1,11.7,13.7,75,6.0,北,0.0,0.0,曇,20.0
2025531,05:00,0.0,16.1,11.7,13.7,75,6.9,北,0.0,0.0,曇,20.0
2025531,06:00,0.0,16.0,11.8,13.8,76,5.8,北,0.0,0.0,曇,20.0
2025531,07:00,0.0,15.6,12.2,14.2,80,6.3,北,0.0,0.0,雨,20.0
2025531,08:00,1.0,15.1,12.6,14.6,85,7.7,北,0.0,0.0,曇,20.0
2025531,09:00,1.5,14.8,13.5,15.5,92,8.1,北,0.0,0.0,雨,4.12
2025531,10:00,1.0,14.7,13.9,15.9,95,10.8,北,0.0,0.0,雨,4.58
2025531,11:00,0.0,15.2,14.4,16.4,95,6.6,北,0.0,0.0,雷電,6.65
2025531,12:00,0.5,15.6,14.7,16.7,94,7.9,北,0.0,0.0,雨,5.98
2025531,13:00,0.0,16.4,14.8,16.8,90,9.3,北,0.0,0.0,雷電,20.0
2025531,14:00,0.0,16.6,14.3,16.2,86,10.7,北,0.1,0.0,雨,11.9
2025531,15:00,0.5,16.4,13.5,15.5,83,12.0,北,0.0,0.0,雨,20.0
2025531,16:00,0.0,16.9,14.2,16.2,84,9.4,北,0.0,0.0,曇,20.0
2025531,17:00,0.0,16.6,13.5,15.5,82,9.1,北,0.0,0.0,雨,13.4
2025531,18:00,0.5,16.3,13.4,15.4,83,7.2,北,0.4,0.0,雨,20.0
2025531,19:00,0.0,17.0,12.5,14.5,75,6.5,北,0.3,0.0,曇,20.0
2025531,20:00,0.0,16.7,12.9,14.8,78,6.4,北,0.0,0.0,晴れ,20.0
2025531,21:00,0.0,16.7,13.6,15.6,82,2.5,北西,0.0,0.0,曇,20.0
2025531,22:00,0.0,16.9,14.0,16.0,83,2.0,北北東,0.0,0.0,曇,20.0
2025531,23:00,0.0,17.0,12.5,14.5,75,2.5,北,0.0,0.0,曇,20.0
2025531,24:00,0.0,16.4,12.4,14.4,77,1.0,北北東,0.0,0.0,曇,20.0
202561,01:00,0.0,16.4,12.6,14.5,78,1.3,北北東,0.0,0.0,曇,20.0
202561,02:00,0.0,16.5,12.7,14.6,78,1.2,北北西,0.0,0.0,曇,20.0
202561,03:00,0.0,16.4,12.4,14.4,77,1.6,北北西,0.0,0.0,曇,20.0
202561,04:00,0.0,16.5,12.5,14.5,77,0.3,西北西,0.0,0.0,曇,20.0
202561,05:00,0.0,16.2,13.3,15.3,83,1.6,南南東,0.0,0.0,曇,20.0
202561,06:00,0.0,16.7,14.2,16.2,85,0.9,南南西,0.0,0.0,雨,20.0
202561,07:00,0.0,17.2,13.5,15.5,79,1.8,南西,0.1,0.0,曇,20.0
202561,08:00,0.0,18.4,13.9,15.9,75,1.9,東,0.1,0.0,曇,20.0
202561,09:00,0.0,19.6,14.0,16.0,70,2.7,東,0.4,0.0,曇,20.0
202561,10:00,0.0,19.9,13.1,15.1,65,1.8,東北東,0.8,0.0,晴れ,20.0
202561,11:00,0.0,20.9,13.6,15.6,63,3.1,東,1.0,0.0,晴れ,20.0
202561,12:00,0.0,22.1,14.2,16.2,61,3.0,東,1.0,0.0,晴れ,20.0
202561,13:00,0.0,22.8,13.9,15.8,57,3.0,南東,1.0,0.0,晴れ,20.0
202561,14:00,0.0,22.0,15.6,17.7,67,4.9,南南東,0.9,0.0,晴れ,20.0
202561,15:00,0.0,22.6,15.5,17.6,64,5.0,南南東,0.6,0.0,晴れ,20.0
202561,16:00,0.0,22.0,16.1,18.2,69,3.4,南南東,0.3,0.0,晴れ,20.0
202561,17:00,0.0,21.0,15.3,17.4,70,3.7,南西,0.0,0.0,曇,20.0
202561,18:00,0.5,19.6,16.6,18.9,83,3.0,南西,0.0,0.0,曇,20.0
202561,19:00,0.0,19.8,16.5,18.7,81,1.4,南南東,0.0,0.0,曇,20.0
202561,20:00,0.0,18.2,16.0,18.2,87,3.5,東,0.0,0.0,雨,20.0
202561,21:00,0.0,17.7,15.5,17.6,87,3.7,東,0.0,0.0,曇,20.0
202561,22:00,0.0,17.2,15.4,17.5,89,3.6,東,0.0,0.0,曇,20.0
202561,23:00,0.0,17.2,15.6,17.7,90,1.2,東北東,0.0,0.0,曇,20.0
202561,24:00,0.0,17.0,15.5,17.6,91,1.2,北北東,0.0,0.0,晴れ,20.0
202566,01:00,0.0,19.3,16.9,19.3,86,1.2,南東,0.0,0.0,,
202566,02:00,0.0,19.1,17.3,19.7,89,1.9,南,0.0,0.0,,
202566,03:00,0.0,19.1,17.8,20.3,92,1.6,南,0.0,0.0,薄曇,30.0
202566,04:00,0.0,19.3,16.4,18.6,83,3.0,西北西,0.0,0.00,,
202566,05:00,0.0,18.5,15.0,17.0,80,2.3,西北西,0.0,0.04,,
202566,06:00,0.0,19.3,16.0,18.1,81,1.9,西北西,0.3,0.35,薄曇,20.0
202566,07:00,0.0,21.4,16.8,19.1,75,1.4,南西,0.7,0.94,,
202566,08:00,0.0,23.7,17.2,19.6,67,2.7,南,1.0,1.88,,
202566,09:00,0.0,25.3,16.2,18.4,57,2.8,南南東,1.0,2.52,薄曇,20.0
202566,10:00,0.0,27.5,14.9,16.9,46,4.1,南南東,1.0,3.06,,
202566,11:00,0.0,28.0,12.4,14.4,38,5.2,南南西,1.0,3.33,,
202566,12:00,0.0,27.9,14.2,16.2,43,5.3,南,1.0,2.82,薄曇,20.0
202566,13:00,0.0,27.8,15.8,17.9,48,6.7,南,0.8,2.84,,
202566,14:00,0.0,27.0,16.9,19.3,54,7.4,南南東,1.0,3.28,,
202566,15:00,0.0,26.3,16.8,19.2,56,4.7,南,0.9,2.30,薄曇,15.0
202566,16:00,0.0,25.5,17.7,20.2,62,6.1,南南東,0.5,1.39,,
202566,17:00,0.0,24.5,17.3,19.7,64,6.6,南南東,0.0,0.59,,
202566,18:00,0.0,24.0,16.3,18.5,62,5.5,南,0.0,0.28,曇,15.0
202566,19:00,0.0,23.6,16.2,18.4,63,7.2,南,0.0,0.05,,
202566,20:00,0.0,23.4,15.2,17.3,60,5.4,南,0.0,0.00,,
202566,21:00,0.0,23.2,13.4,15.4,54,5.4,南,0.0,0.0,薄曇,15.0
202566,22:00,0.0,22.6,13.7,15.6,57,5.1,南,0.0,0.0,,
202566,23:00,0.0,22.7,14.6,16.6,60,6.7,南南西,0.0,0.0,,
202566,24:00,0.0,22.4,15.8,17.9,66,4.5,南南西,0.0,0.0,,
202567,01:00,0.0,22.1,15.9,18.1,68,4.6,南南西,0.0,0.0,,
202567,02:00,0.0,21.9,15.3,17.3,66,3.1,南南西,0.0,0.0,,
202567,03:00,0.0,21.8,15.9,18.0,69,3.7,南南西,0.0,0.0,晴れ,15.0
202567,04:00,0.0,21.7,16.0,18.2,70,1.5,南西,0.0,0.00,,
202567,05:00,0.0,21.3,16.3,18.5,73,2.5,南南西,0.0,0.00,,
202567,06:00,0.0,21.7,16.7,19.0,73,2.3,南,0.0,0.18,曇,15.0
202567,07:00,0.0,22.7,17.2,19.6,71,4.0,南南西,0.0,0.66,,
202567,08:00,0.0,24.8,17.0,19.4,62,2.8,南,0.3,1.37,,
202567,09:00,0.0,26.0,16.0,18.2,54,2.9,西南西,1.0,2.47,晴れ,15.0
202567,10:00,0.0,27.0,15.1,17.1,48,1.3,東,1.0,3.06,,
202567,11:00,0.0,28.2,15.5,17.6,46,2.2,南,1.0,3.36,,
202567,12:00,0.0,28.6,17.8,20.4,52,5.3,南東,1.0,3.51,薄曇,15.0
202567,13:00,0.0,27.1,18.9,21.9,61,5.2,南南東,0.7,2.69,,
202567,14:00,0.0,26.3,19.2,22.2,65,5.4,南南東,0.9,2.55,,
202567,15:00,0.0,26.8,18.9,21.9,62,5.5,南南東,1.0,2.59,薄曇,20.0
202567,16:00,0.0,24.8,18.5,21.3,68,5.8,南東,0.2,1.09,,
202567,17:00,0.0,24.0,18.9,21.8,73,2.9,南南東,0.0,0.49,,
202567,18:00,0.0,23.4,18.7,21.6,75,3.9,南南東,0.0,0.18,曇,20.0
202567,19:00,0.0,22.4,18.4,21.1,78,4.1,南,0.0,0.03,,
202567,20:00,0.0,21.8,18.0,20.6,79,3.3,南南東,0.0,0.00,,
202567,21:00,0.0,21.3,17.9,20.5,81,4.3,南,0.0,0.0,曇,20.0
202567,22:00,0.0,20.8,18.0,20.6,84,1.5,南,0.0,0.0,,
202567,23:00,0.0,20.7,18.5,21.2,87,1.2,南東,0.0,0.0,,
202567,24:00,0.0,20.1,18.6,21.4,91,1.8,南南東,0.0,0.0,,
202568,01:00,0.0,19.9,18.7,21.6,93,0.6,南南東,0.0,0.0,,
202568,02:00,0.0,20.2,18.9,21.8,92,0.4,南,0.0,0.0,,
202568,03:00,0.0,20.6,19.1,22.1,91,1.5,南,0.0,0.0,曇,20.0
202568,04:00,0.0,20.3,19.5,22.6,95,0.5,南南西,0.0,0.00,,
202568,05:00,0.0,20.2,19.7,23.0,97,0.0,静穏,0.0,0.00,,
202568,06:00,0.0,21.1,20.1,23.5,94,0.4,北,0.0,0.10,雨,10.0
202568,07:00,0.0,22.2,20.7,24.4,91,1.3,南西,0.0,0.28,,
202568,08:00,0.0,23.2,20.9,24.7,87,0.7,南南西,0.0,0.51,,
202568,09:00,0.0,23.8,20.0,23.3,79,0.8,北北東,0.0,0.92,雨,9.00
202568,10:00,0.0,24.1,20.8,24.6,82,1.1,南,0.0,0.77,,
202568,11:00,0.0,24.8,19.0,21.9,70,1.1,南南東,0.0,0.95,,
202568,12:00,0.0,25.1,19.3,22.3,70,1.5,南南東,0.0,0.90,曇,8.00
202568,13:00,0.0,26.8,18.9,21.9,62,1.8,南,0.3,1.77,,
202568,14:00,0.0,27.9,16.2,18.4,49,4.0,南南東,0.5,2.29,,
202568,15:00,0.0,25.8,16.9,19.3,58,3.8,南南東,0.0,1.23,曇,15.0
202568,16:00,0.0,25.1,18.6,21.4,67,2.4,南,0.0,0.64,,
202568,17:00,0.0,24.7,17.7,20.2,65,2.9,南,0.0,0.29,,
202568,18:00,0.0,24.4,16.2,18.3,60,3.7,南南西,0.0,0.08,曇,15.0
202568,19:00,0.0,23.5,17.5,20.0,69,3.8,南,0.0,0.02,,
202568,20:00,0.0,23.1,18.0,20.6,73,1.5,南南東,0.0,0.00,,
202568,21:00,0.0,22.6,18.0,20.6,75,2.8,南南東,0.0,0.0,曇,15.0
202568,22:00,0.0,22.2,18.4,21.1,79,2.9,南,0.0,0.0,,
202568,23:00,0.0,22.1,18.9,21.8,82,2.1,南南東,0.0,0.0,,
202568,24:00,0.0,22.1,18.5,21.3,80,2.6,南,0.0,0.0,,
2025610,01:00,0.0,16.7,11.6,13.7,72,4.2,南東,0.0,0.0,晴れ,20.0
2025610,02:00,0.0,16.2,11.8,13.8,75,2.7,南東,0.0,0.0,晴れ,20.0
2025610,03:00,0.0,16.3,11.3,13.3,72,1.4,東南東,0.0,0.0,晴れ,20.0
2025610,04:00,0.0,16.0,11.2,13.3,73,2.1,南東,0.0,0.00,晴れ,20.0
2025610,05:00,0.0,16.8,11.5,13.6,71,0.9,北北東,0.6,0.16,晴れ,20.0
2025610,06:00,0.0,18.0,12.2,14.2,69,1.1,北北東,1.0,0.65,晴れ,20.0
2025610,07:00,0.0,19.5,13.2,15.2,67,0.7,北東,1.0,1.20,晴れ,20.0
2025610,08:00,0.0,21.3,14.0,16.0,63,1.4,東,1.0,1.86,晴れ,20.0
2025610,09:00,0.0,24.1,15.3,17.4,58,1.9,南南東,1.0,2.49,晴れ,20.0
2025610,10:00,0.0,25.8,15.2,17.3,52,3.0,東,1.0,2.95,晴れ,20.0
2025610,11:00,0.0,27.2,13.9,15.9,44,4.1,東南東,1.0,3.23,晴れ,20.0
2025610,12:00,0.0,27.8,13.4,15.3,41,3.8,南南東,1.0,3.27,晴れ,20.0
2025610,13:00,0.0,23.7,15.8,17.9,61,5.4,北北西,0.9,2.95,晴れ,20.0
2025610,14:00,0.0,22.4,15.5,17.6,65,4.5,北北西,1.0,2.55,晴れ,20.0
2025610,15:00,0.0,21.6,15.2,17.3,67,3.9,北北西,1.0,2.38,晴れ,20.0
2025610,16:00,0.0,20.5,15.3,17.4,72,2.6,北北西,0.7,1.58,曇,20.0
2025610,17:00,0.0,20.9,15.0,17.1,69,1.7,北北西,0.8,1.03,曇,20.0
2025610,18:00,0.0,20.5,15.1,17.1,71,2.5,北,0.0,0.45,曇,20.0
2025610,19:00,0.0,20.2,14.8,16.8,71,1.1,北北西,0.0,0.10,曇,20.0
2025610,20:00,0.0,20.4,14.1,16.1,67,2.2,北北西,0.0,0.00,曇,20.0
2025610,21:00,0.0,19.8,14.2,16.2,70,2.7,南東,0.0,0.0,曇,20.0
2025610,22:00,0.0,19.5,14.3,16.3,72,4.0,南東,0.0,0.0,曇,20.0
2025610,23:00,0.0,18.9,16.2,18.3,84,7.3,南南東,0.0,0.0,晴れ,20.0
2025610,24:00,0.0,19.5,16.4,18.6,82,5.9,南南東,0.0,0.0,晴れ,20.0
2025611,01:00,0.0,19.6,16.3,18.5,81,5.5,南南東,0.0,0.0,曇,20.0
2025611,02:00,0.0,18.9,15.6,17.7,81,4.2,南東,0.0,0.0,曇,20.0
2025611,03:00,0.0,18.8,14.7,16.7,77,3.5,南東,0.0,0.0,曇,20.0
2025611,04:00,0.0,19.1,14.8,16.8,76,3.8,南東,0.0,0.00,曇,20.0
2025611,05:00,0.0,19.4,14.9,16.9,75,4.9,東南東,0.0,0.11,曇,20.0
2025611,06:00,0.0,20.2,15.9,18.0,76,4.0,南東,0.3,0.49,曇,20.0
2025611,07:00,0.0,21.8,17.4,19.9,76,3.7,南南東,0.2,0.64,曇,20.0
2025611,08:00,0.0,23.0,18.3,21.1,75,4.3,南南東,0.1,0.88,曇,20.0
2025611,09:00,0.0,21.5,18.1,20.8,81,4.3,南東,0.0,0.61,曇,20.0
2025611,10:00,0.0,22.4,18.2,20.9,77,3.5,東南東,0.0,1.06,曇,20.0
2025611,11:00,0.0,22.4,18.0,20.6,76,4.9,東南東,0.0,1.21,曇,20.0
2025611,12:00,0.0,24.7,18.2,20.9,67,3.9,南東,0.5,2.20,雷電,19.2
2025611,13:00,0.0,24.3,18.9,21.9,72,4.0,東南東,0.3,1.62,雷電,20.0
2025611,14:00,0.0,23.9,18.6,21.4,72,2.6,北西,0.5,2.13,曇,20.0
2025611,15:00,0.0,23.9,18.3,21.1,71,3.1,北北西,0.4,1.38,曇,20.0
2025611,16:00,0.0,22.4,16.9,19.2,71,4.9,北西,0.5,1.31,雷電,20.0
2025611,17:00,0.0,19.9,18.2,20.9,90,5.4,北北西,0.0,0.24,雨,16.4
2025611,18:00,0.0,18.7,17.2,19.6,91,3.4,北,0.0,0.09,雨,14.0
2025611,19:00,0.0,17.6,17.3,19.7,98,2.1,北,0.0,0.01,雷電,4.41
2025611,20:00,0.5,17.5,16.9,19.2,96,1.6,北,0.0,0.00,雨,12.9
2025611,21:00,0.5,18.0,17.4,19.8,96,2.1,北北東,0.0,0.0,雨,11.0
2025611,22:00,0.0,17.3,16.8,19.2,97,2.2,北北西,0.0,0.0,曇,8.54
2025611,23:00,0.0,17.2,16.9,19.2,98,2.5,北北西,0.0,0.0,雷電,7.20
2025611,24:00,3.0,17.2,16.7,19.0,97,2.0,北北西,0.0,0.0,雷電,6.44
2025612,01:00,0.0,16.1,14.6,16.7,91,2.5,北東,0.0,0.0,雨,20.0
2025612,02:00,0.0,16.3,15.2,17.2,93,0.9,西北西,0.0,0.0,曇,20.0
2025612,03:00,0.0,15.6,14.7,16.7,94,5.3,北北西,0.0,0.0,雨,12.8
2025612,04:00,0.0,15.3,14.2,16.2,93,6.9,北北西,0.0,0.00,雨,8.81
2025612,05:00,0.0,14.9,13.8,15.8,93,5.9,北北西,0.0,0.03,雨,16.9
2025612,06:00,0.0,14.7,13.8,15.7,94,6.5,北北西,0.0,0.15,曇,20.0
2025612,07:00,0.0,13.6,12.8,14.8,95,5.3,北西,0.0,0.43,雨,2.76
2025612,08:00,0.0,14.5,12.5,14.5,88,10.0,北西,0.0,0.68,曇,20.0
2025612,09:00,0.0,13.5,12.6,14.5,94,6.9,北西,0.0,0.56,雨,3.82
2025612,10:00,0.0,15.2,12.3,14.3,83,9.1,北西,0.0,1.19,曇,20.0
2025612,11:00,0.0,14.8,12.5,14.5,86,8.5,北西,0.1,1.66,雨,16.1
2025612,12:00,0.0,16.5,12.9,14.8,79,9.0,北西,0.8,3.21,曇,20.0
2025612,13:00,0.0,17.8,13.1,15.1,74,7.0,北北西,1.0,3.43,晴れ,20.0
2025612,14:00,0.0,16.7,12.5,14.4,76,7.3,北北西,1.0,2.91,晴れ,20.0
2025612,15:00,0.0,17.3,12.8,14.8,75,7.7,北北西,1.0,2.59,晴れ,20.0
2025612,16:00,0.0,16.4,12.0,14.0,75,6.2,北北西,1.0,1.96,晴れ,20.0
2025612,17:00,0.0,15.8,12.0,14.0,78,4.8,北北西,1.0,1.36,晴れ,20.0
2025612,18:00,0.0,15.0,12.1,14.2,83,4.4,北西,0.3,0.52,晴れ,20.0
2025612,19:00,0.0,14.7,12.2,14.2,85,3.6,北西,0.0,0.14,晴れ,20.0
2025612,20:00,0.0,14.9,12.4,14.4,85,4.3,北北西,0.0,0.00,曇,20.0
2025612,21:00,0.0,14.7,12.4,14.4,86,3.2,北西,0.0,0.0,曇,20.0
2025612,22:00,0.0,14.7,12.2,14.2,85,3.5,北北西,0.0,0.0,曇,20.0
2025612,23:00,0.0,14.5,12.0,14.0,85,1.8,西北西,0.0,0.0,曇,20.0
2025612,24:00,0.0,14.3,11.6,13.7,84,1.4,西北西,0.0,0.0,曇,20.0
2025613,01:00,0.0,21.4,19.0,21.9,86,0.6,北西,0.0,0.0,曇,20.0
2025613,02:00,0.0,20.8,18.4,21.1,86,0.7,南西,0.0,0.0,曇,20.0
2025613,03:00,0.0,20.7,18.1,20.8,85,1.3,東北東,0.0,0.0,曇,20.0
2025613,04:00,0.0,20.3,17.9,20.5,86,1.4,北東,0.0,0.0,晴れ,20.0
2025613,05:00,0.0,20.1,17.3,19.8,84,3.1,東北東,0.0,0.0,曇,20.0
2025613,06:00,0.0,20.6,16.8,19.2,79,1.6,東北東,0.4,0.0,曇,20.0
2025613,07:00,0.0,21.6,17.0,19.4,75,2.9,東,0.1,0.0,曇,20.0
2025613,08:00,0.0,22.7,16.5,18.8,68,2.5,東,0.1,0.0,曇,20.0
2025613,09:00,0.0,23.4,16.7,19.0,66,4.2,東北東,0.3,0.0,曇,20.0
2025613,10:00,0.0,23.5,16.8,19.1,66,3.3,東南東,0.1,0.0,曇,20.0
2025613,11:00,0.0,24.3,17.6,20.1,66,3.6,東南東,0.0,0.0,曇,20.0
2025613,12:00,0.0,24.9,17.9,20.5,65,4.5,東南東,0.0,0.0,曇,20.0
2025613,13:00,0.0,24.6,17.1,19.5,63,5.0,東南東,0.0,0.0,曇,20.0
2025613,14:00,0.0,24.7,16.7,19.0,61,4.8,南東,0.6,0.0,曇,20.0
2025613,15:00,0.0,25.5,17.2,19.6,60,4.5,南東,0.1,0.0,曇,20.0
2025613,16:00,0.0,24.1,17.4,19.8,66,6.5,南東,0.1,0.0,曇,20.0
2025613,17:00,0.0,23.7,17.5,19.9,68,5.8,南東,0.0,0.0,曇,20.0
2025613,18:00,0.0,22.6,17.7,20.3,74,6.8,南東,0.0,0.0,曇,20.0
2025613,19:00,0.0,22.0,17.2,19.6,74,4.9,南東,0.0,0.0,曇,20.0
2025613,20:00,0.0,21.5,17.1,19.5,76,4.3,南東,0.0,0.0,曇,20.0
2025613,21:00,0.0,21.2,17.6,20.1,80,3.6,南東,0.0,0.0,曇,20.0
2025613,22:00,0.0,21.1,17.7,20.3,81,2.4,東南東,0.0,0.0,曇,20.0
2025613,23:00,0.0,21.0,18.0,20.6,83,2.4,南東,0.0,0.0,曇,20.0
2025613,24:00,0.0,21.0,18.0,20.6,83,3.2,南,0.0,0.0,曇,20.0
2025614,01:00,0.0,20.8,18.0,20.6,84,3.2,南東,0.0,0.0,曇,20.0
2025614,02:00,0.0,20.9,18.1,20.8,84,2.4,東南東,0.0,0.0,曇,20.0
2025614,03:00,0.0,20.7,18.3,21.0,86,2.2,南東,0.0,0.0,曇,20.0
2025614,04:00,0.0,20.6,18.6,21.4,88,2.4,南東,0.0,0.0,曇,20.0
2025614,05:00,0.0,20.7,18.7,21.5,88,2.8,南東,0.0,0.0,曇,20.0
2025614,06:00,0.0,21.6,18.8,21.7,84,4.0,南南東,0.1,0.0,曇,20.0
2025614,07:00,0.0,22.7,18.9,21.8,79,4.9,南南東,0.2,0.0,曇,20.0
2025614,08:00,0.0,23.5,18.4,21.1,73,4.7,南南東,0.3,0.0,曇,20.0
2025614,09:00,0.0,24.4,18.4,21.1,69,5.5,南南東,0.4,0.0,曇,20.0
2025614,10:00,0.0,24.6,18.1,20.7,67,4.7,南,0.1,0.0,曇,20.0
2025614,11:00,0.0,23.8,18.5,21.2,72,5.0,西南西,0.7,0.0,曇,20.0
2025614,12:00,0.0,23.9,18.8,21.7,73,5.4,西南西,0.0,0.0,雨,20.0
2025614,13:00,0.0,24.2,18.6,21.4,71,4.6,南西,0.1,0.0,曇,20.0
2025614,14:00,0.0,24.7,16.9,19.3,62,6.4,南南東,0.0,0.0,曇,20.0
2025614,15:00,0.0,23.9,17.4,19.9,67,6.1,南,0.0,0.0,雨,20.0
2025614,16:00,0.0,23.2,18.5,21.3,75,5.1,南,0.0,0.0,雨,20.0
2025614,17:00,0.0,22.6,19.2,22.2,81,5.7,南南東,0.0,0.0,曇,20.0
2025614,18:00,0.0,22.5,19.5,22.6,83,5.7,南東,0.0,0.0,曇,20.0
2025614,19:00,0.0,22.1,20.2,23.7,89,5.7,南東,0.0,0.0,雨,9.19
2025614,20:00,0.5,22.1,20.6,24.2,91,5.2,南東,0.0,0.0,雨,13.5
2025614,21:00,1.0,21.8,20.8,24.6,94,5.9,南東,0.0,0.0,雨,6.54
2025614,22:00,2.5,22.1,21.3,25.3,95,7.5,南東,0.0,0.0,雨,8.41
2025614,23:00,0.0,22.7,21.5,25.7,93,9.2,南南東,0.0,0.0,雨,20.0
2025614,24:00,0.0,23.4,22.4,27.1,94,8.4,南,0.0,0.0,曇,20.0
2025615,01:00,0.5,24.0,22.6,27.5,92,8.4,南,0.0,0.0,曇,20.0
2025615,02:00,0.0,25.5,23.0,28.1,86,9.2,南南西,0.0,0.0,曇,20.0
2025615,03:00,0.0,25.8,22.7,27.6,83,9.7,南南西,0.0,0.0,曇,20.0
2025615,04:00,0.0,25.7,22.4,27.1,82,10.4,南南西,0.0,0.0,曇,20.0
2025615,05:00,0.0,25.0,23.1,28.2,89,9.3,南西,0.0,0.0,曇,20.0
2025615,06:00,4.5,23.9,23.4,28.8,97,9.4,南西,0.0,0.0,雨,2.73
2025615,07:00,3.5,24.3,23.5,28.9,95,9.6,南南西,0.0,0.0,雨,9.04
2025615,08:00,0.5,25.2,23.8,29.5,92,9.4,南南西,0.0,0.0,雨,19.1
2025615,09:00,0.0,25.8,24.0,29.9,90,8.4,南西,0.0,0.0,曇,20.0
2025615,10:00,0.0,25.8,23.9,29.6,89,8.9,南西,0.0,0.0,曇,20.0
2025615,11:00,0.0,26.8,24.1,30.0,85,8.3,南西,0.0,0.0,曇,20.0
2025615,12:00,0.0,27.8,24.5,30.6,82,6.7,南西,0.6,0.0,曇,16.4
2025615,13:00,0.0,25.7,22.8,27.7,84,5.2,西南西,0.7,0.0,曇,13.1
2025615,14:00,0.0,25.9,23.2,28.4,85,2.9,西南西,0.3,0.0,曇,19.9
2025615,15:00,0.0,26.8,23.5,28.9,82,2.5,西,0.7,0.0,曇,15.6
2025615,16:00,0.0,27.6,23.8,29.6,80,5.8,南西,0.2,0.0,曇,15.8
2025615,17:00,0.0,27.0,23.5,28.9,81,3.3,西南西,0.3,0.0,曇,15.9
2025615,18:00,0.0,26.0,23.5,28.9,86,3.8,西南西,1.0,0.0,晴れ,12.2
2025615,19:00,0.0,25.8,23.5,28.9,87,3.0,西南西,0.3,0.0,晴れ,12.6
2025615,20:00,0.0,25.7,23.4,28.7,87,2.3,西南西,0.0,0.0,晴れ,14.3
2025615,21:00,0.0,25.1,23.2,28.4,89,2.1,西南西,0.0,0.0,晴れ,12.7
2025615,22:00,0.0,25.0,23.3,28.5,90,1.8,西北西,0.0,0.0,曇,10.5
2025615,23:00,0.0,25.5,23.2,28.4,87,0.8,北東,0.0,0.0,曇,11.9
2025615,24:00,0.0,25.5,23.4,28.7,88,1.2,北西,0.0,0.0,曇,10.7
2025617,01:00,0.0,24.7,23.0,28.0,90,1.5,南南東,0.0,0.0,,
2025617,02:00,0.0,24.3,23.1,28.3,93,1.9,南西,0.0,0.0,,
2025617,03:00,0.0,24.3,23.1,28.3,93,1.5,西北西,0.0,0.0,快晴,20.0
2025617,04:00,0.0,23.7,23.0,28.1,96,1.6,南南西,0.0,0.00,,
2025617,05:00,0.0,23.8,23.3,28.6,97,1.4,西南西,0.0,0.03,,
2025617,06:00,0.0,25.6,24.0,29.9,91,0.9,南南西,1.0,0.43,晴れ,20.0
2025617,07:00,0.0,28.5,24.9,31.5,81,1.5,北北西,1.0,1.09,,
2025617,08:00,0.0,30.2,24.8,31.3,73,1.1,南,1.0,1.77,,
2025617,09:00,0.0,31.1,25.0,31.6,70,2.9,南南東,1.0,2.37,晴れ,15.0
2025617,10:00,0.0,31.6,25.0,31.6,68,3.1,南南東,1.0,2.82,,
2025617,11:00,0.0,32.6,24.1,30.0,61,3.2,南南東,1.0,3.23,,
2025617,12:00,0.0,33.6,23.3,28.6,55,2.5,南東,1.0,3.41,快晴,15.0
2025617,13:00,0.0,33.9,23.0,28.1,53,4.3,東南東,1.0,3.38,,
2025617,14:00,0.0,33.6,23.9,29.7,57,5.3,南南東,1.0,3.10,,
2025617,15:00,0.0,33.3,23.6,29.2,57,4.1,南東,1.0,2.64,快晴,20.0
2025617,16:00,0.0,32.1,24.4,30.6,64,6.3,南東,1.0,2.00,,
2025617,17:00,0.0,31.0,23.4,28.8,64,4.0,南南東,1.0,1.29,,
2025617,18:00,0.0,30.2,23.4,28.8,67,2.8,南東,1.0,0.60,快晴,15.0
2025617,19:00,0.0,29.2,23.6,29.2,72,3.1,南東,0.2,0.11,,
2025617,20:00,0.0,29.0,23.2,28.5,71,2.8,東南東,0.0,0.00,,
2025617,21:00,0.0,28.3,23.2,28.5,74,2.3,南東,0.0,0.0,快晴,20.0
2025617,22:00,0.0,27.1,23.6,29.1,81,1.3,南南東,0.0,0.0,,
2025617,23:00,0.0,27.3,23.1,28.3,78,1.8,東,0.0,0.0,,
2025617,24:00,0.0,26.9,23.0,28.0,79,1.8,北北東,0.0,0.0,,
2025618,01:00,0.0,26.6,22.7,27.5,79,2.6,北北東,0.0,0.0,,
2025618,02:00,0.0,25.9,22.4,27.1,81,3.1,北北東,0.0,0.0,,
2025618,03:00,0.0,25.3,21.8,26.1,81,2.0,北,0.0,0.0,快晴,15.0
2025618,04:00,0.0,25.7,21.6,25.8,78,1.6,北北西,0.0,0.00,,
2025618,05:00,0.0,25.6,21.5,25.6,78,1.9,北,0.0,0.04,,
2025618,06:00,0.0,26.4,21.8,26.2,76,1.4,北,0.9,0.45,晴れ,20.0
2025618,07:00,0.0,27.9,21.5,25.6,68,3.3,北北東,0.8,1.04,,
2025618,08:00,0.0,29.5,21.7,26.0,63,2.8,北北東,1.0,1.81,,
2025618,09:00,0.0,30.8,22.1,26.7,60,4.5,東北東,1.0,2.45,晴れ,20.0
2025618,10:00,0.0,32.1,22.2,26.8,56,3.7,東北東,1.0,2.97,,
2025618,11:00,0.0,32.7,20.6,24.3,49,3.6,東北東,1.0,3.31,,
2025618,12:00,0.0,33.7,22.5,27.2,52,3.7,北北東,1.0,3.47,晴れ,20.0
2025618,13:00,0.0,33.6,22.4,27.1,52,3.6,東南東,1.0,3.46,,
2025618,14:00,0.0,32.7,23.1,28.2,57,4.5,南南東,0.6,2.22,,
2025618,15:00,0.0,32.8,22.6,27.4,55,3.7,南東,1.0,2.67,快晴,30.0
2025618,16:00,0.0,32.0,21.5,25.7,54,4.3,南東,1.0,2.04,,
2025618,17:00,0.0,30.6,21.4,25.5,58,5.4,南東,1.0,1.35,,
2025618,18:00,0.0,28.9,20.9,24.7,62,5.9,南南東,1.0,0.64,快晴,30.0
2025618,19:00,0.0,28.0,21.1,25.0,66,3.7,南東,0.3,0.13,,
2025618,20:00,0.0,27.8,21.1,25.0,67,4.2,南東,0.0,0.00,,
2025618,21:00,0.0,26.9,21.9,26.2,74,2.7,南南東,0.0,0.0,快晴,20.0
2025618,22:00,0.0,25.4,22.3,26.9,83,0.8,南,0.0,0.0,,
2025618,23:00,0.0,24.9,23.2,28.3,90,2.0,南南東,0.0,0.0,,
2025618,24:00,0.0,24.5,23.3,28.6,93,1.6,南,0.0,0.0,,
2025619,01:00,0.0,24.2,23.4,28.7,95,1.8,南南東,0.0,0.0,,
2025619,02:00,0.0,24.1,23.6,29.1,97,2.1,南,0.0,0.0,,
2025619,03:00,0.0,24.1,23.6,29.1,97,1.8,南,0.0,0.0,晴れ,20.0
2025619,04:00,0.0,24.3,23.6,29.2,96,1.2,南,0.0,0.00,,
2025619,05:00,0.0,24.3,23.6,29.2,96,1.4,南南東,0.0,0.02,,
2025619,06:00,0.0,25.9,24.3,30.4,91,1.5,南,0.3,0.37,曇,10.0
2025619,07:00,0.0,26.6,23.3,28.6,82,1.9,東北東,0.0,0.46,,
2025619,08:00,0.0,28.2,23.8,29.5,77,2.1,南,0.8,1.59,,
2025619,09:00,0.0,28.6,22.8,27.8,71,1.4,南,1.0,2.38,快晴,10.0
2025619,10:00,0.0,31.4,21.0,24.8,54,2.4,東北東,1.0,2.90,,
2025619,11:00,0.0,32.2,24.5,30.8,64,3.3,南南東,1.0,3.24,,
2025619,12:00,0.0,32.1,23.1,28.2,59,3.9,南南東,1.0,3.42,晴れ,15.0
2025619,13:00,0.0,32.8,22.6,27.4,55,4.6,南南東,1.0,3.38,,
2025619,14:00,0.0,32.3,23.3,28.5,59,4.2,南東,1.0,3.13,,
2025619,15:00,0.0,31.8,22.2,26.8,57,4.4,南南東,1.0,2.66,晴れ,20.0
2025619,16:00,0.0,30.9,20.8,24.6,55,5.1,南東,1.0,2.08,,
2025619,17:00,0.0,29.6,21.8,26.1,63,4.6,南東,1.0,1.38,,
2025619,18:00,0.0,28.3,21.3,25.4,66,3.1,南東,1.0,0.60,晴れ,25.0
2025619,19:00,0.0,27.8,22.5,27.3,73,3.6,南東,0.2,0.11,,
2025619,20:00,0.0,26.5,22.4,27.0,78,3.0,南,0.0,0.00,,
2025619,21:00,0.0,26.0,22.1,26.6,79,3.5,南南東,0.0,0.0,曇,30.0
2025619,22:00,0.0,25.6,22.1,26.6,81,2.8,南南東,0.0,0.0,,
2025619,23:00,0.0,25.2,22.1,26.6,83,1.9,南,0.0,0.0,,
2025619,24:00,0.0,25.0,21.7,26.0,82,3.2,南東,0.0,0.0,,
2025620,01:00,0.0,24.4,21.5,25.7,84,1.6,南南東,0.0,0.0,,
2025620,02:00,0.0,24.8,21.3,25.4,81,2.2,南南東,0.0,0.0,,
2025620,03:00,0.0,23.7,21.0,24.9,85,1.3,南,0.0,0.0,晴れ,25.0
2025620,04:00,0.0,23.5,20.8,24.6,85,1.4,南,0.0,0.00,,
2025620,05:00,0.0,24.5,21.4,25.5,83,1.1,西,0.0,0.01,,
2025620,06:00,0.0,24.9,21.8,26.1,83,1.4,南,0.0,0.08,曇,20.0
2025620,07:00,0.0,25.8,22.5,27.2,82,1.4,南,0.0,0.38,,
2025620,08:00,0.0,25.7,23.0,28.1,85,2.2,南南東,0.0,0.46,,
2025620,09:00,0.0,27.1,22.9,28.0,78,2.9,南南東,0.1,0.91,晴れ,25.0
2025620,10:00,0.0,27.6,22.6,27.3,74,1.8,南,0.3,1.70,,
2025620,11:00,0.0,28.9,22.2,26.7,67,2.4,東南東,0.2,1.66,,
2025620,12:00,0.0,29.6,22.1,26.6,64,3.2,南東,0.7,3.05,晴れ,25.0
2025620,13:00,0.0,29.8,20.9,24.8,59,4.3,南南東,0.4,2.01,,
2025620,14:00,0.0,30.9,21.7,25.9,58,3.6,南南東,1.0,3.09,,
2025620,15:00,0.0,29.9,19.6,22.8,54,4.3,南南東,1.0,2.59,薄曇,30.0
2025620,16:00,0.0,29.8,21.5,25.6,61,3.6,南東,1.0,1.87,,
2025620,17:00,0.0,28.1,21.4,25.5,67,4.6,南,1.0,1.36,,
2025620,18:00,0.0,26.8,21.8,26.1,74,3.8,南南東,0.4,0.38,曇,30.0
2025620,19:00,0.0,26.7,21.2,25.2,72,3.5,南南東,0.0,0.11,,
2025620,20:00,0.0,25.9,20.5,24.1,72,4.0,南南東,0.0,0.00,,
2025620,21:00,0.0,25.2,20.7,24.4,76,4.2,南,0.0,0.0,曇,25.0
2025620,22:00,0.0,24.8,20.5,24.1,77,3.4,南南西,0.0,0.0,,
2025620,23:00,0.0,24.3,20.6,24.3,80,3.2,南,0.0,0.0,,
2025620,24:00,0.0,23.7,20.6,24.3,83,2.8,南,0.0,0.0,,
2025621,01:00,0.0,23.6,20.7,24.5,84,2.1,南南西,0.0,0.0,,
2025621,02:00,0.0,22.9,20.3,23.7,85,1.7,南,0.0,0.0,,
2025621,03:00,0.0,23.1,20.1,23.5,83,2.2,南南西,0.0,0.0,晴れ,25.0
2025621,04:00,0.0,22.8,20.2,23.6,85,1.9,南南東,0.0,0.00,,
2025621,05:00,0.0,23.6,20.9,24.8,85,2.2,南南東,0.0,0.04,,
2025621,06:00,0.0,24.7,21.0,24.9,80,2.9,南,0.9,0.49,晴れ,25.0
2025621,07:00,0.0,25.9,21.1,25.1,75,2.5,南,0.7,0.99,,
2025621,08:00,0.0,27.4,21.2,25.2,69,2.8,南南西,1.0,1.82,,
2025621,09:00,0.0,28.2,22.4,27.2,71,4.3,南南東,1.0,2.54,晴れ,30.0
2025621,10:00,0.0,28.9,22.6,27.5,69,4.2,南南東,1.0,3.06,,
2025621,11:00,0.0,29.6,21.0,24.9,60,4.6,南南東,0.9,3.32,,
2025621,12:00,0.0,29.4,20.0,23.4,57,6.0,南南東,1.0,3.45,薄曇,35.0
2025621,13:00,0.0,30.1,20.4,23.9,56,5.1,南南東,1.0,3.20,,
2025621,14:00,0.0,29.9,20.7,24.5,58,5.3,南南東,1.0,3.09,,
2025621,15:00,0.0,29.2,21.7,25.9,64,5.1,南南東,0.9,2.43,薄曇,35.0
2025621,16:00,0.0,29.0,22.5,27.3,68,5.7,南南東,0.9,1.92,,
2025621,17:00,0.0,28.1,21.9,26.2,69,4.8,南東,1.0,1.56,,
2025621,18:00,0.0,27.3,22.0,26.5,73,4.5,南南東,1.0,0.67,薄曇,35.0
2025621,19:00,0.0,26.3,21.9,26.4,77,2.8,南南東,0.1,0.13,,
2025621,20:00,0.0,25.7,22.2,26.8,81,3.7,南,0.0,0.00,,
2025621,21:00,0.0,25.4,22.3,26.9,83,3.5,南,0.0,0.0,薄曇,30.0
2025621,22:00,0.0,25.3,21.4,25.5,79,4.2,南,0.0,0.0,,
2025621,23:00,0.0,25.3,20.6,24.2,75,5.7,南,0.0,0.0,,
2025621,24:00,0.0,24.9,20.6,24.3,77,4.9,南,0.0,0.0,,
2025622,01:00,0.0,24.8,20.3,23.8,76,4.0,南,0.0,0.0,,
2025622,02:00,0.0,24.4,20.1,23.5,77,4.0,南,0.0,0.0,,
2025622,03:00,0.0,24.9,20.2,23.6,75,4.3,南,0.0,0.0,薄曇,30.0
2025622,04:00,0.0,24.4,19.5,22.6,74,3.6,南,0.0,0.00,,
2025622,05:00,0.0,24.5,19.4,22.5,73,4.2,南南西,0.0,0.04,,
2025622,06:00,0.0,25.1,20.2,23.6,74,4.2,南,1.0,0.46,薄曇,25.0
2025622,07:00,0.0,26.7,20.5,24.2,69,5.2,南南西,1.0,1.12,,
2025622,08:00,0.0,28.0,20.8,24.6,65,6.2,南南西,1.0,1.85,,
2025622,09:00,0.0,29.2,20.6,24.3,60,7.5,南南西,1.0,2.50,晴れ,30.0
2025622,10:00,0.0,30.7,20.6,24.3,55,5.1,南,1.0,3.01,,
2025622,11:00,0.0,31.5,21.7,25.9,56,6.3,南南西,1.0,3.36,,
2025622,12:00,0.0,32.1,21.9,26.3,55,6.2,南,1.0,3.51,快晴,30.0
2025622,13:00,0.0,32.6,22.1,26.6,54,6.1,南,1.0,3.45,,
2025622,14:00,0.0,31.7,21.6,25.7,55,7.8,南,1.0,3.17,,
2025622,15:00,0.0,32.3,22.1,26.6,55,8.3,南南西,1.0,2.72,晴れ,30.0
2025622,16:00,0.0,31.9,22.3,27.0,57,7.1,南,1.0,2.11,,
2025622,17:00,0.0,30.3,21.9,26.3,61,7.0,南南西,1.0,1.39,,
2025622,18:00,0.0,29.3,22.3,26.9,66,6.4,南,1.0,0.68,晴れ,15.0
2025622,19:00,0.0,27.7,22.4,27.1,73,6.0,南南東,0.2,0.08,,
2025622,20:00,0.0,27.2,22.4,27.1,75,6.1,南,0.0,0.00,,
2025622,21:00,0.0,26.9,22.5,27.3,77,5.8,南,0.0,0.0,晴れ,20.0
2025622,22:00,0.0,26.8,22.2,26.8,76,5.9,南,0.0,0.0,,
2025622,23:00,0.0,26.8,22.4,27.1,77,6.3,南,0.0,0.0,,
2025622,24:00,0.0,26.9,22.5,27.3,77,6.1,南,0.0,0.0,,
2025627,01:00,0.0,24.4,22.7,27.5,90,2.3,南南西,0.0,0.0,,
2025627,02:00,0.0,24.3,22.6,27.3,90,3.0,南南西,0.0,0.0,,
2025627,03:00,0.0,23.7,22.5,27.3,93,2.5,南西,0.0,0.0,曇,20.0
2025627,04:00,0.0,23.9,22.7,27.6,93,1.7,南,0.0,0.00,,
2025627,05:00,0.0,24.0,22.6,27.5,92,0.8,南,0.0,0.02,,
2025627,06:00,0.0,24.4,23.6,29.0,95,1.2,西,0.0,0.24,薄曇,25.0
2025627,07:00,0.0,25.7,23.2,28.4,86,1.8,西北西,0.8,0.81,,
2025627,08:00,0.0,27.7,22.2,26.8,72,1.0,南,1.0,1.69,,
2025627,09:00,0.0,28.8,23.9,29.7,75,1.6,北,0.4,1.39,晴れ,25.0
2025627,10:00,0.0,29.2,21.9,26.4,65,2.0,北北東,0.6,1.97,,
2025627,11:00,0.0,29.1,23.3,28.6,71,1.3,北西,0.5,2.01,,
2025627,12:00,0.0,30.7,24.4,30.5,69,2.1,東南東,0.2,1.20,晴れ,20.0
2025627,13:00,0.0,31.0,23.9,29.7,66,2.0,南東,0.6,2.56,,
2025627,14:00,0.0,29.6,23.3,28.6,69,3.9,南,0.0,0.73,,
2025627,15:00,0.0,29.3,23.0,28.1,69,2.9,南東,0.1,0.82,曇,20.0
2025627,16:00,0.0,30.9,23.8,29.5,66,3.1,南南東,0.3,1.11,,
2025627,17:00,0.0,29.1,23.3,28.6,71,4.4,南東,0.5,1.01,,
2025627,18:00,0.0,28.8,23.5,28.9,73,2.6,南東,0.0,0.20,晴れ,15.0
2025627,19:00,0.0,26.1,23.0,28.1,83,2.4,東南東,0.0,0.02,,
2025627,20:00,0.5,25.0,23.4,28.8,91,1.9,東,0.0,0.00,,
2025627,21:00,0.0,24.9,23.2,28.3,90,1.1,東北東,0.0,0.0,曇,15.0
2025627,22:00,0.0,26.0,22.3,26.9,80,2.4,北,0.0,0.0,,
2025627,23:00,0.0,27.2,22.6,27.4,76,1.5,北北東,0.0,0.0,,
2025627,24:00,0.0,25.6,22.3,26.9,82,1.6,北,0.0,0.0,,
2025628,01:00,0.0,26.0,21.4,25.6,76,1.4,北,0.0,0.0,,
2025628,02:00,0.0,25.4,22.7,27.6,85,0.9,北北東,0.0,0.0,,
2025628,03:00,0.0,24.5,22.0,26.4,86,0.8,北,0.0,0.0,晴れ,20.0
2025628,04:00,0.0,24.8,22.5,27.2,87,1.3,北西,0.0,0.00,,
2025628,05:00,0.0,24.1,21.0,24.9,83,0.6,北,0.0,0.03,,
2025628,06:00,0.0,25.8,19.9,23.3,70,2.2,北北東,0.9,0.45,薄曇,20.0
2025628,07:00,0.0,26.2,20.1,23.5,69,1.8,北北西,1.0,0.96,,
2025628,08:00,0.0,28.0,19.3,22.3,59,2.7,北西,1.0,1.61,,
2025628,09:00,0.0,29.2,20.4,23.9,59,3.6,北西,1.0,2.10,薄曇,20.0
2025628,10:00,0.0,30.6,20.0,23.3,53,3.1,北,1.0,2.60,,
2025628,11:00,0.0,31.6,18.2,20.9,45,3.5,北東,1.0,3.24,,
2025628,12:00,0.0,31.8,16.5,18.8,40,2.8,北北東,1.0,3.53,晴れ,30.0
2025628,13:00,0.0,33.4,17.6,20.1,39,2.2,北東,1.0,3.51,,
2025628,14:00,0.0,32.9,17.1,19.5,39,2.9,東南東,1.0,3.27,,
2025628,15:00,0.0,32.2,16.5,18.8,39,4.8,南南東,1.0,2.76,晴れ,40.0
2025628,16:00,0.0,32.2,16.9,19.2,40,3.1,南,1.0,2.16,,
2025628,17:00,0.0,30.8,17.5,20.0,45,4.5,南東,1.0,1.49,,
2025628,18:00,0.0,29.1,19.4,22.6,56,3.8,南南東,1.0,0.76,晴れ,30.0
2025628,19:00,0.0,28.1,20.1,23.6,62,4.3,南南西,0.4,0.15,,
2025628,20:00,0.0,27.3,19.7,22.9,63,3.6,南,0.0,0.00,,
2025628,21:00,0.0,26.4,19.6,22.7,66,4.1,南南東,0.0,0.0,晴れ,30.0
2025628,22:00,0.0,25.3,19.4,22.6,70,2.3,南,0.0,0.0,,
2025628,23:00,0.0,25.3,19.7,22.9,71,2.9,南東,0.0,0.0,,
2025628,24:00,0.0,25.0,18.9,21.9,69,3.2,南東,0.0,0.0,,
2025629,01:00,0.0,24.5,19.1,22.1,72,2.2,南南東,0.0,0.0,,
2025629,02:00,0.0,23.4,19.8,23.0,80,0.5,南南東,0.0,0.0,,
2025629,03:00,0.0,23.1,20.1,23.5,83,0.3,南西,0.0,0.0,晴れ,25.0
2025629,04:00,0.0,23.4,18.9,21.9,76,1.6,南西,0.0,0.00,,
2025629,05:00,0.0,23.6,18.9,21.9,75,1.5,西南西,0.0,0.03,,
2025629,06:00,0.0,24.9,20.6,24.3,77,1.3,南,1.0,0.40,快晴,15.0
2025629,07:00,0.0,26.3,20.9,24.6,72,1.5,南西,1.0,1.04,,
2025629,08:00,0.0,28.0,21.3,25.3,67,0.7,東南東,1.0,1.75,,
2025629,09:00,0.0,29.5,20.7,24.3,59,1.1,西北西,1.0,2.40,快晴,15.0
2025629,10:00,0.0,30.8,20.4,24.0,54,1.7,北西,1.0,2.92,,
2025629,11:00,0.0,31.6,23.7,29.3,63,4.3,南南東,1.0,3.24,,
2025629,12:00,0.0,31.9,23.2,28.4,60,4.7,南東,1.0,3.35,薄曇,20.0
2025629,13:00,0.0,32.3,21.5,25.6,53,5.2,南東,1.0,3.35,,
2025629,14:00,0.0,31.5,21.4,25.4,55,5.1,南南東,1.0,3.01,,
2025629,15:00,0.0,30.9,22.0,26.4,59,4.5,南南東,1.0,2.64,薄曇,25.0
2025629,16:00,0.0,30.6,21.4,25.5,58,4.1,南,0.9,1.67,,
2025629,17:00,0.0,29.2,19.2,22.3,55,4.3,南,0.6,0.91,,
2025629,18:00,0.0,28.3,20.1,23.5,61,3.3,南南東,0.8,0.59,薄曇,30.0
2025629,19:00,0.0,27.6,20.2,23.6,64,2.2,南,0.2,0.11,,
2025629,20:00,0.0,27.3,20.4,24.0,66,3.8,南,0.0,0.00,,
2025629,21:00,0.0,26.6,20.7,24.4,70,3.4,南,0.0,0.0,薄曇,25.0
2025629,22:00,0.0,26.5,21.0,24.9,72,2.6,南,0.0,0.0,,
2025629,23:00,0.0,25.5,21.2,25.1,77,2.1,南,0.0,0.0,,
2025629,24:00,0.0,24.8,21.9,26.3,84,1.9,南南東,0.0,0.0,,
202571,01:00,0.0,27.8,19.3,22.4,60,1.3,南南西,0.0,0.0,晴れ,20.0
202571,02:00,0.0,27.3,20.2,23.6,65,1.2,北,0.0,0.0,晴れ,20.0
202571,03:00,0.0,26.7,20.1,23.5,67,1.8,北,0.0,0.0,晴れ,20.0
202571,04:00,0.0,26.2,20.1,23.5,69,2.0,北,0.0,0.0,晴れ,20.0
202571,05:00,0.0,25.7,20.1,23.5,71,2.4,北,0.0,0.00,晴れ,19.1
202571,06:00,0.0,25.6,20.2,23.6,72,1.5,北,0.5,0.13,晴れ,19.1
202571,07:00,0.0,26.3,20.2,23.6,69,0.8,北北西,1.0,0.65,晴れ,19.2
202571,08:00,0.0,28.3,20.6,24.2,63,1.0,北北西,1.0,1.34,晴れ,18.3
202571,09:00,0.0,29.7,20.6,24.2,58,1.3,南南東,1.0,2.03,晴れ,20.0
202571,10:00,0.0,30.7,20.3,23.9,54,2.0,南,1.0,2.56,晴れ,20.0
202571,11:00,0.0,31.1,19.8,23.1,51,2.4,南南東,1.0,2.83,晴れ,20.0
202571,12:00,0.0,32.4,21.0,24.8,51,3.1,南西,1.0,3.01,晴れ,20.0
202571,13:00,0.0,32.3,21.2,25.2,52,3.0,西南西,1.0,3.16,晴れ,20.0
202571,14:00,0.0,32.7,22.2,26.7,54,4.1,南西,1.0,3.09,晴れ,20.0
202571,15:00,0.0,32.4,21.3,25.3,52,3.4,南西,1.0,2.77,晴れ,20.0
202571,16:00,0.0,32.8,21.7,25.9,52,4.0,南西,1.0,2.24,晴れ,20.0
202571,17:00,0.0,32.6,20.8,24.6,50,1.5,南西,0.8,1.24,晴れ,18.7
202571,18:00,0.0,32.4,20.7,24.3,50,2.2,南,0.7,0.77,晴れ,16.2
202571,19:00,0.0,32.0,20.9,24.7,52,2.5,南南西,0.0,0.21,曇,16.2
202571,20:00,0.0,30.9,22.0,26.4,59,2.8,南西,0.0,0.02,晴れ,14.7
202571,21:00,0.0,30.0,21.7,25.9,61,2.2,南南西,0.0,0.0,晴れ,14.2
202571,22:00,0.0,29.1,22.4,27.0,67,2.3,南西,0.0,0.0,晴れ,13.6
202571,23:00,0.0,28.7,22.0,26.4,67,2.1,西南西,0.0,0.0,晴れ,14.1
202571,24:00,0.0,29.0,22.0,26.4,66,1.4,西南西,0.0,0.0,晴れ,14.4
202572,01:00,0.0,28.5,22.3,26.9,69,2.3,南南西,0.0,0.0,曇,13.5
202572,02:00,0.0,27.6,22.3,27.0,73,2.5,南西,0.0,0.0,晴れ,11.6
202572,03:00,0.0,27.3,22.3,26.9,74,2.1,南西,0.0,0.0,晴れ,11.1
202572,04:00,0.0,27.1,22.1,26.5,74,1.8,南南西,0.0,0.0,晴れ,10.9
202572,05:00,0.0,26.9,22.3,26.9,76,1.2,南西,0.0,0.00,曇,10.0
202572,06:00,0.0,27.0,22.6,27.5,77,0.8,西北西,0.0,0.05,晴れ,9.11
202572,07:00,0.0,27.3,22.5,27.2,75,1.0,西北西,0.0,0.28,曇,8.95
202572,08:00,0.0,28.0,22.7,27.6,73,1.9,西,0.3,0.76,晴れ,9.36
202572,09:00,0.0,29.2,22.9,28.0,69,2.3,西,0.2,1.03,曇,9.32
202572,10:00,0.0,30.5,22.1,26.6,61,1.3,北東,0.7,2.05,晴れ,8.33
202572,11:00,0.0,30.8,22.1,26.7,60,3.2,南南西,1.0,2.74,晴れ,7.79
202572,12:00,0.0,31.8,23.1,28.2,60,3.0,南,1.0,2.88,晴れ,7.35
202572,13:00,0.0,32.2,23.2,28.4,59,4.5,南西,1.0,3.13,晴れ,8.26
202572,14:00,0.0,33.2,23.5,29.0,57,3.9,南西,1.0,2.98,晴れ,10.1
202572,15:00,0.0,31.7,22.1,26.7,57,4.3,南西,0.9,2.49,晴れ,8.64
202572,16:00,0.0,32.3,22.7,27.6,57,4.2,南西,1.0,2.13,晴れ,7.68
202572,17:00,0.0,31.8,22.5,27.3,58,2.4,南西,0.9,1.26,曇,7.00
202572,18:00,0.0,31.8,21.9,26.3,56,2.1,南西,0.5,0.66,晴れ,6.39
202572,19:00,0.0,31.7,22.1,26.7,57,2.1,南南西,0.0,0.23,曇,6.72
202572,20:00,0.0,31.2,22.5,27.3,60,2.2,西南西,0.0,0.02,曇,6.32
202572,21:00,0.0,31.2,22.8,27.7,61,1.8,南西,0.0,0.0,曇,6.43
202572,22:00,0.0,30.2,22.6,27.5,64,2.0,南,0.0,0.0,曇,5.90
202572,23:00,0.0,29.2,22.7,27.6,68,1.7,南南西,0.0,0.0,晴れ,7.63
202572,24:00,0.0,28.4,22.9,27.9,72,2.6,南南西,0.0,0.0,晴れ,7.09
202573,01:00,0.0,28.2,22.2,26.8,70,2.4,南西,0.0,0.0,晴れ,7.73
202573,02:00,0.0,28.2,22.0,26.4,69,0.5,西南西,0.0,0.0,晴れ,8.73
202573,03:00,0.0,27.8,22.5,27.3,73,1.4,西南西,0.0,0.0,晴れ,7.47
202573,04:00,0.0,27.5,22.5,27.2,74,1.2,南南西,0.0,0.0,晴れ,7.33
202573,05:00,0.0,27.3,22.5,27.2,75,1.4,南西,0.0,0.00,晴れ,5.99
202573,06:00,0.0,27.5,22.2,26.8,73,0.7,北東,0.0,0.09,晴れ,6.43
202573,07:00,0.0,27.6,22.3,27.0,73,0.6,西南西,0.0,0.31,曇,6.00
202573,08:00,0.0,28.3,22.3,26.9,70,1.0,西,0.3,0.89,曇,6.76
202573,09:00,0.0,30.3,22.5,27.2,63,0.7,東北東,0.8,1.71,晴れ,7.02
202573,10:00,0.0,30.8,22.1,26.7,60,2.5,南,0.8,2.28,曇,7.23
202573,11:00,0.0,30.9,21.4,25.5,57,2.1,南,0.4,2.34,曇,6.47
202573,12:00,0.0,32.3,22.7,27.6,57,3.2,南南西,0.6,2.66,曇,7.28
202573,13:00,0.0,32.1,22.2,26.8,56,3.3,南南西,0.6,2.84,曇,7.82
202573,14:00,0.0,32.6,22.4,27.1,55,2.1,南西,1.0,3.18,晴れ,7.13
202573,15:00,0.0,33.3,23.0,28.2,55,2.5,南西,1.0,2.72,晴れ,7.41
202573,16:00,0.0,32.8,22.9,27.9,56,5.0,南西,1.0,2.14,晴れ,7.05
202573,17:00,0.0,31.8,22.5,27.3,58,3.3,南西,1.0,1.49,晴れ,6.52
202573,18:00,0.0,31.6,22.0,26.5,57,3.5,南西,0.9,0.81,晴れ,6.67
202573,19:00,0.0,31.4,21.3,25.3,55,3.3,南西,0.2,0.25,晴れ,6.25
202573,20:00,0.0,31.3,20.9,24.7,54,1.2,南西,0.0,0.01,晴れ,6.60
202573,21:00,0.0,31.4,20.7,24.4,53,1.7,東南東,0.0,0.0,晴れ,6.60
202573,22:00,0.0,30.6,21.7,25.9,59,2.7,南西,0.0,0.0,晴れ,6.20
202573,23:00,0.0,29.1,22.8,27.8,69,3.4,南南西,0.0,0.0,晴れ,5.25
202573,24:00,0.0,28.3,22.8,27.7,72,2.9,南西,0.0,0.0,曇,5.35
202574,01:00,0.0,27.0,23.7,29.2,82,2.5,南南東,0.0,0.0,曇,13.8
202574,02:00,0.0,26.8,23.7,29.3,83,2.1,南南東,0.0,0.0,曇,14.5
202574,03:00,0.0,26.6,23.5,28.9,83,2.3,南南東,0.0,0.0,曇,16.3
202574,04:00,0.0,26.7,23.6,29.1,83,2.2,南南東,0.0,0.0,曇,17.0
202574,05:00,0.0,26.6,23.7,29.3,84,2.1,南東,0.0,0.00,晴れ,15.6
202574,06:00,0.0,26.7,24.0,29.8,85,1.9,南東,0.0,0.10,曇,14.9
202574,07:00,0.0,27.4,24.1,29.9,82,1.4,南南東,0.2,0.53,晴れ,14.7
202574,08:00,0.0,28.2,23.8,29.5,77,1.2,南東,0.2,0.86,曇,13.0
202574,09:00,0.0,29.4,23.8,29.5,72,1.2,南東,0.5,1.64,曇,13.1
202574,10:00,0.0,30.7,23.9,29.6,67,1.6,南東,0.3,1.64,曇,11.4
202574,11:00,0.0,31.1,24.0,29.8,66,1.4,南西,0.6,2.32,晴れ,9.85
202574,12:00,0.0,32.5,24.5,30.8,63,1.2,西南西,0.3,1.81,晴れ,8.86
202574,13:00,0.0,33.0,23.6,29.2,58,3.3,南,0.2,1.68,曇,8.00
202574,14:00,0.0,33.7,24.6,30.9,59,1.9,西南西,0.7,2.43,晴れ,8.89
202574,15:00,0.0,34.2,24.2,30.1,56,1.7,西南西,0.9,2.55,晴れ,9.42
202574,16:00,0.0,34.1,24.7,31.0,58,4.6,南西,0.9,2.07,晴れ,11.1
202574,17:00,0.0,32.4,23.9,29.7,61,4.7,南南西,0.8,1.19,晴れ,9.88
202574,18:00,0.0,31.9,22.9,27.9,59,4.2,南南西,0.2,0.39,雷電,10.9
202574,19:00,0.0,31.8,23.6,29.2,62,3.2,南南西,0.2,0.39,曇,10.4
202574,20:00,0.0,30.0,24.4,30.6,72,4.0,南南東,0.0,0.02,曇,11.6
202574,21:00,0.0,29.0,24.8,31.3,78,3.1,南南東,0.0,0.0,曇,12.3
202574,22:00,0.0,28.5,24.5,30.8,79,3.2,南東,0.0,0.0,晴れ,11.2
202574,23:00,0.0,27.7,24.4,30.5,82,3.5,南東,0.0,0.0,晴れ,10.9
202574,24:00,0.0,27.4,24.1,29.9,82,2.0,南東,0.0,0.0,晴れ,9.49
202575,01:00,0.0,26.9,23.8,29.4,83,1.0,南東,0.0,0.0,晴れ,9.22
202575,02:00,0.0,27.1,23.8,29.4,82,0.3,東,0.0,0.0,曇,9.01
202575,03:00,0.0,27.5,23.7,29.4,80,0.7,南西,0.0,0.0,曇,9.04
202575,04:00,0.0,27.4,24.1,29.9,82,1.3,北東,0.0,0.0,曇,8.38
202575,05:00,0.0,27.3,24.0,29.8,82,1.3,北北東,0.0,0.00,曇,7.81
202575,06:00,0.0,27.5,24.2,30.1,82,1.2,北東,0.0,0.23,曇,7.02
202575,07:00,0.0,28.1,23.9,29.7,78,1.1,北北東,0.0,0.53,曇,7.87
202575,08:00,0.0,29.2,24.3,30.4,75,2.3,北北西,0.0,1.02,曇,7.39
202575,09:00,0.0,30.4,24.3,30.4,70,2.4,北北西,0.5,1.64,曇,6.45
202575,10:00,0.0,31.8,23.6,29.2,62,1.3,西,0.8,2.35,晴れ,5.19
202575,11:00,0.0,33.7,24.3,30.4,58,2.3,西北西,0.7,2.67,晴れ,5.63
202575,12:00,0.0,34.7,21.4,25.5,46,4.0,西北西,0.9,3.32,晴れ,8.49
202575,13:00,0.0,35.1,22.8,27.7,49,3.0,西北西,0.8,2.95,晴れ,7.53
202575,14:00,0.0,35.8,22.4,27.0,46,4.6,西南西,0.8,2.90,晴れ,8.49
202575,15:00,0.0,34.9,21.2,25.2,45,4.6,西北西,0.7,2.25,晴れ,8.99
202575,16:00,0.0,34.2,20.6,24.2,45,5.4,西北西,0.1,1.01,曇,12.0
202575,17:00,0.0,33.3,20.1,23.5,46,5.4,北北西,0.0,0.48,曇,13.1
202575,18:00,0.0,32.5,21.1,25.0,51,5.2,北北西,0.0,0.40,曇,12.9
202575,19:00,0.0,31.8,20.4,24.0,51,6.0,北北西,0.0,0.08,曇,13.7
202575,20:00,0.0,30.9,21.4,25.5,57,4.4,北,0.0,0.00,曇,12.1
202575,21:00,0.0,30.5,20.4,24.0,55,3.7,北,0.0,0.0,晴れ,14.8
202575,22:00,0.0,30.1,19.8,23.1,54,4.0,北,0.0,0.0,晴れ,17.0
202575,23:00,0.0,29.7,19.7,22.9,55,2.8,北,0.0,0.0,晴れ,16.6
202575,24:00,0.0,29.6,19.3,22.4,54,3.7,北北西,0.0,0.0,曇,17.0
202576,01:00,0.0,29.3,19.3,22.4,55,4.0,北北西,0.0,0.0,曇,18.9
202576,02:00,0.0,29.0,19.9,23.2,58,2.9,北北西,0.0,0.0,曇,19.4
202576,03:00,0.0,28.5,20.0,23.4,60,3.0,北北西,0.0,0.0,曇,18.9
202576,04:00,0.0,28.1,19.9,23.2,61,1.6,北北西,0.0,0.0,曇,18.1
202576,05:00,0.0,27.9,19.7,22.9,61,1.1,北北東,0.0,0.01,晴れ,18.0
202576,06:00,0.0,28.1,19.6,22.8,60,2.3,北,0.2,0.23,曇,18.5
202576,07:00,0.0,29.1,19.4,22.6,56,2.5,北,0.8,0.77,晴れ,17.2
202576,08:00,0.0,30.2,20.5,24.0,56,2.1,北,1.0,1.41,晴れ,17.1
202576,09:00,0.0,31.6,19.9,23.3,50,4.0,北西,1.0,2.04,晴れ,20.0
202576,10:00,0.0,31.3,20.3,23.8,52,2.4,北北東,0.1,1.25,曇,17.4
202576,11:00,0.0,32.7,22.5,27.2,55,3.6,北西,0.6,2.22,曇,10.8
202576,12:00,0.0,34.6,22.0,26.4,48,4.0,北西,1.0,3.01,晴れ,14.3
202576,13:00,0.0,35.4,23.7,29.3,51,3.9,西,1.0,3.11,晴れ,13.5
202576,14:00,0.0,35.5,22.1,26.6,46,4.1,西北西,1.0,3.03,晴れ,13.4
202576,15:00,0.0,35.7,21.9,26.3,45,4.5,西,1.0,2.45,晴れ,15.2
202576,16:00,0.0,34.9,21.9,26.3,47,5.5,西,1.0,1.88,晴れ,17.1
202576,17:00,0.0,35.0,21.7,25.9,46,4.8,北西,1.0,1.33,晴れ,20.0
202576,18:00,0.0,33.7,22.8,27.7,53,4.5,西北西,1.0,0.81,晴れ,18.1
202576,19:00,0.0,32.8,21.7,25.9,52,4.2,西北西,0.3,0.27,曇,19.4
202576,20:00,0.0,31.7,22.7,27.6,59,3.5,西北西,0.0,0.00,曇,18.1
202576,21:00,0.0,30.7,22.6,27.4,62,3.3,西北西,0.0,0.0,晴れ,20.0
202576,22:00,0.0,30.2,22.1,26.6,62,3.3,北西,0.0,0.0,曇,19.9
202576,23:00,0.0,29.7,21.9,26.3,63,3.4,北西,0.0,0.0,曇,20.0
202576,24:00,0.0,29.2,21.9,26.4,65,3.5,北北西,0.0,0.0,曇,20.0
202578,01:00,0.0,27.7,25.2,32.0,86,3.6,南,0.0,0.0,,
202578,02:00,0.0,27.8,25.1,31.8,85,3.2,南,0.0,0.0,,
202578,03:00,0.0,27.2,24.9,31.4,87,2.3,南,0.0,0.0,晴れ,7.00
202578,04:00,0.0,26.6,24.8,31.4,90,1.6,南,0.0,0.0,,
202578,05:00,0.0,26.9,25.3,32.3,91,2.3,南南東,0.0,0.01,,
202578,06:00,0.0,27.9,25.5,32.7,87,1.7,南東,0.0,0.25,曇,4.00
202578,07:00,0.0,28.8,25.2,32.1,81,2.1,南南東,0.3,0.73,,
202578,08:00,0.0,30.7,25.1,31.8,72,1.8,東,1.0,1.67,,
202578,09:00,0.0,32.4,26.0,33.6,69,2.7,南東,1.0,2.46,晴れ,5.00
202578,10:00,0.0,32.6,25.9,33.5,68,4.0,南南東,1.0,2.87,,
202578,11:00,0.0,33.2,22.3,27.0,53,4.0,南南東,1.0,3.22,,
202578,12:00,0.0,34.1,21.5,25.7,48,4.0,南,1.0,3.43,晴れ,10.0
202578,13:00,0.0,34.2,23.3,28.5,53,4.5,南南東,1.0,3.46,,
202578,14:00,0.0,34.1,24.7,31.0,58,4.5,南南東,0.9,2.81,,
202578,15:00,0.0,33.7,23.4,28.8,55,4.5,南南東,0.9,2.43,晴れ,10.0
202578,16:00,0.0,32.9,24.4,30.5,61,6.3,南東,0.8,1.69,,
202578,17:00,0.0,32.1,23.9,29.7,62,5.3,南東,1.0,1.29,,
202578,18:00,0.0,30.9,22.2,26.8,60,3.2,南南東,1.0,0.63,快晴,10.0
202578,19:00,0.0,29.9,23.8,29.5,70,4.1,南南東,0.4,0.13,,
202578,20:00,0.0,29.0,24.6,30.9,77,3.2,南,0.0,0.00,,
202578,21:00,0.0,28.6,24.2,30.2,77,3.3,南,0.0,0.0,晴れ,10.0
202578,22:00,0.0,28.3,24.7,31.2,81,2.7,南,0.0,0.0,,
202578,23:00,0.0,28.2,24.6,31.0,81,3.0,南南西,0.0,0.0,,
202578,24:00,0.0,28.2,24.8,31.4,82,3.6,南,0.0,0.0,,
202579,01:00,0.0,28.1,24.9,31.6,83,3.1,南,0.0,0.0,,
202579,02:00,0.0,28.1,24.7,31.2,82,4.7,南,0.0,0.0,,
202579,03:00,0.0,27.9,25.0,31.6,84,3.6,南,0.0,0.0,曇,5.00
202579,04:00,0.0,27.6,24.9,31.4,85,3.4,南南西,0.0,0.0,,
202579,05:00,0.0,27.6,25.1,31.8,86,3.1,南,0.0,0.01,,
202579,06:00,0.0,28.0,25.0,31.8,84,3.6,南,0.0,0.23,曇,5.00
202579,07:00,0.0,28.8,24.8,31.3,79,2.9,南,0.6,0.71,,
202579,08:00,0.0,30.0,24.2,30.1,71,3.8,南南西,0.3,1.09,,
202579,09:00,0.0,31.3,23.9,29.7,65,3.2,南,0.8,2.03,晴れ,8.00
202579,10:00,0.0,32.0,25.6,32.8,69,4.9,南東,0.8,2.53,,
202579,11:00,0.0,33.2,26.7,35.1,69,5.2,南南東,0.9,3.10,,
202579,12:00,0.0,33.2,25.5,32.6,64,5.4,南東,0.8,2.94,晴れ,8.00
202579,13:00,0.0,33.1,23.7,29.4,58,6.6,南東,0.7,2.83,,
202579,14:00,0.0,33.7,22.5,27.2,52,6.4,南東,1.0,3.00,,
202579,15:00,0.0,33.2,23.2,28.5,56,5.1,南南東,1.0,2.60,快晴,10.0
202579,16:00,0.0,32.5,22.9,27.9,57,4.7,南南東,1.0,2.01,,
202579,17:00,0.0,31.0,23.4,28.8,64,6.1,南,1.0,1.31,,
202579,18:00,0.0,29.9,23.4,28.7,68,5.6,南南東,0.9,0.62,快晴,15.0
202579,19:00,0.0,29.1,23.3,28.6,71,3.7,南南東,0.3,0.11,,
202579,20:00,0.0,28.3,23.7,29.2,76,3.9,南南東,0.0,0.00,,
202579,21:00,0.0,28.1,24.7,31.2,82,5.1,南南東,0.0,0.0,晴れ,15.0
202579,22:00,0.0,27.9,24.3,30.5,81,3.0,南南西,0.0,0.0,,
202579,23:00,0.0,27.5,24.4,30.5,83,3.3,南南東,0.0,0.0,,
202579,24:00,0.0,27.6,24.5,30.7,83,2.8,南,0.0,0.0,,
2025717,01:00,0.0,24.2,23.0,28.1,93,4.2,南,0.0,0.0,,
2025717,02:00,0.0,24.5,23.1,28.3,92,3.5,南,0.0,0.0,,
2025717,03:00,0.0,25.0,23.6,29.2,92,4.0,南南東,0.0,0.0,曇,10.0
2025717,04:00,0.0,24.9,24.1,29.9,95,3.3,南,0.0,0.0,,
2025717,05:00,0.0,25.3,24.1,30.0,93,4.3,南,0.0,0.00,,
2025717,06:00,1.5,24.6,24.1,30.0,97,3.6,南南西,0.0,0.20,雨,4.00
2025717,07:00,1.0,25.4,25.2,32.1,99,5.2,南,0.0,0.26,,
2025717,08:00,0.5,26.3,25.6,32.9,96,5.8,南,0.1,0.68,,
2025717,09:00,0.0,28.1,25.1,32.0,84,7.0,南南東,0.4,1.65,雨,15.0
2025717,10:00,0.0,29.6,24.0,29.9,72,6.6,南,0.7,2.40,,
2025717,11:00,0.0,30.3,23.7,29.4,68,4.4,南,0.8,2.93,,
2025717,12:00,0.0,30.2,23.4,28.8,67,5.8,南南西,0.6,2.74,薄曇,15.0
2025717,13:00,0.0,30.8,22.9,28.0,63,7.0,南,0.9,3.38,,
2025717,14:00,0.0,30.2,21.3,25.3,59,7.5,南,1.0,2.50,,
2025717,15:00,0.0,29.6,22.8,27.8,67,6.6,南南東,1.0,1.72,薄曇,20.0
2025717,16:00,0.0,29.2,22.2,26.8,66,5.8,南,0.3,1.08,,
2025717,17:00,0.0,29.1,22.6,27.4,68,4.0,南,0.2,0.75,,
2025717,18:00,0.0,28.6,22.6,27.4,70,5.6,南,0.6,0.63,薄曇,20.0
2025717,19:00,0.0,27.5,22.7,27.5,75,5.2,南南西,0.2,0.16,,
2025717,20:00,0.0,27.0,22.8,27.8,78,5.3,南,0.0,0.00,,
2025717,21:00,0.0,26.4,23.3,28.6,83,4.6,南,0.0,0.0,曇,20.0
2025717,22:00,0.0,26.0,23.3,28.6,85,4.1,南,0.0,0.0,,
2025717,23:00,0.0,25.9,23.6,29.1,87,3.5,南,0.0,0.0,,
2025717,24:00,0.0,25.7,23.6,29.1,88,3.5,南,0.0,0.0,,
2025719,01:00,0.0,25.2,22.7,27.6,86,3.0,南,0.0,0.0,,
2025719,02:00,0.0,25.2,22.7,27.6,86,2.5,南,0.0,0.0,,
2025719,03:00,0.0,24.8,22.1,26.6,85,3.0,南,0.0,0.0,晴れ,30.0
2025719,04:00,0.0,24.9,22.2,26.8,85,2.5,南,0.0,0.0,,
2025719,05:00,0.0,25.3,22.6,27.4,85,1.9,南南西,0.0,0.01,,
2025719,06:00,0.0,25.6,22.3,26.9,82,2.5,南,0.9,0.35,快晴,30.0
2025719,07:00,0.0,27.0,22.2,26.8,75,2.5,南南西,1.0,1.02,,
2025719,08:00,0.0,29.0,22.5,27.3,68,3.4,南南西,1.0,1.66,,
2025719,09:00,0.0,30.6,23.3,28.6,65,2.5,南,1.0,2.30,薄曇,40.0
2025719,10:00,0.0,31.3,23.4,28.8,63,3.7,南南東,1.0,3.08,,
2025719,11:00,0.0,31.6,23.2,28.4,61,3.6,南東,1.0,3.41,,
2025719,12:00,0.0,32.8,22.9,27.9,56,4.5,南,0.9,3.18,晴れ,40.0
2025719,13:00,0.0,32.5,22.3,26.9,55,5.0,南東,1.0,3.52,,
2025719,14:00,0.0,31.7,22.7,27.6,59,7.1,南東,1.0,2.84,,
2025719,15:00,0.0,30.7,22.9,27.8,63,4.9,南南東,0.8,1.71,晴れ,30.0
2025719,16:00,0.0,30.0,23.5,28.9,68,5.7,南南東,0.5,1.35,,
2025719,17:00,0.0,29.6,23.3,28.6,69,4.1,南南東,0.1,0.85,,
2025719,18:00,0.0,28.8,23.3,28.5,72,4.9,南,0.7,0.69,薄曇,40.0
2025719,19:00,0.0,27.9,23.7,29.3,78,3.9,南,0.4,0.17,,
2025719,20:00,0.0,27.7,23.3,28.6,77,3.5,南,0.0,0.00,,
2025719,21:00,0.0,27.3,23.8,29.4,81,5.0,南,0.0,0.0,薄曇,30.0
2025719,22:00,0.0,27.1,23.4,28.7,80,4.9,南,0.0,0.0,,
2025719,23:00,0.0,26.7,23.6,29.1,83,3.1,南,0.0,0.0,,
2025719,24:00,0.0,26.5,23.2,28.4,82,3.8,南,0.0,0.0,,
2025720,01:00,0.0,26.5,23.4,28.7,83,4.2,南,0.0,0.0,,
2025720,02:00,0.0,26.3,23.2,28.4,83,3.3,南,0.0,0.0,,
2025720,03:00,0.0,25.8,22.9,27.9,84,4.0,南,0.0,0.0,薄曇,30.0
2025720,04:00,0.0,25.4,23.3,28.6,88,3.2,南,0.0,0.0,,
2025720,05:00,0.0,25.5,23.4,28.7,88,3.2,南南西,0.0,0.01,,
2025720,06:00,0.0,25.4,23.6,29.2,90,2.4,南,0.0,0.12,晴れ,20.0
2025720,07:00,0.0,27.5,22.9,27.9,76,2.1,南南西,1.0,1.04,,
2025720,08:00,0.0,28.9,22.9,27.9,70,3.0,南南西,0.8,1.53,,
2025720,09:00,0.0,30.4,23.1,28.2,65,2.3,南,0.9,2.18,晴れ,30.0
2025720,10:00,0.0,31.6,23.4,28.8,62,3.5,南南西,0.9,2.77,,
2025720,11:00,0.0,32.9,25.2,32.0,64,4.6,南南東,1.0,3.28,,
2025720,12:00,0.0,31.8,24.4,30.6,65,4.9,南南東,1.0,3.48,晴れ,35.0
2025720,13:00,0.0,32.1,25.0,31.6,66,5.9,南東,1.0,3.48,,
2025720,14:00,0.0,31.8,24.2,30.1,64,6.5,南東,1.0,3.24,,
2025720,15:00,0.0,32.3,25.6,32.9,68,5.3,南東,1.0,2.62,晴れ,30.0
2025720,16:00,0.0,31.1,23.2,28.5,63,4.0,南南東,1.0,2.07,,
2025720,17:00,0.0,30.2,24.1,30.1,70,4.1,南南東,1.0,1.42,,
2025720,18:00,0.0,29.1,23.8,29.4,73,3.9,南南東,1.0,0.70,晴れ,30.0
2025720,19:00,0.0,28.0,23.6,29.1,77,4.1,南南東,0.5,0.13,,
2025720,20:00,0.0,27.7,24.1,30.1,81,3.5,南南東,0.0,0.00,,
2025720,21:00,0.0,27.3,24.6,30.9,85,4.2,南南東,0.0,0.0,晴れ,30.0
2025720,22:00,0.0,26.9,24.8,31.2,88,2.1,南南東,0.0,0.0,,
2025720,23:00,0.0,26.8,24.8,31.4,89,2.1,南南東,0.0,0.0,,
2025720,24:00,0.0,26.7,24.4,30.5,87,2.3,南南東,0.0,0.0,,
2025721,01:00,0.0,26.9,24.2,30.1,85,2.5,南,0.0,0.0,,
2025721,02:00,0.0,26.7,24.0,29.8,85,2.1,南南西,0.0,0.0,,
2025721,03:00,0.0,26.2,23.9,29.6,87,1.9,南南西,0.0,0.0,快晴,30.0
2025721,04:00,0.0,26.3,24.0,29.8,87,2.1,南南西,0.0,0.0,,
2025721,05:00,0.0,25.8,24.0,29.9,90,1.4,南,0.0,0.01,,
2025721,06:00,0.0,27.2,24.5,30.7,85,0.9,南南西,0.8,0.31,快晴,30.0
2025721,07:00,0.0,28.9,25.1,31.9,80,1.8,南南西,1.0,0.96,,
2025721,08:00,0.0,30.3,25.4,32.4,75,0.8,東北東,1.0,1.67,,
2025721,09:00,0.0,30.6,23.8,29.4,67,1.6,西南西,1.0,2.39,晴れ,30.0
2025721,10:00,0.0,33.1,25.9,33.4,66,2.1,南南東,1.0,2.78,,
2025721,11:00,0.0,33.4,26.4,34.5,67,3.6,南東,1.0,3.28,,
2025721,12:00,0.0,33.6,25.6,32.8,63,4.6,南東,1.0,3.36,晴れ,30.0
2025721,13:00,0.0,33.6,25.9,33.3,64,5.9,南東,1.0,3.33,,
2025721,14:00,0.0,33.8,25.0,31.6,60,5.4,南東,1.0,3.10,,
2025721,15:00,0.0,33.2,24.9,31.6,62,4.8,南南東,1.0,2.67,晴れ,30.0
2025721,16:00,0.0,33.4,25.4,32.4,63,4.9,南東,1.0,2.07,,
2025721,17:00,0.0,32.2,24.8,31.3,65,3.5,南,1.0,1.37,,
2025721,18:00,0.0,30.2,25.1,31.8,74,4.3,南,0.8,0.60,晴れ,30.0
2025721,19:00,0.0,29.0,25.0,31.7,79,2.6,南南東,0.0,0.04,,
2025721,20:00,0.0,28.4,25.0,31.7,82,2.6,南南東,0.0,0.00,,
2025721,21:00,0.0,27.8,25.1,31.8,85,3.8,南南東,0.0,0.0,晴れ,30.0
2025721,22:00,0.0,27.6,25.1,31.8,86,4.2,南,0.0,0.0,,
2025721,23:00,0.0,27.4,24.9,31.4,86,2.5,南,0.0,0.0,,
2025721,24:00,0.0,27.2,24.7,31.0,86,3.0,南,0.0,0.0,,
2025726,01:00,0.0,27.2,23.0,28.1,78,2.1,南,0.0,0.0,,
2025726,02:00,0.0,27.6,23.8,29.6,80,3.3,南南西,0.0,0.0,,
2025726,03:00,0.0,26.9,23.4,28.7,81,2.4,南,0.0,0.0,快晴,30.0
2025726,04:00,0.0,27.0,23.7,29.2,82,2.0,南南西,0.0,0.0,,
2025726,05:00,0.0,27.1,24.0,29.8,83,2.2,南南西,0.0,0.01,,
2025726,06:00,0.0,28.0,24.2,30.3,80,1.4,南西,0.8,0.29,快晴,30.0
2025726,07:00,0.0,29.2,24.1,30.0,74,1.4,南西,1.0,0.93,,
2025726,08:00,0.0,31.4,24.8,31.3,68,1.7,西南西,1.0,1.64,,
2025726,09:00,0.0,32.2,23.7,29.4,61,1.8,南東,1.0,2.28,快晴,30.0
2025726,10:00,0.0,34.5,26.4,34.5,63,3.5,南南東,1.0,2.78,,
2025726,11:00,0.0,33.9,25.3,32.3,61,4.2,南南東,1.0,3.18,,
2025726,12:00,0.0,34.5,24.7,31.2,57,5.0,南南東,1.0,3.36,晴れ,30.0
2025726,13:00,0.0,34.2,24.8,31.2,58,4.0,南南東,1.0,3.33,,
2025726,14:00,0.0,34.2,25.3,32.3,60,4.4,南南東,1.0,3.09,,
2025726,15:00,0.0,34.0,24.6,30.9,58,4.2,南南東,1.0,2.67,晴れ,30.0
2025726,16:00,0.0,33.1,24.0,29.9,59,4.0,南南西,1.0,2.04,,
2025726,17:00,0.0,31.8,24.7,31.0,66,4.6,南南東,1.0,1.38,,
2025726,18:00,0.0,30.1,24.7,31.2,73,3.1,南南東,1.0,0.66,晴れ,25.0
2025726,19:00,0.0,29.5,23.5,28.9,70,5.8,南,0.2,0.08,,
2025726,20:00,0.0,29.3,23.5,29.0,71,4.4,南,0.0,0.00,,
2025726,21:00,0.0,28.4,23.8,29.4,76,2.8,南,0.0,0.0,快晴,25.0
2025726,22:00,0.0,28.5,23.4,28.8,74,4.1,南,0.0,0.0,,
2025726,23:00,0.0,27.8,23.2,28.4,76,4.7,南,0.0,0.0,,
2025726,24:00,0.0,27.2,23.5,28.9,80,2.2,南,0.0,0.0,,
2025727,01:00,0.0,27.2,23.5,28.9,80,3.4,南,0.0,0.0,,
2025727,02:00,0.0,27.0,23.5,28.9,81,3.1,南,0.0,0.0,,
2025727,03:00,0.0,27.3,23.1,28.3,78,3.8,南南西,0.0,0.0,快晴,30.0
2025727,04:00,0.0,26.9,23.4,28.7,81,3.4,南南西,0.0,0.0,,
2025727,05:00,0.0,26.9,23.0,28.0,79,2.6,南西,0.0,0.01,,
2025727,06:00,0.0,27.5,23.7,29.4,80,2.2,南,0.6,0.28,晴れ,25.0
2025727,07:00,0.0,28.6,24.0,29.8,76,1.9,南西,1.0,0.94,,
2025727,08:00,0.0,30.7,24.1,30.0,68,2.4,西南西,1.0,1.66,,
2025727,09:00,0.0,31.8,23.9,29.6,63,1.6,南,1.0,2.37,晴れ,20.0
2025727,10:00,0.0,31.7,23.3,28.5,61,1.8,西,0.6,2.06,,
2025727,11:00,0.0,32.5,25.1,31.8,65,4.9,南東,0.9,2.73,,
2025727,12:00,0.0,33.0,25.0,31.7,63,5.0,南南東,0.5,2.22,薄曇,30.0
2025727,13:00,0.0,33.6,25.6,32.8,63,5.4,南東,1.0,3.01,,
2025727,14:00,0.0,33.2,24.7,31.0,61,5.9,南東,1.0,2.99,,
2025727,15:00,0.0,32.1,25.2,32.1,67,4.3,南東,1.0,2.45,薄曇,35.0
2025727,16:00,0.0,30.9,25.0,31.7,71,4.3,南南東,0.8,1.63,,
2025727,17:00,0.0,30.1,24.5,30.7,72,4.4,南,0.6,0.82,,
2025727,18:00,0.0,29.5,24.4,30.5,74,5.4,南,0.4,0.38,薄曇,30.0
2025727,19:00,0.0,28.1,24.3,30.4,80,5.1,南,0.1,0.09,,
2025727,20:00,0.0,27.8,24.5,30.6,82,2.7,南,0.0,0.00,,
2025727,21:00,0.0,27.2,24.3,30.3,84,2.3,南南東,0.0,0.0,晴れ,30.0
2025727,22:00,0.0,27.4,23.9,29.6,81,2.9,南南東,0.0,0.0,,
2025727,23:00,0.0,27.2,23.5,28.9,80,2.4,南,0.0,0.0,,
2025727,24:00,0.0,27.0,23.1,28.2,79,3.0,南,0.0,0.0,,
2025729,01:00,0.0,26.1,24.0,29.8,88,3.3,南西,0.0,0.0,晴れ,20.0
2025729,02:00,0.0,25.8,23.9,29.6,89,2.3,南西,0.0,0.0,晴れ,20.0
2025729,03:00,0.0,25.7,24.1,30.1,91,1.6,南西,0.0,0.0,晴れ,20.0
2025729,04:00,0.0,25.4,24.2,30.2,93,1.9,西南西,0.0,0.0,晴れ,20.0
2025729,05:00,0.0,25.5,24.1,30.0,92,1.2,西北西,0.0,0.0,晴れ,20.0
2025729,06:00,0.0,26.2,24.2,30.3,89,2.3,北,1.0,0.0,晴れ,20.0
2025729,07:00,0.0,27.2,24.5,30.7,85,1.4,北東,1.0,0.0,晴れ,20.0
2025729,08:00,0.0,29.4,25.2,32.0,78,1.7,東北東,1.0,0.0,晴れ,20.0
2025729,09:00,0.0,29.6,24.5,30.7,74,2.9,東南東,1.0,0.0,晴れ,20.0
2025729,10:00,0.0,30.6,24.3,30.3,69,3.1,東南東,1.0,0.0,晴れ,20.0
2025729,11:00,0.0,32.0,23.0,28.1,59,3.5,東,1.0,0.0,晴れ,13.3
2025729,12:00,0.0,33.7,21.8,26.2,50,3.4,東,1.0,0.0,晴れ,20.0
2025729,13:00,0.0,34.1,21.9,26.2,49,3.4,東南東,1.0,0.0,晴れ,20.0
2025729,14:00,0.0,35.5,21.7,26.0,45,3.6,東南東,1.0,0.0,晴れ,20.0
2025729,15:00,0.0,34.2,21.3,25.3,47,3.9,東南東,1.0,0.0,晴れ,20.0
2025729,16:00,0.0,33.5,21.3,25.4,49,3.8,東南東,1.0,0.0,晴れ,20.0
2025729,17:00,0.0,32.6,19.5,22.6,46,2.6,東南東,1.0,0.0,晴れ,20.0
2025729,18:00,0.0,31.1,21.9,26.2,58,3.9,東,1.0,0.0,晴れ,20.0
2025729,19:00,0.0,29.7,22.7,27.5,66,4.4,東,0.4,0.0,晴れ,20.0
2025729,20:00,0.0,28.8,23.3,28.5,72,4.0,東,0.0,0.0,晴れ,20.0
2025729,21:00,0.0,27.9,23.1,28.2,75,3.8,東,0.0,0.0,晴れ,20.0
2025729,22:00,0.0,27.6,23.4,28.8,78,2.5,東,0.0,0.0,晴れ,20.0
2025729,23:00,0.0,27.7,23.5,29.0,78,1.9,東北東,0.0,0.0,晴れ,20.0
2025729,24:00,0.0,27.5,23.5,29.0,79,2.4,東,0.0,0.0,晴れ,20.0
2025730,01:00,0.0,27.4,23.6,29.2,80,2.4,東北東,0.0,0.0,晴れ,20.0
2025730,02:00,0.0,27.1,23.4,28.7,80,1.9,東北東,0.0,0.0,晴れ,20.0
2025730,03:00,0.0,26.8,23.7,29.3,83,2.1,東北東,0.0,0.0,晴れ,20.0
2025730,04:00,0.0,26.3,23.4,28.8,84,2.0,東北東,0.0,0.0,晴れ,20.0
2025730,05:00,0.0,26.7,23.6,29.1,83,2.0,北,0.0,0.0,晴れ,20.0
2025730,06:00,0.0,26.7,23.2,28.4,81,2.9,北,1.0,0.0,晴れ,20.0
2025730,07:00,0.0,27.9,23.3,28.6,76,1.6,北北東,1.0,0.0,晴れ,20.0
2025730,08:00,0.0,29.8,23.5,29.0,69,1.8,北北東,0.9,0.0,晴れ,20.0
2025730,09:00,0.0,30.5,22.9,28.0,64,2.5,北北東,0.9,0.0,晴れ,20.0
2025730,10:00,0.0,31.1,24.7,31.2,69,6.5,東,0.8,0.0,晴れ,20.0
2025730,11:00,0.0,32.2,23.5,28.9,60,6.2,東北東,1.0,0.0,晴れ,20.0
2025730,12:00,0.0,32.7,23.9,29.7,60,5.4,東,1.0,0.0,晴れ,20.0
2025730,13:00,0.0,33.7,24.0,29.8,57,6.8,東,1.0,0.0,晴れ,20.0
2025730,14:00,0.0,32.9,23.3,28.5,57,8.0,東,1.0,0.0,晴れ,20.0
2025730,15:00,0.0,32.9,22.4,27.0,54,5.4,東,1.0,0.0,晴れ,20.0
2025730,16:00,0.0,32.3,22.4,27.1,56,5.0,東北東,1.0,0.0,晴れ,20.0
2025730,17:00,0.0,31.7,23.0,28.1,60,5.8,東,1.0,0.0,晴れ,20.0
2025730,18:00,0.0,30.3,22.7,27.6,64,3.3,東北東,1.0,0.0,晴れ,20.0
2025730,19:00,0.0,29.4,23.1,28.3,69,3.0,東北東,0.3,0.0,晴れ,20.0
2025730,20:00,0.0,28.8,23.5,28.9,73,3.9,東北東,0.0,0.0,晴れ,10.6
2025730,21:00,0.0,28.1,23.5,28.9,76,2.1,北東,0.0,0.0,晴れ,20.0
2025730,22:00,0.0,27.5,23.5,29.0,79,2.3,北,0.0,0.0,晴れ,20.0
2025730,23:00,0.0,27.3,23.1,28.3,78,2.2,北北東,0.0,0.0,晴れ,20.0
2025730,24:00,0.0,27.3,23.1,28.3,78,1.4,北北東,0.0,0.0,晴れ,20.0
2025731,01:00,0.0,27.0,22.8,27.8,78,1.5,北東,0.0,0.0,晴れ,20.0
2025731,02:00,0.0,26.2,22.5,27.2,80,1.9,北北東,0.0,0.0,晴れ,20.0
2025731,03:00,0.0,25.9,22.2,26.7,80,1.4,北北東,0.0,0.0,晴れ,20.0
2025731,04:00,0.0,25.9,22.4,27.1,81,2.1,北北東,0.0,0.0,晴れ,20.0
2025731,05:00,0.0,26.1,22.4,27.1,80,2.0,北,0.0,0.0,晴れ,20.0
2025731,06:00,0.0,26.2,23.1,28.2,83,1.7,北北東,0.7,0.0,晴れ,20.0
2025731,07:00,0.0,27.1,22.5,27.3,76,4.1,北,1.0,0.0,晴れ,20.0
2025731,08:00,0.0,27.4,22.4,27.0,74,2.1,北東,0.2,0.0,晴れ,20.0
2025731,09:00,0.0,29.0,22.7,27.7,69,2.5,北東,0.7,0.0,曇,19.2
2025731,10:00,0.0,29.6,22.3,27.0,65,2.3,北東,0.6,0.0,曇,20.0
2025731,11:00,0.0,31.0,22.3,27.0,60,2.6,北東,0.5,0.0,晴れ,20.0
2025731,12:00,0.0,30.0,22.7,27.6,65,6.7,東,0.7,0.0,晴れ,20.0
2025731,13:00,0.0,31.9,22.3,27.0,57,3.9,東北東,0.7,0.0,晴れ,20.0
2025731,14:00,0.0,31.8,22.2,26.8,57,4.9,東北東,1.0,0.0,晴れ,20.0
2025731,15:00,0.0,31.9,22.0,26.5,56,4.8,東北東,1.0,0.0,晴れ,20.0
2025731,16:00,0.0,31.0,21.2,25.2,56,6.7,東,1.0,0.0,晴れ,20.0
2025731,17:00,0.0,30.5,20.4,24.0,55,4.9,東北東,1.0,0.0,晴れ,20.0
2025731,18:00,0.0,29.4,20.8,24.6,60,3.7,東北東,1.0,0.0,晴れ,20.0
2025731,19:00,0.0,28.2,21.5,25.6,67,2.6,東北東,0.3,0.0,晴れ,20.0
2025731,20:00,0.0,27.6,21.9,26.2,71,3.1,東北東,0.0,0.0,晴れ,20.0
2025731,21:00,0.0,27.2,21.5,25.6,71,2.6,北,0.0,0.0,晴れ,20.0
2025731,22:00,0.0,26.9,21.7,25.9,73,2.6,北,0.0,0.0,晴れ,20.0
2025731,23:00,0.0,26.4,21.2,25.1,73,3.2,北,0.0,0.0,晴れ,20.0
2025731,24:00,0.0,26.3,20.6,24.3,71,3.4,北,0.0,0.0,晴れ,20.0
202581,01:00,0.0,25.2,20.9,24.7,77,3.3,北,0.0,0.0,,
202581,02:00,0.0,25.7,20.5,24.1,73,2.0,北,0.0,0.0,,
202581,03:00,0.0,25.9,20.2,23.7,71,2.0,北,0.0,0.0,曇,30.0
202581,04:00,0.0,25.7,20.3,23.8,72,2.9,北,0.0,0.0,,
202581,05:00,0.0,25.3,20.8,24.5,76,2.2,北,0.0,0.00,,
202581,06:00,0.0,24.9,21.2,25.2,80,2.6,北,0.0,0.09,雨,30.0
202581,07:00,0.0,23.8,21.7,26.0,88,2.5,北,0.0,0.29,,
202581,08:00,0.0,24.7,21.8,26.1,84,3.1,北,0.0,0.44,,
202581,09:00,0.0,24.1,22.2,26.7,89,2.7,北北西,0.0,0.52,雨,6.00
202581,10:00,0.0,25.7,22.2,26.8,81,3.7,北北西,0.0,0.65,,
202581,11:00,0.0,28.2,22.4,27.2,71,2.6,北北西,0.3,2.19,,
202581,12:00,0.0,29.0,23.2,28.5,71,2.4,北,0.3,1.69,曇,15.0
202581,13:00,0.0,29.5,23.5,28.9,70,4.1,北北東,0.0,0.91,,
202581,14:00,4.5,26.7,26.2,34.0,97,3.9,北北東,0.0,0.48,,
202581,15:00,0.0,27.1,25.5,32.6,91,4.2,北,0.0,0.97,雨,10.0
202581,16:00,1.5,26.2,25.5,32.7,96,3.1,北,0.0,0.39,,
202581,17:00,0.0,26.9,25.7,33.0,93,3.2,北北東,0.0,0.38,,
202581,18:00,0.0,26.9,25.5,32.6,92,3.7,北,0.0,0.11,雨,25.0
202581,19:00,0.0,27.2,25.2,32.1,89,3.7,北,0.0,0.05,,
202581,20:00,0.0,27.2,25.0,31.8,88,3.4,北北西,0.0,0.00,,
202581,21:00,0.0,27.4,24.7,31.0,85,3.8,北北西,0.0,0.0,曇,30.0
202581,22:00,0.0,26.8,24.3,30.3,86,4.3,北北西,0.0,0.0,,
202581,23:00,0.0,26.7,24.0,29.8,85,4.4,北北西,0.0,0.0,,
202581,24:00,0.0,27.4,23.6,29.2,80,4.4,北北西,0.0,0.0,,
202582,01:00,2.5,25.9,24.1,30.1,90,4.2,北北西,0.0,0.0,,
202582,02:00,4.0,25.4,24.5,30.8,95,4.9,北西,0.0,0.0,,
202582,03:00,0.5,25.4,24.7,31.2,96,4.2,北西,0.0,0.0,雨,20.0
202582,04:00,3.0,25.1,24.6,30.9,97,4.6,北西,0.0,0.0,,
202582,05:00,9.0,25.1,24.8,31.2,98,4.1,北北西,0.0,0.00,,
202582,06:00,1.0,25.2,24.3,30.5,95,3.5,北,0.0,0.10,雨,20.0
202582,07:00,0.0,25.8,24.9,31.6,95,3.0,北西,0.0,0.20,,
202582,08:00,0.5,26.9,25.9,33.3,94,1.9,南西,0.0,0.67,,
202582,09:00,0.0,27.9,26.8,35.3,94,1.0,西,0.0,0.81,曇,40.0
202582,10:00,0.0,30.2,26.4,34.4,80,2.4,南,0.0,1.33,,
202582,11:00,0.0,32.5,25.8,33.3,68,2.8,南,0.5,2.49,,
202582,12:00,0.0,34.4,25.5,32.7,60,4.0,南,0.6,2.76,晴れ,25.0
202582,13:00,0.0,34.1,26.6,34.8,65,5.1,南南東,1.0,3.17,,
202582,14:00,0.0,34.1,26.6,34.8,65,4.9,南南東,1.0,3.21,,
202582,15:00,0.0,33.7,27.0,35.6,68,4.8,南南東,0.7,2.18,晴れ,15.0
202582,16:00,0.0,31.5,26.5,34.7,75,4.3,南南東,0.6,1.86,,
202582,17:00,0.0,30.7,26.2,34.0,77,4.0,南南東,0.8,1.24,,
202582,18:00,0.0,29.8,26.2,34.0,81,3.4,南東,0.2,0.24,晴れ,15.0
202582,19:00,0.0,28.8,25.8,33.3,84,2.8,南南東,0.1,0.08,,
202582,20:00,0.0,28.6,26.0,33.7,86,4.4,南南東,0.0,0.00,,
202582,21:00,0.0,28.0,26.0,33.7,89,4.2,南東,0.0,0.0,曇,15.0
202582,22:00,0.0,28.1,25.9,33.5,88,2.4,南,0.0,0.0,,
202582,23:00,0.0,27.9,25.9,33.5,89,3.8,南東,0.0,0.0,,
202582,24:00,0.0,27.4,25.6,32.9,90,3.8,南南東,0.0,0.0,,
202583,01:00,0.0,27.6,25.6,32.9,89,1.7,南東,0.0,0.0,,
202583,02:00,0.0,27.2,25.8,33.2,92,1.8,南南東,0.0,0.0,,
202583,03:00,0.0,27.1,25.7,33.0,92,2.1,南南東,0.0,0.0,曇,15.0
202583,04:00,0.0,26.3,25.4,32.5,95,1.6,南,0.0,0.0,,
202583,05:00,0.0,26.5,25.5,32.6,94,1.4,東北東,0.0,0.00,,
202583,06:00,0.0,27.5,25.7,33.1,90,1.0,北,0.4,0.21,晴れ,15.0
202583,07:00,0.0,28.4,25.4,32.5,84,2.4,北,0.4,0.63,,
202583,08:00,0.0,29.8,24.7,31.1,74,3.3,北北東,0.6,1.30,,
202583,09:00,0.0,30.0,25.3,32.3,76,2.4,北北西,0.4,1.29,曇,15.0
202583,10:00,0.0,31.7,25.3,32.3,69,2.4,北,0.4,1.71,,
202583,11:00,0.0,34.5,25.9,33.4,61,3.0,北北東,0.7,2.62,,
202583,12:00,0.0,33.5,24.7,31.1,60,2.2,北北西,0.7,2.89,晴れ,15.0
202583,13:00,0.0,33.3,25.0,31.7,62,3.0,東北東,0.6,2.38,,
202583,14:00,0.0,35.1,24.4,30.6,54,2.3,北東,0.9,2.82,,
202583,15:00,0.0,36.1,26.5,34.7,58,3.8,北東,0.9,2.55,晴れ,30.0
202583,16:00,0.0,34.3,26.0,33.6,62,2.8,東北東,0.7,1.66,,
202583,17:00,0.0,32.3,24.9,31.5,65,2.4,南南東,0.4,0.85,,
202583,18:00,0.0,31.6,25.2,32.1,69,3.5,南南東,0.0,0.16,曇,25.0
202583,19:00,0.0,31.1,25.2,32.1,71,2.9,南南東,0.0,0.03,,
202583,20:00,0.0,30.0,25.7,33.1,78,3.7,南南東,0.0,0.00,,
202583,21:00,0.0,29.5,26.5,34.6,84,4.6,南南東,0.0,0.0,薄曇,25.0
202583,22:00,0.0,29.2,26.4,34.5,85,2.8,南東,0.0,0.0,,
202583,23:00,0.0,28.8,26.4,34.5,87,2.4,南南東,0.0,0.0,,
202583,24:00,0.0,28.6,26.2,34.1,87,2.2,南南東,0.0,0.0,,
202585,01:00,0.0,29.1,22.8,27.8,69,3.7,南南西,0.0,0.0,,
202585,02:00,0.0,29.3,22.8,27.7,68,3.4,南南西,0.0,0.0,,
202585,03:00,0.0,29.0,22.7,27.7,69,3.9,南南西,0.0,0.0,快晴,15.0
202585,04:00,0.0,28.9,23.1,28.3,71,2.9,南,0.0,0.0,,
202585,05:00,0.0,28.6,23.1,28.2,72,3.9,南南西,0.0,0.00,,
202585,06:00,0.0,28.9,23.3,28.7,72,1.9,南,0.4,0.20,晴れ,15.0
202585,07:00,0.0,30.3,23.2,28.5,66,3.3,南,1.0,0.89,,
202585,08:00,0.0,32.1,24.7,31.1,65,3.1,南南西,0.9,1.57,,
202585,09:00,0.0,33.9,24.8,31.2,59,2.4,南南西,1.0,2.18,晴れ,15.0
202585,10:00,0.0,35.2,24.2,30.2,53,1.3,西南西,1.0,2.55,,
202585,11:00,0.0,36.2,24.5,30.7,51,1.5,南,0.9,2.85,,
202585,12:00,0.0,35.6,25.8,33.2,57,5.9,南東,1.0,3.27,晴れ,10.0
202585,13:00,0.0,36.3,27.6,36.9,61,4.6,南南東,1.0,3.20,,
202585,14:00,0.0,36.2,27.2,36.1,60,3.4,南東,1.0,2.96,,
202585,15:00,0.0,36.3,27.0,35.7,59,4.1,南南東,1.0,2.54,晴れ,10.0
202585,16:00,0.0,35.0,26.1,33.8,60,4.3,南南東,1.0,1.90,,
202585,17:00,0.0,34.4,26.3,34.3,63,3.4,南南東,0.8,0.97,,
202585,18:00,0.0,32.5,26.3,34.3,70,4.0,南南東,0.8,0.44,晴れ,15.0
202585,19:00,0.0,31.8,26.1,33.9,72,3.2,南東,0.0,0.06,,
202585,20:00,0.0,31.1,26.1,33.9,75,2.8,南南東,0.0,0.00,,
202585,21:00,0.0,31.0,26.1,33.7,75,2.0,南東,0.0,0.0,晴れ,10.0
202585,22:00,0.0,30.7,26.2,34.0,77,1.7,南東,0.0,0.0,,
202585,23:00,0.0,29.5,26.3,34.2,83,1.2,南東,0.0,0.0,,
202585,24:00,0.0,29.2,26.4,34.5,85,1.1,南南東,0.0,0.0,,
202586,01:00,0.0,30.9,26.2,34.0,76,1.8,北北西,0.0,0.0,,
202586,02:00,0.0,30.1,25.8,33.3,78,2.4,西北西,0.0,0.0,,
202586,03:00,0.0,29.4,26.2,34.0,83,1.0,北北西,0.0,0.0,薄曇,15.0
202586,04:00,0.0,30.1,26.1,33.7,79,1.4,北,0.0,0.0,,
202586,05:00,0.0,29.0,26.0,33.7,84,1.2,西北西,0.0,0.01,,
202586,06:00,0.0,29.3,26.7,35.1,86,0.9,北西,0.2,0.16,晴れ,15.0
202586,07:00,0.0,31.2,26.2,34.1,75,0.8,西北西,0.9,0.85,,
202586,08:00,0.0,32.7,26.8,35.1,71,1.7,北北東,0.6,1.34,,
202586,09:00,0.0,33.7,26.5,34.5,66,1.6,南東,0.9,1.95,晴れ,15.0
202586,10:00,0.0,34.2,26.4,34.4,64,1.9,南,1.0,2.60,,
202586,11:00,0.0,35.9,26.9,35.5,60,3.5,南南東,1.0,3.12,,
202586,12:00,0.0,36.1,27.4,36.5,61,4.3,南南東,0.7,2.32,晴れ,10.0
202586,13:00,0.0,35.6,26.3,34.3,59,3.5,南東,1.0,2.67,,
202586,14:00,0.0,35.6,25.2,32.0,55,4.7,南南東,0.9,2.38,,
202586,15:00,0.0,36.2,24.1,30.1,50,3.5,南南東,1.0,2.57,薄曇,10.0
202586,16:00,0.0,36.0,25.2,32.1,54,3.0,南,0.5,1.46,,
202586,17:00,0.0,35.2,25.1,31.9,56,4.0,南東,0.9,1.30,,
202586,18:00,0.0,33.3,25.3,32.2,63,2.5,南南東,0.4,0.43,薄曇,15.0
202586,19:00,0.0,31.8,26.1,33.9,72,5.1,北東,0.0,0.04,,
202586,20:00,0.0,31.0,23.1,28.3,63,2.3,東,0.0,0.00,,
202586,21:00,0.0,30.2,22.1,26.6,62,1.3,北北西,0.0,0.0,晴れ,20.0
202586,22:00,0.0,29.7,22.9,28.0,67,1.8,西北西,0.0,0.0,,
202586,23:00,0.0,29.4,24.1,29.9,73,2.9,北北西,0.0,0.0,,
202586,24:00,0.0,28.4,24.0,29.8,77,1.0,北東,0.0,0.0,,
202587,01:00,0.0,28.1,24.1,30.0,79,0.8,西南西,0.0,0.0,,
202587,02:00,0.0,27.8,24.2,30.3,81,1.3,南南東,0.0,0.0,,
202587,03:00,0.0,28.6,24.6,30.9,79,2.8,南,0.0,0.0,晴れ,20.0
202587,04:00,0.0,27.5,25.0,31.6,86,0.6,東南東,0.0,0.0,,
202587,05:00,0.0,27.4,24.7,31.0,85,1.5,北,0.0,0.00,,
202587,06:00,0.0,28.0,25.4,32.5,86,1.2,北北西,0.1,0.15,曇,10.0
202587,07:00,0.0,28.8,25.4,32.5,82,2.4,北西,0.0,0.31,,
202587,08:00,0.0,30.8,25.6,32.9,74,1.8,北,0.6,1.08,,
202587,09:00,0.0,30.4,25.5,32.6,75,2.9,北西,0.2,1.07,曇,15.0
202587,10:00,0.0,29.0,25.0,31.7,79,3.8,北北西,0.1,0.82,,
202587,11:00,0.0,29.1,25.1,31.8,79,3.4,北北東,0.0,0.79,,
202587,12:00,0.0,28.4,24.2,30.2,78,1.5,西,0.0,0.73,雨,20.0
202587,13:00,0.0,29.7,23.9,29.6,71,0.8,北東,0.2,1.78,,
202587,14:00,0.0,30.9,24.1,29.9,67,1.8,南,0.4,1.87,,
202587,15:00,0.0,32.5,24.8,31.3,64,2.6,南南東,0.4,1.47,曇,15.0
202587,16:00,0.0,31.6,25.0,31.6,68,2.8,南東,0.2,0.90,,
202587,17:00,0.0,32.0,24.6,30.9,65,2.1,南西,0.8,0.94,,
202587,18:00,0.0,31.6,24.2,30.2,65,2.2,南,0.1,0.18,薄曇,20.0
202587,19:00,0.0,30.4,24.3,30.4,70,2.3,北北東,0.0,0.07,,
202587,20:00,0.0,30.1,24.5,30.7,72,3.1,北,0.0,0.00,,
202587,21:00,0.0,29.5,24.4,30.5,74,1.6,北北東,0.0,0.0,曇,20.0
202587,22:00,0.0,28.7,24.7,31.1,79,1.7,北,0.0,0.0,,
202587,23:00,0.0,29.1,24.4,30.6,76,1.8,北北西,0.0,0.0,,
202587,24:00,0.0,28.7,24.5,30.7,78,1.7,北,0.0,0.0,,
202588,01:00,0.0,25.7,22.2,26.8,81,1.6,北北東,0.0,0.0,,
202588,02:00,0.0,26.0,22.5,27.2,81,0.8,北,0.0,0.0,,
202588,03:00,0.0,26.0,22.7,27.6,82,1.0,北北東,0.0,0.0,曇,15.0
202588,04:00,0.0,25.9,23.2,28.4,85,1.9,北東,0.0,0.0,,
202588,05:00,0.0,25.7,23.4,28.7,87,1.6,北北東,0.0,0.00,,
202588,06:00,0.0,25.9,23.0,28.1,84,1.0,東北東,0.1,0.09,薄曇,15.0
202588,07:00,0.0,26.6,23.1,28.2,81,1.1,北北東,0.4,0.46,,
202588,08:00,0.0,27.7,22.9,27.9,75,1.2,北北東,0.4,0.85,,
202588,09:00,0.0,28.4,22.6,27.5,71,1.4,東北東,0.6,1.39,曇,25.0
202588,10:00,0.0,28.9,22.2,26.7,67,0.9,北西,0.1,0.79,,
202588,11:00,0.0,30.6,21.7,25.9,59,1.9,南南西,0.1,1.14,,
202588,12:00,0.0,31.1,20.1,23.5,52,2.2,西,0.3,1.93,曇,30.0
202588,13:00,0.0,32.6,19.8,23.1,47,1.8,西南西,0.9,3.14,,
202588,14:00,0.0,33.4,20.9,24.7,48,2.2,西,0.9,3.14,,
202588,15:00,0.0,33.4,20.9,24.7,48,3.1,西南西,0.8,2.43,晴れ,30.0
202588,16:00,0.0,32.5,20.4,24.0,49,2.1,南西,1.0,2.13,,
202588,17:00,0.0,31.9,20.2,23.7,50,3.5,西南西,0.5,0.98,,
202588,18:00,0.0,28.8,21.8,26.1,66,3.1,北西,0.0,0.16,雨,10.0
202588,19:00,0.0,28.5,21.3,25.3,65,2.5,北東,0.0,0.03,,
202588,20:00,0.0,28.4,21.7,25.9,67,2.8,北北東,0.0,0.00,,
202588,21:00,0.0,27.9,21.5,25.6,68,3.8,北北東,0.0,0.0,曇,15.0
202588,22:00,0.0,27.2,21.3,25.3,70,1.4,東北東,0.0,0.0,,
202588,23:00,0.0,27.0,21.8,26.0,73,1.6,北北東,0.0,0.0,,
202588,24:00,0.0,26.9,21.7,25.9,73,1.7,北北東,0.0,0.0,,
202589,01:00,0.0,26.8,22.0,26.4,75,1.7,北北東,0.0,0.0,,
202589,02:00,0.0,26.6,21.8,26.1,75,2.7,北北東,0.0,0.0,,
202589,03:00,0.0,26.1,22.4,27.1,80,2.0,北,0.0,0.0,曇,20.0
202589,04:00,0.0,25.8,22.7,27.6,83,1.8,北北東,0.0,0.0,,
202589,05:00,0.0,25.4,22.3,26.9,83,2.2,北北東,0.0,0.00,,
202589,06:00,0.0,25.3,22.2,26.8,83,2.1,北北東,0.0,0.06,薄曇,15.0
202589,07:00,0.0,25.9,20.9,24.7,74,2.0,北北東,0.0,0.43,,
202589,08:00,0.0,27.3,21.8,26.1,72,1.6,北,0.4,1.06,,
202589,09:00,0.0,28.0,21.5,25.7,68,1.6,北北東,0.5,1.46,曇,20.0
202589,10:00,0.0,28.9,22.2,26.7,67,1.2,南南西,0.0,1.12,,
202589,11:00,0.0,30.4,22.3,26.9,62,1.6,北,0.1,1.50,,
202589,12:00,0.0,30.6,21.7,25.9,59,1.3,西北西,0.3,1.82,曇,20.0
202589,13:00,0.0,32.4,21.3,25.3,52,2.4,西南西,0.4,2.15,,
202589,14:00,0.0,32.2,20.1,23.6,49,3.3,西南西,0.8,2.75,,
202589,15:00,0.0,32.3,21.8,26.1,54,3.9,南南西,0.5,1.98,晴れ,25.0
202589,16:00,0.0,31.0,22.1,26.5,59,4.7,西南西,0.7,1.88,,
202589,17:00,0.0,29.6,23.3,28.6,69,5.3,南西,0.1,0.68,,
202589,18:00,0.0,28.9,22.9,27.9,70,3.4,南西,0.0,0.13,曇,25.0
202589,19:00,0.0,28.6,23.1,28.2,72,3.6,南西,0.0,0.03,,
202589,20:00,0.0,27.7,23.5,29.0,78,3.0,南西,0.0,0.00,,
202589,21:00,0.0,28.0,22.5,27.2,72,2.3,南西,0.0,0.0,曇,25.0
202589,22:00,0.0,28.3,22.3,26.9,70,3.0,南西,0.0,0.0,,
202589,23:00,0.0,28.5,21.0,24.9,64,1.4,南西,0.0,0.0,,
202589,24:00,0.0,28.5,20.8,24.5,63,1.9,南西,0.0,0.0,,
2025810,01:00,0.0,28.3,21.1,25.0,65,1.5,南南東,0.0,0.0,,
2025810,02:00,0.0,28.3,20.3,23.9,62,1.2,南南西,0.0,0.0,,
2025810,03:00,0.0,28.8,21.1,25.0,63,0.3,東,0.0,0.0,曇,25.0
2025810,04:00,0.0,28.9,22.4,27.1,68,0.5,南南東,0.0,0.0,,
2025810,05:00,0.0,29.1,23.5,29.0,72,1.3,南西,0.0,0.00,,
2025810,06:00,0.0,29.5,23.9,29.7,72,2.1,南南西,0.0,0.01,曇,25.0
2025810,07:00,0.0,30.0,23.7,29.3,69,3.8,南南西,0.0,0.26,,
2025810,08:00,0.0,30.6,23.3,28.6,65,3.5,南南西,0.0,0.63,,
2025810,09:00,0.0,30.6,23.3,28.6,65,5.2,南南西,0.0,0.58,曇,30.0
2025810,10:00,0.0,30.7,23.6,29.2,66,5.3,南南西,0.0,0.41,,
2025810,11:00,0.0,30.9,23.6,29.1,65,6.9,南南西,0.0,0.67,,
2025810,12:00,0.0,29.9,24.1,30.0,71,6.5,南南西,0.0,0.55,雨,15.0
2025810,13:00,0.0,30.0,24.9,31.4,74,4.9,南南西,0.0,0.70,,
2025810,14:00,0.0,30.7,24.1,30.0,68,6.2,南南西,0.0,0.76,,
2025810,15:00,0.0,30.7,24.1,30.0,68,5.7,南南西,0.0,0.52,雨,15.0
2025810,16:00,0.0,30.8,24.2,30.2,68,5.6,南南西,0.0,0.46,,
2025810,17:00,1.0,29.2,24.8,31.2,77,5.0,南南西,0.0,0.17,,
2025810,18:00,0.5,28.2,24.6,31.0,81,5.0,南南西,0.0,0.06,雨,10.0
2025810,19:00,1.0,28.2,24.8,31.4,82,3.9,南南西,0.0,0.00,,
2025810,20:00,2.0,27.8,25.6,32.9,88,3.0,南西,0.0,0.00,,
2025810,21:00,1.0,27.7,25.3,32.3,87,4.8,南南西,0.0,0.0,雨,10.0
2025810,22:00,0.0,27.2,24.3,30.3,84,3.1,南西,0.0,0.0,,
2025810,23:00,0.5,27.6,23.8,29.6,80,2.1,南南西,0.0,0.0,,
2025810,24:00,0.0,28.7,22.7,27.6,70,4.3,南南西,0.0,0.0,,
2025811,01:00,3.0,25.8,25.6,32.9,99,3.9,南南西,0.0,0.0,,
2025811,02:00,1.0,26.0,25.5,32.6,97,5.2,南南西,0.0,0.0,,
2025811,03:00,1.5,26.1,25.9,33.5,99,5.2,南,0.0,0.0,雨,15.0
2025811,04:00,0.5,26.2,25.9,33.3,98,5.8,南,0.0,0.0,,
2025811,05:00,0.0,26.3,25.8,33.2,97,5.6,南,0.0,0.00,,
2025811,06:00,0.0,26.1,25.2,32.1,95,4.9,南,0.0,0.03,曇,15.0
2025811,07:00,0.0,26.7,25.7,32.9,94,5.8,南,0.0,0.11,,
2025811,08:00,0.0,27.4,25.6,32.9,90,5.9,南,0.0,0.43,,
2025811,09:00,0.5,27.0,25.2,32.1,90,4.6,南,0.0,0.42,雨,10.0
2025811,10:00,1.0,26.5,25.6,32.9,95,4.5,南,0.0,0.43,,
2025811,11:00,2.5,26.3,25.8,33.2,97,7.2,南,0.0,0.53,,
2025811,12:00,0.0,29.2,26.8,35.3,87,6.1,南,0.5,2.23,曇,10.0
2025811,13:00,0.5,27.1,25.5,32.6,91,5.8,南,0.0,1.17,,
2025811,14:00,1.0,27.0,26.0,33.5,94,5.1,南,0.0,1.11,,
2025811,15:00,0.0,27.1,24.9,31.6,88,6.2,南,0.0,0.74,雨,10.0
2025811,16:00,0.0,27.4,24.5,30.7,84,5.9,南,0.0,0.47,,
2025811,17:00,0.0,27.3,25.1,31.9,88,5.2,南,0.0,0.21,,
2025811,18:00,0.0,27.8,25.1,31.8,85,6.8,南,0.0,0.08,雨,15.0
2025811,19:00,0.0,27.8,24.9,31.4,84,5.3,南,0.0,0.01,,
2025811,20:00,0.0,27.9,24.8,31.2,83,4.9,南,0.0,0.00,,
2025811,21:00,0.0,27.9,24.8,31.2,83,6.7,南,0.0,0.0,曇,20.0
2025811,22:00,0.0,28.1,24.7,31.2,82,5.3,南,0.0,0.0,,
2025811,23:00,0.0,27.9,24.5,30.8,82,5.5,南,0.0,0.0,,
2025811,24:00,0.0,27.7,24.8,31.2,84,5.8,南,0.0,0.0,,
2025812,01:00,0.0,27.7,24.6,30.8,83,6.3,南,0.0,0.0,,
2025812,02:00,0.0,27.9,24.5,30.8,82,6.8,南,0.0,0.0,,
2025812,03:00,0.0,27.8,24.7,31.0,83,6.5,南,0.0,0.0,曇,25.0
2025812,04:00,0.0,28.0,24.4,30.6,81,6.8,南,0.0,0.0,,
2025812,05:00,0.0,27.9,23.9,29.7,79,6.5,南,0.0,0.00,,
2025812,06:00,0.0,28.4,23.8,29.4,76,6.4,南南西,0.0,0.03,曇,20.0
2025812,07:00,0.0,28.2,23.8,29.5,77,4.7,南,0.0,0.16,,
2025812,08:00,0.0,28.3,24.3,30.4,79,6.7,南南西,0.0,0.28,,
2025812,09:00,0.0,28.7,24.5,30.7,78,6.1,南南西,0.0,0.39,雨,20.0
2025812,10:00,0.0,29.0,24.6,30.9,77,5.5,南南西,0.0,0.55,,
2025812,11:00,0.0,29.6,25.1,31.9,77,4.7,南,0.0,0.69,,
2025812,12:00,0.0,30.0,25.1,31.8,75,4.8,南南西,0.2,1.43,曇,25.0
2025812,13:00,0.0,29.4,25.2,32.0,78,3.4,南南西,0.0,0.77,,
2025812,14:00,0.0,29.7,25.2,32.1,77,3.5,南西,0.0,0.84,,
2025812,15:00,0.0,29.7,25.2,32.1,77,2.8,南南西,0.0,0.83,曇,25.0
2025812,16:00,0.0,29.9,24.5,30.8,73,3.3,南南西,0.0,0.55,,
2025812,17:00,0.0,29.0,24.6,30.9,77,3.7,南,0.0,0.26,,
2025812,18:00,0.0,28.4,24.8,31.4,81,4.0,南南西,0.0,0.10,雨,20.0
2025812,19:00,0.5,26.4,25.4,32.4,94,2.1,南,0.0,0.00,,
2025812,20:00,0.5,26.3,25.4,32.5,95,2.5,南南西,0.0,0.00,,
2025812,21:00,0.0,26.1,25.4,32.5,96,1.9,西南西,0.0,0.0,雨,20.0
2025812,22:00,0.0,26.6,26.1,33.8,97,2.7,西北西,0.0,0.0,,
2025812,23:00,0.0,26.3,25.8,33.2,97,2.3,西北西,0.0,0.0,,
2025812,24:00,0.0,26.3,25.4,32.5,95,1.4,北北西,0.0,0.0,,
2025813,01:00,0.0,26.1,25.2,32.1,95,3.0,北北東,0.0,0.0,,
2025813,02:00,0.0,25.6,24.7,31.2,95,1.7,北北東,0.0,0.0,,
2025813,03:00,0.0,25.7,24.8,31.4,95,1.0,北,0.0,0.0,曇,20.0
2025813,04:00,0.0,26.0,25.0,31.6,94,2.1,北北東,0.0,0.0,,
2025813,05:00,0.0,25.7,24.7,31.1,94,2.0,北北東,0.0,0.00,,
2025813,06:00,0.0,25.6,24.6,30.9,94,0.7,東北東,0.0,0.08,曇,7.00
2025813,07:00,0.0,26.6,24.1,30.0,86,0.8,東,0.1,0.53,,
2025813,08:00,0.0,28.0,23.6,29.1,77,1.5,北北東,0.4,1.17,,
2025813,09:00,0.0,29.1,23.1,28.2,70,2.8,東北東,0.6,1.96,曇,25.0
2025813,10:00,0.0,28.9,23.1,28.3,71,2.6,北東,0.1,1.39,,
2025813,11:00,0.0,29.7,22.9,28.0,67,2.8,北東,0.2,2.03,,
2025813,12:00,0.0,30.4,22.6,27.4,63,2.4,東,0.1,1.85,曇,25.0
2025813,13:00,0.0,30.6,22.8,27.7,63,3.5,南東,0.1,1.86,,
2025813,14:00,0.0,30.1,22.0,26.5,62,3.5,東南東,0.2,1.81,,
2025813,15:00,0.0,30.7,21.5,25.6,58,3.4,南,0.6,1.72,晴れ,25.0
2025813,16:00,0.0,30.3,21.7,25.9,60,4.2,南,1.0,1.84,,
2025813,17:00,0.0,29.6,21.6,25.7,62,3.8,南南東,0.4,0.82,,
2025813,18:00,0.0,28.9,21.7,25.9,65,2.8,南,0.0,0.13,薄曇,35.0
2025813,19:00,0.0,28.6,21.6,25.8,66,3.0,東,0.0,0.02,,
2025813,20:00,0.0,28.1,20.7,24.3,64,2.3,東,0.0,0.00,,
2025813,21:00,0.0,27.6,21.9,26.2,71,2.1,東,0.0,0.0,曇,30.0
2025813,22:00,0.0,26.7,22.8,27.7,79,2.0,東北東,0.0,0.0,,
2025813,23:00,0.0,26.2,22.9,27.9,82,1.7,北東,0.0,0.0,,
2025813,24:00,0.0,25.8,22.7,27.6,83,1.5,東,0.0,0.0,,
2025815,01:00,0.0,27.9,23.1,28.2,75,3.5,北,0.0,0.0,晴れ,15.3
2025815,02:00,0.0,27.3,22.9,28.0,77,2.5,北北東,0.0,0.0,晴れ,14.5
2025815,03:00,0.0,27.0,22.4,27.1,76,2.9,北北東,0.0,0.0,晴れ,15.8
2025815,04:00,0.0,26.7,22.3,27.0,77,3.0,北,0.0,0.0,晴れ,16.5
2025815,05:00,0.0,26.4,21.8,26.2,76,3.2,北北東,0.0,0.00,晴れ,17.8
2025815,06:00,0.0,26.6,21.6,25.8,74,3.8,北北東,0.0,0.02,晴れ,20.0
2025815,07:00,0.0,26.7,21.7,25.9,74,3.0,北北東,0.5,0.38,晴れ,20.0
2025815,08:00,0.0,27.9,21.5,25.6,68,2.0,北北東,1.0,1.12,晴れ,20.0
2025815,09:00,0.0,29.5,21.7,26.0,63,0.7,北北西,1.0,1.86,晴れ,20.0
2025815,10:00,0.0,31.6,20.6,24.2,52,0.8,西,1.0,2.51,晴れ,20.0
2025815,11:00,0.0,32.5,21.7,25.9,53,2.4,南南西,1.0,2.98,晴れ,20.0
2025815,12:00,0.0,32.9,23.3,28.5,57,3.0,南南西,1.0,3.25,晴れ,19.7
2025815,13:00,0.0,33.8,21.9,26.3,50,3.0,南南西,1.0,3.31,晴れ,20.0
2025815,14:00,0.0,33.2,21.7,26.0,51,4.2,南南西,1.0,3.14,晴れ,20.0
2025815,15:00,0.0,33.0,22.1,26.7,53,5.1,南西,1.0,2.76,晴れ,20.0
2025815,16:00,0.0,32.9,21.4,25.5,51,4.1,南西,0.9,2.02,晴れ,20.0
2025815,17:00,0.0,32.6,20.8,24.6,50,4.3,南西,0.8,1.27,晴れ,20.0
2025815,18:00,0.0,32.4,21.0,24.8,51,1.9,南西,0.2,0.43,晴れ,20.0
2025815,19:00,0.0,32.1,22.5,27.3,57,1.9,西南西,0.0,0.08,晴れ,20.0
2025815,20:00,0.0,31.9,22.6,27.4,58,1.1,西,0.0,0.00,晴れ,20.0
2025815,21:00,0.0,30.8,22.9,28.0,63,4.8,北北東,0.0,0.0,晴れ,20.0
2025815,22:00,0.0,30.2,22.6,27.5,64,2.4,北北東,0.0,0.0,晴れ,20.0
2025815,23:00,0.0,29.4,22.6,27.5,67,3.6,北北東,0.0,0.0,晴れ,20.0
2025815,24:00,0.0,28.8,22.5,27.3,69,4.3,北北東,0.0,0.0,晴れ,20.0
2025816,01:00,0.0,28.4,22.4,27.1,70,3.2,北北東,0.0,0.0,晴れ,20.0
2025816,02:00,0.0,28.0,22.5,27.2,72,2.8,北北東,0.0,0.0,晴れ,20.0
2025816,03:00,0.0,27.7,22.2,26.8,72,2.9,北北東,0.0,0.0,晴れ,20.0
2025816,04:00,0.0,27.5,22.0,26.4,72,3.5,北北東,0.0,0.0,晴れ,20.0
2025816,05:00,0.0,27.4,21.9,26.3,72,4.3,北北東,0.0,0.0,晴れ,20.0
2025816,06:00,0.0,27.3,22.3,26.9,74,1.4,北北東,0.0,0.01,晴れ,20.0
2025816,07:00,0.0,27.5,22.0,26.4,72,2.8,北北東,0.7,0.37,晴れ,20.0
2025816,08:00,0.0,28.5,22.3,26.9,69,0.8,北西,0.4,0.85,晴れ,20.0
2025816,09:00,0.0,29.7,22.2,26.7,64,0.5,南東,0.7,1.61,晴れ,20.0
2025816,10:00,0.0,30.6,22.5,27.2,62,1.5,南南西,0.6,1.93,晴れ,20.0
2025816,11:00,0.0,32.8,22.9,27.9,56,2.4,南,0.7,2.37,晴れ,20.0
2025816,12:00,0.0,32.7,22.5,27.2,55,3.3,南南東,1.0,3.26,晴れ,20.0
2025816,13:00,0.0,33.5,22.3,26.9,52,4.1,南西,1.0,3.27,晴れ,20.0
2025816,14:00,0.0,33.7,22.2,26.7,51,4.2,南南西,1.0,3.09,晴れ,20.0
2025816,15:00,0.0,33.7,21.8,26.2,50,4.1,南西,1.0,2.71,晴れ,20.0
2025816,16:00,0.0,33.2,22.3,27.0,53,4.5,南南西,1.0,2.13,晴れ,20.0
2025816,17:00,0.0,32.9,22.7,27.5,55,3.3,南西,1.0,1.61,雷電,20.0
2025816,18:00,0.0,32.0,21.5,25.7,54,3.9,南西,0.2,0.37,晴れ,20.0
2025816,19:00,0.0,31.4,21.6,25.8,56,2.9,南西,0.1,0.11,晴れ,20.0
2025816,20:00,0.0,31.0,22.6,27.4,61,2.5,南西,0.0,0.00,晴れ,20.0
2025816,21:00,0.0,30.8,21.9,26.2,59,2.1,南西,0.0,0.0,晴れ,20.0
2025816,22:00,0.0,30.4,21.8,26.1,60,1.8,南,0.0,0.0,晴れ,20.0
2025816,23:00,0.0,29.8,22.5,27.3,65,1.8,南南西,0.0,0.0,晴れ,20.0
2025816,24:00,0.0,29.4,22.9,27.9,68,2.6,南西,0.0,0.0,晴れ,20.0
2025817,01:00,0.0,29.3,22.8,27.7,68,1.7,西南西,0.0,0.0,晴れ,20.0
2025817,02:00,0.0,28.7,22.9,28.0,71,1.0,西北西,0.0,0.0,晴れ,20.0
2025817,03:00,0.0,29.0,22.7,27.7,69,1.9,南南西,0.0,0.0,晴れ,20.0
2025817,04:00,0.0,28.7,22.7,27.6,70,3.1,南西,0.0,0.0,晴れ,20.0
2025817,05:00,0.0,28.0,22.9,28.0,74,1.2,北,0.0,0.0,曇,20.0
2025817,06:00,0.0,28.0,22.7,27.6,73,1.4,北,0.0,0.01,曇,20.0
2025817,07:00,0.0,28.3,23.0,28.1,73,0.9,北,0.0,0.28,曇,20.0
2025817,08:00,0.0,29.4,23.1,28.3,69,2.7,南南西,0.2,0.68,晴れ,20.0
2025817,09:00,0.0,29.8,22.3,26.9,64,4.2,南,0.1,0.91,曇,20.0
2025817,10:00,0.0,30.7,22.3,27.0,61,3.9,南,0.4,1.75,晴れ,20.0
2025817,11:00,0.0,31.9,22.6,27.4,58,3.0,南,1.0,2.88,晴れ,20.0
2025817,12:00,0.0,32.6,22.1,26.6,54,3.4,南南東,1.0,3.23,晴れ,20.0
2025817,13:00,0.0,33.5,22.3,26.9,52,3.4,南西,1.0,3.24,晴れ,20.0
2025817,14:00,0.0,33.3,22.1,26.6,52,3.8,南南西,1.0,2.96,晴れ,20.0
2025817,15:00,0.0,33.6,22.4,27.1,52,2.2,南南西,1.0,2.56,晴れ,20.0
2025817,16:00,0.0,33.5,22.6,27.4,53,3.7,西南西,0.9,1.92,晴れ,20.0
2025817,17:00,0.0,33.0,22.5,27.2,54,3.1,南西,1.0,1.31,晴れ,20.0
2025817,18:00,0.0,31.2,23.1,28.2,62,3.3,南南西,0.1,0.24,雷電,20.0
2025817,19:00,0.0,31.2,23.1,28.2,62,2.4,南,0.0,0.06,晴れ,20.0
2025817,20:00,0.0,30.7,22.9,27.8,63,4.6,南南東,0.0,0.00,曇,20.0
2025817,21:00,0.0,30.1,23.1,28.2,66,1.8,南,0.0,0.0,曇,20.0
2025817,22:00,0.0,29.7,22.7,27.5,66,2.9,南南東,0.0,0.0,晴れ,20.0
2025817,23:00,0.0,29.5,23.0,28.0,68,2.4,南南東,0.0,0.0,晴れ,20.0
2025817,24:00,0.0,29.1,23.3,28.6,71,0.9,南西,0.0,0.0,晴れ,20.0
2025819,01:00,0.0,27.3,25.0,31.6,87,1.0,東南東,0.0,0.0,,
2025819,02:00,0.0,27.7,25.3,32.3,87,1.4,北東,0.0,0.0,,
2025819,03:00,0.0,27.5,25.1,32.0,87,1.5,北北西,0.0,0.0,快晴,20.0
2025819,04:00,0.0,27.0,25.0,31.7,89,1.3,北北西,0.0,0.0,,
2025819,05:00,0.0,26.7,25.3,32.2,92,1.4,北西,0.0,0.00,,
2025819,06:00,0.0,27.4,25.2,32.1,88,1.5,北西,0.0,0.06,曇,10.0
2025819,07:00,0.0,28.3,25.3,32.3,84,1.7,西北西,0.0,0.36,,
2025819,08:00,0.0,30.1,25.4,32.4,76,2.0,南東,0.2,0.81,,
2025819,09:00,0.0,31.3,24.9,31.5,69,1.3,南南西,0.8,1.93,晴れ,15.0
2025819,10:00,0.0,32.8,24.8,31.4,63,2.7,南南西,0.7,2.24,,
2025819,11:00,0.0,33.5,25.8,33.1,64,3.9,南東,0.8,2.71,,
2025819,12:00,0.0,33.9,25.3,32.3,61,5.1,南東,1.0,3.15,快晴,15.0
2025819,13:00,0.0,34.0,24.9,31.4,59,4.8,南東,1.0,3.19,,
2025819,14:00,0.0,33.7,24.9,31.4,60,5.0,南南東,1.0,2.91,,
2025819,15:00,0.0,33.6,24.5,30.7,59,4.8,南東,1.0,2.42,晴れ,20.0
2025819,16:00,0.0,33.4,25.1,31.9,62,5.7,南東,1.0,1.80,,
2025819,17:00,0.0,31.5,24.4,30.5,66,4.9,南南東,1.0,0.92,,
2025819,18:00,0.0,30.6,24.3,30.3,69,4.1,南東,0.9,0.41,晴れ,30.0
2025819,19:00,0.0,29.5,23.7,29.3,71,1.9,南南東,0.0,0.01,,
2025819,20:00,0.0,28.8,24.6,30.9,78,2.1,南東,0.0,0.0,,
2025819,21:00,0.0,28.2,24.6,31.0,81,3.4,南南東,0.0,0.0,晴れ,30.0
2025819,22:00,0.0,27.5,24.8,31.2,85,0.9,東南東,0.0,0.0,,
2025819,23:00,0.0,27.0,24.8,31.4,88,2.0,南東,0.0,0.0,,
2025819,24:00,0.0,26.8,24.8,31.4,89,1.9,南南東,0.0,0.0,,
2025820,01:00,0.0,26.5,24.9,31.5,91,1.6,南南東,0.0,0.0,,
2025820,02:00,0.0,26.7,24.9,31.5,90,0.8,南,0.0,0.0,,
2025820,03:00,0.0,27.3,24.2,30.1,83,2.2,西北西,0.0,0.0,快晴,30.0
2025820,04:00,0.0,26.8,25.2,32.1,91,1.1,西,0.0,0.0,,
2025820,05:00,0.0,27.2,24.9,31.4,87,1.2,北北西,0.0,0.00,,
2025820,06:00,0.0,27.7,24.1,30.1,81,1.3,西北西,0.1,0.08,晴れ,25.0
2025820,07:00,0.0,28.7,24.1,29.9,76,1.0,南南東,1.0,0.65,,
2025820,08:00,0.0,31.3,25.2,32.0,70,0.7,南南東,1.0,1.43,,
2025820,09:00,0.0,32.2,23.5,28.9,60,0.9,南南西,1.0,2.15,晴れ,20.0
2025820,10:00,0.0,33.2,26.0,33.6,66,4.0,南南東,1.0,2.46,,
2025820,11:00,0.0,33.9,25.9,33.3,63,4.2,南南東,1.0,2.84,,
2025820,12:00,0.0,34.0,25.1,31.9,60,4.4,南南東,1.0,3.06,薄曇,20.0
2025820,13:00,0.0,34.2,24.5,30.7,57,4.2,南南東,1.0,3.07,,
2025820,14:00,0.0,34.5,25.0,31.7,58,4.4,南南東,1.0,2.87,,
2025820,15:00,0.0,33.6,24.5,30.7,59,4.2,南南東,1.0,2.44,晴れ,25.0
2025820,16:00,0.0,33.3,25.0,31.7,62,4.1,南南東,0.8,1.68,,
2025820,17:00,0.0,31.5,24.9,31.4,68,4.7,南東,0.4,0.68,,
2025820,18:00,0.0,30.5,25.1,31.9,73,3.0,南東,0.4,0.27,晴れ,30.0
2025820,19:00,0.0,30.6,23.5,29.0,66,3.8,南南西,0.0,0.02,,
2025820,20:00,0.0,29.5,23.0,28.0,68,2.6,南,0.0,0.0,,
2025820,21:00,0.0,29.6,23.3,28.6,69,3.4,南,0.0,0.0,快晴,30.0
2025820,22:00,0.0,29.4,23.1,28.3,69,3.7,南,0.0,0.0,,
2025820,23:00,0.0,28.8,23.3,28.5,72,1.4,南南西,0.0,0.0,,
2025820,24:00,0.0,28.0,23.8,29.5,78,1.6,南,0.0,0.0,,
2025821,01:00,0.0,27.7,23.9,29.7,80,2.5,西北西,0.0,0.0,,
2025821,02:00,0.0,28.3,23.7,29.2,76,3.0,西北西,0.0,0.0,,
2025821,03:00,0.0,27.9,23.3,28.6,76,0.9,北北西,0.0,0.0,快晴,25.0
2025821,04:00,0.0,28.7,22.7,27.6,70,3.6,北西,0.0,0.0,,
2025821,05:00,0.0,27.8,22.7,27.7,74,2.1,北西,0.0,0.00,,
2025821,06:00,0.0,27.7,23.5,29.0,78,1.4,北西,0.3,0.12,晴れ,25.0
2025821,07:00,0.0,29.8,22.8,27.7,66,1.5,西北西,1.0,0.72,,
2025821,08:00,0.0,31.8,23.4,28.7,61,1.9,西,1.0,1.44,,
2025821,09:00,0.0,32.9,22.1,26.5,53,1.1,西,1.0,2.07,薄曇,15.0
2025821,10:00,0.0,34.7,21.4,25.5,46,1.2,南西,1.0,2.64,,
2025821,11:00,0.0,35.7,20.8,24.6,42,1.5,南南西,1.0,3.06,,
2025821,12:00,0.0,36.1,23.7,29.3,49,4.4,南南東,1.0,3.21,薄曇,20.0
2025821,13:00,0.0,35.5,22.5,27.2,47,3.7,南,1.0,3.14,,
2025821,14:00,0.0,35.6,22.9,27.9,48,3.5,南,0.9,2.71,,
2025821,15:00,0.0,36.0,22.6,27.3,46,4.7,南南東,1.0,2.26,晴れ,20.0
2025821,16:00,0.0,33.7,22.8,27.7,53,3.0,南南西,0.3,0.77,,
2025821,17:00,0.0,33.2,22.0,26.5,52,1.9,南西,0.6,0.74,,
2025821,18:00,0.0,32.4,21.3,25.3,52,3.7,南,0.1,0.25,薄曇,20.0
2025821,19:00,0.0,30.7,23.1,28.3,64,2.9,南南東,0.0,0.01,,
2025821,20:00,0.0,29.7,24.3,30.5,73,2.1,南南東,0.0,0.0,,
2025821,21:00,0.0,29.8,23.7,29.4,70,2.0,南南東,0.0,0.0,曇,20.0
2025821,22:00,0.0,29.2,23.9,29.6,73,1.7,南南東,0.0,0.0,,
2025821,23:00,0.0,28.5,24.3,30.4,78,1.9,南南東,0.0,0.0,,
2025821,24:00,0.0,28.3,24.7,31.2,81,1.0,南東,0.0,0.0,,
2025822,01:00,0.0,27.8,24.7,31.0,83,1.4,南,0.0,0.0,,
2025822,02:00,0.0,27.8,24.7,31.0,83,1.1,東南東,0.0,0.0,,
2025822,03:00,0.0,28.7,24.3,30.3,77,1.1,北東,0.0,0.0,薄曇,20.0
2025822,04:00,0.0,28.3,24.1,30.0,78,1.9,北,0.0,0.0,,
2025822,05:00,0.0,27.8,24.5,30.6,82,2.6,北北東,0.0,0.00,,
2025822,06:00,0.0,27.9,24.1,30.1,80,1.6,北北東,0.0,0.11,薄曇,15.0
2025822,07:00,0.0,28.7,24.1,29.9,76,1.8,北東,0.3,0.46,,
2025822,08:00,0.0,30.1,24.3,30.3,71,2.3,北,0.9,1.21,,
2025822,09:00,0.0,30.8,23.2,28.4,64,1.4,北西,0.5,1.49,薄曇,10.0
2025822,10:00,0.0,31.0,23.9,29.7,66,1.9,西北西,0.0,1.09,,
2025822,11:00,0.0,32.1,24.2,30.1,63,1.3,北東,0.0,1.16,,
2025822,12:00,0.0,32.8,24.8,31.4,63,2.1,南,0.1,1.02,薄曇,10.0
2025822,13:00,0.0,33.7,23.7,29.3,56,1.6,南西,0.5,2.05,,
2025822,14:00,0.0,34.3,23.0,28.1,52,2.4,南南東,0.8,2.20,,
2025822,15:00,0.0,34.6,23.9,29.7,54,3.9,南東,1.0,2.14,薄曇,15.0
2025822,16:00,0.0,33.5,23.2,28.5,55,3.5,南南東,0.9,1.57,,
2025822,17:00,0.0,32.6,23.5,29.0,59,4.4,南東,0.5,0.76,,
2025822,18:00,0.0,31.4,23.8,29.4,64,4.3,南南西,0.0,0.27,薄曇,15.0
2025822,19:00,0.0,30.6,24.0,29.9,68,3.6,南南西,0.0,0.02,,
2025822,20:00,0.0,29.7,24.1,30.0,72,0.9,南南西,0.0,0.0,,
2025822,21:00,0.0,29.1,24.9,31.4,78,2.8,南南東,0.0,0.0,薄曇,15.0
2025822,22:00,0.0,28.3,25.5,32.7,85,2.2,南南東,0.0,0.0,,
2025822,23:00,0.0,28.1,25.5,32.7,86,1.7,南南東,0.0,0.0,,
2025822,24:00,0.0,27.8,24.7,31.0,83,1.6,南東,0.0,0.0,,
2025823,01:00,0.0,27.3,24.8,31.2,86,1.2,南南東,0.0,0.0,,
2025823,02:00,0.0,27.9,23.9,29.7,79,2.7,南南西,0.0,0.0,,
2025823,03:00,0.0,27.4,23.9,29.6,81,2.0,南南西,0.0,0.0,薄曇,15.0
2025823,04:00,0.0,26.9,24.0,29.8,84,1.2,南南西,0.0,0.0,,
2025823,05:00,0.0,27.0,24.1,30.0,84,1.3,西,0.0,0.00,,
2025823,06:00,0.0,27.5,24.8,31.2,85,1.2,南西,0.0,0.11,薄曇,20.0
2025823,07:00,0.0,29.1,25.9,33.5,83,2.7,西北西,0.6,0.56,,
2025823,08:00,0.0,30.2,25.5,32.6,76,1.9,西北西,0.7,1.14,,
2025823,09:00,0.0,31.5,25.8,33.3,72,1.4,南南東,0.8,1.66,曇,20.0
2025823,10:00,0.0,32.2,25.0,31.8,66,0.8,西北西,0.8,2.36,,
2025823,11:00,0.0,33.3,24.5,30.7,60,2.9,南南東,0.6,2.21,,
2025823,12:00,0.0,34.4,24.1,29.9,55,3.9,南南東,0.9,2.90,薄曇,20.0
2025823,13:00,0.0,34.9,24.2,30.2,54,4.3,南南東,1.0,3.03,,
2025823,14:00,0.0,35.0,24.6,30.9,55,5.7,南東,1.0,2.74,,
2025823,15:00,0.0,34.4,24.4,30.5,56,4.7,南東,1.0,2.23,薄曇,30.0
2025823,16:00,0.0,33.7,24.6,30.9,59,4.4,南南東,1.0,1.66,,
2025823,17:00,0.0,32.8,24.6,30.9,62,3.3,南東,1.0,0.88,,
2025823,18:00,0.0,31.3,25.4,32.5,71,3.3,南南東,0.5,0.28,晴れ,30.0
2025823,19:00,0.0,29.8,25.6,32.7,78,2.6,南南東,0.0,0.01,,
2025823,20:00,0.0,29.3,25.3,32.2,79,3.0,南南東,0.0,0.0,,
2025823,21:00,0.0,28.8,25.6,32.9,83,1.8,南南東,0.0,0.0,快晴,25.0
2025823,22:00,0.0,28.5,25.3,32.3,83,2.1,南東,0.0,0.0,,
2025823,23:00,0.0,27.9,25.0,31.6,84,1.9,南南東,0.0,0.0,,
2025823,24:00,0.0,28.2,24.6,31.0,81,1.4,南,0.0,0.0,,
2025824,01:00,0.0,27.8,24.7,31.0,83,1.8,南,0.0,0.0,,
2025824,02:00,0.0,27.9,25.0,31.6,84,1.2,南西,0.0,0.0,,
2025824,03:00,0.0,27.4,25.1,31.8,87,1.2,南西,0.0,0.0,快晴,20.0
2025824,04:00,0.0,27.4,25.2,32.1,88,1.8,西南西,0.0,0.0,,
2025824,05:00,0.0,27.2,25.0,31.8,88,1.6,西,0.0,0.00,,
2025824,06:00,0.0,28.4,25.4,32.5,84,1.8,北北西,0.3,0.15,薄曇,20.0
2025824,07:00,0.0,29.5,25.3,32.2,78,1.5,北北西,1.0,0.74,,
2025824,08:00,0.0,31.9,26.0,33.6,71,2.4,北西,1.0,1.41,,
2025824,09:00,0.0,32.5,24.5,30.8,63,1.8,北東,1.0,2.06,晴れ,20.0
2025824,10:00,0.0,33.8,24.7,31.1,59,1.2,北東,1.0,2.55,,
2025824,11:00,0.0,35.2,23.5,29.0,51,1.9,北東,0.9,2.70,,
2025824,12:00,0.0,35.6,22.9,27.9,48,1.0,北,0.7,2.70,晴れ,15.0
2025824,13:00,0.0,36.3,25.5,32.6,54,4.1,南,0.9,2.94,,
2025824,14:00,0.0,35.7,24.6,31.0,53,5.5,南東,1.0,2.76,,
2025824,15:00,0.0,35.5,24.8,31.2,54,4.2,南南東,1.0,2.27,快晴,20.0
2025824,16:00,0.0,35.2,23.5,29.0,51,3.1,南南東,1.0,1.63,,
2025824,17:00,0.0,33.9,24.5,30.7,58,2.2,南,1.0,0.88,,
2025824,18:00,0.0,32.2,24.8,31.3,65,2.7,南東,0.5,0.25,晴れ,20.0
2025824,19:00,0.0,31.3,24.9,31.5,69,3.4,南東,0.0,0.01,,
2025824,20:00,0.0,30.3,24.9,31.5,73,3.3,南東,0.0,0.0,,
2025824,21:00,0.0,29.3,25.5,32.6,80,1.7,南南東,0.0,0.0,薄曇,20.0
2025824,22:00,0.0,29.4,26.0,33.6,82,1.6,南南東,0.0,0.0,,
2025824,23:00,0.0,29.5,25.9,33.4,81,2.3,北東,0.0,0.0,,
2025824,24:00,0.0,29.0,25.0,31.7,79,2.5,北東,0.0,0.0,,
2025826,01:00,0.0,28.1,24.7,31.2,82,2.2,東南東,0.0,0.0,曇,14.1
2025826,02:00,0.0,27.8,24.7,31.0,83,3.0,南東,0.0,0.0,晴れ,13.8
2025826,03:00,0.0,27.6,24.5,30.7,83,3.2,東南東,0.0,0.0,晴れ,13.2
2025826,04:00,0.0,27.3,24.0,29.8,82,2.1,東,0.0,0.0,晴れ,12.8
2025826,05:00,0.0,27.6,23.6,29.2,79,2.6,東南東,0.0,0.00,曇,14.4
2025826,06:00,0.0,27.9,23.7,29.3,78,2.9,東南東,0.0,0.03,晴れ,14.5
2025826,07:00,0.0,28.3,24.1,30.0,78,3.6,東南東,0.0,0.26,曇,14.3
2025826,08:00,0.0,29.9,24.5,30.8,73,3.1,南東,0.7,1.16,晴れ,12.2
2025826,09:00,0.0,30.1,24.5,30.7,72,3.5,南東,0.5,1.43,曇,13.6
2025826,10:00,0.0,32.6,23.8,29.5,60,3.4,南東,0.6,1.85,曇,16.2
2025826,11:00,0.0,32.8,23.7,29.4,59,3.3,南南東,0.3,1.88,曇,14.3
2025826,12:00,0.0,32.4,23.9,29.7,61,2.9,南,0.2,1.41,雨,13.2
2025826,13:00,0.0,35.6,24.5,30.8,53,3.7,南,0.5,1.96,曇,12.9
2025826,14:00,0.0,36.6,23.8,29.5,48,3.3,南,0.9,2.91,晴れ,14.8
2025826,15:00,0.0,35.2,23.9,29.6,52,4.5,南,0.9,2.25,晴れ,14.5
2025826,16:00,0.0,34.1,23.5,28.9,54,4.8,南,1.0,1.80,晴れ,15.1
2025826,17:00,0.0,32.5,23.5,28.9,59,5.1,南南東,1.0,1.06,晴れ,15.8
2025826,18:00,0.0,30.8,24.0,29.8,67,5.2,南南東,0.5,0.32,晴れ,15.9
2025826,19:00,0.0,29.6,24.7,31.1,75,4.9,南東,0.0,0.02,晴れ,16.7
2025826,20:00,0.0,28.9,24.2,30.3,76,5.2,南東,0.0,0.0,晴れ,19.1
2025826,21:00,0.0,28.5,24.3,30.4,78,3.3,東南東,0.0,0.0,曇,20.0
2025826,22:00,0.0,28.3,24.5,30.8,80,2.4,南東,0.0,0.0,曇,20.0
2025826,23:00,0.0,28.2,23.8,29.5,77,1.6,東南東,0.0,0.0,晴れ,20.0
2025826,24:00,0.0,28.2,23.4,28.7,75,1.5,東南東,0.0,0.0,晴れ,20.0
2025827,01:00,0.0,28.2,23.6,29.1,76,1.8,南東,0.0,0.0,晴れ,19.7
2025827,02:00,0.0,27.9,23.5,28.9,77,1.6,東南東,0.0,0.0,晴れ,20.0
2025827,03:00,0.0,27.6,23.4,28.8,78,0.5,東,0.0,0.0,晴れ,19.6
2025827,04:00,0.0,27.6,22.8,27.7,75,1.2,南西,0.0,0.0,晴れ,18.9
2025827,05:00,0.0,27.7,23.1,28.2,76,1.2,南西,0.0,0.00,晴れ,18.0
2025827,06:00,0.0,27.2,23.2,28.5,79,1.4,東北東,0.0,0.06,晴れ,16.4
2025827,07:00,0.0,28.6,23.3,28.6,73,1.2,北東,0.9,0.46,晴れ,15.6
2025827,08:00,0.0,29.1,23.3,28.6,71,0.8,東,1.0,1.12,晴れ,15.9
2025827,09:00,0.0,29.6,22.8,27.8,67,1.2,北東,0.6,1.30,曇,15.6
2025827,10:00,0.0,31.4,22.7,27.6,60,1.9,南南西,0.5,1.89,曇,15.9
2025827,11:00,0.0,32.8,22.9,27.9,56,1.5,西,0.5,1.92,曇,17.2
2025827,12:00,0.0,33.9,23.3,28.6,54,2.1,北西,0.6,2.20,晴れ,16.7
2025827,13:00,0.0,35.3,22.6,27.5,48,2.5,北北西,0.8,2.75,晴れ,19.4
2025827,14:00,0.0,36.8,21.4,25.5,41,3.3,西北西,1.0,2.97,晴れ,20.0
2025827,15:00,0.0,37.5,21.6,25.8,40,4.9,西,1.0,2.65,雷電,20.0
2025827,16:00,0.0,30.5,23.4,28.8,66,7.6,北北西,0.3,1.04,雨,15.2
2025827,17:00,0.0,29.5,24.4,30.5,74,2.3,北北西,0.0,0.24,雷電,18.2
2025827,18:00,0.0,30.5,23.9,29.7,68,1.9,北北西,0.0,0.16,雷電,19.1
2025827,19:00,0.0,30.2,24.4,30.5,71,2.5,北西,0.0,0.02,曇,16.4
2025827,20:00,0.0,30.0,24.4,30.6,72,3.0,北西,0.0,0.0,曇,15.9
2025827,21:00,0.0,29.5,23.7,29.3,71,2.4,西北西,0.0,0.0,曇,18.3
2025827,22:00,0.0,29.1,24.0,29.8,74,2.3,西北西,0.0,0.0,曇,18.5
2025827,23:00,0.0,28.8,23.5,28.9,73,3.7,北西,0.0,0.0,晴れ,20.0
2025827,24:00,0.0,28.4,22.6,27.5,71,3.3,北北西,0.0,0.0,曇,20.0
2025828,01:00,0.0,28.0,22.9,28.0,74,2.9,北,0.0,0.0,晴れ,20.0
2025828,02:00,0.0,27.4,22.4,27.0,74,2.0,北北西,0.0,0.0,晴れ,20.0
2025828,03:00,0.0,27.2,21.7,26.0,72,3.6,北,0.0,0.0,晴れ,19.6
2025828,04:00,0.0,26.9,21.2,25.2,71,2.9,北北東,0.0,0.0,晴れ,20.0
2025828,05:00,0.0,26.3,21.1,25.0,73,2.2,北北西,0.0,0.00,晴れ,20.0
2025828,06:00,0.0,26.6,20.9,24.7,71,2.1,北北西,0.4,0.08,曇,20.0
2025828,07:00,0.0,27.2,20.5,24.2,67,3.6,北,0.7,0.48,曇,20.0
2025828,08:00,0.0,29.1,20.8,24.6,61,2.8,北,0.8,1.07,曇,20.0
2025828,09:00,0.0,29.7,20.6,24.2,58,2.1,北北東,0.9,1.61,曇,20.0
2025828,10:00,0.0,30.6,20.2,23.7,54,1.6,北北西,0.7,1.69,曇,20.0
2025828,11:00,0.0,32.7,19.9,23.3,47,1.6,北北西,1.0,2.77,晴れ,20.0
2025828,12:00,0.0,34.2,19.1,22.1,41,1.0,西,0.8,2.42,晴れ,20.0
2025828,13:00,0.0,34.9,19.3,22.4,40,1.9,南,0.6,2.22,晴れ,20.0
2025828,14:00,0.0,35.7,18.3,21.1,36,2.3,南,0.8,2.76,晴れ,20.0
2025828,15:00,0.0,34.2,19.1,22.1,41,1.5,南南西,0.5,1.39,晴れ,18.7
2025828,16:00,0.0,34.1,22.8,27.8,52,4.0,南南東,0.0,0.51,曇,16.1
2025828,17:00,0.0,32.0,22.1,26.6,56,6.1,南南東,0.4,0.69,晴れ,17.0
2025828,18:00,0.0,30.5,22.7,27.5,63,6.2,南,0.8,0.38,晴れ,17.2
2025828,19:00,0.0,29.3,21.8,26.1,64,4.7,南南東,0.0,0.02,晴れ,18.4
2025828,20:00,0.0,29.0,21.2,25.2,63,4.1,南南東,0.0,0.0,晴れ,20.0
2025828,21:00,0.0,28.4,22.6,27.5,71,4.9,南南東,0.0,0.0,曇,19.2
2025828,22:00,0.0,28.1,22.6,27.4,72,3.4,南東,0.0,0.0,晴れ,18.5
2025828,23:00,0.0,28.0,22.5,27.2,72,3.5,南南東,0.0,0.0,晴れ,17.9
2025828,24:00,0.0,27.8,22.5,27.3,73,1.8,南南東,0.0,0.0,曇,18.0
2025829,01:00,0.0,26.4,21.4,25.5,74,1.4,東北東,0.0,0.0,,
2025829,02:00,0.0,26.0,22.3,26.9,80,1.2,東北東,0.0,0.0,,
2025829,03:00,0.0,25.6,22.9,27.9,85,1.2,北東,0.0,0.0,快晴,25.0
2025829,04:00,0.0,25.2,23.3,28.5,89,1.3,東北東,0.0,0.0,,
2025829,05:00,0.0,25.2,23.6,29.2,91,1.1,東北東,0.0,0.00,,
2025829,06:00,0.0,26.0,23.7,29.3,87,1.4,北,0.0,0.04,薄曇,20.0
2025829,07:00,0.0,26.8,24.1,30.0,85,0.7,西南西,0.0,0.28,,
2025829,08:00,0.0,27.2,23.5,28.9,80,0.9,南,0.0,0.41,,
2025829,09:00,0.0,29.7,23.4,28.8,69,1.0,南南東,0.4,1.21,薄曇,20.0
2025829,10:00,0.0,31.2,23.1,28.2,62,3.0,南東,0.4,1.76,,
2025829,11:00,0.0,30.2,23.6,29.2,68,2.4,南,0.3,1.72,,
2025829,12:00,0.0,32.2,24.0,29.8,62,2.4,南南東,0.6,2.53,晴れ,20.0
2025829,13:00,0.0,32.9,23.0,28.0,56,4.6,南東,1.0,3.13,,
2025829,14:00,0.0,33.9,23.6,29.1,55,5.6,南東,1.0,2.68,,
2025829,15:00,0.0,32.5,22.3,26.9,55,5.9,南南東,1.0,2.13,晴れ,25.0
2025829,16:00,0.0,32.0,23.5,29.0,61,5.3,南南東,1.0,1.63,,
2025829,17:00,0.0,30.5,23.9,29.7,68,3.8,南,0.8,0.74,,
2025829,18:00,0.0,29.2,24.3,30.4,75,3.9,南,0.0,0.15,薄曇,20.0
2025829,19:00,0.0,28.3,25.1,31.9,83,3.2,南南東,0.0,0.00,,
2025829,20:00,0.0,28.1,25.5,32.7,86,2.8,南南東,0.0,0.0,,
2025829,21:00,0.0,28.0,25.6,32.9,87,2.8,南東,0.0,0.0,晴れ,10.0
2025829,22:00,0.0,27.7,25.7,33.1,89,2.5,南東,0.0,0.0,,
2025829,23:00,0.0,27.1,25.7,33.0,92,1.2,南東,0.0,0.0,,
2025829,24:00,0.0,27.3,25.7,33.0,91,0.3,西,0.0,0.0,,
2025830,01:00,0.0,26.9,25.1,31.9,90,0.7,西南西,0.0,0.0,,
2025830,02:00,0.0,28.1,25.5,32.7,86,1.3,北北東,0.0,0.0,,
2025830,03:00,0.0,27.8,25.4,32.5,87,2.2,北西,0.0,0.0,曇,8.00
2025830,04:00,0.0,27.4,25.2,32.1,88,2.0,北西,0.0,0.0,,
2025830,05:00,0.0,27.1,24.6,30.9,86,2.7,西北西,0.0,0.00,,
2025830,06:00,0.0,27.3,25.0,31.6,87,2.2,西北西,0.3,0.11,薄曇,10.0
2025830,07:00,0.0,28.9,25.3,32.3,81,2.0,北西,1.0,0.60,,
2025830,08:00,0.0,30.6,24.7,31.2,71,1.7,北西,1.0,1.31,,
2025830,09:00,0.0,32.5,24.8,31.3,64,1.0,北,1.0,1.99,晴れ,15.0
2025830,10:00,0.0,33.5,23.2,28.5,55,1.2,北西,1.0,2.53,,
2025830,11:00,0.0,35.4,23.1,28.2,49,1.8,北北西,1.0,2.92,,
2025830,12:00,0.0,37.7,24.5,30.7,47,1.6,西北西,1.0,3.11,晴れ,15.0
2025830,13:00,0.0,38.4,24.7,31.2,46,2.5,南,1.0,3.12,,
2025830,14:00,0.0,36.6,24.2,30.1,49,4.5,南,1.0,2.75,,
2025830,15:00,0.0,36.8,23.6,29.2,47,4.2,南南東,1.0,2.22,晴れ,15.0
2025830,16:00,0.0,35.7,23.0,28.1,48,3.2,南南東,1.0,1.54,,
2025830,17:00,0.0,34.6,23.3,28.6,52,2.8,南南西,1.0,0.80,,
2025830,18:00,0.0,33.1,23.7,29.4,58,5.0,南南東,0.6,0.25,晴れ,15.0
2025830,19:00,0.0,31.2,23.1,28.2,62,3.8,南,0.0,0.01,,
2025830,20:00,0.0,30.9,23.0,28.2,63,2.7,南,0.0,0.0,,
2025830,21:00,0.0,30.0,23.2,28.4,67,2.4,南,0.0,0.0,快晴,15.0
2025830,22:00,0.0,29.4,22.6,27.5,67,1.9,南南東,0.0,0.0,,
2025830,23:00,0.0,28.9,24.5,30.7,77,2.3,南東,0.0,0.0,,
2025830,24:00,0.0,28.5,25.3,32.3,83,2.6,南南東,0.0,0.0,,
2025831,01:00,0.0,28.1,26.3,34.2,90,1.8,南,0.0,0.0,,
2025831,02:00,0.0,27.7,26.5,34.6,93,1.6,南南西,0.0,0.0,,
2025831,03:00,0.0,27.6,26.6,34.7,94,1.4,南南東,0.0,0.0,快晴,15.0
2025831,04:00,0.0,27.4,26.5,34.7,95,0.8,南東,0.0,0.0,,
2025831,05:00,0.0,27.6,26.6,34.7,94,1.6,東南東,0.0,0.00,,
2025831,06:00,0.0,28.6,26.8,35.2,90,0.9,東,0.0,0.11,晴れ,10.0
2025831,07:00,0.0,29.1,26.7,35.1,87,1.7,南,0.0,0.33,,
2025831,08:00,0.0,29.9,26.9,35.5,84,1.1,南南東,0.1,0.55,,
2025831,09:00,0.0,32.3,25.1,31.9,66,2.1,東,0.9,1.86,晴れ,9.00
2025831,10:00,0.0,33.1,23.7,29.4,58,2.7,南東,1.0,2.53,,
2025831,11:00,0.0,34.5,22.9,27.9,51,3.3,南東,1.0,2.88,,
2025831,12:00,0.0,34.9,22.6,27.4,49,4.6,南東,1.0,3.06,快晴,15.0
2025831,13:00,0.0,35.1,22.1,26.6,47,2.0,南東,1.0,2.99,,
2025831,14:00,0.0,35.9,23.8,29.6,50,4.5,南,1.0,2.67,,
2025831,15:00,0.0,35.2,23.5,29.0,51,4.6,南東,1.0,2.18,快晴,15.0
2025831,16:00,0.0,34.4,23.1,28.3,52,4.6,南南東,1.0,1.57,,
2025831,17:00,0.0,32.9,22.1,26.5,53,4.0,南,1.0,0.88,,
2025831,18:00,0.0,31.4,23.2,28.5,62,4.2,南,0.6,0.22,快晴,20.0
2025831,19:00,0.0,30.4,23.8,29.5,68,5.0,南南西,0.0,0.00,,
2025831,20:00,0.0,29.6,24.7,31.1,75,2.3,南,0.0,0.0,,
2025831,21:00,0.0,29.1,25.1,31.8,79,2.2,南,0.0,0.0,晴れ,20.0
2025831,22:00,0.0,28.9,26.1,33.9,85,3.1,南東,0.0,0.0,,
2025831,23:00,0.0,28.5,25.9,33.5,86,2.1,南東,0.0,0.0,,
2025831,24:00,0.0,28.3,26.1,33.9,88,3.5,南南東,0.0,0.0,,
202592,01:00,0.0,29.7,22.7,27.5,66,3.0,西南西,0.0,0.0,,
202592,02:00,0.0,29.5,23.0,28.0,68,3.1,南西,0.0,0.0,,
202592,03:00,0.0,29.2,22.9,28.0,69,2.0,南西,0.0,0.0,快晴,20.0
202592,04:00,0.0,29.0,23.0,28.1,70,2.7,南南西,0.0,0.0,,
202592,05:00,0.0,28.9,22.6,27.5,69,2.4,南,0.0,0.00,,
202592,06:00,0.0,28.7,22.5,27.2,69,1.2,南,0.3,0.03,快晴,25.0
202592,07:00,0.0,29.2,21.9,26.4,65,1.1,南南西,1.0,0.49,,
202592,08:00,0.0,31.1,22.1,26.7,59,2.2,南南西,1.0,1.22,,
202592,09:00,0.0,32.3,22.7,27.6,57,2.4,南西,1.0,1.93,晴れ,30.0
202592,10:00,0.0,33.2,21.4,25.4,50,2.8,西,1.0,2.43,,
202592,11:00,0.0,33.3,21.5,25.6,50,3.4,南西,1.0,2.94,,
202592,12:00,0.0,34.4,22.8,27.8,51,4.0,南西,1.0,3.17,快晴,45.0
202592,13:00,0.0,35.0,22.0,26.4,47,4.6,西南西,1.0,3.17,,
202592,14:00,0.0,34.2,20.6,24.2,45,3.6,南西,1.0,2.97,,
202592,15:00,0.0,34.7,21.4,25.5,46,4.2,西,1.0,2.55,快晴,45.0
202592,16:00,0.0,33.6,22.1,26.5,51,3.8,西,1.0,1.93,,
202592,17:00,0.0,33.4,22.5,27.3,53,3.5,南西,1.0,1.20,,
202592,18:00,0.0,31.6,22.6,27.4,59,4.2,南西,0.8,0.38,晴れ,35.0
202592,19:00,0.0,30.8,21.9,26.2,59,4.3,南西,0.0,0.01,,
202592,20:00,0.0,30.4,23.6,29.1,67,2.7,西南西,0.0,0.0,,
202592,21:00,0.0,29.9,24.1,30.0,71,1.9,西南西,0.0,0.0,晴れ,25.0
202592,22:00,0.0,29.9,24.3,30.4,72,2.4,西北西,0.0,0.0,,
202592,23:00,0.0,29.7,24.1,30.0,72,2.2,南西,0.0,0.0,,
202592,24:00,0.0,29.4,23.8,29.5,72,0.8,西,0.0,0.0,,
202593,01:00,0.0,29.5,23.2,28.5,69,1.9,西南西,0.0,0.0,,
202593,02:00,0.0,29.2,23.4,28.8,71,1.5,南西,0.0,0.0,,
202593,03:00,0.0,29.2,23.4,28.8,71,0.9,南南西,0.0,0.0,快晴,25.0
202593,04:00,0.0,29.1,23.3,28.6,71,1.2,南,0.0,0.0,,
202593,05:00,0.0,28.6,22.6,27.4,70,1.9,南,0.0,0.0,,
202593,06:00,0.0,28.1,22.8,27.8,73,0.6,南,0.0,0.02,晴れ,35.0
202593,07:00,0.0,29.2,23.6,29.2,72,1.4,北北東,1.0,0.55,,
202593,08:00,0.0,30.3,23.5,28.9,67,1.6,北北東,0.8,1.19,,
202593,09:00,0.0,30.2,23.1,28.3,66,1.3,南南西,0.6,1.33,晴れ,30.0
202593,10:00,0.0,32.5,22.9,27.9,57,1.4,北西,0.7,2.06,,
202593,11:00,0.0,34.8,23.2,28.4,51,1.9,北北東,1.0,2.73,,
202593,12:00,0.0,33.5,22.0,26.4,51,2.0,南,0.7,1.88,曇,35.0
202593,13:00,0.0,33.9,21.4,25.4,48,1.0,北北東,0.4,1.79,,
202593,14:00,0.0,34.4,22.8,27.8,51,3.3,南南西,0.5,1.92,,
202593,15:00,0.0,33.9,23.6,29.1,55,4.4,南西,0.9,2.12,曇,35.0
202593,16:00,0.0,32.9,23.8,29.5,59,3.2,西南西,0.6,1.29,,
202593,17:00,0.0,30.7,24.4,30.5,69,3.5,南西,0.1,0.74,,
202593,18:00,0.0,29.6,24.9,31.5,76,1.8,南西,0.2,0.33,曇,35.0
202593,19:00,0.0,29.4,25.0,31.6,77,2.1,西南西,0.0,0.02,,
202593,20:00,0.0,29.1,25.1,31.8,79,3.8,西南西,0.0,0.0,,
202593,21:00,0.0,28.9,24.9,31.5,79,3.2,西南西,0.0,0.0,曇,25.0
202593,22:00,0.0,28.9,24.9,31.5,79,2.9,西,0.0,0.0,,
202593,23:00,0.0,28.2,24.8,31.4,82,1.5,北西,0.0,0.0,,
202593,24:00,0.0,28.2,24.4,30.6,80,2.0,西,0.0,0.0,,
202594,01:00,0.0,28.1,23.0,28.1,74,2.0,東南東,0.0,0.0,曇,20.0
202594,02:00,0.0,28.0,22.7,27.6,73,2.8,東南東,0.0,0.0,曇,20.0
202594,03:00,0.0,27.9,22.6,27.4,73,2.0,東北東,0.0,0.0,曇,20.0
202594,04:00,0.0,27.9,22.4,27.1,72,1.4,東北東,0.0,0.0,曇,20.0
202594,05:00,0.0,27.7,22.4,27.1,73,1.8,東,0.0,0.0,曇,20.0
202594,06:00,0.0,27.6,22.6,27.3,74,1.8,東北東,0.0,0.0,曇,20.0
202594,07:00,0.0,28.0,22.3,26.8,71,2.0,北東,0.0,0.0,曇,20.0
202594,08:00,0.0,29.2,22.7,27.6,68,2.9,東南東,0.2,0.0,曇,20.0
202594,09:00,0.0,30.1,22.5,27.3,64,3.0,南東,0.1,0.0,曇,20.0
202594,10:00,0.0,30.2,22.6,27.5,64,2.6,南南東,0.0,0.0,曇,20.0
202594,11:00,0.0,31.0,22.6,27.4,61,3.9,南,0.0,0.0,曇,20.0
202594,12:00,0.0,31.3,22.6,27.4,60,1.9,南,0.0,0.0,曇,20.0
202594,13:00,0.0,31.5,23.1,28.2,61,3.4,南南西,0.0,0.0,雨,20.0
202594,14:00,0.0,31.9,23.2,28.4,60,5.0,南南西,0.0,0.0,曇,20.0
202594,15:00,0.0,29.5,23.7,29.3,71,5.7,南南西,0.0,0.0,雷電,20.0
202594,16:00,0.0,28.8,23.3,28.5,72,4.7,南南西,0.0,0.0,雨,20.0
202594,17:00,0.0,28.9,23.6,29.1,73,3.2,南南西,0.0,0.0,曇,20.0
202594,18:00,0.0,28.7,23.4,28.8,73,1.8,南,0.0,0.0,曇,20.0
202594,19:00,0.0,28.0,23.4,28.7,76,2.5,北東,0.0,0.0,雨,20.0
202594,20:00,0.0,27.0,24.5,30.7,86,2.8,東北東,0.0,0.0,曇,20.0
202594,21:00,1.0,26.2,24.2,30.3,89,2.0,東南東,0.0,0.0,雨,7.22
202594,22:00,2.0,26.1,24.7,31.1,92,2.0,北東,0.0,0.0,雨,9.96
202594,23:00,4.0,25.7,24.3,30.4,92,2.3,東北東,0.0,0.0,雨,4.92
202594,24:00,2.5,25.5,24.3,30.4,93,2.2,北東,0.0,0.0,雨,9.47
202595,01:00,0.0,26.0,25.0,31.6,94,2.3,南南西,0.0,0.0,曇,20.0
202595,02:00,0.5,26.0,25.1,31.9,95,1.6,南南西,0.0,0.0,雨,15.0
202595,03:00,4.0,25.9,25.4,32.4,97,2.2,南,0.0,0.0,雨,3.46
202595,04:00,6.0,25.3,25.0,31.6,98,3.1,南西,0.0,0.0,雨,1.87
202595,05:00,11.0,24.8,24.6,31.0,99,1.1,南東,0.0,0.0,雨,2.64
202595,06:00,4.0,24.7,24.5,30.8,99,0.4,南東,0.0,0.0,雨,4.83
202595,07:00,4.0,25.2,25.0,31.7,99,0.5,南,0.0,0.0,雨,2.97
202595,08:00,5.0,24.9,24.6,30.9,98,2.0,南西,0.0,0.0,雨,2.14
202595,09:00,7.5,24.8,24.5,30.7,98,1.5,南,0.0,0.0,雨,1.94
202595,10:00,5.0,25.2,24.9,31.4,98,4.5,南南東,0.0,0.0,雨,3.79
202595,11:00,10.5,25.4,24.9,31.5,97,7.3,南南西,0.0,0.0,雨,3.98
202595,12:00,7.0,25.6,24.9,31.5,96,5.4,南南西,0.0,0.0,雨,3.41
202595,13:00,45.5,25.5,25.3,32.3,99,4.5,南南西,0.0,0.0,雨,0.69
202595,14:00,30.5,24.5,24.2,30.1,98,3.9,北西,0.0,0.0,雷電,1.97
202595,15:00,16.5,23.9,23.7,29.4,99,4.0,北,0.0,0.0,雷電,1.56
202595,16:00,2.5,24.4,24.1,30.0,98,8.3,北,0.0,0.0,雷電,20.0
202595,17:00,0.0,24.2,23.9,29.6,98,9.5,北,0.0,0.0,曇,20.0
202595,18:00,0.0,24.3,23.6,29.2,96,8.0,北北西,0.0,0.0,曇,20.0
202595,19:00,0.0,24.5,23.3,28.6,93,5.1,北西,0.0,0.0,曇,20.0
202595,20:00,0.0,24.7,23.5,28.9,93,3.0,北西,0.0,0.0,曇,20.0
202595,21:00,0.0,24.4,23.6,29.0,95,2.7,西,0.0,0.0,曇,20.0
202595,22:00,0.0,25.1,23.3,28.7,90,0.8,北北西,0.0,0.0,晴れ,20.0
202595,23:00,0.0,24.5,23.3,28.6,93,0.7,西南西,0.0,0.0,晴れ,20.0
202595,24:00,0.0,24.3,23.3,28.6,94,1.4,南南西,0.0,0.0,晴れ,20.0
202596,01:00,0.0,24.4,23.0,28.1,92,1.6,西南西,0.0,0.0,晴れ,20.0
202596,02:00,0.0,24.5,23.1,28.3,92,1.3,北,0.0,0.0,晴れ,20.0
202596,03:00,0.0,24.2,23.4,28.7,95,1.7,北東,0.0,0.0,晴れ,20.0
202596,04:00,0.0,24.4,22.8,27.8,91,1.5,東北東,0.0,0.0,晴れ,20.0
202596,05:00,0.0,23.9,22.3,27.0,91,1.2,北北東,0.0,0.0,晴れ,20.0
202596,06:00,0.0,24.5,22.0,26.4,86,1.2,北北東,0.4,0.0,晴れ,20.0
202596,07:00,0.0,25.0,22.7,27.6,87,0.7,西南西,1.0,0.0,晴れ,20.0
202596,08:00,0.0,26.9,23.0,28.0,79,2.8,東,1.0,0.0,晴れ,20.0
202596,09:00,0.0,28.0,23.2,28.4,75,3.5,東,1.0,0.0,晴れ,20.0
202596,10:00,0.0,28.1,21.2,25.1,66,2.3,東,1.0,0.0,晴れ,20.0
202596,11:00,0.0,29.3,21.0,24.9,61,2.7,東南東,1.0,0.0,晴れ,20.0
202596,12:00,0.0,30.3,20.3,23.8,55,2.8,東南東,1.0,0.0,晴れ,20.0
202596,13:00,0.0,31.2,19.2,22.3,49,4.1,東,1.0,0.0,晴れ,20.0
202596,14:00,0.0,31.4,18.4,21.2,46,4.8,南南東,1.0,0.0,晴れ,20.0
202596,15:00,0.0,29.6,22.6,27.4,66,4.6,南南西,1.0,0.0,晴れ,20.0
202596,16:00,0.0,28.5,22.0,26.5,68,5.0,南西,1.0,0.0,晴れ,20.0
202596,17:00,0.0,27.7,22.2,26.8,72,4.5,南西,1.0,0.0,晴れ,20.0
202596,18:00,0.0,26.9,21.9,26.2,74,2.9,南南西,0.4,0.0,曇,20.0
202596,19:00,0.0,26.5,20.8,24.6,71,4.2,南,0.0,0.0,晴れ,20.0
202596,20:00,0.0,26.0,21.9,26.2,78,3.8,南,0.0,0.0,晴れ,20.0
202596,21:00,0.0,25.7,22.2,26.8,81,3.1,南,0.0,0.0,晴れ,20.0
202596,22:00,0.0,25.9,22.4,27.1,81,2.3,南南西,0.0,0.0,曇,20.0
202596,23:00,0.0,25.7,22.6,27.4,83,2.4,南南西,0.0,0.0,曇,20.0
202596,24:00,0.0,25.6,22.9,27.9,85,2.5,南,0.0,0.0,晴れ,20.0
202597,01:00,0.0,25.5,23.0,28.1,86,3.5,南,0.0,0.0,晴れ,20.0
202597,02:00,0.0,25.2,23.3,28.5,89,2.7,南,0.0,0.0,晴れ,20.0
202597,03:00,0.0,25.0,23.6,29.2,92,2.3,南,0.0,0.0,曇,20.0
202597,04:00,0.0,24.8,23.6,29.1,93,1.9,南南西,0.0,0.0,晴れ,20.0
202597,05:00,0.0,24.6,23.6,29.1,94,2.0,南西,0.0,0.0,晴れ,20.0
202597,06:00,0.0,24.7,23.3,28.6,92,2.0,南西,0.2,0.0,晴れ,20.0
202597,07:00,0.0,25.6,23.5,28.9,88,2.3,南西,0.9,0.0,晴れ,20.0
202597,08:00,0.0,27.6,23.0,28.1,76,3.7,南西,0.4,0.0,晴れ,20.0
202597,09:00,0.0,28.8,22.5,27.3,69,4.2,南西,0.9,0.0,晴れ,20.0
202597,10:00,0.0,29.0,22.5,27.3,68,5.0,南南西,0.8,0.0,晴れ,20.0
202597,11:00,0.0,30.2,23.4,28.8,67,3.8,南南西,0.7,0.0,晴れ,20.0
202597,12:00,0.0,30.7,23.4,28.7,65,3.9,南,0.7,0.0,晴れ,20.0
202597,13:00,0.0,30.8,23.5,28.9,65,5.6,南南西,0.7,0.0,晴れ,20.0
202597,14:00,0.0,31.2,23.6,29.1,64,5.4,南南西,0.8,0.0,晴れ,20.0
202597,15:00,0.0,30.2,22.9,27.9,65,5.1,南南西,0.8,0.0,晴れ,20.0
202597,16:00,0.0,30.0,23.5,28.9,68,4.4,南,1.0,0.0,晴れ,20.0
202597,17:00,0.0,29.0,22.7,27.7,69,5.1,南,1.0,0.0,晴れ,20.0
202597,18:00,0.0,28.0,23.4,28.7,76,3.2,南,0.6,0.0,晴れ,20.0
202597,19:00,0.0,27.4,23.9,29.6,81,3.7,南南西,0.0,0.0,晴れ,20.0
202597,20:00,0.0,27.1,24.4,30.5,85,3.0,南南西,0.0,0.0,晴れ,20.0
202597,21:00,0.0,26.8,24.7,31.0,88,4.0,南南西,0.0,0.0,晴れ,20.0
202597,22:00,0.0,26.6,24.6,31.0,89,3.8,南南西,0.0,0.0,晴れ,20.0
202597,23:00,0.0,26.4,24.6,31.0,90,2.6,南西,0.0,0.0,晴れ,20.0
202597,24:00,0.0,26.3,24.7,31.1,91,2.5,南南西,0.0,0.0,晴れ,20.0
202599,01:00,0.0,27.6,25.2,32.1,87,3.5,北北東,0.0,0.0,,
202599,02:00,0.0,27.6,25.4,32.5,88,2.2,北,0.0,0.0,,
202599,03:00,0.0,27.5,25.1,32.0,87,1.9,北,0.0,0.0,晴れ,15.0
202599,04:00,0.0,27.2,25.2,32.1,89,1.5,北北東,0.0,0.0,,
202599,05:00,0.0,27.1,25.3,32.3,90,1.2,北北西,0.0,0.00,,
202599,06:00,0.0,27.4,25.2,32.1,88,2.4,北北東,0.0,0.05,曇,8.00
202599,07:00,0.0,27.9,25.3,32.3,86,1.6,北西,0.0,0.30,,
202599,08:00,0.0,28.6,25.4,32.5,83,0.6,北西,0.0,0.46,,
202599,09:00,0.0,29.4,24.5,30.8,75,2.2,西北西,0.1,0.96,曇,8.00
202599,10:00,0.0,29.6,24.7,31.1,75,1.4,南南東,0.5,1.47,,
202599,11:00,0.0,31.4,25.3,32.2,70,0.7,南南西,0.2,1.34,,
202599,12:00,0.0,31.4,25.7,33.1,72,3.8,南,0.3,1.65,晴れ,10.0
202599,13:00,0.0,32.7,25.5,32.7,66,3.4,南南東,0.2,1.70,,
202599,14:00,0.0,32.9,25.7,33.0,66,4.3,南東,1.0,2.56,,
202599,15:00,0.0,31.8,25.2,32.0,68,4.2,南東,0.7,1.63,晴れ,10.0
202599,16:00,0.0,32.3,25.4,32.4,67,3.9,南東,0.7,1.06,,
202599,17:00,0.0,31.1,24.7,31.2,69,3.3,南,1.0,0.70,,
202599,18:00,0.0,29.9,25.9,33.3,79,3.8,南東,0.3,0.12,晴れ,10.0
202599,19:00,0.0,29.3,25.7,33.0,81,2.6,南南東,0.0,0.00,,
202599,20:00,0.0,28.7,25.9,33.5,85,2.6,南東,0.0,0.0,,
202599,21:00,0.0,28.3,25.7,33.1,86,3.8,南東,0.0,0.0,快晴,10.0
202599,22:00,0.0,28.1,25.7,33.1,87,3.8,南東,0.0,0.0,,
202599,23:00,0.0,27.8,25.8,33.3,89,3.3,南東,0.0,0.0,,
202599,24:00,0.0,27.6,25.8,33.2,90,2.6,南南東,0.0,0.0,,
2025910,01:00,0.0,27.3,25.1,31.9,88,2.2,南,0.0,0.0,,
2025910,02:00,0.0,26.9,24.6,30.8,87,2.0,南,0.0,0.0,,
2025910,03:00,0.0,27.4,24.3,30.3,83,2.5,南南西,0.0,0.0,晴れ,15.0
2025910,04:00,0.0,27.0,24.7,31.0,87,2.6,南南西,0.0,0.0,,
2025910,05:00,0.0,27.1,24.9,31.6,88,2.9,南南西,0.0,0.00,,
2025910,06:00,0.0,26.8,25.2,32.1,91,0.8,南南東,0.0,0.06,快晴,10.0
2025910,07:00,0.0,28.4,25.2,32.1,83,0.5,北北東,0.9,0.53,,
2025910,08:00,0.0,29.9,25.7,32.9,78,1.8,北西,1.0,1.19,,
2025910,09:00,0.0,30.0,25.3,32.3,76,1.8,北西,0.2,0.96,曇,10.0
2025910,10:00,0.0,31.0,26.1,33.7,75,1.2,南南東,0.1,0.86,,
2025910,11:00,0.0,28.9,25.5,32.7,82,1.6,北北東,0.0,0.44,,
2025910,12:00,0.5,28.1,26.5,34.6,91,2.7,東,0.0,0.32,雨,15.0
2025910,13:00,0.0,28.1,25.3,32.3,85,4.9,北東,0.0,0.44,,
2025910,14:00,0.0,28.1,25.5,32.7,86,3.0,北北西,0.0,0.29,,
2025910,15:00,0.0,28.1,25.7,33.1,87,3.6,北東,0.0,0.15,曇,10.0
2025910,16:00,0.0,28.8,25.8,33.3,84,2.9,北東,0.0,0.28,,
2025910,17:00,0.0,29.5,25.5,32.6,79,4.6,南南東,0.1,0.26,,
2025910,18:00,0.0,29.0,25.6,32.9,82,5.3,南南東,0.0,0.07,曇,20.0
2025910,19:00,0.0,28.3,25.7,33.1,86,4.3,南南東,0.0,0.00,,
2025910,20:00,0.0,28.2,25.8,33.3,87,4.2,南南東,0.0,0.0,,
2025910,21:00,0.0,28.0,25.6,32.9,87,2.5,南,0.0,0.0,曇,25.0
2025910,22:00,0.0,27.8,25.2,32.1,86,5.4,南,0.0,0.0,,
2025910,23:00,0.0,27.9,25.3,32.3,86,4.3,南,0.0,0.0,,
2025910,24:00,0.0,27.6,24.9,31.4,85,3.8,南南西,0.0,0.0,,
2025911,01:00,0.0,27.4,24.7,31.0,85,4.2,南,0.0,0.0,,
2025911,02:00,0.0,27.3,24.8,31.2,86,3.9,南,0.0,0.0,,
2025911,03:00,0.0,27.3,25.0,31.6,87,3.5,南,0.0,0.0,曇,20.0
2025911,04:00,0.0,27.2,24.9,31.4,87,3.5,南,0.0,0.0,,
2025911,05:00,0.0,27.1,24.8,31.2,87,2.6,南,0.0,0.00,,
2025911,06:00,0.0,27.2,24.3,30.3,84,3.8,南,0.0,0.04,曇,30.0
2025911,07:00,0.0,27.8,23.4,28.8,77,2.7,南南西,0.2,0.38,,
2025911,08:00,0.0,29.4,24.3,30.3,74,2.9,南南西,0.8,1.15,,
2025911,09:00,0.0,30.4,23.8,29.5,68,1.2,南南西,0.9,1.97,晴れ,30.0
2025911,10:00,0.0,31.9,23.7,29.3,62,1.7,東,1.0,2.69,,
2025911,11:00,0.0,31.4,22.7,27.6,60,2.3,北西,0.7,2.55,,
2025911,12:00,0.0,33.5,23.8,29.5,57,3.1,北北西,0.8,2.69,晴れ,30.0
2025911,13:00,0.0,30.9,24.6,30.8,69,3.8,北北東,0.4,1.83,,
2025911,14:00,2.0,27.0,25.4,32.5,91,4.0,東北東,0.0,0.49,,
2025911,15:00,15.5,25.5,25.2,32.0,98,3.3,北東,0.0,0.08,雷電,3.00
2025911,16:00,19.0,25.5,25.3,32.3,99,3.5,東北東,0.0,0.10,,
2025911,17:00,0.0,25.0,24.5,30.7,97,3.4,東,0.0,0.17,,
2025911,18:00,0.0,25.2,24.5,30.8,96,2.6,北東,0.0,0.04,曇,10.0
2025911,19:00,0.0,24.7,24.2,30.2,97,2.6,東,0.0,0.00,,
2025911,20:00,0.5,24.5,24.2,30.1,98,1.7,北東,0.0,0.0,,
2025911,21:00,0.0,24.5,23.5,28.9,94,2.7,東北東,0.0,0.0,曇,10.0
2025911,22:00,0.0,24.0,22.8,27.8,93,3.4,北東,0.0,0.0,,
2025911,23:00,0.0,24.3,22.9,28.0,92,3.2,北東,0.0,0.0,,
2025911,24:00,0.5,23.8,23.1,28.3,96,2.9,東,0.0,0.0,,
2025912,01:00,0.0,23.4,22.6,27.3,95,3.7,北北東,0.0,0.0,,
2025912,02:00,0.0,23.5,23.0,28.1,97,3.0,北東,0.0,0.0,,
2025912,03:00,0.0,23.2,22.5,27.3,96,1.4,北東,0.0,0.0,雨,20.0
2025912,04:00,1.0,22.9,22.6,27.4,98,2.3,北東,0.0,0.0,,
2025912,05:00,0.0,23.2,22.4,27.0,95,3.0,北東,0.0,0.00,,
2025912,06:00,0.0,23.3,22.5,27.2,95,3.3,北北東,0.0,0.05,曇,30.0
2025912,07:00,0.0,23.8,22.6,27.4,93,3.3,北東,0.0,0.22,,
2025912,08:00,0.0,24.3,22.4,27.0,89,3.8,北東,0.0,0.42,,
2025912,09:00,0.0,25.6,23.7,29.2,89,1.2,北東,0.0,0.50,曇,25.0
2025912,10:00,0.0,26.6,22.9,27.9,80,2.7,北東,0.0,1.24,,
2025912,11:00,0.0,27.0,22.6,27.5,77,2.1,北東,0.0,1.13,,
2025912,12:00,0.0,26.1,22.6,27.4,81,1.8,北西,0.0,0.68,雨,25.0
2025912,13:00,0.0,25.0,23.8,29.5,93,2.0,東北東,0.0,0.23,,
2025912,14:00,0.0,25.8,22.9,27.9,84,3.5,東,0.0,0.50,,
2025912,15:00,0.0,26.2,22.5,27.2,80,2.5,東,0.0,0.70,曇,25.0
2025912,16:00,0.0,26.2,22.5,27.2,80,3.4,東南東,0.0,0.74,,
2025912,17:00,0.0,25.8,22.1,26.6,80,2.7,東,0.0,0.19,,
2025912,18:00,0.0,25.5,21.8,26.1,80,3.0,東北東,0.0,0.03,曇,25.0
2025912,19:00,0.0,25.0,22.5,27.3,86,1.9,北東,0.0,0.00,,
2025912,20:00,0.0,24.7,22.6,27.4,88,2.9,北東,0.0,0.0,,
2025912,21:00,0.0,24.8,22.5,27.2,87,3.1,東北東,0.0,0.0,雨,20.0
2025912,22:00,0.5,23.9,23.1,28.2,95,2.1,北東,0.0,0.0,,
2025912,23:00,0.0,23.9,22.9,27.9,94,2.4,北北東,0.0,0.0,,
2025912,24:00,0.0,23.9,23.2,28.5,96,1.8,東北東,0.0,0.0,,
2025913,01:00,2.0,23.7,23.4,28.7,98,2.9,北北東,0.0,0.0,,
2025913,02:00,4.0,23.6,23.6,29.1,100,2.4,北北東,0.0,0.0,,
2025913,03:00,6.0,23.4,23.4,28.8,100,0.5,北北西,0.0,0.0,雨,8.00
2025913,04:00,0.5,23.3,23.3,28.6,100,1.5,東北東,0.0,0.0,,
2025913,05:00,0.0,23.4,23.4,28.8,100,2.3,北東,0.0,0.00,,
2025913,06:00,0.0,23.6,23.6,29.1,100,1.6,東北東,0.0,0.01,曇,20.0
2025913,07:00,0.0,24.3,24.3,30.4,100,1.5,南東,0.0,0.20,,
2025913,08:00,0.0,24.8,24.6,31.0,99,2.5,南東,0.0,0.34,,
2025913,09:00,0.0,26.3,25.6,32.9,96,2.4,南南東,0.0,0.84,曇,10.0
2025913,10:00,0.0,27.0,24.8,31.4,88,2.9,南南東,0.1,1.23,,
2025913,11:00,0.0,27.4,24.5,30.7,84,3.3,南南東,0.0,1.14,,
2025913,12:00,0.0,29.1,25.5,32.6,81,4.3,南,0.2,1.81,曇,25.0
2025913,13:00,0.0,29.2,24.8,31.2,77,6.5,南,0.1,1.39,,
2025913,14:00,0.0,29.6,25.1,31.9,77,6.4,南,0.1,1.06,,
2025913,15:00,0.0,28.2,24.6,31.0,81,4.6,南,0.1,1.04,曇,25.0
2025913,16:00,0.0,28.2,24.0,29.8,78,4.4,南,0.0,0.54,,
2025913,17:00,0.0,27.6,23.4,28.8,78,6.7,南,0.1,0.42,,
2025913,18:00,0.0,27.0,23.7,29.2,82,4.5,南,0.0,0.05,曇,25.0
2025913,19:00,0.0,26.4,23.5,28.9,84,5.2,南南西,0.0,0.00,,
2025913,20:00,0.0,26.2,23.7,29.3,86,5.4,南,0.0,0.0,,
2025913,21:00,0.0,27.0,24.5,30.7,86,5.5,南南西,0.0,0.0,曇,25.0
2025913,22:00,0.0,27.0,24.7,31.0,87,4.5,南,0.0,0.0,,
2025913,23:00,0.0,27.1,24.2,30.1,84,4.4,南,0.0,0.0,,
2025913,24:00,0.0,27.0,24.3,30.3,85,4.9,南,0.0,0.0,,
2025914,01:00,0.0,28.1,23.5,28.9,76,2.6,南南西,0.0,0.0,曇,20.0
2025914,02:00,0.0,27.9,23.7,29.3,78,2.3,南西,0.0,0.0,曇,20.0
2025914,03:00,0.0,27.8,23.8,29.5,79,2.7,南,0.0,0.0,雨,20.0
2025914,04:00,0.0,27.8,23.8,29.5,79,1.7,南南東,0.0,0.0,雨,15.3
2025914,05:00,0.0,27.4,23.9,29.6,81,2.4,南南西,0.0,0.0,曇,20.0
2025914,06:00,0.0,27.6,23.4,28.8,78,1.3,南南西,0.0,0.00,曇,20.0
2025914,07:00,0.0,27.6,23.4,28.8,78,1.2,南西,0.0,0.02,雷電,20.0
2025914,08:00,0.0,27.6,23.2,28.4,77,1.5,北西,0.0,0.04,曇,20.0
2025914,09:00,0.0,27.1,24.0,29.8,83,1.1,南西,0.0,0.08,雨,19.9
2025914,10:00,0.0,27.5,23.1,28.3,77,2.3,南,0.0,0.43,雨,20.0
2025914,11:00,0.0,27.3,23.1,28.3,78,2.6,南,0.0,0.81,曇,20.0
2025914,12:00,0.0,28.3,23.2,28.5,74,2.6,南南西,0.1,1.45,曇,20.0
2025914,13:00,0.0,29.3,22.8,27.7,68,3.3,南南西,0.4,1.99,曇,20.0
2025914,14:00,0.0,29.6,22.8,27.8,67,3.8,南南西,0.4,1.61,曇,20.0
2025914,15:00,0.0,31.2,23.1,28.2,62,3.2,南西,0.6,1.54,曇,20.0
2025914,16:00,0.0,31.1,22.7,27.6,61,3.6,南南西,1.0,1.66,晴れ,20.0
2025914,17:00,0.0,30.7,22.6,27.4,62,4.9,南南西,0.7,0.82,晴れ,20.0
2025914,18:00,0.0,30.5,22.9,28.0,64,2.7,南南東,0.3,0.22,晴れ,20.0
2025914,19:00,0.0,29.9,22.9,27.9,66,3.2,南,0.0,0.01,晴れ,20.0
2025914,20:00,0.0,29.7,22.4,27.1,65,3.2,南南西,0.0,0.0,晴れ,20.0
2025914,21:00,0.0,29.0,23.2,28.5,71,3.1,南南西,0.0,0.0,晴れ,20.0
2025914,22:00,0.0,28.6,23.3,28.6,73,2.9,南西,0.0,0.0,曇,20.0
2025914,23:00,0.0,28.2,23.6,29.1,76,2.4,南西,0.0,0.0,晴れ,20.0
2025914,24:00,0.0,27.9,23.7,29.3,78,1.5,南,0.0,0.0,晴れ,20.0
2025915,01:00,0.0,27.7,23.5,29.0,78,1.6,南西,0.0,0.0,晴れ,20.0
2025915,02:00,0.0,27.2,23.5,28.9,80,0.9,北北東,0.0,0.0,晴れ,20.0
2025915,03:00,0.0,26.7,23.4,28.7,82,1.9,北北東,0.0,0.0,雷電,13.8
2025915,04:00,0.0,26.5,23.2,28.4,82,1.7,北,0.0,0.0,曇,20.0
2025915,05:00,0.0,26.4,23.3,28.6,83,1.8,北,0.0,0.0,晴れ,19.4
2025915,06:00,0.0,26.2,23.3,28.6,84,1.6,北北東,0.0,0.00,晴れ,18.8
2025915,07:00,0.0,26.8,23.5,28.9,82,1.0,北北東,0.1,0.21,晴れ,20.0
2025915,08:00,0.0,27.9,23.7,29.3,78,1.1,北,0.1,0.58,晴れ,20.0
2025915,09:00,0.0,28.6,23.3,28.6,73,1.6,西,0.3,1.00,晴れ,20.0
2025915,10:00,0.0,29.8,23.0,28.1,67,1.7,南,0.6,1.84,晴れ,20.0
2025915,11:00,0.0,31.4,22.7,27.6,60,2.0,南西,1.0,2.63,晴れ,19.2
2025915,12:00,0.0,32.7,23.6,29.2,59,3.3,南西,1.0,3.06,晴れ,20.0
2025915,13:00,0.0,33.1,23.7,29.4,58,2.6,南西,1.0,2.94,晴れ,20.0
2025915,14:00,0.0,30.4,24.1,30.0,69,3.7,西南西,0.3,1.33,雷電,11.7
2025915,15:00,0.0,30.7,21.8,26.1,59,4.6,北,0.4,1.44,曇,20.0
2025915,16:00,0.0,28.9,22.2,26.7,67,4.6,北北東,0.2,0.94,雷電,20.0
2025915,17:00,0.0,27.5,23.3,28.6,78,4.4,北,0.0,0.25,雨,13.4
2025915,18:00,0.0,27.8,22.3,26.9,72,3.9,北北東,0.3,0.17,曇,20.0
2025915,19:00,0.0,27.8,22.5,27.3,73,3.5,北北東,0.0,0.02,曇,20.0
2025915,20:00,0.0,27.3,22.5,27.2,75,4.2,北,0.0,0.0,曇,20.0
2025915,21:00,0.0,26.8,22.2,26.8,76,3.5,北北東,0.0,0.0,晴れ,20.0
2025915,22:00,0.0,26.6,22.0,26.5,76,3.3,北北東,0.0,0.0,曇,20.0
2025915,23:00,0.0,26.2,22.1,26.5,78,4.2,北北東,0.0,0.0,曇,20.0
2025915,24:00,0.0,26.0,21.9,26.2,78,3.6,北北東,0.0,0.0,曇,20.0
2025917,01:00,0.0,27.2,24.9,31.4,87,3.5,南,0.0,0.0,,
2025917,02:00,0.0,26.8,24.3,30.3,86,4.0,南南西,0.0,0.0,,
2025917,03:00,0.0,26.5,24.2,30.1,87,1.5,南南西,0.0,0.0,快晴,20.0
2025917,04:00,0.0,26.4,23.9,29.6,86,3.3,南南西,0.0,0.0,,
2025917,05:00,0.0,25.9,24.0,29.8,89,2.1,南南西,0.0,0.00,,
2025917,06:00,0.0,25.8,24.0,29.9,90,1.4,西南西,0.1,0.05,快晴,20.0
2025917,07:00,0.0,27.3,24.2,30.1,83,2.1,南,1.0,0.50,,
2025917,08:00,0.0,29.0,24.1,30.1,75,1.9,南南西,1.0,1.21,,
2025917,09:00,0.0,30.7,24.6,30.9,70,2.8,南南西,1.0,1.90,晴れ,15.0
2025917,10:00,0.0,32.2,26.0,33.7,70,2.7,南南東,1.0,2.55,,
2025917,11:00,0.0,32.4,24.5,30.7,63,1.3,北北西,0.8,2.38,,
2025917,12:00,0.0,33.7,24.6,30.9,59,1.7,南南東,1.0,2.95,晴れ,15.0
2025917,13:00,0.0,32.9,26.0,33.5,67,3.9,南東,1.0,2.77,,
2025917,14:00,0.0,32.8,25.9,33.3,67,5.0,南東,1.0,2.47,,
2025917,15:00,0.0,32.4,26.2,34.1,70,3.4,南南東,1.0,1.95,快晴,15.0
2025917,16:00,0.0,31.5,26.1,33.8,73,4.2,南東,1.0,1.25,,
2025917,17:00,0.0,30.6,25.9,33.4,76,3.0,南東,1.0,0.62,,
2025917,18:00,0.0,29.5,26.1,33.8,82,2.9,南南東,0.3,0.09,快晴,10.0
2025917,19:00,0.0,29.1,26.3,34.3,85,2.7,南南東,0.0,0.00,,
2025917,20:00,0.0,28.4,26.2,34.1,88,2.0,南南東,0.0,0.0,,
2025917,21:00,0.0,28.0,26.0,33.7,89,1.2,南東,0.0,0.0,快晴,15.0
2025917,22:00,0.0,27.7,26.1,33.8,91,2.5,南東,0.0,0.0,,
2025917,23:00,0.0,27.4,26.0,33.6,92,1.9,南南東,0.0,0.0,,
2025917,24:00,0.0,27.2,25.6,32.8,91,1.3,南南東,0.0,0.0,,
2025918,01:00,0.0,28.5,26.1,33.9,87,3.2,北西,0.0,0.0,,
2025918,02:00,0.0,27.1,26.1,33.7,94,0.9,西,0.0,0.0,,
2025918,03:00,0.0,26.9,23.8,29.4,83,3.3,西北西,0.0,0.0,晴れ,15.0
2025918,04:00,0.0,26.2,24.1,29.9,88,0.9,西南西,0.0,0.0,,
2025918,05:00,0.0,26.2,23.7,29.3,86,1.8,西北西,0.0,0.00,,
2025918,06:00,0.0,26.1,24.2,30.1,89,0.8,北西,0.0,0.04,快晴,15.0
2025918,07:00,0.0,28.2,25.0,31.8,83,1.6,南,1.0,0.48,,
2025918,08:00,0.0,30.2,25.3,32.2,75,2.3,南西,0.9,0.99,,
2025918,09:00,0.0,32.2,25.5,32.7,68,2.4,南,1.0,1.79,薄曇,15.0
2025918,10:00,0.0,33.4,24.6,30.9,60,4.4,南南西,0.8,2.24,,
2025918,11:00,0.0,32.4,24.2,30.2,62,3.1,南南西,0.5,1.83,,
2025918,12:00,0.0,32.7,24.5,30.7,62,3.0,南南西,0.4,1.81,曇,15.0
2025918,13:00,0.0,33.0,24.5,30.7,61,1.8,南,0.5,1.74,,
2025918,14:00,0.0,32.2,24.8,31.3,65,2.9,南南東,0.0,1.10,,
2025918,15:00,0.0,30.5,20.7,24.5,56,5.6,西北西,0.1,1.00,曇,15.0
2025918,16:00,0.0,29.7,20.6,24.2,58,3.4,北北東,0.2,0.71,,
2025918,17:00,0.0,28.3,21.3,25.4,66,2.5,北北東,0.0,0.40,,
2025918,18:00,0.0,27.0,21.5,25.7,72,4.2,東北東,0.0,0.05,薄曇,20.0
2025918,19:00,0.0,26.0,22.1,26.6,79,2.6,北東,0.0,0.00,,
2025918,20:00,0.0,25.8,22.1,26.6,80,3.1,北東,0.0,0.0,,
2025918,21:00,0.0,24.4,22.1,26.6,87,4.2,北東,0.0,0.0,雨,20.0
2025918,22:00,0.5,24.1,21.8,26.1,87,3.2,東北東,0.0,0.0,,
2025918,23:00,0.0,23.9,21.6,25.8,87,4.0,東北東,0.0,0.0,,
2025918,24:00,0.0,23.8,21.1,25.1,85,4.4,東北東,0.0,0.0,,
2025919,01:00,0.0,25.8,19.0,21.9,66,3.9,北西,0.0,0.0,曇,20.0
2025919,02:00,0.0,25.5,18.4,21.2,65,3.8,北西,0.0,0.0,雨,20.0
2025919,03:00,0.0,25.1,18.3,21.0,66,3.4,北西,0.0,0.0,曇,20.0
2025919,04:00,0.0,24.6,18.3,21.0,68,3.2,北西,0.0,0.0,晴れ,20.0
2025919,05:00,0.0,24.2,18.6,21.4,71,2.0,北北西,0.0,0.0,晴れ,18.5
2025919,06:00,0.0,24.0,18.7,21.5,72,3.0,北,0.0,0.02,曇,20.0
2025919,07:00,0.0,24.5,18.7,21.5,70,2.9,北西,0.2,0.28,曇,20.0
2025919,08:00,0.0,25.9,18.1,20.7,62,2.8,北,0.1,0.61,曇,20.0
2025919,09:00,0.0,26.9,18.5,21.3,60,1.2,北,0.9,1.62,晴れ,20.0
2025919,10:00,0.0,27.4,18.4,21.2,58,1.9,西北西,0.6,2.22,曇,20.0
2025919,11:00,0.0,28.5,18.3,21.0,54,1.2,南西,0.2,1.70,晴れ,20.0
2025919,12:00,0.0,28.1,20.1,23.6,62,5.5,南,0.4,1.79,晴れ,20.0
2025919,13:00,0.0,28.3,20.1,23.5,61,5.3,南南西,0.1,1.38,曇,20.0
2025919,14:00,0.0,28.8,20.0,23.4,59,5.3,南南西,0.4,1.83,晴れ,20.0
2025919,15:00,0.0,28.5,20.0,23.4,60,6.7,南南西,0.7,1.78,晴れ,20.0
2025919,16:00,0.0,27.6,19.4,22.5,61,5.5,南,0.1,0.58,曇,20.0
2025919,17:00,0.0,27.1,19.5,22.6,63,4.6,南南東,0.0,0.22,曇,20.0
2025919,18:00,0.0,26.5,18.9,21.8,63,4.1,南,0.0,0.08,曇,20.0
2025919,19:00,0.0,25.8,19.5,22.6,68,3.4,南南東,0.0,0.00,曇,20.0
2025919,20:00,0.0,25.6,19.3,22.3,68,3.6,南,0.0,0.0,曇,20.0
2025919,21:00,0.0,25.4,17.6,20.1,62,2.8,南南東,0.0,0.0,曇,20.0
2025919,22:00,0.0,25.2,17.2,19.6,61,2.6,南,0.0,0.0,曇,20.0
2025919,23:00,0.0,25.0,17.2,19.6,62,1.8,南南東,0.0,0.0,曇,20.0
2025919,24:00,0.0,24.8,17.3,19.7,63,1.9,南南東,0.0,0.0,曇,20.0
2025920,01:00,0.0,24.8,17.3,19.7,63,0.9,南南東,0.0,0.0,曇,20.0
2025920,02:00,0.0,24.8,17.5,20.0,64,1.2,東,0.0,0.0,曇,20.0
2025920,03:00,0.0,24.5,18.2,20.9,68,2.4,北東,0.0,0.0,曇,20.0
2025920,04:00,0.0,24.2,19.5,22.7,75,2.4,東北東,0.0,0.0,曇,20.0
2025920,05:00,0.0,24.1,19.6,22.8,76,1.9,北東,0.0,0.0,曇,20.0
2025920,06:00,0.0,24.3,19.4,22.5,74,1.3,北北東,0.0,0.00,曇,20.0
2025920,07:00,0.0,24.3,18.9,21.9,72,0.8,北西,0.0,0.11,雨,19.8
2025920,08:00,0.0,22.8,20.5,24.2,87,1.3,北西,0.0,0.25,雨,14.8
2025920,09:00,0.0,24.0,20.1,23.6,79,1.0,西南西,0.1,0.83,雨,19.9
2025920,10:00,0.5,22.7,21.0,24.8,90,1.2,西北西,0.0,0.34,雨,16.4
2025920,11:00,0.5,23.2,22.0,26.5,93,2.0,北北西,0.0,0.40,曇,17.7
2025920,12:00,0.0,23.6,21.1,25.1,86,1.6,北北西,0.0,0.86,曇,18.8
2025920,13:00,0.0,24.3,21.6,25.8,85,1.2,西北西,0.0,0.40,曇,20.0
2025920,14:00,0.0,24.1,21.4,25.5,85,2.8,北西,0.0,0.46,曇,16.6
2025920,15:00,0.0,24.4,21.5,25.7,84,2.2,北,0.0,0.52,曇,16.9
2025920,16:00,0.0,24.0,21.1,25.1,84,1.6,北北東,0.0,0.19,曇,17.6
2025920,17:00,0.0,24.1,20.8,24.6,82,1.2,北北西,0.0,0.12,曇,16.9
2025920,18:00,0.0,24.1,21.0,24.9,83,0.8,北北東,0.0,0.02,曇,16.8
2025920,19:00,0.0,24.3,21.2,25.2,83,2.2,南南東,0.0,0.00,曇,17.2
2025920,20:00,0.0,24.7,21.4,25.5,82,1.9,南西,0.0,0.0,曇,14.2
2025920,21:00,0.0,24.7,21.8,26.1,84,1.9,西南西,0.0,0.0,曇,14.0
2025920,22:00,0.0,24.5,22.0,26.4,86,2.8,南東,0.0,0.0,曇,16.1
2025920,23:00,0.0,24.2,21.9,26.3,87,3.2,南東,0.0,0.0,曇,14.4
2025920,24:00,0.0,24.4,22.5,27.2,89,3.2,南東,0.0,0.0,雨,13.6
2025921,01:00,0.0,26.3,23.0,28.1,82,3.3,南南西,0.0,0.0,,
2025921,02:00,0.0,26.2,23.1,28.2,83,4.9,南,0.0,0.0,,
2025921,03:00,0.0,26.4,23.1,28.2,82,4.2,南南西,0.0,0.0,曇,20.0
2025921,04:00,0.0,25.2,22.7,27.6,86,2.2,北北西,0.0,0.0,,
2025921,05:00,0.0,24.0,21.5,25.7,86,3.8,北北西,0.0,0.00,,
2025921,06:00,0.0,23.2,20.9,24.7,87,1.0,北北西,0.0,0.03,曇,15.0
2025921,07:00,0.0,24.0,21.3,25.4,85,0.5,北北東,0.0,0.18,,
2025921,08:00,0.0,25.7,20.9,24.8,75,1.7,北北西,0.2,0.52,,
2025921,09:00,0.0,25.8,20.6,24.3,73,2.0,北北西,0.5,1.27,晴れ,40.0
2025921,10:00,0.0,29.8,20.7,24.3,58,2.6,北北西,0.9,2.33,,
2025921,11:00,0.0,30.6,20.0,23.3,53,3.8,北北東,1.0,3.12,,
2025921,12:00,0.0,29.8,17.3,19.7,47,6.5,北西,0.5,2.05,晴れ,40.0
2025921,13:00,0.0,29.7,16.9,19.2,46,4.4,北西,0.3,1.95,,
2025921,14:00,0.0,30.7,17.4,19.9,45,3.6,北北西,0.2,1.37,,
2025921,15:00,0.0,28.7,15.6,17.7,45,5.2,北西,0.1,0.85,曇,40.0
2025921,16:00,0.0,28.0,13.9,15.9,42,3.7,北西,0.0,0.41,,
2025921,17:00,0.0,27.9,14.2,16.2,43,2.9,北,0.0,0.18,,
2025921,18:00,0.0,26.3,18.7,21.6,63,2.0,東北東,0.0,0.04,曇,40.0
2025921,19:00,0.0,26.0,19.2,22.2,66,2.0,東,0.0,0.00,,
2025921,20:00,0.0,23.8,20.0,23.3,79,1.9,東北東,0.0,0.0,,
2025921,21:00,4.0,21.2,20.9,24.7,98,2.4,西南西,0.0,0.0,雨,10.0
2025921,22:00,1.5,19.6,19.3,22.4,98,1.3,南,0.0,0.0,,
2025921,23:00,1.0,19.4,19.3,22.3,99,3.1,西北西,0.0,0.0,,
2025921,24:00,0.0,18.6,18.3,21.0,98,1.7,北,0.0,0.0,,
2025922,01:00,0.0,18.3,17.7,20.2,96,1.8,北東,0.0,0.0,,
2025922,02:00,0.0,18.2,17.6,20.1,96,1.6,北北東,0.0,0.0,,
2025922,03:00,0.0,18.4,17.3,19.7,93,2.1,北北東,0.0,0.0,曇,20.0
2025922,04:00,0.0,19.0,16.4,18.7,85,1.5,北北西,0.0,0.0,,
2025922,05:00,0.0,18.8,16.8,19.1,88,1.0,北,0.0,0.00,,
2025922,06:00,0.0,19.0,16.1,18.2,83,2.5,北,0.1,0.05,薄曇,40.0
2025922,07:00,0.0,20.8,16.4,18.7,76,1.8,北北西,0.7,0.53,,
2025922,08:00,0.0,21.4,15.3,17.3,68,2.8,北北西,1.0,1.23,,
2025922,09:00,0.0,23.5,14.5,16.5,57,2.9,北北東,1.0,1.82,晴れ,40.0
2025922,10:00,0.0,24.6,12.6,14.5,47,2.8,北東,1.0,2.41,,
2025922,11:00,0.0,24.7,11.6,13.7,44,3.8,北東,1.0,2.54,,
2025922,12:00,0.0,26.0,12.8,14.8,44,5.0,北東,1.0,2.69,薄曇,40.0
2025922,13:00,0.0,26.1,12.6,14.5,43,2.9,東北東,0.8,2.28,,
2025922,14:00,0.0,24.9,12.8,14.8,47,3.9,東,0.7,1.87,,
2025922,15:00,0.0,24.9,13.8,15.7,50,4.2,東,0.1,0.97,薄曇,35.0
2025922,16:00,0.0,23.8,13.7,15.6,53,2.9,東北東,0.0,0.68,,
2025922,17:00,0.0,23.0,13.2,15.2,54,3.4,東,0.0,0.32,,
2025922,18:00,0.0,22.4,13.7,15.7,58,4.3,東北東,0.1,0.08,薄曇,35.0
2025922,19:00,0.0,21.7,13.9,15.8,61,4.1,東北東,0.0,0.00,,
2025922,20:00,0.0,21.4,14.1,16.1,63,3.3,東北東,0.0,0.0,,
2025922,21:00,0.0,21.7,14.4,16.4,63,3.6,東北東,0.0,0.0,晴れ,30.0
2025922,22:00,0.0,20.6,14.5,16.5,68,2.9,北東,0.0,0.0,,
2025922,23:00,0.0,21.1,14.5,16.5,66,3.0,北北東,0.0,0.0,,
2025922,24:00,0.0,20.7,14.4,16.4,67,1.6,北,0.0,0.0,,
2025923,01:00,0.0,20.5,14.4,16.4,68,1.8,北,0.0,0.0,,
2025923,02:00,0.0,20.3,14.4,16.4,69,2.1,北,0.0,0.0,,
2025923,03:00,0.0,19.9,14.5,16.5,71,1.9,北西,0.0,0.0,晴れ,30.0
2025923,04:00,0.0,20.1,14.3,16.2,69,2.3,北北西,0.0,0.0,,
2025923,05:00,0.0,19.4,14.5,16.4,73,2.0,北,0.0,0.00,,
2025923,06:00,0.0,19.6,14.0,16.0,70,1.4,北,0.0,0.02,曇,30.0
2025923,07:00,0.0,19.8,14.2,16.2,70,2.2,北,0.0,0.27,,
2025923,08:00,0.0,21.7,15.1,17.1,66,3.1,北東,0.9,1.15,,
2025923,09:00,0.0,23.3,15.9,18.0,63,3.7,北東,1.0,2.00,晴れ,30.0
2025923,10:00,0.0,23.9,14.3,16.3,55,2.5,東北東,0.8,2.26,,
2025923,11:00,0.0,24.3,13.5,15.5,51,2.4,北,0.5,2.20,,
2025923,12:00,0.0,25.0,12.9,14.9,47,1.9,北東,0.3,2.00,曇,30.0
2025923,13:00,0.0,24.8,12.7,14.7,47,1.3,北北東,0.4,2.03,,
2025923,14:00,0.0,25.0,14.2,16.2,51,2.2,北北東,0.3,1.60,,
2025923,15:00,0.0,25.2,15.3,17.3,54,2.4,東北東,0.1,0.97,曇,30.0
2025923,16:00,0.0,24.3,14.4,16.4,54,3.0,東北東,0.0,0.69,,
2025923,17:00,0.0,23.3,15.1,17.2,60,3.6,北東,0.0,0.32,,
2025923,18:00,0.0,21.9,15.0,17.1,65,3.5,北東,0.0,0.04,晴れ,30.0
2025923,19:00,0.0,21.6,15.7,17.8,69,2.7,北東,0.0,0.00,,
2025923,20:00,0.0,21.3,15.8,18.0,71,2.4,東北東,0.0,0.0,,
2025923,21:00,0.0,21.4,16.2,18.4,72,3.6,北東,0.0,0.0,晴れ,30.0
2025923,22:00,0.0,20.6,16.0,18.2,75,2.3,北東,0.0,0.0,,
2025923,23:00,0.0,20.7,15.9,18.1,74,2.4,北北東,0.0,0.0,,
2025923,24:00,0.0,19.6,15.9,18.0,79,2.6,北北東,0.0,0.0,,
2025926,01:00,0.0,22.2,20.1,23.6,88,1.1,西南西,0.0,0.0,,
2025926,02:00,0.0,22.1,20.2,23.7,89,1.4,西,0.0,0.0,,
2025926,03:00,0.0,22.1,20.4,23.9,90,1.1,南西,0.0,0.0,晴れ,25.0
2025926,04:00,0.0,21.8,20.5,24.0,92,1.2,南西,0.0,0.0,,
2025926,05:00,0.0,21.8,20.5,24.0,92,0.8,南西,0.0,0.00,,
2025926,06:00,0.0,21.8,20.5,24.0,92,0.4,南,0.2,0.04,晴れ,20.0
2025926,07:00,0.0,24.1,21.6,25.8,86,1.0,北北東,1.0,0.52,,
2025926,08:00,0.0,25.9,20.5,24.1,72,1.4,北西,1.0,1.06,,
2025926,09:00,0.0,27.6,21.6,25.9,70,2.0,北北西,1.0,1.82,晴れ,20.0
2025926,10:00,0.0,28.7,19.9,23.2,59,2.1,北北西,1.0,2.33,,
2025926,11:00,0.0,29.9,19.9,23.2,55,2.4,北,1.0,2.66,,
2025926,12:00,0.0,30.4,20.1,23.5,54,2.6,北北東,1.0,2.75,快晴,20.0
2025926,13:00,0.0,31.4,21.6,25.8,56,2.1,南南東,1.0,2.60,,
2025926,14:00,0.0,31.2,21.4,25.5,56,4.6,南南東,1.0,2.28,,
2025926,15:00,0.0,31.0,21.5,25.6,57,2.6,南南東,1.0,1.85,晴れ,25.0
2025926,16:00,0.0,29.6,21.3,25.3,61,4.1,南南東,1.0,1.16,,
2025926,17:00,0.0,28.5,20.0,23.4,60,2.8,南東,0.5,0.35,,
2025926,18:00,0.0,27.2,18.8,21.7,60,4.0,南東,0.0,0.03,晴れ,25.0
2025926,19:00,0.0,26.7,18.8,21.7,62,4.2,南東,0.0,0.00,,
2025926,20:00,0.0,26.3,20.2,23.6,69,2.9,南東,0.0,0.0,,
2025926,21:00,0.0,25.7,20.5,24.1,73,3.1,南南東,0.0,0.0,曇,20.0
2025926,22:00,0.0,25.7,21.6,25.8,78,1.7,南東,0.0,0.0,,
2025926,23:00,0.0,25.2,21.7,26.0,81,1.4,東南東,0.0,0.0,,
2025926,24:00,0.0,25.0,21.3,25.3,80,2.7,北東,0.0,0.0,,
2025927,01:00,0.0,24.8,21.9,26.3,84,2.7,北東,0.0,0.0,,
2025927,02:00,0.5,23.2,22.5,27.3,96,2.5,北東,0.0,0.0,,
2025927,03:00,0.0,23.2,22.4,27.0,95,2.2,北,0.0,0.0,曇,15.0
2025927,04:00,0.0,22.8,22.3,26.9,97,1.5,北,0.0,0.0,,
2025927,05:00,0.0,22.6,21.2,25.2,92,1.4,北西,0.0,0.0,,
2025927,06:00,0.0,22.7,20.6,24.3,88,2.8,北北東,0.0,0.01,曇,30.0
2025927,07:00,0.0,23.1,19.1,22.1,78,2.2,北北東,0.0,0.11,,
2025927,08:00,0.0,23.7,18.8,21.7,74,2.3,北北東,0.0,0.25,,
2025927,09:00,0.0,26.2,18.1,20.8,61,2.8,北東,0.2,1.07,曇,30.0
2025927,10:00,0.0,26.3,17.1,19.5,57,2.3,東,0.8,1.79,,
2025927,11:00,0.0,26.9,18.0,20.6,58,1.2,南東,0.8,1.89,,
2025927,12:00,0.0,26.1,17.7,20.3,60,3.2,南南東,0.4,1.70,晴れ,30.0
2025927,13:00,0.0,27.5,15.9,18.0,49,4.3,南南東,0.8,2.32,,
2025927,14:00,0.0,27.3,16.3,18.5,51,4.8,南南東,1.0,2.38,,
2025927,15:00,0.0,27.2,15.9,18.0,50,4.1,南南東,1.0,1.86,晴れ,30.0
2025927,16:00,0.0,26.3,15.4,17.5,51,4.6,南東,0.6,0.95,,
2025927,17:00,0.0,25.4,15.1,17.2,53,4.2,南南東,0.6,0.43,,
2025927,18:00,0.0,24.3,15.0,17.0,56,2.8,南南東,0.0,0.02,晴れ,35.0
2025927,19:00,0.0,24.4,16.9,19.3,63,3.9,南南東,0.0,0.00,,
2025927,20:00,0.0,23.9,16.9,19.3,65,3.1,南東,0.0,0.0,,
2025927,21:00,0.0,24.1,16.9,19.2,64,2.4,南東,0.0,0.0,晴れ,30.0
2025927,22:00,0.0,24.0,16.8,19.1,64,2.3,南東,0.0,0.0,,
2025927,23:00,0.0,22.9,17.2,19.6,70,1.1,南東,0.0,0.0,,
2025927,24:00,0.0,22.4,17.1,19.5,72,1.4,南南東,0.0,0.0,,
2025928,01:00,0.0,21.9,17.3,19.7,75,1.2,北東,0.0,0.0,,
2025928,02:00,0.0,22.5,17.2,19.6,72,2.0,北東,0.0,0.0,,
2025928,03:00,0.0,21.7,16.9,19.2,74,1.3,北東,0.0,0.0,晴れ,30.0
2025928,04:00,0.0,21.4,18.0,20.6,81,2.2,北東,0.0,0.0,,
2025928,05:00,0.0,20.5,18.1,20.7,86,0.6,北西,0.0,0.0,,
2025928,06:00,0.0,21.5,18.1,20.8,81,1.1,北北西,0.0,0.02,晴れ,25.0
2025928,07:00,0.0,22.7,19.1,22.1,80,0.9,北,0.4,0.36,,
2025928,08:00,0.0,24.1,19.2,22.2,74,1.3,北西,0.4,0.79,,
2025928,09:00,0.0,25.1,18.6,21.4,67,0.8,南南東,0.9,1.73,晴れ,25.0
2025928,10:00,0.0,26.7,19.6,22.8,65,2.2,南東,0.3,1.51,,
2025928,11:00,0.0,27.4,20.0,23.4,64,2.2,南南東,0.2,1.43,,
2025928,12:00,0.0,28.0,20.6,24.2,64,3.2,南東,0.7,2.46,薄曇,25.0
2025928,13:00,0.0,27.1,18.9,21.9,61,4.8,南南東,0.3,1.60,,
2025928,14:00,0.0,27.9,20.2,23.7,63,4.7,南南東,0.6,1.61,,
2025928,15:00,0.0,27.8,19.6,22.8,61,7.0,南南東,0.7,1.43,薄曇,25.0
2025928,16:00,0.0,26.8,19.4,22.6,64,7.4,南南東,0.7,0.91,,
2025928,17:00,0.0,26.4,20.0,23.4,68,4.5,南南東,0.0,0.32,,
2025928,18:00,0.0,25.8,20.8,24.6,74,6.8,南,0.0,0.05,薄曇,25.0
2025928,19:00,0.0,25.3,20.3,23.9,74,5.0,南南東,0.0,0.0,,
2025928,20:00,0.0,25.1,20.8,24.5,77,5.4,南,0.0,0.0,,
2025928,21:00,0.0,25.1,21.6,25.8,81,4.6,南南東,0.0,0.0,曇,25.0
2025928,22:00,0.0,25.2,22.1,26.6,83,3.7,南,0.0,0.0,,
2025928,23:00,0.0,25.1,22.4,27.1,85,4.7,南,0.0,0.0,,
2025928,24:00,0.0,25.1,22.4,27.1,85,5.1,南南東,0.0,0.0,,
2025930,01:00,0.0,22.3,19.7,22.9,85,3.9,東,0.0,0.0,雨,20.0
2025930,02:00,0.0,22.5,19.9,23.2,85,2.5,東北東,0.0,0.0,曇,20.0
2025930,03:00,0.0,22.2,19.8,23.0,86,3.2,東,0.0,0.0,曇,20.0
2025930,04:00,0.0,22.2,20.0,23.3,87,2.6,東,0.0,0.0,曇,20.0
2025930,05:00,0.0,23.0,18.6,21.4,76,3.3,東北東,0.0,0.0,曇,20.0
2025930,06:00,0.0,23.0,18.1,20.8,74,3.1,東北東,0.0,0.0,曇,20.0
2025930,07:00,0.0,23.0,18.1,20.8,74,2.8,東北東,0.0,0.0,雨,20.0
2025930,08:00,0.0,23.6,17.1,19.5,67,2.6,東北東,0.1,0.0,曇,20.0
2025930,09:00,0.0,23.6,16.7,18.9,65,1.7,北東,0.1,0.0,曇,20.0
2025930,10:00,0.0,24.9,14.7,16.7,53,3.6,北,0.4,0.0,曇,20.0
2025930,11:00,0.0,25.3,14.2,16.1,50,2.2,東北東,0.1,0.0,曇,20.0
2025930,12:00,0.0,25.3,15.6,17.7,55,4.2,東,0.2,0.0,曇,20.0
2025930,13:00,0.0,25.2,15.0,17.0,53,3.5,東,0.1,0.0,曇,20.0
2025930,14:00,0.0,27.0,16.3,18.5,52,3.8,東,0.5,0.0,晴れ,20.0
2025930,15:00,0.0,26.6,16.5,18.8,54,3.5,東,1.0,0.0,晴れ,20.0
2025930,16:00,0.0,25.7,18.4,21.1,64,3.6,東,1.0,0.0,晴れ,20.0
2025930,17:00,0.0,25.0,18.5,21.2,67,3.0,東,0.8,0.0,晴れ,20.0
2025930,18:00,0.0,24.5,19.1,22.1,72,3.8,東南東,0.0,0.0,晴れ,20.0
2025930,19:00,0.0,23.5,19.0,22.0,76,4.1,東,0.0,0.0,晴れ,20.0
2025930,20:00,0.0,23.2,19.4,22.5,79,3.0,東,0.0,0.0,晴れ,20.0
2025930,21:00,0.0,23.4,19.6,22.7,79,4.6,東,0.0,0.0,曇,20.0
2025930,22:00,0.0,23.1,19.5,22.6,80,2.7,東,0.0,0.0,晴れ,20.0
2025930,23:00,0.0,23.0,19.0,21.9,78,1.8,東,0.0,0.0,曇,20.0
2025930,24:00,0.0,23.1,18.4,21.2,75,1.5,東北東,0.0,0.0,曇,20.0
2025101,01:00,0.0,23.0,18.3,21.1,75,1.1,北北東,0.0,0.0,曇,20.0
2025101,02:00,0.0,23.3,18.4,21.2,74,0.8,北北東,0.0,0.0,曇,20.0
2025101,03:00,0.0,23.1,18.9,21.8,77,1.3,北東,0.0,0.0,雨,16.3
2025101,04:00,3.5,21.1,20.3,23.8,95,2.2,西南西,0.0,0.0,雨,1.99
2025101,05:00,16.0,20.5,20.2,23.6,98,2.8,北北西,0.0,0.0,雨,3.00
2025101,06:00,2.5,20.8,20.5,24.1,98,1.9,北北西,0.0,0.0,雨,3.95
2025101,07:00,11.5,20.3,19.8,23.1,97,1.2,北東,0.0,0.0,雨,3.04
2025101,08:00,3.5,20.2,19.7,23.0,97,0.6,北北東,0.0,0.0,雨,5.11
2025101,09:00,0.5,20.5,19.9,23.2,96,1.3,北北西,0.0,0.0,雨,8.95
2025101,10:00,0.5,21.4,19.9,23.2,91,1.8,北,0.0,0.0,曇,20.0
2025101,11:00,0.0,21.7,20.2,23.6,91,2.9,北北西,0.0,0.0,雨,17.2
2025101,12:00,0.0,21.3,19.6,22.8,90,3.4,北西,0.0,0.0,雨,17.5
2025101,13:00,0.0,20.9,19.7,23.0,93,6.1,北,0.0,0.0,雨,12.0
2025101,14:00,0.0,21.1,18.7,21.5,86,3.4,北西,0.0,0.0,曇,20.0
2025101,15:00,0.0,21.2,17.8,20.4,81,2.4,北西,0.0,0.0,曇,20.0
2025101,16:00,0.0,20.2,18.5,21.3,90,5.1,西北西,0.0,0.0,雨,8.66
2025101,17:00,0.5,20.2,19.2,22.3,94,2.5,北北東,0.0,0.0,曇,20.0
2025101,18:00,0.5,20.0,19.0,22.0,94,3.8,北,0.0,0.0,雨,20.0
2025101,19:00,0.0,19.9,19.3,22.3,96,2.6,北北西,0.0,0.0,曇,17.5
2025101,20:00,0.0,19.9,19.1,22.1,95,2.8,北,0.0,0.0,晴れ,15.0
2025101,21:00,0.0,19.8,19.0,21.9,95,2.9,北,0.0,0.0,晴れ,10.5
2025101,22:00,0.0,19.7,18.5,21.3,93,2.7,北,0.0,0.0,晴れ,13.7
2025101,23:00,0.0,19.4,18.4,21.2,94,1.7,北,0.0,0.0,晴れ,10.3
2025101,24:00,0.0,19.6,18.6,21.4,94,1.3,西北西,0.0,0.0,晴れ,9.41
2025103,01:00,0.0,22.5,15.4,17.4,64,3.6,北北東,0.0,0.0,雨,20.0
2025103,02:00,0.0,22.1,15.2,17.3,65,3.6,北北東,0.0,0.0,雨,20.0
2025103,03:00,0.0,21.7,15.3,17.4,67,3.9,北北東,0.0,0.0,曇,20.0
2025103,04:00,0.0,21.6,15.0,17.0,66,3.5,北北東,0.0,0.0,曇,20.0
2025103,05:00,0.0,21.6,14.8,16.8,65,3.7,北北東,0.0,0.0,曇,20.0
2025103,06:00,0.0,21.6,14.8,16.8,65,4.4,北北東,0.0,0.00,雨,20.0
2025103,07:00,0.0,20.7,15.5,17.6,72,4.7,北北東,0.0,0.03,雨,13.7
2025103,08:00,0.0,20.8,16.2,18.4,75,4.7,北北東,0.0,0.18,雨,17.3
2025103,09:00,0.5,20.6,16.4,18.7,77,4.0,北北東,0.0,0.18,雨,10.6
2025103,10:00,0.0,20.9,17.1,19.5,79,3.4,北,0.0,0.30,雨,9.65
2025103,11:00,1.0,21.2,18.0,20.6,82,2.6,北北東,0.0,0.39,雨,9.71
2025103,12:00,0.5,21.6,18.2,20.9,81,2.5,北北東,0.0,0.67,雨,11.1
2025103,13:00,0.5,21.4,18.0,20.6,81,2.8,北,0.0,0.40,雨,8.83
2025103,14:00,1.5,21.2,17.8,20.4,81,2.2,北北東,0.0,0.21,雨,9.28
2025103,15:00,1.5,21.2,18.0,20.6,82,2.9,北北東,0.0,0.30,雨,9.94
2025103,16:00,3.5,20.4,17.8,20.4,85,2.7,北,0.0,0.07,雨,3.34
2025103,17:00,6.5,19.8,17.4,19.9,86,2.6,北,0.0,0.04,雨,2.61
2025103,18:00,4.0,19.7,17.5,20.0,87,2.4,北,0.0,0.02,雨,8.58
2025103,19:00,0.5,20.0,17.2,19.6,84,3.0,北,0.0,0.00,雨,10.5
2025103,20:00,2.0,19.7,17.5,20.0,87,2.6,北,0.0,0.0,雨,5.22
2025103,21:00,1.0,19.9,17.9,20.5,88,2.4,北,0.0,0.0,雨,5.48
2025103,22:00,1.5,20.0,18.0,20.6,88,2.2,北北西,0.0,0.0,雨,2.43
2025103,23:00,3.5,20.0,18.1,20.8,89,1.1,北北西,0.0,0.0,雨,3.99
2025103,24:00,1.5,20.1,18.2,20.9,89,2.4,北,0.0,0.0,雨,8.02
2025104,01:00,0.5,20.1,17.9,20.5,87,2.2,北,0.0,0.0,雨,12.4
2025104,02:00,1.5,20.1,18.1,20.7,88,2.3,北,0.0,0.0,雨,7.65
2025104,03:00,0.5,20.1,18.1,20.7,88,2.8,北,0.0,0.0,雨,7.37
2025104,04:00,1.5,20.0,18.0,20.6,88,1.3,北,0.0,0.0,雨,3.76
2025104,05:00,1.5,20.0,18.1,20.8,89,2.3,北北東,0.0,0.0,雨,5.83
2025104,06:00,5.0,20.1,18.4,21.2,90,1.1,北北東,0.0,0.00,雨,4.20
2025104,07:00,2.0,20.1,18.2,20.9,89,2.8,北,0.0,0.00,雨,9.44
2025104,08:00,0.5,20.4,18.4,21.1,88,1.1,北北東,0.0,0.02,雨,7.84
2025104,09:00,2.0,20.6,18.7,21.6,89,0.8,北,0.0,0.06,雨,11.3
2025104,10:00,0.5,20.9,18.8,21.8,88,1.6,北北東,0.0,0.23,雨,4.52
2025104,11:00,0.0,21.4,19.0,21.9,86,0.4,東,0.0,0.39,雨,14.4
2025104,12:00,0.0,21.6,19.4,22.5,87,1.0,北北東,0.0,0.27,雨,9.94
2025104,13:00,0.0,21.6,19.2,22.2,86,1.1,北東,0.0,0.26,雨,7.72
2025104,14:00,0.0,22.3,19.7,22.9,85,0.8,北北東,0.0,0.47,曇,11.4
2025104,15:00,0.0,23.2,20.2,23.6,83,0.5,北北西,0.1,0.64,雨,11.8
2025104,16:00,0.0,23.6,20.4,23.9,82,1.2,西北西,0.0,0.49,曇,11.8
2025104,17:00,0.0,23.7,20.5,24.0,82,2.0,西南西,0.0,0.21,雨,10.4
2025104,18:00,0.5,23.4,20.7,24.5,85,1.7,南南西,0.0,0.01,雨,3.86
2025104,19:00,0.0,23.0,20.9,24.7,88,1.0,南西,0.0,0.00,雨,5.30
2025104,20:00,0.5,23.1,21.2,25.2,89,1.0,南東,0.0,0.0,雨,3.72
2025104,21:00,0.0,23.2,21.3,25.3,89,0.9,北西,0.0,0.0,曇,3.59
2025104,22:00,0.0,23.3,21.2,25.2,88,1.6,南西,0.0,0.0,雨,4.42
2025104,23:00,2.0,23.0,21.3,25.3,90,1.0,北,0.0,0.0,雨,1.45
2025104,24:00,3.5,22.9,21.4,25.4,91,2.0,北,0.0,0.0,雨,1.50
