日付,時刻,降水量(mm),気温(°C),露点温度(°C),蒸気圧(hPa),湿度(%),風速(m/s),風向,日照時間(h),全天日射量(MJ/㎡),天気,視程(km)
202543,01:00,0.0,6.3,5.1,8.8,92,1.0,北北東,0.0,0.0,晴れ,20.0
202543,02:00,0.0,6.1,5.1,8.8,93,0.7,東,0.0,0.0,晴れ,20.0
202543,03:00,0.0,6.2,4.5,8.4,89,2.8,北北東,0.0,0.0,雨,11.1
202543,04:00,0.0,5.7,5.1,8.8,96,2.0,北東,0.0,0.0,雨,3.46
202543,05:00,0.0,5.6,5.3,8.9,98,1.2,北北東,0.0,0.00,曇,20.0
202543,06:00,0.0,5.9,4.7,8.5,92,1.7,北北東,0.0,0.02,雨,20.0
202543,07:00,0.0,5.9,4.4,8.4,90,2.6,北北東,0.0,0.08,雨,20.0
202543,08:00,0.0,6.0,4.8,8.6,92,1.6,北東,0.0,0.27,曇,20.0
202543,09:00,0.0,5.8,4.8,8.6,93,1.1,南東,0.0,0.23,雨,5.51
202543,10:00,0.5,5.6,4.4,8.4,92,2.3,南東,0.0,0.31,雨,6.10
202543,11:00,0.0,6.5,4.7,8.5,88,3.8,南東,0.0,0.42,雨,20.0
202543,12:00,0.0,5.9,4.1,8.2,88,3.6,南東,0.0,0.42,雨,13.2
202543,13:00,1.0,5.9,4.6,8.5,91,4.2,南東,0.0,0.41,雨,15.5
202543,14:00,0.5,5.8,4.6,8.5,92,3.6,南東,0.0,0.48,雨,20.0
202543,15:00,0.0,5.7,4.2,8.2,90,3.5,南東,0.0,0.27,雨,20.0
202543,16:00,0.0,5.8,4.3,8.3,90,3.4,南,0.0,0.23,曇,20.0
202543,17:00,0.0,5.8,3.8,8.0,87,3.7,南,0.0,0.15,曇,20.0
202543,18:00,0.0,5.8,4.1,8.2,89,2.8,南南東,0.0,0.04,曇,20.0
202543,19:00,0.0,5.7,4.0,8.2,89,3.1,南,0.0,0.00,晴れ,20.0
202543,20:00,0.0,5.7,3.7,8.0,87,1.8,南,0.0,0.0,雨,20.0
202543,21:00,0.0,5.6,4.3,8.3,91,1.6,南,0.0,0.0,曇,20.0
202543,22:00,0.0,5.7,4.4,8.3,91,2.5,南,0.0,0.0,曇,20.0
202543,23:00,0.0,5.8,4.5,8.4,91,0.9,南西,0.0,0.0,晴れ,18.4
202543,24:00,0.0,5.8,4.5,8.4,91,1.4,北北東,0.0,0.0,雨,19.6
202544,01:00,0.0,9.6,3.4,7.8,65,2.3,北東,0.0,0.0,晴れ,20.0
202544,02:00,0.0,8.4,3.9,8.0,73,2.1,南西,0.0,0.0,晴れ,20.0
202544,03:00,0.0,8.2,3.5,7.8,72,1.6,西南西,0.0,0.0,晴れ,20.0
202544,04:00,0.0,7.4,3.5,7.8,76,0.4,南南東,0.0,0.0,晴れ,20.0
202544,05:00,0.0,6.9,3.5,7.9,79,0.1,静穏,0.0,0.0,晴れ,20.0
202544,06:00,0.0,7.0,3.6,7.9,79,1.1,南南西,0.0,0.00,晴れ,20.0
202544,07:00,0.0,7.9,3.6,7.9,74,1.1,南,0.5,0.18,晴れ,20.0
202544,08:00,0.0,10.0,4.2,8.2,67,0.8,南南東,1.0,0.85,晴れ,20.0
202544,09:00,0.0,11.6,4.1,8.2,60,3.5,北,1.0,1.65,晴れ,20.0
202544,10:00,0.0,13.2,4.9,8.6,57,3.2,北,1.0,2.32,晴れ,20.0
202544,11:00,0.0,14.4,5.8,9.2,56,5.4,北,1.0,2.86,晴れ,20.0
202544,12:00,0.0,15.2,6.8,9.8,57,5.2,北北西,1.0,3.09,晴れ,20.0
202544,13:00,0.0,15.3,6.3,9.6,55,6.8,北,1.0,3.29,晴れ,20.0
202544,14:00,0.0,15.3,6.1,9.4,54,5.6,北,1.0,3.15,晴れ,20.0
202544,15:00,0.0,15.2,6.8,9.8,57,6.5,北,1.0,2.77,晴れ,20.0
202544,16:00,0.0,14.8,6.6,9.8,58,6.1,北北西,1.0,2.13,晴れ,20.0
202544,17:00,0.0,13.8,6.4,9.6,61,5.5,北北西,1.0,1.41,晴れ,20.0
202544,18:00,0.0,12.7,5.4,9.0,61,3.7,北西,1.0,0.63,晴れ,20.0
202544,19:00,0.0,12.2,5.4,9.0,63,2.6,北北西,0.2,0.08,晴れ,7.72
202544,20:00,0.0,11.9,5.3,8.9,64,2.5,北北西,0.0,0.00,晴れ,20.0
202544,21:00,0.0,11.5,5.4,9.0,66,0.8,西南西,0.0,0.0,晴れ,20.0
202544,22:00,0.0,10.6,5.0,8.7,68,1.8,西南西,0.0,0.0,晴れ,20.0
202544,23:00,0.0,10.0,3.7,8.0,65,0.9,南南東,0.0,0.0,晴れ,20.0
202544,24:00,0.0,9.9,2.3,7.2,59,1.0,南,0.0,0.0,曇,20.0
202545,01:00,0.0,9.5,3.3,7.7,65,2.1,南南東,0.0,0.0,曇,20.0
202545,02:00,0.0,9.5,3.0,7.6,64,1.7,南南東,0.0,0.0,曇,20.0
202545,03:00,0.0,9.6,3.6,7.9,66,1.4,南,0.0,0.0,曇,20.0
202545,04:00,0.0,10.1,3.6,7.9,64,0.9,南,0.0,0.0,曇,20.0
202545,05:00,0.0,10.4,3.4,7.8,62,1.3,南南東,0.0,0.0,曇,20.0
202545,06:00,0.0,10.3,2.7,7.4,59,2.4,南東,0.0,0.00,曇,20.0
202545,07:00,0.0,10.6,2.2,7.2,56,3.1,南南東,0.0,0.09,曇,20.0
202545,08:00,0.0,11.2,2.8,7.4,56,1.9,東南東,0.0,0.41,曇,20.0
202545,09:00,0.0,13.2,3.6,7.9,52,2.4,南東,0.4,1.01,曇,20.0
202545,10:00,0.0,15.2,3.0,7.6,44,3.3,東南東,0.9,2.00,曇,20.0
202545,11:00,0.0,17.4,1.4,6.8,34,4.6,南南西,0.8,2.08,曇,20.0
202545,12:00,0.0,18.6,3.3,7.7,36,4.2,南南西,1.0,2.73,晴れ,20.0
202545,13:00,0.0,18.3,4.8,8.6,41,3.9,南南西,0.7,2.33,曇,20.0
202545,14:00,0.0,18.0,5.6,9.1,44,5.8,南南西,0.3,1.93,曇,20.0
202545,15:00,0.0,18.4,6.6,9.7,46,4.1,南南西,0.4,1.83,曇,20.0
202545,16:00,0.0,18.3,6.8,9.9,47,4.1,南,0.2,1.02,曇,20.0
202545,17:00,0.0,17.5,9.4,11.8,59,3.9,南,0.1,0.54,雨,20.0
202545,18:00,0.0,17.5,9.4,11.8,59,3.0,南,0.0,0.21,雷電,20.0
202545,19:00,0.0,16.0,9.2,11.6,64,4.4,南南東,0.0,0.05,曇,20.0
202545,20:00,0.0,15.7,9.6,12.0,67,3.4,南南東,0.0,0.00,雷電,20.0
202545,21:00,0.0,15.9,9.8,12.1,67,3.7,南南東,0.0,0.0,晴れ,20.0
202545,22:00,0.0,14.7,10.1,12.4,74,2.2,南東,0.0,0.0,曇,20.0
202545,23:00,0.0,15.1,10.9,13.0,76,1.3,北北西,0.0,0.0,曇,20.0
202545,24:00,0.0,14.8,11.0,13.1,78,0.3,南,0.0,0.0,晴れ,20.0
202546,01:00,0.0,15.2,10.6,12.8,74,2.5,西南西,0.0,0.0,晴れ,20.0
202546,02:00,0.0,14.6,10.4,12.6,76,3.0,西南西,0.0,0.0,晴れ,20.0
202546,03:00,0.0,14.1,10.0,12.2,76,1.7,西南西,0.0,0.0,晴れ,20.0
202546,04:00,0.0,13.8,9.9,12.1,77,2.9,西南西,0.0,0.0,晴れ,20.0
202546,05:00,0.0,13.4,9.1,11.5,75,1.4,南西,0.0,0.0,晴れ,20.0
202546,06:00,0.0,13.2,8.3,10.9,72,1.8,南西,0.0,0.00,晴れ,18.9
202546,07:00,0.0,13.6,8.9,11.4,73,2.0,西,0.0,0.14,晴れ,16.2
202546,08:00,0.0,14.0,6.4,9.6,60,4.1,西南西,0.7,0.77,晴れ,13.8
202546,09:00,0.0,15.1,5.9,9.3,54,2.6,西南西,1.0,1.61,晴れ,20.0
202546,10:00,0.0,15.5,4.6,8.5,48,5.8,北西,1.0,2.41,晴れ,20.0
202546,11:00,0.0,16.3,3.7,8.0,43,6.8,北北西,1.0,2.99,晴れ,20.0
202546,12:00,0.0,16.2,3.3,7.7,42,6.6,北西,1.0,3.34,晴れ,20.0
202546,13:00,0.0,16.8,0.5,6.3,33,5.4,北西,1.0,3.45,晴れ,20.0
202546,14:00,0.0,17.0,1.0,6.6,34,5.3,北北西,1.0,3.27,晴れ,20.0
202546,15:00,0.0,18.5,3.2,7.7,36,3.9,北西,1.0,2.88,晴れ,20.0
202546,16:00,0.0,16.7,3.1,7.6,40,4.1,北北西,1.0,2.26,晴れ,20.0
202546,17:00,0.0,15.4,4.5,8.4,48,3.7,北北西,1.0,1.49,晴れ,20.0
202546,18:00,0.0,14.5,4.5,8.4,51,4.0,北西,1.0,0.69,晴れ,20.0
202546,19:00,0.0,13.8,4.9,8.7,55,2.1,西北西,0.3,0.09,晴れ,20.0
202546,20:00,0.0,13.1,5.0,8.7,58,1.8,西,0.0,0.00,晴れ,20.0
202546,21:00,0.0,12.8,5.0,8.7,59,2.1,西南西,0.0,0.0,晴れ,20.0
202546,22:00,0.0,12.1,4.1,8.2,58,1.9,南,0.0,0.0,晴れ,20.0
202546,23:00,0.0,11.4,4.2,8.2,61,1.0,南南西,0.0,0.0,晴れ,20.0
202546,24:00,0.0,10.9,2.5,7.3,56,1.9,東南東,0.0,0.0,晴れ,20.0
2025411,01:00,0.0,7.5,1.1,6.6,64,1.9,南東,0.0,0.0,晴れ,20.0
2025411,02:00,0.0,7.2,1.1,6.6,65,1.1,東南東,0.0,0.0,晴れ,20.0
2025411,03:00,0.0,7.2,1.1,6.6,65,1.4,東南東,0.0,0.0,晴れ,20.0
2025411,04:00,0.0,7.2,1.1,6.6,65,2.3,南東,0.0,0.0,曇,20.0
2025411,05:00,0.0,7.3,1.0,6.5,64,1.8,東南東,0.0,0.00,曇,20.0
2025411,06:00,0.0,7.4,3.1,7.6,74,1.3,東,0.0,0.07,雨,20.0
2025411,07:00,0.0,7.4,4.0,8.1,79,2.4,南東,0.0,0.30,雨,12.6
2025411,08:00,0.0,9.0,3.4,7.8,68,2.6,東南東,0.0,0.54,曇,20.0
2025411,09:00,0.0,9.9,4.1,8.2,67,2.2,南東,0.0,0.54,曇,17.1
2025411,10:00,0.0,10.8,4.1,8.2,63,1.0,南東,0.0,0.56,雨,18.7
2025411,11:00,0.0,12.8,4.5,8.4,57,0.7,北西,0.0,1.39,曇,17.0
2025411,12:00,0.0,14.5,4.5,8.4,51,1.8,北,0.1,1.80,曇,20.0
2025411,13:00,0.0,17.0,4.0,8.1,42,2.9,北北西,0.1,1.74,曇,20.0
2025411,14:00,0.0,15.6,2.4,7.3,41,3.9,北西,0.9,2.37,晴れ,20.0
2025411,15:00,0.0,15.0,4.1,8.2,48,3.0,北北西,0.4,1.57,晴れ,20.0
2025411,16:00,0.0,14.5,4.2,8.3,50,4.0,北北西,1.0,1.53,晴れ,20.0
2025411,17:00,0.0,14.2,4.5,8.4,52,2.6,北北西,1.0,0.82,晴れ,20.0
2025411,18:00,0.0,11.9,5.1,8.8,63,1.6,北北西,0.7,0.24,晴れ,20.0
2025411,19:00,0.0,11.1,4.6,8.5,64,3.5,北北西,0.0,0.01,晴れ,20.0
2025411,20:00,0.0,10.4,4.6,8.5,67,2.1,北西,0.0,0.0,晴れ,20.0
2025411,21:00,0.0,9.6,3.6,7.9,66,2.1,西北西,0.0,0.0,晴れ,20.0
2025411,22:00,0.0,10.0,3.5,7.9,64,2.3,北北西,0.0,0.0,晴れ,20.0
2025411,23:00,0.0,9.4,3.4,7.8,66,1.5,南南東,0.0,0.0,晴れ,20.0
2025411,24:00,0.0,9.1,3.3,7.7,67,1.1,東南東,0.0,0.0,晴れ,20.0
2025412,01:00,0.0,8.5,3.2,7.7,69,0.4,南南西,0.0,0.0,晴れ,20.0
2025412,02:00,0.0,7.6,3.1,7.6,73,0.5,南南西,0.0,0.0,晴れ,20.0
2025412,03:00,0.0,7.2,3.1,7.6,75,0.8,南東,0.0,0.0,晴れ,20.0
2025412,04:00,0.0,6.6,2.7,7.4,76,0.3,南南西,0.0,0.0,晴れ,20.0
2025412,05:00,0.0,6.7,2.4,7.3,74,0.9,南東,0.0,0.00,晴れ,20.0
2025412,06:00,0.0,7.0,2.5,7.3,73,0.2,静穏,0.6,0.18,晴れ,20.0
2025412,07:00,0.0,8.3,2.5,7.3,67,0.7,東南東,1.0,0.80,晴れ,20.0
2025412,08:00,0.0,10.5,2.8,7.5,59,1.1,南東,1.0,1.50,晴れ,20.0
2025412,09:00,0.0,12.8,3.2,7.7,52,1.4,東南東,1.0,2.12,晴れ,20.0
2025412,10:00,0.0,14.8,3.3,7.7,46,1.2,北,1.0,2.61,晴れ,20.0
2025412,11:00,0.0,16.1,3.5,7.9,43,1.0,北北東,1.0,2.92,晴れ,20.0
2025412,12:00,0.0,17.2,2.8,7.5,38,1.1,北,1.0,3.03,晴れ,20.0
2025412,13:00,0.0,17.9,4.5,8.4,41,5.8,北北西,1.0,2.93,晴れ,20.0
2025412,14:00,0.0,15.8,4.2,8.3,46,4.7,北北西,1.0,2.66,晴れ,20.0
2025412,15:00,0.0,16.0,4.4,8.4,46,3.7,北北西,1.0,2.19,晴れ,20.0
2025412,16:00,0.0,15.6,4.7,8.5,48,3.9,北北西,1.0,1.56,晴れ,20.0
2025412,17:00,0.0,15.2,4.0,8.1,47,3.6,北北西,1.0,0.86,晴れ,20.0
2025412,18:00,0.0,13.8,3.3,7.7,49,3.1,北北西,0.7,0.24,晴れ,20.0
2025412,19:00,0.0,12.8,3.5,7.8,53,1.5,北北西,0.0,0.01,晴れ,20.0
2025412,20:00,0.0,11.8,4.1,8.2,59,0.4,西,0.0,0.0,晴れ,20.0
2025412,21:00,0.0,12.4,4.4,8.4,58,0.6,北,0.0,0.0,晴れ,20.0
2025412,22:00,0.0,11.6,4.6,8.5,62,0.6,南東,0.0,0.0,晴れ,20.0
2025412,23:00,0.0,11.1,3.6,7.9,60,1.1,東北東,0.0,0.0,晴れ,20.0
2025412,24:00,0.0,10.1,3.4,7.8,63,1.7,東南東,0.0,0.0,晴れ,20.0
2025413,01:00,0.0,9.1,3.3,7.7,67,1.7,南東,0.0,0.0,晴れ,20.0
2025413,02:00,0.0,8.7,3.3,7.8,69,1.6,南東,0.0,0.0,晴れ,20.0
2025413,03:00,0.0,8.3,3.6,7.9,72,1.7,南東,0.0,0.0,晴れ,20.0
2025413,04:00,0.0,8.4,3.7,7.9,72,1.9,南東,0.0,0.0,晴れ,20.0
2025413,05:00,0.0,8.4,3.9,8.0,73,2.0,東,0.0,0.00,晴れ,20.0
2025413,06:00,0.0,8.8,4.6,8.5,75,1.6,南東,0.4,0.16,晴れ,20.0
2025413,07:00,0.0,9.4,5.4,9.0,76,2.0,東南東,0.0,0.23,曇,20.0
2025413,08:00,0.0,10.2,7.1,10.1,81,2.6,南東,0.0,0.32,雨,20.0
2025413,09:00,0.0,12.0,8.3,10.9,78,5.6,南南東,0.0,0.31,雨,20.0
2025413,10:00,0.0,13.4,8.3,10.9,71,9.1,南南東,0.0,0.68,曇,20.0
2025413,11:00,0.0,15.4,8.4,11.0,63,10.0,南南東,0.9,2.52,晴れ,20.0
2025413,12:00,0.0,16.3,6.4,9.6,52,11.2,南南東,0.8,2.75,曇,20.0
2025413,13:00,0.0,15.6,6.1,9.4,53,11.0,南南東,1.0,2.48,晴れ,20.0
2025413,14:00,0.0,15.1,6.4,9.6,56,10.0,南南東,1.0,2.05,晴れ,20.0
2025413,15:00,0.0,15.3,7.4,10.3,59,10.4,南南東,0.6,1.49,曇,20.0
2025413,16:00,0.0,14.3,7.1,10.1,62,11.0,南南東,0.0,0.79,曇,20.0
2025413,17:00,0.0,13.7,6.6,9.7,62,8.7,南南東,0.0,0.36,曇,20.0
2025413,18:00,0.0,13.0,7.0,10.0,67,9.6,南南東,0.0,0.11,曇,20.0
2025413,19:00,0.0,12.3,6.4,9.6,67,8.7,南南東,0.0,0.00,曇,20.0
2025413,20:00,0.0,12.1,5.3,8.9,63,9.9,南南東,0.0,0.0,曇,20.0
2025413,21:00,0.0,11.7,4.2,8.2,60,10.6,南南東,0.0,0.0,曇,20.0
2025413,22:00,0.0,11.5,2.8,7.5,55,10.8,南南東,0.0,0.0,曇,20.0
2025413,23:00,0.0,11.0,4.0,8.1,62,8.8,南南東,0.0,0.0,曇,20.0
2025413,24:00,0.0,10.8,4.9,8.7,67,9.3,南南東,0.0,0.0,曇,20.0
2025415,01:00,0.0,11.3,10.1,12.3,92,1.3,北,0.0,0.0,,
2025415,02:00,0.0,10.9,9.3,11.7,90,1.6,北,0.0,0.0,,
2025415,03:00,0.5,11.6,9.0,11.5,84,1.3,南南東,0.0,0.0,雨,5.00
2025415,04:00,0.0,12.1,8.4,11.0,78,2.2,南,0.0,0.0,,
2025415,05:00,1.0,10.5,7.2,10.2,80,4.9,南西,0.0,0.00,,
2025415,06:00,1.0,10.6,6.4,9.6,75,4.9,南西,0.0,0.00,雨,15.0
2025415,07:00,0.5,10.7,5.1,8.7,68,4.5,南西,0.0,0.14,,
2025415,08:00,0.0,11.9,5.3,8.9,64,3.6,南西,0.1,0.55,,
2025415,09:00,0.0,12.8,3.5,7.8,53,5.9,西南西,0.6,1.54,晴れ,35.0
2025415,10:00,0.0,13.5,4.4,8.4,54,6.0,南南西,1.0,2.81,,
2025415,11:00,0.0,13.3,3.4,7.8,51,7.2,南西,1.0,3.29,,
2025415,12:00,0.0,12.8,3.7,8.0,54,6.3,南西,0.1,1.45,曇,35.0
2025415,13:00,0.0,13.4,4.6,8.5,55,8.0,南西,0.5,2.54,,
2025415,14:00,0.0,12.5,5.4,9.0,62,5.2,西南西,0.2,1.05,,
2025415,15:00,2.5,10.7,6.8,9.9,77,3.0,南西,0.0,0.57,雨,25.0
2025415,16:00,0.5,10.7,5.7,9.1,71,5.6,西南西,0.0,0.37,,
2025415,17:00,1.0,11.4,5.7,9.2,68,4.6,南西,0.3,0.68,,
2025415,18:00,0.0,11.9,4.4,8.4,60,4.0,西南西,0.0,0.16,晴れ,30.0
2025415,19:00,0.0,11.7,3.5,7.8,57,4.0,西南西,0.0,0.02,,
2025415,20:00,0.0,11.1,1.9,7.0,53,4.0,西,0.0,0.0,,
2025415,21:00,0.0,10.8,2.1,7.1,55,3.0,西南西,0.0,0.0,晴れ,20.0
2025415,22:00,0.0,10.3,1.9,7.0,56,3.6,西南西,0.0,0.0,,
2025415,23:00,0.0,10.0,1.6,6.9,56,3.3,西南西,0.0,0.0,,
2025415,24:00,0.0,9.7,1.4,6.7,56,3.2,西南西,0.0,0.0,,
2025416,01:00,0.0,9.6,1.5,6.8,57,3.7,西南西,0.0,0.0,,
2025416,02:00,0.0,9.7,2.1,7.1,59,4.0,西南西,0.0,0.0,,
2025416,03:00,0.0,9.5,2.1,7.1,60,2.1,南西,0.0,0.0,快晴,20.0
2025416,04:00,0.0,9.6,1.5,6.8,57,2.6,西南西,0.0,0.0,,
2025416,05:00,0.0,9.5,2.4,7.2,61,1.8,南西,0.0,0.00,,
2025416,06:00,0.0,9.6,3.4,7.8,65,1.3,南南東,0.2,0.05,快晴,25.0
2025416,07:00,0.0,10.7,4.6,8.5,66,1.5,南南東,0.9,0.50,,
2025416,08:00,0.0,12.2,4.7,8.5,60,3.3,西南西,1.0,1.29,,
2025416,09:00,0.0,12.6,5.1,8.8,60,3.4,南西,0.7,1.73,曇,15.0
2025416,10:00,0.0,13.5,4.9,8.7,56,4.1,西南西,0.6,2.07,,
2025416,11:00,0.0,14.7,5.5,9.0,54,4.5,西南西,0.8,2.85,,
2025416,12:00,0.0,15.3,5.2,8.9,51,4.3,南南西,1.0,3.56,晴れ,25.0
2025416,13:00,0.0,16.6,6.2,9.4,50,4.0,南西,1.0,3.42,,
2025416,14:00,0.0,17.0,5.0,8.7,45,4.8,南南西,1.0,2.97,,
2025416,15:00,0.0,16.6,4.6,8.5,45,3.9,南西,1.0,2.46,晴れ,25.0
2025416,16:00,0.0,16.9,4.9,8.7,45,4.5,南西,1.0,1.82,,
2025416,17:00,0.0,16.4,4.8,8.6,46,3.9,南南西,1.0,1.10,,
2025416,18:00,0.0,16.2,4.6,8.5,46,3.1,南西,0.5,0.37,薄曇,30.0
2025416,19:00,0.0,16.0,4.7,8.5,47,2.7,南西,0.0,0.03,,
2025416,20:00,0.0,15.5,5.1,8.8,50,0.8,西南西,0.0,0.0,,
2025416,21:00,0.0,14.9,6.2,9.5,56,1.4,南西,0.0,0.0,快晴,25.0
2025416,22:00,0.0,14.9,6.5,9.7,57,0.4,北,0.0,0.0,,
2025416,23:00,0.0,14.9,6.7,9.8,58,0.7,東南東,0.0,0.0,,
2025416,24:00,0.0,14.3,7.6,10.4,64,1.2,東,0.0,0.0,,
2025417,01:00,0.0,13.8,7.6,10.4,66,0.7,北,0.0,0.0,,
2025417,02:00,0.0,13.9,7.0,10.0,63,0.1,静穏,0.0,0.0,,
2025417,03:00,0.0,13.3,7.7,10.5,69,0.4,南,0.0,0.0,薄曇,25.0
2025417,04:00,0.0,12.2,7.7,10.5,74,1.0,北東,0.0,0.0,,
2025417,05:00,0.0,12.2,7.1,10.1,71,1.6,北,0.0,0.00,,
2025417,06:00,0.0,12.3,7.2,10.2,71,1.6,北,0.1,0.06,晴れ,25.0
2025417,07:00,0.0,13.1,7.3,10.3,68,1.4,北,1.0,0.51,,
2025417,08:00,0.0,15.4,7.7,10.5,60,1.5,北北東,1.0,1.27,,
2025417,09:00,0.0,17.9,8.5,11.1,54,1.9,北北東,1.0,2.00,晴れ,25.0
2025417,10:00,0.0,20.7,8.4,11.0,45,0.8,北東,1.0,2.66,,
2025417,11:00,0.0,24.0,6.3,9.6,32,2.3,西南西,1.0,3.12,,
2025417,12:00,0.0,22.5,9.0,11.4,42,2.9,西南西,1.0,3.39,晴れ,20.0
2025417,13:00,0.0,22.0,11.7,13.8,52,2.7,西,1.0,3.30,,
2025417,14:00,0.0,23.0,12.0,14.1,50,4.9,西南西,1.0,3.01,,
2025417,15:00,0.0,22.5,12.2,14.2,52,5.1,南西,1.0,2.30,薄曇,20.0
2025417,16:00,0.0,22.1,12.4,14.4,54,4.2,西南西,0.9,1.67,,
2025417,17:00,0.0,22.1,12.1,14.1,53,3.9,西南西,0.7,0.92,,
2025417,18:00,0.0,20.7,12.9,14.9,61,2.9,南西,0.7,0.44,晴れ,20.0
2025417,19:00,0.0,19.8,12.6,14.6,63,2.2,南西,0.0,0.03,,
2025417,20:00,0.0,19.8,12.1,14.1,61,2.3,南南西,0.0,0.0,,
2025417,21:00,0.0,19.1,12.6,14.6,66,2.1,南西,0.0,0.0,快晴,20.0
2025417,22:00,0.0,19.1,13.1,15.0,68,2.2,西南西,0.0,0.0,,
2025417,23:00,0.0,19.1,13.3,15.3,69,1.5,西南西,0.0,0.0,,
2025417,24:00,0.0,18.4,13.3,15.2,72,1.0,北東,0.0,0.0,,
2025422,01:00,0.0,14.3,9.1,11.6,71,1.7,南東,0.0,0.0,晴れ,17.7
2025422,02:00,0.0,14.0,8.8,11.3,71,1.6,南東,0.0,0.0,晴れ,20.0
2025422,03:00,0.0,13.3,9.0,11.5,75,2.2,南南東,0.0,0.0,晴れ,20.0
2025422,04:00,0.0,13.5,9.0,11.5,74,0.9,南南東,0.0,0.0,晴れ,20.0
2025422,05:00,0.0,12.9,8.8,11.3,76,1.6,南東,0.0,0.0,晴れ,20.0
2025422,06:00,0.0,14.2,9.2,11.7,72,1.7,東南東,0.1,0.0,晴れ,20.0
2025422,07:00,0.0,15.1,10.1,12.4,72,2.0,東南東,0.0,0.0,曇,20.0
2025422,08:00,0.0,17.5,11.5,13.6,68,1.3,南東,0.2,0.0,曇,20.0
2025422,09:00,0.0,18.6,12.4,14.4,67,2.7,西南西,0.3,0.0,曇,20.0
2025422,10:00,0.0,18.8,12.3,14.3,66,3.4,西南西,0.5,0.0,曇,20.0
2025422,11:00,0.0,19.4,14.0,16.0,71,5.6,西南西,0.1,0.0,曇,20.0
2025422,12:00,0.0,21.9,13.3,15.2,58,6.7,南西,0.5,0.0,曇,20.0
2025422,13:00,0.0,21.4,12.5,14.5,57,7.6,南西,0.3,0.0,晴れ,20.0
2025422,14:00,0.0,23.0,12.0,14.1,50,6.8,南西,1.0,0.0,晴れ,20.0
2025422,15:00,0.0,21.2,13.4,15.4,61,7.3,南西,0.9,0.0,曇,20.0
2025422,16:00,0.0,22.0,12.6,14.5,55,6.3,南西,0.8,0.0,曇,20.0
2025422,17:00,0.0,21.3,9.2,11.7,46,8.9,南南西,0.0,0.0,曇,20.0
2025422,18:00,0.0,19.9,11.1,13.2,57,9.9,南南西,0.0,0.0,曇,20.0
2025422,19:00,0.0,19.2,12.9,14.9,67,7.6,南南西,0.0,0.0,曇,20.0
2025422,20:00,0.0,19.0,13.4,15.4,70,7.9,南,0.0,0.0,曇,19.1
2025422,21:00,0.0,18.7,13.8,15.7,73,7.7,南,0.0,0.0,曇,20.0
2025422,22:00,0.0,18.7,13.8,15.7,73,6.6,南,0.0,0.0,曇,20.0
2025422,23:00,0.0,18.8,13.9,15.8,73,6.4,南,0.0,0.0,曇,20.0
2025422,24:00,0.0,18.5,13.6,15.5,73,4.7,南,0.0,0.0,曇,20.0
2025423,01:00,0.0,18.5,13.4,15.3,72,6.2,南,0.0,0.0,曇,20.0
2025423,02:00,0.0,18.1,13.6,15.6,75,6.2,南,0.0,0.0,雨,20.0
2025423,03:00,0.0,17.4,13.9,15.9,80,5.1,南,0.0,0.0,雨,20.0
2025423,04:00,0.5,17.2,14.7,16.7,85,6.9,南南東,0.0,0.0,雨,20.0
2025423,05:00,1.0,16.8,15.0,17.0,89,4.7,南,0.0,0.0,雨,15.2
2025423,06:00,0.0,16.5,13.8,15.8,84,6.8,南,0.0,0.0,雨,20.0
2025423,07:00,0.5,16.4,14.4,16.4,88,10.5,南南東,0.0,0.0,雨,20.0
2025423,08:00,0.0,16.9,14.7,16.8,87,8.5,南南東,0.0,0.0,曇,20.0
2025423,09:00,0.0,17.4,15.8,17.9,90,6.0,南東,0.0,0.0,曇,13.6
2025423,10:00,0.0,18.4,16.6,18.8,89,7.0,南南東,0.0,0.0,曇,17.4
2025423,11:00,0.0,19.2,17.0,19.4,87,8.0,南南東,0.0,0.0,曇,20.0
2025423,12:00,0.0,19.4,17.4,19.8,88,6.6,南南東,0.0,0.0,雨,11.8
2025423,13:00,1.0,19.3,18.1,20.8,93,4.9,南南東,0.0,0.0,雨,6.28
2025423,14:00,3.5,19.7,19.1,22.0,96,3.1,南南西,0.0,0.0,雨,3.10
2025423,15:00,3.5,19.5,19.0,22.0,97,2.0,南西,0.0,0.0,雨,2.64
2025423,16:00,1.0,19.8,19.5,22.6,98,1.6,南南東,0.0,0.0,雨,4.09
2025423,17:00,0.5,19.7,19.4,22.5,98,2.3,北西,0.0,0.0,雨,4.47
2025423,18:00,0.0,18.6,18.3,21.0,98,2.8,西北西,0.0,0.0,雨,8.53
2025423,19:00,0.0,18.9,18.6,21.4,98,1.9,北西,0.0,0.0,曇,9.57
2025423,20:00,0.0,19.0,18.7,21.5,98,2.4,北西,0.0,0.0,曇,6.60
2025423,21:00,0.0,19.0,18.4,21.1,96,2.3,北北西,0.0,0.0,曇,17.5
2025423,22:00,0.0,18.5,17.9,20.4,96,2.8,北西,0.0,0.0,曇,9.96
2025423,23:00,0.0,18.3,17.7,20.2,96,2.0,北北西,0.0,0.0,曇,9.90
2025423,24:00,0.0,18.3,17.5,20.0,95,1.1,北西,0.0,0.0,曇,11.1
202553,01:00,1.5,10.6,8.9,11.4,89,9.4,南南東,0.0,0.0,雨,6.10
202553,02:00,4.0,10.3,8.7,11.3,90,9.6,南南東,0.0,0.0,雨,6.40
202553,03:00,3.0,10.9,9.0,11.5,88,9.0,南南東,0.0,0.0,雨,6.40
202553,04:00,3.0,10.6,9.0,11.5,90,9.3,南南東,0.0,0.00,雨,4.87
202553,05:00,2.5,10.4,8.7,11.2,89,9.1,南南東,0.0,0.01,雨,7.78
202553,06:00,1.5,10.7,8.6,11.2,87,8.6,南南東,0.0,0.13,雨,10.1
202553,07:00,0.5,11.0,8.9,11.4,87,10.1,南南東,0.0,0.35,雨,20.0
202553,08:00,0.5,13.1,8.0,10.7,71,7.5,南東,0.8,1.44,曇,20.0
202553,09:00,0.0,13.9,5.0,8.7,55,5.4,南,0.4,1.47,曇,20.0
202553,10:00,0.0,14.7,5.8,9.2,55,4.0,南西,0.3,1.55,晴れ,20.0
202553,11:00,0.0,15.4,3.9,8.0,46,4.2,南西,1.0,3.53,晴れ,20.0
202553,12:00,0.0,15.1,3.9,8.1,47,3.9,南南西,0.5,2.33,晴れ,20.0
202553,13:00,0.0,16.1,5.4,9.0,49,2.3,南南東,0.2,1.49,曇,20.0
202553,14:00,0.0,17.5,4.1,8.2,41,2.4,南西,0.8,2.74,晴れ,20.0
202553,15:00,0.0,17.5,4.1,8.2,41,2.6,西,0.7,2.05,曇,20.0
202553,16:00,0.0,16.9,3.9,8.1,42,4.7,南西,0.6,1.49,曇,20.0
202553,17:00,0.0,16.6,4.0,8.1,43,4.7,南南西,1.0,1.27,晴れ,20.0
202553,18:00,0.0,15.4,4.5,8.4,48,4.5,南南西,0.7,0.51,曇,20.0
202553,19:00,0.0,14.4,4.4,8.4,51,3.6,南西,0.0,0.04,曇,20.0
202553,20:00,0.0,13.8,4.1,8.2,52,2.7,南南西,0.0,0.00,曇,20.0
202553,21:00,0.0,13.5,3.9,8.0,52,4.0,南西,0.0,0.0,曇,20.0
202553,22:00,0.0,13.0,4.4,8.4,56,4.1,南南西,0.0,0.0,曇,20.0
202553,23:00,0.0,12.9,4.4,8.3,56,5.6,南西,0.0,0.0,曇,20.0
202553,24:00,0.0,12.9,4.4,8.3,56,2.6,西南西,0.0,0.0,曇,20.0
202554,01:00,0.0,12.0,5.0,8.7,62,6.6,南南西,0.0,0.0,雨,20.0
202554,02:00,0.0,10.6,6.0,9.3,73,1.8,南,0.0,0.0,雨,20.0
202554,03:00,0.0,10.3,6.1,9.4,75,2.1,南,0.0,0.0,雨,20.0
202554,04:00,0.0,10.3,6.3,9.5,76,3.5,南南東,0.0,0.00,雨,20.0
202554,05:00,0.0,10.2,6.4,9.6,77,0.9,南,0.0,0.01,雨,20.0
202554,06:00,0.5,10.3,6.3,9.5,76,0.8,南南東,0.0,0.09,雨,20.0
202554,07:00,0.0,10.7,5.5,9.0,70,1.0,南南東,0.0,0.22,曇,20.0
202554,08:00,0.0,11.5,5.4,9.0,66,1.4,南,0.0,0.37,雨,20.0
202554,09:00,0.0,11.7,6.0,9.3,68,2.2,南南西,0.0,0.50,雨,20.0
202554,10:00,0.0,12.3,6.2,9.4,66,5.0,南南東,0.0,0.85,雨,16.8
202554,11:00,0.0,12.2,6.1,9.4,66,3.4,南南東,0.2,1.62,曇,20.0
202554,12:00,0.0,13.1,5.3,8.9,59,1.6,南西,0.1,1.41,曇,20.0
202554,13:00,0.0,14.6,5.4,9.0,54,1.3,西,0.4,2.22,曇,20.0
202554,14:00,0.0,14.4,5.8,9.2,56,2.5,北西,0.5,2.47,曇,20.0
202554,15:00,0.0,14.3,5.9,9.3,57,1.4,北北西,0.0,0.97,曇,20.0
202554,16:00,0.0,14.4,5.2,8.9,54,2.3,北北西,0.0,0.69,曇,20.0
202554,17:00,0.0,14.1,6.9,10.0,62,3.4,北西,0.3,0.55,晴れ,20.0
202554,18:00,0.0,13.2,7.2,10.2,67,2.6,北北西,0.4,0.35,晴れ,20.0
202554,19:00,0.0,12.1,7.8,10.6,75,1.6,南東,0.0,0.02,曇,20.0
202554,20:00,0.0,12.0,7.3,10.2,73,0.6,北北東,0.0,0.00,曇,20.0
202554,21:00,0.0,11.8,6.7,9.8,71,0.5,南西,0.0,0.0,曇,20.0
202554,22:00,0.0,11.8,6.5,9.7,70,1.0,東北東,0.0,0.0,曇,20.0
202554,23:00,0.0,11.6,7.3,10.2,75,0.8,西北西,0.0,0.0,曇,20.0
202554,24:00,0.0,10.9,7.8,10.6,81,2.1,東北東,0.0,0.0,雨,20.0
2025513,01:00,0.0,17.1,13.8,15.8,81,1.1,西北西,0.0,0.0,,
2025513,02:00,0.0,17.2,13.3,15.3,78,0.8,北東,0.0,0.0,,
2025513,03:00,0.0,15.9,13.0,15.0,83,0.4,東南東,0.0,0.0,快晴,15.0
2025513,04:00,0.0,15.4,12.2,14.2,81,0.7,北北東,0.0,0.0,,
2025513,05:00,0.0,14.5,11.8,13.9,84,1.1,北北東,0.0,0.00,,
2025513,06:00,0.0,15.3,11.7,13.7,79,1.3,北,0.6,0.18,快晴,10.0
2025513,07:00,0.0,16.3,11.9,13.9,75,0.4,北北東,1.0,0.79,,
2025513,08:00,0.0,18.3,12.7,14.7,70,1.0,西北西,1.0,1.55,,
2025513,09:00,0.0,20.7,12.2,14.2,58,0.9,北西,1.0,2.30,快晴,10.0
2025513,10:00,0.0,21.8,10.0,12.3,47,1.4,北東,1.0,2.95,,
2025513,11:00,0.0,23.4,10.8,13.0,45,1.4,北西,1.0,3.28,,
2025513,12:00,0.0,24.0,9.2,11.6,39,2.4,南西,1.0,3.46,快晴,10.0
2025513,13:00,0.0,24.6,9.8,12.1,39,3.0,西,1.0,3.49,,
2025513,14:00,0.0,25.9,9.3,11.7,35,2.7,北西,1.0,3.30,,
2025513,15:00,0.0,25.6,7.7,10.5,32,3.6,西,1.0,2.91,快晴,15.0
2025513,16:00,0.0,25.7,6.9,9.9,30,2.0,西,1.0,2.28,,
2025513,17:00,0.0,24.0,7.2,10.1,34,3.3,西南西,1.0,1.55,,
2025513,18:00,0.0,23.6,6.4,9.6,33,1.9,南西,1.0,0.75,晴れ,20.0
2025513,19:00,0.0,22.9,5.4,8.9,32,1.3,南西,0.1,0.09,,
2025513,20:00,0.0,21.7,7.2,10.1,39,2.7,南西,0.0,0.00,,
2025513,21:00,0.0,20.9,8.5,11.1,45,2.0,西南西,0.0,0.0,晴れ,15.0
2025513,22:00,0.0,19.9,10.9,13.0,56,0.9,北西,0.0,0.0,,
2025513,23:00,0.0,19.8,9.7,12.0,52,0.7,北西,0.0,0.0,,
2025513,24:00,0.0,19.5,11.0,13.1,58,1.3,西,0.0,0.0,,
2025514,01:00,0.0,18.0,10.6,12.8,62,2.0,南南東,0.0,0.0,晴れ,20.0
2025514,02:00,0.0,17.5,10.2,12.4,62,1.2,南南東,0.0,0.0,晴れ,20.0
2025514,03:00,0.0,17.4,9.1,11.5,58,1.5,南南東,0.0,0.0,晴れ,20.0
2025514,04:00,0.0,17.3,8.7,11.3,57,2.3,南東,0.0,0.0,晴れ,20.0
2025514,05:00,0.0,17.2,9.1,11.6,59,1.1,南東,0.0,0.00,晴れ,20.0
2025514,06:00,0.0,16.7,9.9,12.2,64,1.8,南東,0.0,0.05,晴れ,20.0
2025514,07:00,0.0,17.9,10.1,12.3,60,2.0,南東,0.9,0.51,晴れ,20.0
2025514,08:00,0.0,20.3,10.7,12.9,54,1.2,東南東,1.0,1.15,晴れ,20.0
2025514,09:00,0.0,22.6,11.4,13.4,49,1.7,東南東,1.0,1.96,晴れ,20.0
2025514,10:00,0.0,23.8,12.1,14.2,48,2.1,東,1.0,2.64,晴れ,20.0
2025514,11:00,0.0,26.0,14.5,16.5,49,1.4,北東,1.0,3.13,晴れ,20.0
2025514,12:00,0.0,25.4,14.2,16.2,50,5.0,北北西,1.0,3.39,晴れ,20.0
2025514,13:00,0.0,26.0,14.8,16.8,50,4.3,北北西,1.0,3.24,晴れ,20.0
2025514,14:00,0.0,25.9,14.4,16.4,49,4.0,北,1.0,3.23,晴れ,20.0
2025514,15:00,0.0,24.8,14.6,16.6,53,6.1,北,1.0,2.37,晴れ,20.0
2025514,16:00,0.0,23.5,15.0,17.1,59,5.0,北,0.7,1.66,曇,20.0
2025514,17:00,0.0,23.0,14.3,16.3,58,3.6,北,0.1,1.03,曇,20.0
2025514,18:00,0.0,22.6,15.0,17.0,62,2.4,北,0.1,0.57,曇,20.0
2025514,19:00,0.0,21.6,13.3,15.2,59,1.4,北東,0.0,0.16,晴れ,20.0
2025514,20:00,0.0,21.0,13.9,15.9,64,1.4,北,0.0,0.00,晴れ,20.0
2025514,21:00,0.0,21.1,14.8,16.8,67,1.8,南西,0.0,0.0,晴れ,20.0
2025514,22:00,0.0,19.9,14.9,17.0,73,0.6,南南西,0.0,0.0,晴れ,19.2
2025514,23:00,0.0,20.1,14.3,16.2,69,1.7,南東,0.0,0.0,晴れ,20.0
2025514,24:00,0.0,19.6,14.2,16.2,71,2.4,南東,0.0,0.0,曇,20.0
2025515,01:00,0.0,19.2,13.8,15.8,71,2.3,南東,0.0,0.0,曇,20.0
2025515,02:00,0.0,19.7,13.9,15.8,69,2.5,南東,0.0,0.0,曇,20.0
2025515,03:00,0.0,19.3,13.7,15.7,70,1.9,南東,0.0,0.0,晴れ,20.0
2025515,04:00,0.0,18.7,13.6,15.5,72,3.1,南東,0.0,0.0,晴れ,20.0
2025515,05:00,0.0,19.1,13.7,15.7,71,2.5,南東,0.0,0.00,晴れ,20.0
2025515,06:00,0.0,19.2,14.0,16.0,72,2.5,南東,0.0,0.07,曇,20.0
2025515,07:00,0.0,20.4,14.5,16.5,69,3.6,東南東,0.5,0.54,曇,20.0
2025515,08:00,0.0,21.8,14.9,17.0,65,3.3,東南東,0.4,0.93,曇,20.0
2025515,09:00,0.0,22.8,15.2,17.2,62,3.2,東南東,0.5,1.48,曇,20.0
2025515,10:00,0.0,24.6,14.7,16.7,54,2.6,南西,0.4,1.68,曇,20.0
2025515,11:00,0.0,25.8,14.9,16.9,51,2.8,南南東,0.7,2.62,曇,20.0
2025515,12:00,0.0,26.3,14.8,16.8,49,2.2,西,0.5,2.25,曇,20.0
2025515,13:00,0.0,26.2,16.5,18.7,55,3.4,北,0.7,2.92,曇,20.0
2025515,14:00,0.0,26.8,16.7,19.0,54,4.0,北,0.5,2.39,曇,20.0
2025515,15:00,0.0,25.8,16.9,19.3,58,3.6,北,0.0,1.22,曇,20.0
2025515,16:00,0.0,25.8,17.2,19.6,59,2.9,北,0.4,1.38,曇,20.0
2025515,17:00,0.0,24.6,16.9,19.2,62,4.1,北,0.0,0.88,曇,20.0
2025515,18:00,0.0,23.7,16.7,19.1,65,2.2,北,0.0,0.39,曇,20.0
2025515,19:00,0.0,23.3,17.1,19.5,68,0.2,静穏,0.0,0.13,曇,18.7
2025515,20:00,0.0,23.8,17.3,19.8,67,1.3,南東,0.0,0.00,曇,17.9
2025515,21:00,0.0,23.1,17.8,20.4,72,1.9,北,0.0,0.0,曇,17.1
2025515,22:00,0.0,22.4,17.6,20.1,74,1.3,北,0.0,0.0,曇,18.3
2025515,23:00,0.0,22.1,17.7,20.2,76,1.4,北,0.0,0.0,曇,17.7
2025515,24:00,0.0,21.9,17.5,20.0,76,1.0,南東,0.0,0.0,曇,17.5
2025520,01:00,0.0,12.0,5.9,9.3,66,0.3,東北東,0.0,0.0,曇,20.0
2025520,02:00,0.0,11.5,8.0,10.7,79,2.3,北東,0.0,0.0,雨,11.5
2025520,03:00,0.5,9.9,8.8,11.3,93,4.0,南東,0.0,0.0,雨,15.3
2025520,04:00,1.0,9.9,9.1,11.6,95,1.1,南南東,0.0,0.00,雨,5.08
2025520,05:00,2.0,9.6,9.2,11.6,97,1.8,南東,0.0,0.01,雨,5.13
2025520,06:00,2.0,9.8,9.5,11.9,98,2.6,南,0.0,0.11,雨,6.56
2025520,07:00,1.0,10.7,10.4,12.6,98,3.8,南,0.0,0.17,雨,4.82
2025520,08:00,4.5,10.8,10.7,12.8,99,2.8,南南西,0.0,0.17,雨,4.38
2025520,09:00,0.5,11.6,11.5,13.5,99,3.6,南,0.0,0.58,雨,8.53
2025520,10:00,0.0,15.1,14.0,16.0,93,2.4,南,0.5,2.42,雨,14.6
2025520,11:00,0.0,19.0,15.5,17.6,80,2.5,西,1.0,3.34,雨,20.0
2025520,12:00,0.0,21.1,14.8,16.8,67,5.3,西,1.0,3.52,晴れ,20.0
2025520,13:00,0.0,20.8,12.8,14.7,60,6.2,西,1.0,3.35,晴れ,20.0
2025520,14:00,0.0,20.2,11.9,14.0,59,6.4,西,1.0,3.01,晴れ,19.0
2025520,15:00,0.0,19.6,11.1,13.2,58,7.1,西,0.9,2.36,晴れ,20.0
2025520,16:00,0.0,19.0,10.0,12.3,56,5.4,西北西,1.0,1.94,晴れ,20.0
2025520,17:00,0.0,18.6,8.8,11.4,53,3.5,西北西,0.9,1.18,晴れ,20.0
2025520,18:00,0.0,18.2,6.4,9.6,46,4.4,西,0.7,0.47,晴れ,20.0
2025520,19:00,0.0,17.2,6.4,9.6,49,3.0,北,0.2,0.09,晴れ,20.0
2025520,20:00,0.0,17.4,6.9,9.9,50,1.6,西南西,0.0,0.00,晴れ,20.0
2025520,21:00,0.0,16.3,8.3,10.9,59,0.9,南南東,0.0,0.0,曇,20.0
2025520,22:00,0.0,16.2,10.1,12.3,67,1.1,南西,0.0,0.0,曇,20.0
2025520,23:00,0.0,14.2,9.7,12.0,74,1.1,北東,0.0,0.0,曇,20.0
2025520,24:00,0.0,14.0,10.1,12.3,77,2.1,南東,0.0,0.0,曇,20.0
2025522,01:00,0.0,17.9,15.5,17.6,86,1.6,南南西,0.0,0.0,曇,13.1
2025522,02:00,0.0,17.4,15.4,17.5,88,1.4,南南東,0.0,0.0,曇,11.7
2025522,03:00,0.0,17.4,15.2,17.3,87,1.3,南南東,0.0,0.0,曇,12.5
2025522,04:00,0.0,17.8,15.4,17.5,86,0.6,西,0.0,0.00,曇,13.4
2025522,05:00,0.0,18.6,15.9,18.0,84,1.0,東北東,0.0,0.01,曇,14.4
2025522,06:00,0.0,17.9,15.2,17.2,84,1.7,北東,0.0,0.12,曇,13.6
2025522,07:00,0.0,17.7,15.7,17.8,88,1.7,北東,0.0,0.22,曇,8.88
2025522,08:00,0.0,17.9,15.2,17.2,84,0.7,北北西,0.0,0.34,曇,11.6
2025522,09:00,0.0,18.2,14.7,16.7,80,2.4,南,0.0,0.53,曇,14.9
2025522,10:00,0.0,17.9,15.5,17.6,86,3.3,南,0.0,0.53,雨,7.26
2025522,11:00,0.5,17.1,16.0,18.1,93,1.8,南南西,0.0,0.36,曇,11.9
2025522,12:00,0.0,16.8,15.7,17.8,93,2.6,南南東,0.0,0.42,雨,12.3
2025522,13:00,1.5,16.0,15.2,17.3,95,3.1,南,0.0,0.26,雨,6.88
2025522,14:00,1.0,15.8,15.0,17.1,95,5.1,南南東,0.0,0.34,曇,15.2
2025522,15:00,0.0,15.9,14.9,17.0,94,4.0,南南東,0.0,0.33,曇,20.0
2025522,16:00,0.0,15.9,14.8,16.8,93,2.0,南南東,0.0,0.16,雨,12.4
2025522,17:00,0.0,15.2,14.4,16.4,95,2.9,南東,0.0,0.07,雨,4.18
2025522,18:00,0.0,15.2,14.6,16.6,96,3.4,南東,0.0,0.01,雨,9.85
2025522,19:00,0.0,14.7,14.2,16.2,97,2.0,東南東,0.0,0.00,雨,9.38
2025522,20:00,0.0,14.5,14.0,16.0,97,1.5,南南東,0.0,0.00,曇,8.98
2025522,21:00,0.0,14.8,14.3,16.3,97,2.3,東南東,0.0,0.0,曇,9.08
2025522,22:00,0.0,14.6,14.1,16.1,97,1.9,南東,0.0,0.0,晴れ,8.59
2025522,23:00,0.0,14.2,13.7,15.7,97,1.9,南南西,0.0,0.0,晴れ,7.68
2025522,24:00,0.0,13.3,12.2,14.2,93,1.0,北西,0.0,0.0,晴れ,12.0
2025523,01:00,0.0,17.2,13.9,15.9,81,4.4,北東,0.0,0.0,曇,20.0
2025523,02:00,0.0,16.9,13.4,15.4,80,3.1,東北東,0.0,0.0,曇,20.0
2025523,03:00,0.0,16.6,13.3,15.3,81,4.4,北東,0.0,0.0,曇,20.0
2025523,04:00,0.0,16.4,13.1,15.1,81,4.7,北東,0.0,0.0,曇,20.0
2025523,05:00,0.0,16.5,13.4,15.4,82,2.4,北北東,0.0,0.0,曇,20.0
2025523,06:00,0.0,16.7,13.4,15.4,81,2.4,北北東,0.0,0.0,曇,20.0
2025523,07:00,0.0,17.4,13.5,15.5,78,3.6,北東,0.0,0.0,曇,20.0
2025523,08:00,0.0,18.6,13.0,15.0,70,3.3,北東,0.0,0.0,曇,20.0
2025523,09:00,0.0,19.2,11.5,13.6,61,5.0,北東,0.0,0.0,曇,20.0
2025523,10:00,0.0,19.9,10.1,12.3,53,5.1,北北東,0.0,0.0,曇,20.0
2025523,11:00,0.0,20.9,10.7,12.9,52,6.1,東北東,0.0,0.0,曇,20.0
2025523,12:00,0.0,21.5,9.7,12.1,47,5.7,北東,0.5,0.0,曇,20.0
2025523,13:00,0.0,22.2,11.0,13.1,49,5.2,北東,0.5,0.0,曇,20.0
2025523,14:00,0.0,21.2,10.1,12.3,49,5.1,東北東,0.0,0.0,曇,20.0
2025523,15:00,0.0,21.3,8.6,11.1,44,5.4,東北東,0.0,0.0,曇,20.0
2025523,16:00,0.0,20.0,7.4,10.3,44,6.2,北東,0.0,0.0,曇,20.0
2025523,17:00,0.0,19.8,9.4,11.8,51,4.3,北東,0.0,0.0,曇,20.0
2025523,18:00,0.0,19.2,7.6,10.5,47,4.6,北東,0.0,0.0,曇,20.0
2025523,19:00,0.0,18.7,11.3,13.4,62,4.2,北東,0.0,0.0,曇,20.0
2025523,20:00,0.0,18.3,14.2,16.2,77,3.5,北東,0.0,0.0,曇,20.0
2025523,21:00,0.0,17.8,14.3,16.3,80,4.0,北東,0.0,0.0,曇,20.0
2025523,22:00,0.0,17.4,14.1,16.1,81,2.8,北北東,0.0,0.0,曇,20.0
2025523,23:00,0.0,16.9,14.0,16.0,83,3.4,北北東,0.0,0.0,曇,20.0
2025523,24:00,0.0,16.9,13.8,15.8,82,3.8,北北東,0.0,0.0,曇,20.0
2025524,01:00,0.0,16.6,13.5,15.5,82,2.9,北北東,0.0,0.0,曇,20.0
2025524,02:00,0.0,16.3,13.2,15.2,82,3.8,北北東,0.0,0.0,曇,20.0
2025524,03:00,0.0,16.3,13.0,15.0,81,3.7,北北東,0.0,0.0,曇,20.0
2025524,04:00,0.0,16.1,12.7,14.6,80,3.8,北北東,0.0,0.0,曇,20.0
2025524,05:00,0.0,16.2,12.8,14.7,80,3.2,北北東,0.0,0.0,曇,20.0
2025524,06:00,0.0,16.4,13.0,14.9,80,3.7,北,0.0,0.0,曇,20.0
2025524,07:00,0.0,16.8,13.3,15.3,80,3.7,北北東,0.0,0.0,曇,20.0
2025524,08:00,0.0,17.5,13.4,15.4,77,3.4,北北東,0.0,0.0,曇,20.0
2025524,09:00,0.0,19.3,13.7,15.7,70,5.0,北東,0.1,0.0,曇,20.0
2025524,10:00,0.0,20.0,13.5,15.4,66,3.4,北北東,0.0,0.0,曇,20.0
2025524,11:00,0.0,20.1,14.0,16.0,68,3.7,北,0.0,0.0,曇,20.0
2025524,12:00,0.0,19.6,13.5,15.5,68,4.0,北北東,0.0,0.0,曇,20.0
2025524,13:00,0.0,19.9,13.4,15.3,66,3.6,北東,0.0,0.0,曇,20.0
2025524,14:00,0.0,19.8,13.0,15.0,65,3.9,北北東,0.0,0.0,曇,20.0
2025524,15:00,0.0,19.5,13.2,15.2,67,3.1,北,0.0,0.0,曇,20.0
2025524,16:00,0.0,18.5,13.8,15.8,74,3.7,北,0.0,0.0,雨,17.8
2025524,17:00,0.0,17.3,13.8,15.8,80,3.7,北北東,0.0,0.0,曇,20.0
2025524,18:00,0.0,17.2,13.9,15.9,81,4.0,北北東,0.0,0.0,雨,20.0
2025524,19:00,0.0,16.7,14.5,16.5,87,3.1,北北東,0.0,0.0,雨,20.0
2025524,20:00,0.0,16.8,14.8,16.8,88,1.6,北,0.0,0.0,雨,20.0
2025524,21:00,1.0,16.0,15.0,17.1,94,2.9,北北東,0.0,0.0,雨,19.9
2025524,22:00,0.5,16.2,15.1,17.1,93,2.4,北西,0.0,0.0,曇,20.0
2025524,23:00,0.5,16.1,15.3,17.4,95,1.1,北北東,0.0,0.0,雨,7.59
2025524,24:00,2.0,15.8,15.2,17.2,96,2.9,北北東,0.0,0.0,雨,8.49
2025525,01:00,1.0,15.4,14.5,16.4,94,3.1,北東,0.0,0.0,雨,19.3
2025525,02:00,2.0,15.0,14.2,16.2,95,2.2,北北東,0.0,0.0,雨,6.38
2025525,03:00,4.0,15.0,14.5,16.5,97,1.6,北北東,0.0,0.0,雨,5.86
2025525,04:00,2.0,14.9,14.4,16.4,97,3.0,東,0.0,0.0,雨,4.27
2025525,05:00,7.5,15.0,14.5,16.5,97,2.4,北西,0.0,0.0,雨,6.50
2025525,06:00,1.0,15.1,14.6,16.6,97,1.8,北,0.0,0.0,雨,11.9
2025525,07:00,0.5,15.6,15.0,17.0,96,2.5,北北西,0.0,0.0,曇,20.0
2025525,08:00,0.0,16.1,15.3,17.4,95,1.6,北西,0.0,0.0,曇,20.0
2025525,09:00,0.0,17.9,16.9,19.3,94,0.8,東南東,0.0,0.0,曇,20.0
2025525,10:00,0.0,17.8,16.3,18.5,91,1.3,西南西,0.0,0.0,曇,20.0
2025525,11:00,0.0,19.0,16.8,19.1,87,1.3,西,0.0,0.0,曇,20.0
2025525,12:00,0.0,20.4,17.2,19.7,82,2.6,西,0.1,0.0,曇,20.0
2025525,13:00,0.0,20.9,17.9,20.5,83,3.5,西南西,0.1,0.0,曇,20.0
2025525,14:00,0.0,22.2,19.2,22.2,83,4.0,西南西,0.0,0.0,曇,20.0
2025525,15:00,0.0,23.1,20.1,23.5,83,5.7,西南西,0.0,0.0,曇,20.0
2025525,16:00,0.0,24.4,18.8,21.7,71,7.6,南西,0.0,0.0,曇,20.0
2025525,17:00,0.0,22.8,19.4,22.5,81,7.8,西南西,0.2,0.0,曇,20.0
2025525,18:00,0.0,21.7,18.9,21.8,84,5.4,西,0.0,0.0,曇,20.0
2025525,19:00,0.0,19.5,17.1,19.5,86,2.6,北北東,0.0,0.0,曇,20.0
2025525,20:00,0.0,18.3,16.6,18.9,90,2.9,北北東,0.0,0.0,曇,20.0
2025525,21:00,0.0,17.7,16.2,18.4,91,2.7,北北東,0.0,0.0,曇,20.0
2025525,22:00,0.0,17.8,16.2,18.3,90,3.0,北東,0.0,0.0,曇,20.0
2025525,23:00,0.0,18.0,16.3,18.6,90,2.0,北北東,0.0,0.0,曇,20.0
2025525,24:00,0.0,17.7,16.2,18.4,91,2.4,北北東,0.0,0.0,曇,20.0
2025527,01:00,0.0,16.5,9.5,11.8,63,1.8,北東,0.0,0.0,曇,20.0
2025527,02:00,0.0,16.2,9.6,12.0,65,0.2,静穏,0.0,0.0,曇,20.0
2025527,03:00,0.0,16.4,9.8,12.1,65,0.9,南南東,0.0,0.0,曇,20.0
2025527,04:00,0.0,16.1,10.0,12.3,67,0.8,南西,0.0,0.00,曇,20.0
2025527,05:00,0.0,16.0,10.3,12.5,69,0.4,西南西,0.0,0.02,曇,20.0
2025527,06:00,0.0,16.0,10.5,12.7,70,0.9,北西,0.0,0.13,曇,20.0
2025527,07:00,0.0,16.4,10.5,12.7,68,1.0,北西,0.0,0.35,曇,20.0
2025527,08:00,0.0,17.5,11.5,13.6,68,0.6,西,0.0,0.65,曇,20.0
2025527,09:00,0.0,18.3,8.6,11.1,53,1.3,南西,0.0,1.14,曇,20.0
2025527,10:00,0.0,19.9,9.2,11.6,50,1.3,南南西,0.2,1.85,曇,20.0
2025527,11:00,0.0,20.3,9.9,12.1,51,2.0,南東,0.7,2.41,曇,20.0
2025527,12:00,0.0,21.3,10.2,12.4,49,2.1,南南東,0.8,2.72,曇,20.0
2025527,13:00,0.0,21.5,10.4,12.6,49,2.2,東,0.2,2.10,曇,20.0
2025527,14:00,0.0,21.3,10.2,12.4,49,2.4,南,0.0,1.70,曇,20.0
2025527,15:00,0.0,21.0,10.2,12.4,50,2.8,南東,0.0,1.27,曇,20.0
2025527,16:00,0.0,21.1,10.0,12.3,49,2.3,南東,0.0,1.03,曇,20.0
2025527,17:00,0.0,20.6,9.2,11.6,48,2.5,南東,0.0,0.60,曇,20.0
2025527,18:00,0.0,20.3,8.9,11.4,48,3.0,南東,0.0,0.27,曇,20.0
2025527,19:00,0.0,19.6,10.1,12.3,54,2.1,南東,0.0,0.03,曇,20.0
2025527,20:00,0.0,18.9,12.0,14.0,64,2.4,南東,0.0,0.00,曇,20.0
2025527,21:00,0.0,18.3,12.3,14.3,68,1.8,南東,0.0,0.0,曇,20.0
2025527,22:00,0.0,18.2,12.0,14.0,67,1.8,南東,0.0,0.0,曇,20.0
2025527,23:00,0.0,18.0,12.0,14.0,68,1.4,南東,0.0,0.0,曇,20.0
2025527,24:00,0.0,17.6,12.3,14.3,71,1.2,南南東,0.0,0.0,曇,20.0
2025531,01:00,0.0,19.5,11.8,13.8,61,1.9,西北西,0.0,0.0,曇,20.0
2025531,02:00,0.0,19.3,11.9,13.9,62,1.5,南南東,0.0,0.0,曇,20.0
2025531,03:00,0.0,19.0,11.8,13.8,63,4.1,西,0.0,0.0,曇,20.0
2025531,04:00,0.0,18.9,11.5,13.5,62,4.1,北西,0.0,0.0,曇,20.0
2025531,05:00,0.0,18.4,11.5,13.5,64,3.5,西南西,0.0,0.0,曇,20.0
2025531,06:00,0.0,18.3,11.6,13.7,65,2.9,南西,0.0,0.0,曇,20.0
2025531,07:00,0.0,18.9,11.7,13.8,63,3.4,南西,0.0,0.0,曇,20.0
2025531,08:00,0.0,19.2,11.3,13.4,60,1.3,北北西,0.0,0.0,曇,20.0
2025531,09:00,0.0,19.4,10.9,13.1,58,1.7,北西,0.0,0.0,曇,20.0
2025531,10:00,0.0,20.3,11.3,13.3,56,4.5,北,0.1,0.0,曇,20.0
2025531,11:00,0.0,21.7,11.4,13.5,52,2.8,北北西,0.3,0.0,曇,20.0
2025531,12:00,0.0,23.0,10.1,12.4,44,5.6,北,0.4,0.0,晴れ,20.0
2025531,13:00,0.0,22.8,9.6,11.9,43,3.8,北北西,0.1,0.0,曇,20.0
2025531,14:00,0.0,22.9,9.7,12.0,43,5.3,北西,0.0,0.0,曇,20.0
2025531,15:00,0.0,22.9,9.7,12.0,43,7.7,北,0.1,0.0,曇,20.0
2025531,16:00,0.0,23.6,10.3,12.5,43,4.3,北北西,0.1,0.0,曇,9.16
2025531,17:00,0.0,22.7,9.5,11.9,43,6.1,北,0.2,0.0,晴れ,20.0
2025531,18:00,0.0,21.8,9.7,12.0,46,4.7,北北西,0.9,0.0,晴れ,20.0
2025531,19:00,0.0,20.7,9.0,11.5,47,4.4,北北西,0.3,0.0,曇,20.0
2025531,20:00,0.0,20.0,8.7,11.2,48,4.5,北西,0.0,0.0,曇,20.0
2025531,21:00,0.0,19.6,8.9,11.4,50,4.3,北西,0.0,0.0,曇,20.0
2025531,22:00,0.0,19.1,9.9,12.2,55,2.3,西北西,0.0,0.0,曇,20.0
2025531,23:00,0.0,18.8,11.4,13.5,62,2.7,北西,0.0,0.0,曇,20.0
2025531,24:00,0.0,18.8,11.4,13.5,62,1.9,西,0.0,0.0,曇,20.0
202561,01:00,0.0,18.9,11.2,13.3,61,2.7,西南西,0.0,0.0,曇,20.0
202561,02:00,0.0,18.5,11.6,13.6,64,2.1,西,0.0,0.0,曇,20.0
202561,03:00,0.0,18.5,11.8,13.8,65,2.3,西,0.0,0.0,曇,20.0
202561,04:00,0.0,18.6,11.9,13.9,65,2.8,西,0.0,0.0,曇,20.0
202561,05:00,0.0,18.6,11.9,13.9,65,4.1,西,0.0,0.0,曇,20.0
202561,06:00,0.0,18.5,12.3,14.3,67,3.2,西,0.0,0.0,曇,20.0
202561,07:00,0.0,18.9,12.2,14.2,65,4.4,西北西,0.0,0.0,曇,20.0
202561,08:00,0.0,19.4,12.2,14.2,63,4.0,北西,0.0,0.0,曇,20.0
202561,09:00,0.0,20.5,12.5,14.5,60,3.3,北北西,0.3,0.0,曇,20.0
202561,10:00,0.0,21.1,11.7,13.8,55,1.7,西北西,0.3,0.0,曇,20.0
202561,11:00,0.0,23.0,12.9,14.9,53,1.8,北西,0.3,0.0,曇,20.0
202561,12:00,0.0,23.6,13.8,15.7,54,3.0,南南東,0.8,0.0,晴れ,20.0
202561,13:00,0.0,24.4,14.8,16.8,55,3.6,南南西,0.7,0.0,晴れ,20.0
202561,14:00,0.0,25.6,12.8,14.8,45,1.8,西南西,0.6,0.0,晴れ,20.0
202561,15:00,0.0,23.2,14.0,15.9,56,3.6,南,0.8,0.0,晴れ,20.0
202561,16:00,0.0,22.0,15.1,17.2,65,2.9,南東,0.8,0.0,晴れ,20.0
202561,17:00,0.0,22.6,13.4,15.4,56,2.2,南南西,0.3,0.0,晴れ,20.0
202561,18:00,0.0,22.9,13.4,15.4,55,2.0,南西,0.9,0.0,晴れ,20.0
202561,19:00,0.0,22.2,13.3,15.3,57,1.1,北北東,0.3,0.0,晴れ,20.0
202561,20:00,0.0,21.5,12.9,14.9,58,2.0,南東,0.0,0.0,晴れ,20.0
202561,21:00,0.0,21.3,12.7,14.7,58,1.8,北北東,0.0,0.0,晴れ,20.0
202561,22:00,0.0,20.2,12.2,14.2,60,2.4,東,0.0,0.0,晴れ,20.0
202561,23:00,0.0,19.3,13.5,15.4,69,5.1,東,0.0,0.0,曇,20.0
202561,24:00,0.0,18.8,11.4,13.5,62,4.9,東北東,0.0,0.0,曇,20.0
202566,01:00,0.0,19.9,10.9,13.0,56,2.5,北,0.0,0.0,曇,20.0
202566,02:00,0.0,19.1,10.7,12.8,58,2.8,北北東,0.0,0.0,曇,20.0
202566,03:00,0.0,18.6,10.9,13.1,61,3.4,北,0.0,0.0,曇,20.0
202566,04:00,0.0,18.2,10.6,12.8,61,3.0,北北東,0.0,0.0,曇,20.0
202566,05:00,0.0,17.7,11.1,13.2,65,3.5,北,0.0,0.00,曇,20.0
202566,06:00,0.0,17.5,11.3,13.4,67,3.7,北北東,0.0,0.09,曇,20.0
202566,07:00,0.0,18.5,11.3,13.4,63,2.1,北北東,0.8,0.79,曇,20.0
202566,08:00,0.0,20.5,11.2,13.3,55,0.7,北北西,0.9,1.41,曇,20.0
202566,09:00,0.0,23.3,11.7,13.7,48,0.7,北北西,1.0,1.93,晴れ,20.0
202566,10:00,0.0,24.4,10.0,12.2,40,4.6,南,0.8,2.53,曇,20.0
202566,11:00,0.0,25.1,10.9,13.1,41,4.3,南南東,0.8,2.71,曇,20.0
202566,12:00,0.0,24.9,11.5,13.5,43,5.0,南,0.1,1.84,曇,20.0
202566,13:00,0.0,25.2,12.4,14.4,45,5.5,南,0.1,1.82,曇,20.0
202566,14:00,0.0,26.0,13.2,15.1,45,3.7,南,0.4,1.83,曇,20.0
202566,15:00,0.0,26.1,12.6,14.5,43,4.7,南南西,0.5,1.96,曇,20.0
202566,16:00,0.0,26.0,10.6,12.8,38,3.9,南南西,0.5,1.72,曇,20.0
202566,17:00,0.0,25.9,10.5,12.7,38,5.3,南南西,0.2,1.04,曇,20.0
202566,18:00,0.0,25.5,10.6,12.7,39,4.4,南,0.0,0.44,曇,20.0
202566,19:00,0.0,24.9,11.5,13.5,43,3.0,南南東,0.0,0.10,曇,20.0
202566,20:00,0.0,24.5,11.8,13.8,45,2.5,南,0.0,0.00,曇,20.0
202566,21:00,0.0,24.2,12.2,14.2,47,3.2,南南西,0.0,0.0,曇,20.0
202566,22:00,0.0,23.7,12.7,14.7,50,2.6,南,0.0,0.0,曇,20.0
202566,23:00,0.0,23.2,13.1,15.1,53,1.6,南西,0.0,0.0,曇,20.0
202566,24:00,0.0,22.8,14.1,16.1,58,0.9,南西,0.0,0.0,曇,20.0
202567,01:00,0.0,22.8,13.6,15.5,56,0.9,南,0.0,0.0,曇,20.0
202567,02:00,0.0,22.5,14.4,16.4,60,1.0,北,0.0,0.0,曇,20.0
202567,03:00,0.0,22.0,14.2,16.1,61,1.3,北北東,0.0,0.0,曇,20.0
202567,04:00,0.0,21.4,14.1,16.1,63,2.1,北北東,0.0,0.0,曇,20.0
202567,05:00,0.0,20.7,14.4,16.4,67,1.9,北北東,0.0,0.00,曇,20.0
202567,06:00,0.0,20.5,14.2,16.2,67,2.5,北北東,0.0,0.13,曇,20.0
202567,07:00,0.0,21.2,14.8,16.9,67,2.2,北,0.6,0.70,曇,20.0
202567,08:00,0.0,22.7,15.1,17.1,62,1.8,北北東,0.4,1.07,曇,20.0
202567,09:00,0.0,23.8,15.6,17.7,60,1.0,北北東,0.0,0.91,曇,20.0
202567,10:00,0.0,23.8,15.8,18.0,61,2.7,南西,0.0,1.00,雨,19.1
202567,11:00,0.0,23.7,15.8,17.9,61,3.0,南西,0.0,1.02,雨,18.5
202567,12:00,0.0,24.0,16.0,18.2,61,1.4,南南西,0.0,0.97,雨,19.3
202567,13:00,0.0,23.9,15.2,17.2,58,2.3,西南西,0.0,0.89,曇,20.0
202567,14:00,0.0,25.2,15.0,17.0,53,2.5,南,0.5,2.17,曇,20.0
202567,15:00,0.0,25.6,15.3,17.4,53,4.3,南,0.9,2.59,曇,20.0
202567,16:00,0.0,25.6,15.0,17.1,52,2.7,南,0.6,1.98,曇,20.0
202567,17:00,0.0,25.1,16.3,18.5,58,3.0,南南西,0.0,0.64,曇,20.0
202567,18:00,0.0,24.3,16.3,18.5,61,3.1,南西,0.0,0.50,曇,20.0
202567,19:00,0.0,23.7,15.5,17.6,60,2.7,南西,0.3,0.27,曇,20.0
202567,20:00,0.0,23.4,16.0,18.1,63,3.1,南南西,0.0,0.01,曇,20.0
202567,21:00,0.0,23.0,15.8,18.0,64,2.6,南西,0.0,0.0,曇,19.8
202567,22:00,0.0,22.6,16.2,18.4,67,1.7,南南西,0.0,0.0,曇,19.3
202567,23:00,0.0,22.3,16.1,18.3,68,1.8,南西,0.0,0.0,曇,18.8
202567,24:00,0.0,22.4,16.4,18.7,69,1.8,南南西,0.0,0.0,曇,16.4
202568,01:00,0.0,22.2,16.5,18.7,70,1.7,南,0.0,0.0,曇,15.7
202568,02:00,0.0,22.1,16.8,19.2,72,1.5,東南東,0.0,0.0,曇,14.6
202568,03:00,0.0,21.7,16.7,19.0,73,0.5,北東,0.0,0.0,曇,14.6
202568,04:00,0.0,21.2,16.6,18.9,75,0.8,東北東,0.0,0.0,曇,15.0
202568,05:00,0.0,21.1,16.5,18.8,75,2.1,北北東,0.0,0.00,曇,14.4
202568,06:00,0.0,20.9,16.5,18.8,76,3.4,北,0.0,0.06,曇,13.4
202568,07:00,0.0,21.2,16.6,18.9,75,1.0,南,0.0,0.15,曇,10.4
202568,08:00,0.0,21.8,16.8,19.1,73,2.2,北北東,0.0,0.28,曇,14.3
202568,09:00,0.0,22.9,16.5,18.7,67,1.1,南東,0.0,0.98,曇,10.1
202568,10:00,0.0,24.1,16.6,18.9,63,1.0,北北東,0.0,1.20,曇,15.6
202568,11:00,0.0,24.0,16.8,19.1,64,2.5,南西,0.0,0.84,曇,15.6
202568,12:00,0.0,23.2,17.2,19.6,69,2.2,南南西,0.0,0.32,雨,13.2
202568,13:00,0.0,23.0,17.7,20.2,72,2.5,南西,0.0,0.47,雨,9.62
202568,14:00,0.0,23.0,17.7,20.2,72,5.1,南,0.0,0.71,曇,10.7
202568,15:00,0.0,22.5,18.3,21.0,77,1.2,西,0.0,0.32,雨,7.83
202568,16:00,0.5,22.6,18.4,21.1,77,2.3,南南東,0.0,0.32,雨,5.50
202568,17:00,0.0,22.5,18.7,21.5,79,1.3,西,0.0,0.32,雨,8.45
202568,18:00,0.0,22.4,18.0,20.6,76,1.3,南西,0.0,0.30,曇,11.4
202568,19:00,0.0,22.0,18.0,20.6,78,2.5,南西,0.0,0.12,曇,10.5
202568,20:00,0.0,21.6,18.2,20.9,81,1.0,西南西,0.0,0.02,曇,8.34
202568,21:00,0.0,21.5,18.3,21.0,82,2.1,西南西,0.0,0.0,曇,7.47
202568,22:00,0.0,21.3,18.1,20.8,82,1.6,南南西,0.0,0.0,曇,8.31
202568,23:00,0.0,21.2,17.8,20.4,81,1.3,南,0.0,0.0,曇,8.91
202568,24:00,0.0,21.0,17.2,19.7,79,2.2,南南西,0.0,0.0,曇,14.1
2025617,01:00,0.0,26.1,23.0,28.1,83,2.5,南南西,0.0,0.0,晴れ,17.5
2025617,02:00,0.0,25.9,23.0,28.1,84,3.0,西南西,0.0,0.0,晴れ,15.8
2025617,03:00,0.0,25.9,22.8,27.7,83,1.3,西南西,0.0,0.0,晴れ,18.1
2025617,04:00,0.0,25.2,22.9,27.9,87,2.2,南西,0.0,0.0,晴れ,16.5
2025617,05:00,0.0,24.8,22.9,27.9,89,2.0,西南西,0.2,0.0,晴れ,14.9
2025617,06:00,0.0,26.1,23.2,28.4,84,1.5,北西,1.0,0.0,晴れ,18.0
2025617,07:00,0.0,27.7,23.5,29.0,78,1.1,北東,1.0,0.0,晴れ,19.5
2025617,08:00,0.0,29.0,23.7,29.3,73,1.8,東北東,1.0,0.0,晴れ,18.4
2025617,09:00,0.0,29.9,23.8,29.5,70,2.3,東,1.0,0.0,晴れ,17.6
2025617,10:00,0.0,31.2,24.3,30.5,67,2.5,東南東,1.0,0.0,晴れ,20.0
2025617,11:00,0.0,32.0,24.1,30.0,63,3.3,東,1.0,0.0,晴れ,18.0
2025617,12:00,0.0,33.6,23.3,28.6,55,2.5,東,1.0,0.0,晴れ,20.0
2025617,13:00,0.0,33.9,23.9,29.6,56,2.4,東,1.0,0.0,晴れ,20.0
2025617,14:00,0.0,33.6,23.6,29.1,56,4.4,南南東,1.0,0.0,晴れ,17.8
2025617,15:00,0.0,33.3,23.6,29.2,57,4.6,南南東,1.0,0.0,晴れ,20.0
2025617,16:00,0.0,31.4,24.3,30.3,66,3.9,南東,1.0,0.0,晴れ,16.2
2025617,17:00,0.0,30.0,23.2,28.4,67,3.9,南南東,1.0,0.0,晴れ,17.5
2025617,18:00,0.0,29.2,23.4,28.8,71,3.2,南南東,1.0,0.0,晴れ,19.8
2025617,19:00,0.0,25.9,23.0,28.1,84,4.0,東,0.4,0.0,晴れ,14.7
2025617,20:00,0.0,26.1,23.4,28.8,85,3.4,南東,0.0,0.0,晴れ,11.7
2025617,21:00,0.0,25.7,23.4,28.7,87,1.9,東南東,0.0,0.0,晴れ,11.0
2025617,22:00,0.0,26.0,23.5,28.9,86,1.2,南,0.0,0.0,晴れ,11.3
2025617,23:00,0.0,25.1,23.3,28.7,90,0.7,北東,0.0,0.0,晴れ,9.32
2025617,24:00,0.0,24.8,23.4,28.8,92,1.5,北,0.0,0.0,晴れ,9.66
2025618,01:00,0.0,25.3,23.7,29.4,91,1.4,北,0.0,0.0,晴れ,10.0
2025618,02:00,0.0,25.5,23.6,29.1,89,1.1,北東,0.0,0.0,晴れ,9.99
2025618,03:00,0.0,25.6,23.3,28.6,87,1.8,北北東,0.0,0.0,晴れ,12.2
2025618,04:00,0.0,25.9,22.4,27.1,81,3.5,北,0.0,0.0,晴れ,19.7
2025618,05:00,0.0,25.8,21.7,25.9,78,3.5,北,0.1,0.0,晴れ,20.0
2025618,06:00,0.0,26.4,21.8,26.2,76,3.0,北,0.9,0.0,晴れ,20.0
2025618,07:00,0.0,27.9,21.7,25.9,69,2.5,北,1.0,0.0,晴れ,20.0
2025618,08:00,0.0,28.1,22.6,27.4,72,4.4,東,1.0,0.0,晴れ,20.0
2025618,09:00,0.0,28.6,22.6,27.4,70,4.7,東,1.0,0.0,晴れ,18.2
2025618,10:00,0.0,29.0,22.7,27.7,69,3.5,東,1.0,0.0,晴れ,20.0
2025618,11:00,0.0,31.0,23.7,29.2,65,4.1,東,1.0,0.0,晴れ,15.5
2025618,12:00,0.0,31.4,23.2,28.5,62,3.6,東,1.0,0.0,晴れ,20.0
2025618,13:00,0.0,31.9,24.0,29.8,63,3.4,東,1.0,0.0,晴れ,19.3
2025618,14:00,0.0,32.1,23.6,29.2,61,4.4,東,1.0,0.0,晴れ,20.0
2025618,15:00,0.0,32.2,23.7,29.4,61,4.6,東,1.0,0.0,晴れ,20.0
2025618,16:00,0.0,31.1,21.6,25.8,57,4.4,東南東,1.0,0.0,晴れ,20.0
2025618,17:00,0.0,30.3,20.8,24.6,57,3.2,東南東,1.0,0.0,晴れ,20.0
2025618,18:00,0.0,29.6,23.1,28.2,68,1.7,南東,1.0,0.0,晴れ,20.0
2025618,19:00,0.0,27.6,23.6,29.2,79,2.5,南西,0.3,0.0,晴れ,14.8
2025618,20:00,0.0,27.0,23.3,28.5,80,1.9,南南西,0.0,0.0,晴れ,13.6
2025618,21:00,0.0,26.8,23.7,29.3,83,2.8,南南東,0.0,0.0,晴れ,12.2
2025618,22:00,0.0,25.9,23.8,29.4,88,1.4,南南西,0.0,0.0,晴れ,10.9
2025618,23:00,0.0,25.8,23.5,28.9,87,1.7,南南西,0.0,0.0,晴れ,12.8
2025618,24:00,0.0,25.6,23.5,28.9,88,2.0,南南西,0.0,0.0,晴れ,13.3
2025619,01:00,0.0,25.5,23.6,29.1,89,1.1,西北西,0.0,0.0,晴れ,13.0
2025619,02:00,0.0,25.3,23.4,28.7,89,1.5,南南西,0.0,0.0,曇,13.4
2025619,03:00,0.0,24.8,23.2,28.5,91,1.8,南西,0.0,0.0,曇,11.1
2025619,04:00,0.0,24.9,23.3,28.7,91,2.3,西,0.0,0.0,曇,8.93
2025619,05:00,0.0,24.9,23.3,28.7,91,1.2,東南東,0.0,0.0,晴れ,7.79
2025619,06:00,0.0,25.7,23.9,29.7,90,1.1,北,0.2,0.0,曇,8.88
2025619,07:00,0.0,25.7,23.8,29.4,89,1.3,東,0.1,0.0,曇,9.94
2025619,08:00,0.0,26.9,23.8,29.4,83,2.4,東,0.4,0.0,晴れ,13.7
2025619,09:00,0.0,27.5,22.7,27.5,75,2.1,東,1.0,0.0,晴れ,12.6
2025619,10:00,0.0,28.9,22.9,27.9,70,2.6,東,1.0,0.0,晴れ,11.4
2025619,11:00,0.0,29.0,22.0,26.4,66,3.6,東,1.0,0.0,晴れ,18.3
2025619,12:00,0.0,31.2,22.0,26.4,58,2.6,南東,1.0,0.0,晴れ,20.0
2025619,13:00,0.0,31.9,20.8,24.6,52,2.9,南東,1.0,0.0,晴れ,20.0
2025619,14:00,0.0,31.4,22.4,27.1,59,2.3,南南西,1.0,0.0,晴れ,20.0
2025619,15:00,0.0,30.0,23.0,28.0,66,3.9,西南西,1.0,0.0,晴れ,20.0
2025619,16:00,0.0,29.6,23.3,28.6,69,3.7,西南西,1.0,0.0,晴れ,20.0
2025619,17:00,0.0,28.3,22.5,27.3,71,4.2,南西,1.0,0.0,晴れ,20.0
2025619,18:00,0.0,26.5,21.9,26.3,76,4.3,南南西,1.0,0.0,晴れ,20.0
2025619,19:00,0.0,25.4,21.7,26.0,80,4.2,南西,0.2,0.0,晴れ,20.0
2025619,20:00,0.0,24.9,22.0,26.5,84,3.5,南西,0.0,0.0,晴れ,20.0
2025619,21:00,0.0,25.1,22.2,26.8,84,2.7,南南西,0.0,0.0,晴れ,20.0
2025619,22:00,0.0,24.8,21.9,26.3,84,3.5,南,0.0,0.0,晴れ,20.0
2025619,23:00,0.0,24.5,21.6,25.8,84,1.4,南南西,0.0,0.0,晴れ,20.0
2025619,24:00,0.0,24.2,21.5,25.7,85,1.5,南南西,0.0,0.0,晴れ,20.0
2025620,01:00,0.0,24.4,21.5,25.7,84,1.6,南南東,0.0,0.0,,
2025620,02:00,0.0,24.8,21.3,25.4,81,2.2,南南東,0.0,0.0,,
2025620,03:00,0.0,23.7,21.0,24.9,85,1.3,南,0.0,0.0,晴れ,25.0
2025620,04:00,0.0,23.5,20.8,24.6,85,1.4,南,0.0,0.00,,
2025620,05:00,0.0,24.5,21.4,25.5,83,1.1,西,0.0,0.01,,
2025620,06:00,0.0,24.9,21.8,26.1,83,1.4,南,0.0,0.08,曇,20.0
2025620,07:00,0.0,25.8,22.5,27.2,82,1.4,南,0.0,0.38,,
2025620,08:00,0.0,25.7,23.0,28.1,85,2.2,南南東,0.0,0.46,,
2025620,09:00,0.0,27.1,22.9,28.0,78,2.9,南南東,0.1,0.91,晴れ,25.0
2025620,10:00,0.0,27.6,22.6,27.3,74,1.8,南,0.3,1.70,,
2025620,11:00,0.0,28.9,22.2,26.7,67,2.4,東南東,0.2,1.66,,
2025620,12:00,0.0,29.6,22.1,26.6,64,3.2,南東,0.7,3.05,晴れ,25.0
2025620,13:00,0.0,29.8,20.9,24.8,59,4.3,南南東,0.4,2.01,,
2025620,14:00,0.0,30.9,21.7,25.9,58,3.6,南南東,1.0,3.09,,
2025620,15:00,0.0,29.9,19.6,22.8,54,4.3,南南東,1.0,2.59,薄曇,30.0
2025620,16:00,0.0,29.8,21.5,25.6,61,3.6,南東,1.0,1.87,,
2025620,17:00,0.0,28.1,21.4,25.5,67,4.6,南,1.0,1.36,,
2025620,18:00,0.0,26.8,21.8,26.1,74,3.8,南南東,0.4,0.38,曇,30.0
2025620,19:00,0.0,26.7,21.2,25.2,72,3.5,南南東,0.0,0.11,,
2025620,20:00,0.0,25.9,20.5,24.1,72,4.0,南南東,0.0,0.00,,
2025620,21:00,0.0,25.2,20.7,24.4,76,4.2,南,0.0,0.0,曇,25.0
2025620,22:00,0.0,24.8,20.5,24.1,77,3.4,南南西,0.0,0.0,,
2025620,23:00,0.0,24.3,20.6,24.3,80,3.2,南,0.0,0.0,,
2025620,24:00,0.0,23.7,20.6,24.3,83,2.8,南,0.0,0.0,,
2025621,01:00,0.0,23.6,20.7,24.5,84,2.1,南南西,0.0,0.0,,
2025621,02:00,0.0,22.9,20.3,23.7,85,1.7,南,0.0,0.0,,
2025621,03:00,0.0,23.1,20.1,23.5,83,2.2,南南西,0.0,0.0,晴れ,25.0
2025621,04:00,0.0,22.8,20.2,23.6,85,1.9,南南東,0.0,0.00,,
2025621,05:00,0.0,23.6,20.9,24.8,85,2.2,南南東,0.0,0.04,,
2025621,06:00,0.0,24.7,21.0,24.9,80,2.9,南,0.9,0.49,晴れ,25.0
2025621,07:00,0.0,25.9,21.1,25.1,75,2.5,南,0.7,0.99,,
2025621,08:00,0.0,27.4,21.2,25.2,69,2.8,南南西,1.0,1.82,,
2025621,09:00,0.0,28.2,22.4,27.2,71,4.3,南南東,1.0,2.54,晴れ,30.0
2025621,10:00,0.0,28.9,22.6,27.5,69,4.2,南南東,1.0,3.06,,
2025621,11:00,0.0,29.6,21.0,24.9,60,4.6,南南東,0.9,3.32,,
2025621,12:00,0.0,29.4,20.0,23.4,57,6.0,南南東,1.0,3.45,薄曇,35.0
2025621,13:00,0.0,30.1,20.4,23.9,56,5.1,南南東,1.0,3.20,,
2025621,14:00,0.0,29.9,20.7,24.5,58,5.3,南南東,1.0,3.09,,
2025621,15:00,0.0,29.2,21.7,25.9,64,5.1,南南東,0.9,2.43,薄曇,35.0
2025621,16:00,0.0,29.0,22.5,27.3,68,5.7,南南東,0.9,1.92,,
2025621,17:00,0.0,28.1,21.9,26.2,69,4.8,南東,1.0,1.56,,
2025621,18:00,0.0,27.3,22.0,26.5,73,4.5,南南東,1.0,0.67,薄曇,35.0
2025621,19:00,0.0,26.3,21.9,26.4,77,2.8,南南東,0.1,0.13,,
2025621,20:00,0.0,25.7,22.2,26.8,81,3.7,南,0.0,0.00,,
2025621,21:00,0.0,25.4,22.3,26.9,83,3.5,南,0.0,0.0,薄曇,30.0
2025621,22:00,0.0,25.3,21.4,25.5,79,4.2,南,0.0,0.0,,
2025621,23:00,0.0,25.3,20.6,24.2,75,5.7,南,0.0,0.0,,
2025621,24:00,0.0,24.9,20.6,24.3,77,4.9,南,0.0,0.0,,
2025622,01:00,0.0,24.8,20.3,23.8,76,4.0,南,0.0,0.0,,
2025622,02:00,0.0,24.4,20.1,23.5,77,4.0,南,0.0,0.0,,
2025622,03:00,0.0,24.9,20.2,23.6,75,4.3,南,0.0,0.0,薄曇,30.0
2025622,04:00,0.0,24.4,19.5,22.6,74,3.6,南,0.0,0.00,,
2025622,05:00,0.0,24.5,19.4,22.5,73,4.2,南南西,0.0,0.04,,
2025622,06:00,0.0,25.1,20.2,23.6,74,4.2,南,1.0,0.46,薄曇,25.0
2025622,07:00,0.0,26.7,20.5,24.2,69,5.2,南南西,1.0,1.12,,
2025622,08:00,0.0,28.0,20.8,24.6,65,6.2,南南西,1.0,1.85,,
2025622,09:00,0.0,29.2,20.6,24.3,60,7.5,南南西,1.0,2.50,晴れ,30.0
2025622,10:00,0.0,30.7,20.6,24.3,55,5.1,南,1.0,3.01,,
2025622,11:00,0.0,31.5,21.7,25.9,56,6.3,南南西,1.0,3.36,,
2025622,12:00,0.0,32.1,21.9,26.3,55,6.2,南,1.0,3.51,快晴,30.0
2025622,13:00,0.0,32.6,22.1,26.6,54,6.1,南,1.0,3.45,,
2025622,14:00,0.0,31.7,21.6,25.7,55,7.8,南,1.0,3.17,,
2025622,15:00,0.0,32.3,22.1,26.6,55,8.3,南南西,1.0,2.72,晴れ,30.0
2025622,16:00,0.0,31.9,22.3,27.0,57,7.1,南,1.0,2.11,,
2025622,17:00,0.0,30.3,21.9,26.3,61,7.0,南南西,1.0,1.39,,
2025622,18:00,0.0,29.3,22.3,26.9,66,6.4,南,1.0,0.68,晴れ,15.0
2025622,19:00,0.0,27.7,22.4,27.1,73,6.0,南南東,0.2,0.08,,
2025622,20:00,0.0,27.2,22.4,27.1,75,6.1,南,0.0,0.00,,
2025622,21:00,0.0,26.9,22.5,27.3,77,5.8,南,0.0,0.0,晴れ,20.0
2025622,22:00,0.0,26.8,22.2,26.8,76,5.9,南,0.0,0.0,,
2025622,23:00,0.0,26.8,22.4,27.1,77,6.3,南,0.0,0.0,,
2025622,24:00,0.0,26.9,22.5,27.3,77,6.1,南,0.0,0.0,,
202571,01:00,0.5,28.9,26.5,34.7,87,3.2,東,0.0,0.0,晴れ,20.0
202571,02:00,0.0,29.1,26.3,34.3,85,3.8,東,0.0,0.0,晴れ,20.0
202571,03:00,0.0,29.1,25.9,33.5,83,3.0,東,0.0,0.0,晴れ,20.0
202571,04:00,0.0,29.1,26.1,33.9,84,3.0,東,0.0,0.0,晴れ,20.0
202571,05:00,0.0,29.0,26.0,33.7,84,4.0,東,0.0,0.0,晴れ,20.0
202571,06:00,0.0,29.0,25.8,33.3,83,3.9,東北東,0.0,0.01,晴れ,20.0
202571,07:00,0.0,29.4,25.6,32.8,80,4.8,東北東,0.5,0.30,晴れ,20.0
202571,08:00,0.0,30.2,25.7,33.1,77,5.2,東,0.9,0.99,晴れ,20.0
202571,09:00,0.0,31.1,25.5,32.5,72,5.7,東北東,1.0,1.80,晴れ,20.0
202571,10:00,0.0,31.5,24.6,31.0,67,4.8,東北東,1.0,2.52,晴れ,20.0
202571,11:00,0.0,31.6,25.0,31.6,68,6.0,東,1.0,3.07,晴れ,20.0
202571,12:00,0.0,31.7,25.1,31.8,68,6.6,東,1.0,3.47,晴れ,20.0
202571,13:00,0.0,31.6,24.0,29.8,64,5.3,東,0.9,3.37,晴れ,20.0
202571,14:00,0.0,32.0,25.6,32.8,69,4.5,東,0.9,3.23,晴れ,20.0
202571,15:00,0.0,32.0,24.6,30.9,65,6.4,東,0.9,3.08,晴れ,20.0
202571,16:00,0.0,32.1,25.0,31.6,66,6.8,東北東,0.9,2.71,晴れ,20.0
202571,17:00,0.0,31.5,23.9,29.6,64,6.2,東,1.0,1.92,晴れ,20.0
202571,18:00,0.0,30.6,24.5,30.8,70,5.1,東,1.0,1.17,晴れ,20.0
202571,19:00,0.0,30.0,24.6,31.0,73,6.6,東,0.7,0.42,晴れ,20.0
202571,20:00,0.0,29.5,23.9,29.7,72,7.2,東北東,0.0,0.02,晴れ,20.0
202571,21:00,0.0,29.3,23.5,29.0,71,5.2,東,0.0,0.0,晴れ,20.0
202571,22:00,0.0,29.0,23.4,28.9,72,5.6,東,0.0,0.0,晴れ,20.0
202571,23:00,0.0,28.8,23.3,28.5,72,4.7,東北東,0.0,0.0,晴れ,20.0
202571,24:00,0.0,28.5,22.0,26.5,68,4.8,東,0.0,0.0,晴れ,20.0
202572,01:00,0.0,28.2,21.7,26.0,68,5.4,東,0.0,0.0,晴れ,20.0
202572,02:00,0.0,28.1,22.1,26.6,70,4.0,東,0.0,0.0,晴れ,20.0
202572,03:00,0.0,28.2,23.1,28.3,74,4.6,東北東,0.0,0.0,晴れ,20.0
202572,04:00,0.0,28.2,23.6,29.1,76,4.1,東北東,0.0,0.0,晴れ,20.0
202572,05:00,0.0,28.2,24.2,30.2,79,4.8,東北東,0.0,0.0,晴れ,20.0
202572,06:00,0.0,28.1,23.3,28.5,75,5.8,東,0.0,0.01,晴れ,20.0
202572,07:00,0.0,28.6,22.8,27.8,71,6.6,東,0.6,0.34,晴れ,20.0
202572,08:00,0.0,29.5,22.7,27.6,67,6.8,東,1.0,1.13,晴れ,20.0
202572,09:00,0.0,29.9,23.4,28.7,68,6.7,東北東,0.8,1.76,晴れ,20.0
202572,10:00,0.0,30.3,23.0,28.1,65,6.6,東,0.7,2.14,晴れ,20.0
202572,11:00,0.0,30.6,23.5,29.0,66,5.9,東,0.8,2.82,晴れ,20.0
202572,12:00,0.0,31.4,23.5,29.0,63,6.8,東,0.9,3.49,晴れ,20.0
202572,13:00,0.0,32.0,22.4,27.1,57,6.4,東,0.9,3.45,晴れ,20.0
202572,14:00,0.0,31.4,23.5,29.0,63,6.2,東北東,0.8,3.04,晴れ,20.0
202572,15:00,0.0,32.0,23.5,29.0,61,6.7,東,1.0,3.26,晴れ,20.0
202572,16:00,0.0,29.9,24.8,31.2,74,6.9,東,0.2,1.49,曇,20.0
202572,17:00,0.0,30.6,23.5,29.0,66,7.9,東,0.6,1.46,晴れ,20.0
202572,18:00,0.0,29.9,23.8,29.5,70,7.4,東,0.6,1.17,晴れ,20.0
202572,19:00,0.0,29.5,23.5,28.9,70,7.4,東,0.7,0.48,晴れ,20.0
202572,20:00,0.0,29.2,23.6,29.2,72,7.0,東,0.0,0.02,晴れ,20.0
202572,21:00,0.0,29.0,23.0,28.1,70,6.8,東,0.0,0.0,晴れ,20.0
202572,22:00,0.0,29.0,24.3,30.5,76,6.9,東,0.0,0.0,晴れ,20.0
202572,23:00,0.0,29.0,23.9,29.7,74,6.9,東,0.0,0.0,晴れ,20.0
202572,24:00,0.0,28.7,24.1,29.9,76,5.5,東,0.0,0.0,晴れ,20.0
202574,01:00,0.0,29.0,24.6,30.9,77,1.8,南南西,0.0,0.0,晴れ,17.0
202574,02:00,0.0,28.6,24.4,30.5,78,1.4,西南西,0.0,0.0,晴れ,16.5
202574,03:00,0.0,28.4,24.6,31.0,80,1.4,西,0.0,0.0,晴れ,17.7
202574,04:00,0.0,27.9,24.5,30.8,82,1.0,南南東,0.0,0.0,晴れ,15.2
202574,05:00,0.0,27.9,24.5,30.8,82,1.3,南南西,0.0,0.00,晴れ,13.1
202574,06:00,0.0,27.8,24.5,30.6,82,0.4,南南西,0.0,0.06,晴れ,12.4
202574,07:00,0.0,28.4,24.6,31.0,80,0.7,南,0.4,0.42,晴れ,11.7
202574,08:00,0.0,29.6,24.5,30.7,74,1.1,北北東,1.0,1.15,晴れ,12.6
202574,09:00,0.0,30.5,23.7,29.3,67,3.0,北北西,0.8,1.58,晴れ,16.5
202574,10:00,0.0,31.4,24.3,30.3,66,4.1,北北西,0.7,2.08,晴れ,17.3
202574,11:00,0.0,32.2,25.3,32.2,67,5.8,北,0.6,2.19,曇,15.2
202574,12:00,0.0,31.8,25.4,32.5,69,5.1,北,0.5,2.29,曇,16.5
202574,13:00,0.0,32.8,26.1,33.8,68,4.9,北,0.8,2.89,晴れ,16.7
202574,14:00,0.0,32.8,24.6,30.9,62,4.2,北北西,1.0,3.21,晴れ,20.0
202574,15:00,0.0,33.6,26.1,33.8,65,5.3,北,1.0,2.90,晴れ,19.5
202574,16:00,0.0,33.1,25.6,32.9,65,4.9,北,1.0,2.37,晴れ,16.6
202574,17:00,0.0,32.7,25.3,32.2,65,3.6,北西,1.0,1.72,晴れ,14.5
202574,18:00,0.0,31.4,25.0,31.7,69,2.8,北西,1.0,0.97,晴れ,15.1
202574,19:00,0.0,30.4,24.8,31.3,72,2.3,西,0.0,0.27,曇,15.5
202574,20:00,0.0,30.3,24.9,31.5,73,2.1,西南西,0.0,0.03,晴れ,12.7
202574,21:00,0.0,30.3,24.9,31.5,73,1.9,南西,0.0,0.00,晴れ,13.6
202574,22:00,0.0,29.9,25.0,31.7,75,1.6,西,0.0,0.0,晴れ,10.5
202574,23:00,0.0,29.4,25.0,31.6,77,1.3,西南西,0.0,0.0,晴れ,9.60
202574,24:00,0.0,29.1,24.7,31.0,77,1.7,南南西,0.0,0.0,晴れ,9.52
202575,01:00,0.0,28.8,24.8,31.3,79,0.5,南,0.0,0.0,晴れ,10.4
202575,02:00,0.0,28.5,24.1,30.0,77,1.4,南南西,0.0,0.0,晴れ,10.1
202575,03:00,0.0,28.2,24.4,30.6,80,1.4,南南東,0.0,0.0,曇,9.32
202575,04:00,0.0,28.1,24.3,30.4,80,1.0,南南西,0.0,0.0,曇,9.52
202575,05:00,0.0,27.8,23.2,28.4,76,1.3,南西,0.0,0.00,曇,9.90
202575,06:00,0.0,27.9,23.1,28.2,75,1.4,南南西,0.0,0.07,曇,9.59
202575,07:00,0.0,28.2,23.1,28.3,74,1.3,南東,0.3,0.37,曇,9.96
202575,08:00,0.0,30.0,22.4,27.2,64,1.8,南南東,1.0,1.20,晴れ,19.0
202575,09:00,0.0,30.5,22.9,28.0,64,2.0,西,0.4,1.38,曇,19.4
202575,10:00,0.0,31.6,23.4,28.8,62,2.1,西,0.3,1.69,曇,18.3
202575,11:00,0.0,33.5,23.5,29.0,56,2.4,西,0.9,2.82,晴れ,17.7
202575,12:00,0.0,33.6,25.0,31.8,61,4.4,北北西,0.8,2.97,晴れ,19.8
202575,13:00,0.0,33.5,26.0,33.6,65,5.6,北北西,1.0,3.48,晴れ,20.0
202575,14:00,0.0,32.2,24.0,29.8,62,5.4,北西,1.0,3.24,晴れ,20.0
202575,15:00,0.0,33.2,24.1,30.0,59,5.2,北西,1.0,2.93,晴れ,20.0
202575,16:00,0.0,32.6,24.4,30.5,62,5.0,北西,1.0,2.45,晴れ,20.0
202575,17:00,0.0,32.3,23.8,29.5,61,4.1,西北西,1.0,1.97,晴れ,20.0
202575,18:00,0.0,31.8,24.2,30.1,64,3.3,西南西,1.0,1.22,晴れ,20.0
202575,19:00,0.0,30.8,24.7,31.1,70,3.0,西北西,0.8,0.40,晴れ,20.0
202575,20:00,0.0,30.3,24.5,30.7,71,2.7,西南西,0.2,0.05,晴れ,20.0
202575,21:00,0.0,30.1,23.5,29.0,68,2.7,西南西,0.0,0.00,晴れ,20.0
202575,22:00,0.0,29.6,23.6,29.0,70,1.9,南西,0.0,0.0,晴れ,20.0
202575,23:00,0.0,29.3,23.0,28.1,69,2.2,南西,0.0,0.0,晴れ,20.0
202575,24:00,0.0,29.3,22.8,27.7,68,1.9,南西,0.0,0.0,晴れ,20.0
202576,01:00,0.0,29.0,22.7,27.7,69,2.0,南南西,0.0,0.0,晴れ,20.0
202576,02:00,0.0,28.6,22.8,27.8,71,2.0,南南西,0.0,0.0,晴れ,20.0
202576,03:00,0.0,28.3,22.8,27.7,72,1.7,南,0.0,0.0,晴れ,20.0
202576,04:00,0.0,27.5,22.7,27.5,75,1.0,南南東,0.0,0.0,晴れ,20.0
202576,05:00,0.0,27.7,22.6,27.5,74,0.8,南南東,0.0,0.00,晴れ,20.0
202576,06:00,0.0,27.4,22.8,27.7,76,1.9,南南東,0.1,0.07,晴れ,20.0
202576,07:00,0.0,28.9,22.4,27.1,68,1.4,南西,0.9,0.55,晴れ,20.0
202576,08:00,0.0,30.3,22.7,27.6,64,2.4,西,0.8,1.19,晴れ,20.0
202576,09:00,0.0,30.6,22.5,27.2,62,3.6,西南西,0.6,1.48,晴れ,20.0
202576,10:00,0.0,32.0,22.4,27.1,57,4.0,西,0.9,2.48,晴れ,20.0
202576,11:00,0.0,32.2,23.5,28.9,60,4.3,西,0.8,2.61,曇,20.0
202576,12:00,0.0,32.3,23.8,29.5,61,5.4,北西,1.0,3.11,晴れ,20.0
202576,13:00,0.0,32.8,24.3,30.4,61,5.3,北西,1.0,3.45,晴れ,20.0
202576,14:00,0.0,32.9,23.8,29.5,59,7.2,北西,1.0,3.28,晴れ,20.0
202576,15:00,0.0,32.9,23.8,29.5,59,5.0,西北西,1.0,2.80,晴れ,20.0
202576,16:00,0.0,32.9,24.9,31.5,63,4.7,北北西,1.0,2.46,晴れ,20.0
202576,17:00,0.0,32.4,24.7,31.1,64,3.6,北西,1.0,1.75,晴れ,20.0
202576,18:00,0.0,31.6,24.5,30.7,66,3.9,西北西,1.0,1.00,晴れ,20.0
202576,19:00,0.0,30.5,24.2,30.1,69,4.2,西,0.8,0.40,曇,20.0
202576,20:00,0.0,29.6,24.0,29.9,72,1.6,西北西,0.0,0.04,晴れ,20.0
202576,21:00,0.0,29.7,24.1,30.0,72,2.2,南西,0.0,0.00,曇,20.0
202576,22:00,0.0,29.4,23.4,28.7,70,1.9,南西,0.0,0.0,晴れ,20.0
202576,23:00,0.0,29.0,23.7,29.3,73,2.6,西,0.0,0.0,晴れ,20.0
202576,24:00,0.0,28.8,22.8,27.7,70,1.9,南南西,0.0,0.0,晴れ,20.0
2025711,01:00,0.0,22.2,20.8,24.6,92,5.6,北東,0.0,0.0,曇,20.0
2025711,02:00,0.0,22.1,20.6,24.2,91,6.4,北東,0.0,0.0,曇,20.0
2025711,03:00,0.0,22.0,20.6,24.3,92,5.6,北東,0.0,0.0,曇,20.0
2025711,04:00,0.0,22.1,20.6,24.2,91,5.1,北東,0.0,0.0,曇,20.0
2025711,05:00,0.0,21.9,20.4,23.9,91,4.1,北東,0.0,0.0,曇,20.0
2025711,06:00,0.0,21.8,20.6,24.3,93,4.5,北東,0.0,0.0,曇,20.0
2025711,07:00,0.0,22.2,20.3,23.8,89,4.5,北北東,0.0,0.0,曇,20.0
2025711,08:00,0.0,22.6,20.2,23.6,86,6.3,北東,0.0,0.0,曇,20.0
2025711,09:00,0.0,23.1,19.9,23.2,82,5.9,北東,0.0,0.0,曇,20.0
2025711,10:00,0.0,23.5,20.1,23.5,81,5.6,北東,0.0,0.0,曇,20.0
2025711,11:00,0.0,23.7,20.1,23.5,80,5.6,北東,0.0,0.0,曇,20.0
2025711,12:00,0.0,24.6,20.1,23.5,76,5.0,北東,0.0,0.0,曇,20.0
2025711,13:00,0.0,24.0,19.9,23.3,78,5.5,北東,0.0,0.0,曇,20.0
2025711,14:00,0.0,24.5,20.0,23.4,76,5.3,北北東,0.1,0.0,曇,20.0
2025711,15:00,0.0,23.7,19.7,22.9,78,7.5,北北東,0.0,0.0,曇,20.0
2025711,16:00,0.0,23.3,19.5,22.6,79,5.9,北東,0.0,0.0,曇,20.0
2025711,17:00,0.0,22.8,19.4,22.5,81,3.9,北北東,0.0,0.0,曇,20.0
2025711,18:00,0.0,22.2,19.0,22.0,82,4.5,北北東,0.0,0.0,曇,20.0
2025711,19:00,0.0,22.0,19.2,22.2,84,4.5,北北東,0.0,0.0,曇,20.0
2025711,20:00,0.0,22.1,19.1,22.1,83,4.3,北北東,0.0,0.0,曇,20.0
2025711,21:00,0.0,22.0,19.2,22.2,84,5.2,北北東,0.0,0.0,曇,19.5
2025711,22:00,0.0,22.0,19.2,22.2,84,5.1,北東,0.0,0.0,曇,20.0
2025711,23:00,0.0,22.0,19.2,22.2,84,3.9,北北東,0.0,0.0,曇,20.0
2025711,24:00,0.0,21.9,19.1,22.1,84,3.9,北北東,0.0,0.0,曇,20.0
2025712,01:00,0.0,21.9,18.9,21.8,83,3.0,北北東,0.0,0.0,曇,20.0
2025712,02:00,0.0,21.5,18.7,21.5,84,4.2,北北東,0.0,0.0,曇,20.0
2025712,03:00,0.0,21.1,18.5,21.3,85,3.9,北北東,0.0,0.0,晴れ,20.0
2025712,04:00,0.0,20.8,18.4,21.1,86,3.3,北北東,0.0,0.0,晴れ,20.0
2025712,05:00,0.0,20.8,18.4,21.1,86,3.5,北東,0.0,0.0,晴れ,20.0
2025712,06:00,0.0,21.3,18.7,21.5,85,3.2,北北東,0.7,0.0,晴れ,19.2
2025712,07:00,0.0,22.0,19.0,21.9,83,3.0,北,0.1,0.0,曇,19.9
2025712,08:00,0.0,23.5,19.5,22.6,78,3.1,北,0.3,0.0,曇,20.0
2025712,09:00,0.0,25.1,19.7,23.0,72,2.1,北北東,0.4,0.0,曇,20.0
2025712,10:00,0.0,25.8,19.7,22.9,69,2.9,北東,0.4,0.0,曇,20.0
2025712,11:00,0.0,25.7,19.8,23.1,70,2.7,北,0.4,0.0,曇,20.0
2025712,12:00,0.0,26.7,19.8,23.1,66,2.2,北北東,0.2,0.0,曇,20.0
2025712,13:00,0.0,26.5,19.6,22.9,66,3.0,東北東,0.0,0.0,曇,20.0
2025712,14:00,0.0,26.7,19.6,22.8,65,2.9,北東,0.0,0.0,曇,20.0
2025712,15:00,0.0,26.7,19.8,23.1,66,3.7,東北東,0.0,0.0,曇,20.0
2025712,16:00,0.0,26.8,19.9,23.3,66,2.9,東北東,0.1,0.0,曇,20.0
2025712,17:00,0.0,26.1,19.7,23.0,68,3.2,東北東,0.0,0.0,曇,20.0
2025712,18:00,0.0,25.4,18.8,21.7,67,4.3,東,0.0,0.0,曇,20.0
2025712,19:00,0.0,24.7,18.4,21.2,68,3.2,東,0.0,0.0,曇,20.0
2025712,20:00,0.0,23.8,18.2,20.9,71,3.8,東,0.0,0.0,曇,20.0
2025712,21:00,0.0,23.3,18.4,21.2,74,4.2,東北東,0.0,0.0,曇,20.0
2025712,22:00,0.0,23.1,18.4,21.2,75,2.3,北東,0.0,0.0,曇,20.0
2025712,23:00,0.0,22.9,18.7,21.5,77,3.7,北東,0.0,0.0,曇,20.0
2025712,24:00,0.0,22.8,18.8,21.7,78,1.9,東北東,0.0,0.0,曇,20.0
2025713,01:00,0.0,22.9,18.9,21.8,78,2.4,東北東,0.0,0.0,曇,20.0
2025713,02:00,0.0,22.7,19.1,22.1,80,2.1,東北東,0.0,0.0,曇,20.0
2025713,03:00,0.0,22.8,19.0,21.9,79,2.2,東北東,0.0,0.0,曇,20.0
2025713,04:00,0.0,22.9,19.3,22.3,80,1.9,北東,0.0,0.0,曇,20.0
2025713,05:00,0.0,22.9,19.7,22.9,82,1.6,北北西,0.0,0.0,曇,20.0
2025713,06:00,0.0,22.6,20.2,23.6,86,1.1,北,0.0,0.0,曇,20.0
2025713,07:00,0.0,24.1,20.4,24.0,80,0.8,北,0.2,0.0,曇,20.0
2025713,08:00,0.0,24.7,20.4,24.0,77,0.7,北,0.1,0.0,曇,20.0
2025713,09:00,0.0,25.8,21.0,24.9,75,1.3,東南東,0.0,0.0,曇,20.0
2025713,10:00,0.0,27.7,22.0,26.4,71,1.9,南南東,0.2,0.0,晴れ,20.0
2025713,11:00,0.0,28.2,21.7,26.0,68,2.2,西南西,0.5,0.0,晴れ,20.0
2025713,12:00,0.0,29.5,22.2,26.8,65,3.2,南東,0.2,0.0,晴れ,20.0
2025713,13:00,0.0,31.0,22.9,27.9,62,4.7,南東,0.4,0.0,晴れ,20.0
2025713,14:00,0.0,30.2,22.6,27.5,64,3.8,南東,0.2,0.0,晴れ,20.0
2025713,15:00,0.0,29.9,22.1,26.6,63,3.9,南東,0.0,0.0,曇,20.0
2025713,16:00,0.0,29.1,22.8,27.8,69,6.3,南東,0.0,0.0,曇,20.0
2025713,17:00,0.0,28.5,22.7,27.6,71,7.0,南東,0.0,0.0,曇,20.0
2025713,18:00,0.0,27.8,23.2,28.4,76,6.5,南東,0.0,0.0,曇,20.0
2025713,19:00,0.0,26.2,23.7,29.3,86,5.3,東南東,0.0,0.0,曇,20.0
2025713,20:00,0.0,25.7,23.9,29.7,90,3.9,東,0.0,0.0,晴れ,20.0
2025713,21:00,0.0,25.6,24.4,30.5,93,3.3,東南東,0.0,0.0,雨,15.1
2025713,22:00,7.0,25.1,24.8,31.2,98,2.0,東南東,0.0,0.0,雨,2.53
2025713,23:00,6.5,24.9,24.7,31.2,99,2.3,南南東,0.0,0.0,雨,3.01
2025713,24:00,0.0,25.1,24.8,31.2,98,4.0,東,0.0,0.0,雨,7.18
2025714,01:00,0.0,25.3,24.3,30.3,94,3.3,南南東,0.0,0.0,,
2025714,02:00,0.0,25.3,24.1,30.0,93,1.4,南南東,0.0,0.0,,
2025714,03:00,0.0,25.9,24.5,30.8,92,1.8,東,0.0,0.0,曇,20.0
2025714,04:00,0.0,25.6,24.2,30.2,92,2.9,北東,0.0,0.0,,
2025714,05:00,0.0,25.3,23.9,29.7,92,2.6,北東,0.0,0.01,,
2025714,06:00,0.0,25.3,23.7,29.4,91,3.5,北東,0.0,0.10,曇,10.0
2025714,07:00,0.0,25.4,23.8,29.5,91,1.9,北,0.0,0.28,,
2025714,08:00,0.0,26.0,23.7,29.3,87,3.0,北西,0.0,0.40,,
2025714,09:00,0.0,27.1,23.8,29.4,82,2.8,北北西,0.0,0.83,雨,20.0
2025714,10:00,1.0,25.6,24.2,30.2,92,4.6,北西,0.0,0.48,,
2025714,11:00,3.0,25.2,24.5,30.8,96,3.2,北西,0.0,0.64,,
2025714,12:00,1.0,25.9,25.2,32.1,96,3.5,北西,0.0,0.66,雨,4.00
2025714,13:00,0.0,27.5,25.3,32.3,88,3.5,西北西,0.0,1.37,,
2025714,14:00,0.0,29.5,25.7,33.0,80,2.4,西北西,0.3,2.37,,
2025714,15:00,0.0,28.3,23.4,28.9,75,4.7,南,0.1,1.44,曇,20.0
2025714,16:00,0.0,29.3,24.6,31.0,76,3.6,南,0.4,1.61,,
2025714,17:00,0.0,29.3,23.3,28.5,70,6.0,南,0.7,1.09,,
2025714,18:00,0.0,28.7,23.2,28.4,72,6.4,南,0.9,0.67,晴れ,30.0
2025714,19:00,0.0,27.6,24.1,29.9,81,7.1,南,0.3,0.12,,
2025714,20:00,0.0,27.5,24.4,30.5,83,4.1,南,0.0,0.00,,
2025714,21:00,0.0,27.2,24.7,31.0,86,6.7,南南東,0.0,0.0,曇,30.0
2025714,22:00,0.0,27.7,24.6,30.8,83,8.0,南南東,0.0,0.0,,
2025714,23:00,0.0,27.5,24.6,30.9,84,7.1,南南東,0.0,0.0,,
2025714,24:00,0.0,27.3,24.6,30.9,85,8.0,南南東,0.0,0.0,,
2025726,01:00,0.0,26.2,23.5,28.9,85,1.8,北北西,0.0,0.0,晴れ,20.0
2025726,02:00,0.0,26.2,23.5,28.9,85,1.3,北,0.0,0.0,晴れ,20.0
2025726,03:00,0.0,25.6,22.9,27.9,85,1.1,北北西,0.0,0.0,晴れ,20.0
2025726,04:00,0.0,25.3,22.8,27.7,86,0.9,北,0.0,0.0,晴れ,20.0
2025726,05:00,0.0,25.2,22.7,27.6,86,1.7,南,0.0,0.01,晴れ,20.0
2025726,06:00,0.0,25.5,23.6,29.1,89,0.6,南南東,0.6,0.32,晴れ,11.2
2025726,07:00,0.0,26.3,22.8,27.7,81,0.8,東,1.0,0.99,晴れ,19.8
2025726,08:00,0.0,28.9,23.3,28.7,72,0.7,西北西,1.0,1.79,晴れ,20.0
2025726,09:00,0.0,31.1,23.0,28.0,62,1.0,東南東,1.0,2.43,晴れ,20.0
2025726,10:00,0.0,33.2,22.3,27.0,53,1.3,東,1.0,2.80,晴れ,20.0
2025726,11:00,0.0,33.6,23.3,28.6,55,2.6,南東,1.0,3.24,晴れ,20.0
2025726,12:00,0.0,34.5,22.6,27.4,50,4.6,南東,1.0,3.38,晴れ,20.0
2025726,13:00,0.0,34.8,22.5,27.3,49,4.0,南南東,1.0,3.28,晴れ,20.0
2025726,14:00,0.0,34.7,21.7,26.0,47,3.8,南南東,0.6,2.24,曇,20.0
2025726,15:00,0.0,32.4,20.3,23.8,49,4.3,南南東,0.8,2.23,晴れ,20.0
2025726,16:00,0.0,31.9,21.4,25.5,54,3.0,南東,0.0,0.64,曇,20.0
2025726,17:00,0.0,31.7,20.6,24.3,52,3.9,南,0.0,0.57,曇,20.0
2025726,18:00,0.0,31.3,21.5,25.6,56,2.8,南南東,0.0,0.23,曇,20.0
2025726,19:00,0.0,29.2,23.2,28.4,70,1.9,東南東,0.0,0.03,曇,20.0
2025726,20:00,0.0,28.4,23.8,29.4,76,2.4,東南東,0.0,0.00,曇,18.0
2025726,21:00,0.0,28.0,24.2,30.3,80,2.6,南南東,0.0,0.0,曇,20.0
2025726,22:00,0.0,27.3,24.2,30.1,83,1.2,南南東,0.0,0.0,曇,20.0
2025726,23:00,0.0,27.3,24.2,30.1,83,2.1,南南東,0.0,0.0,曇,20.0
2025726,24:00,0.0,26.8,24.5,30.7,87,1.6,南南東,0.0,0.0,曇,18.9
2025727,01:00,0.0,26.6,24.3,30.3,87,2.0,南,0.0,0.0,晴れ,20.0
2025727,02:00,0.0,26.5,24.2,30.1,87,2.4,南,0.0,0.0,曇,17.9
2025727,03:00,0.0,26.1,23.2,28.4,84,0.9,南南西,0.0,0.0,曇,20.0
2025727,04:00,0.0,26.0,22.7,27.6,82,0.6,東南東,0.0,0.0,曇,20.0
2025727,05:00,0.0,25.6,23.3,28.6,87,2.9,北,0.0,0.02,曇,19.1
2025727,06:00,0.0,26.0,23.9,29.6,88,0.4,北西,0.0,0.16,曇,13.4
2025727,07:00,0.0,27.4,24.1,29.9,82,1.1,南南東,0.0,0.43,曇,18.5
2025727,08:00,0.0,29.3,23.5,29.0,71,1.0,南南東,0.4,1.06,曇,20.0
2025727,09:00,0.0,31.1,21.9,26.2,58,0.9,南東,0.9,2.20,晴れ,20.0
2025727,10:00,0.0,33.8,22.6,27.4,52,1.7,東南東,1.0,2.88,晴れ,20.0
2025727,11:00,0.0,32.5,22.9,27.9,57,3.6,南東,0.7,2.45,曇,20.0
2025727,12:00,0.0,32.6,21.5,25.6,52,3.5,南南東,0.1,1.49,曇,20.0
2025727,13:00,0.0,32.2,22.9,27.9,58,4.0,南東,0.1,1.71,曇,20.0
2025727,14:00,0.0,30.7,23.1,28.3,64,3.2,南東,0.0,0.72,曇,20.0
2025727,15:00,0.0,31.5,23.3,28.7,62,1.8,南東,0.2,1.22,曇,20.0
2025727,16:00,0.0,30.5,23.9,29.7,68,3.5,南東,0.3,1.23,曇,20.0
2025727,17:00,0.0,30.9,22.2,26.8,60,2.0,南南東,0.2,0.75,曇,20.0
2025727,18:00,0.0,31.0,22.3,27.0,60,1.8,南東,0.0,0.28,曇,20.0
2025727,19:00,0.0,29.9,22.6,27.4,65,1.1,南南東,0.0,0.08,曇,20.0
2025727,20:00,0.0,29.7,21.9,26.3,63,1.0,南東,0.0,0.00,曇,20.0
2025727,21:00,0.0,29.4,22.6,27.5,67,1.2,南南東,0.0,0.0,曇,20.0
2025727,22:00,0.0,28.5,23.2,28.4,73,1.6,南,0.0,0.0,曇,20.0
2025727,23:00,0.0,29.0,22.7,27.7,69,1.5,北西,0.0,0.0,曇,20.0
2025727,24:00,0.0,28.3,23.0,28.1,73,1.1,西北西,0.0,0.0,曇,20.0
2025729,01:00,0.0,28.3,23.9,29.6,77,1.8,北西,0.0,0.0,,
2025729,02:00,0.0,28.0,23.8,29.5,78,1.4,西南西,0.0,0.0,,
2025729,03:00,0.0,27.8,23.8,29.5,79,1.0,北西,0.0,0.0,快晴,20.0
2025729,04:00,0.0,27.8,23.6,29.2,78,1.1,北西,0.0,0.0,,
2025729,05:00,0.0,27.6,23.6,29.2,79,0.6,北,0.0,0.00,,
2025729,06:00,0.0,27.9,23.5,28.9,77,1.4,北北西,0.5,0.14,晴れ,30.0
2025729,07:00,0.0,28.6,23.7,29.4,75,1.7,北北東,0.9,0.82,,
2025729,08:00,0.0,29.1,23.3,28.6,71,2.0,北,0.6,1.08,,
2025729,09:00,0.0,31.3,23.7,29.3,64,1.9,北,1.0,2.10,晴れ,30.0
2025729,10:00,0.0,32.9,23.0,28.0,56,2.5,東,1.0,2.67,,
2025729,11:00,0.0,34.2,22.3,26.9,50,2.3,北東,1.0,3.08,,
2025729,12:00,0.0,35.5,21.7,26.0,45,4.0,北北東,1.0,3.36,晴れ,30.0
2025729,13:00,0.0,36.8,22.5,27.3,44,3.1,東北東,1.0,3.40,,
2025729,14:00,0.0,37.6,22.1,26.6,41,2.4,北東,0.9,3.20,,
2025729,15:00,0.0,37.3,24.1,30.0,47,1.5,南南西,0.9,2.73,晴れ,25.0
2025729,16:00,0.0,34.5,22.9,27.9,51,3.7,南西,1.0,2.33,,
2025729,17:00,0.0,33.2,22.0,26.5,52,4.0,南西,1.0,1.54,,
2025729,18:00,0.0,32.3,22.1,26.6,55,3.3,西南西,1.0,0.77,晴れ,30.0
2025729,19:00,0.0,31.4,21.9,26.2,57,3.1,南西,0.3,0.16,,
2025729,20:00,0.0,30.7,22.6,27.4,62,3.1,西南西,0.0,0.00,,
2025729,21:00,0.0,30.2,22.6,27.5,64,2.7,西南西,0.0,0.0,快晴,20.0
2025729,22:00,0.0,29.3,22.8,27.7,68,1.7,西,0.0,0.0,,
2025729,23:00,0.0,29.3,23.3,28.5,70,1.5,西南西,0.0,0.0,,
2025729,24:00,0.0,29.0,23.9,29.7,74,1.8,南西,0.0,0.0,,
2025730,01:00,0.0,28.4,24.2,30.2,78,2.1,北西,0.0,0.0,,
2025730,02:00,0.0,28.1,24.3,30.4,80,1.5,西,0.0,0.0,,
2025730,03:00,0.0,27.9,24.5,30.8,82,1.8,西北西,0.0,0.0,晴れ,20.0
2025730,04:00,0.0,28.0,24.2,30.3,80,1.1,北,0.0,0.0,,
2025730,05:00,0.0,27.9,24.1,30.1,80,0.8,北北東,0.0,0.00,,
2025730,06:00,0.0,28.4,24.4,30.6,79,1.3,北東,0.4,0.14,晴れ,30.0
2025730,07:00,0.0,28.9,24.5,30.7,77,1.5,北,1.0,0.67,,
2025730,08:00,0.0,30.3,24.5,30.7,71,1.3,北東,1.0,1.35,,
2025730,09:00,0.0,31.8,23.4,28.7,61,2.4,北東,1.0,2.04,快晴,35.0
2025730,10:00,0.0,33.5,21.7,25.9,50,2.2,北西,1.0,2.65,,
2025730,11:00,0.0,35.1,22.1,26.6,47,2.2,北,1.0,3.09,,
2025730,12:00,0.0,36.3,21.7,26.0,43,2.7,北,1.0,3.34,晴れ,35.0
2025730,13:00,0.0,36.9,23.7,29.4,47,3.2,西南西,1.0,3.30,,
2025730,14:00,0.0,35.8,23.1,28.2,48,3.5,西南西,1.0,2.96,,
2025730,15:00,0.0,36.1,23.7,29.3,49,4.5,西南西,1.0,2.72,晴れ,35.0
2025730,16:00,0.0,33.9,22.0,26.5,50,5.0,南西,1.0,2.22,,
2025730,17:00,0.0,33.5,22.0,26.4,51,3.7,南南西,1.0,1.49,,
2025730,18:00,0.0,32.0,22.4,27.1,57,3.7,西南西,1.0,0.77,晴れ,30.0
2025730,19:00,0.0,31.1,24.3,30.3,67,4.0,南西,0.4,0.16,,
2025730,20:00,0.0,29.9,24.8,31.2,74,3.4,西,0.0,0.00,,
2025730,21:00,0.0,29.6,24.5,30.7,74,3.0,西,0.0,0.0,晴れ,20.0
2025730,22:00,0.0,29.5,24.4,30.5,74,2.1,西南西,0.0,0.0,,
2025730,23:00,0.0,29.3,24.2,30.2,74,1.8,西北西,0.0,0.0,,
2025730,24:00,0.0,29.2,24.3,30.4,75,1.9,北北西,0.0,0.0,,
2025731,01:00,0.0,28.9,24.2,30.3,76,1.8,西南西,0.0,0.0,,
2025731,02:00,0.0,28.9,24.5,30.7,77,1.9,西北西,0.0,0.0,,
2025731,03:00,0.0,28.8,23.9,29.7,75,1.3,北西,0.0,0.0,晴れ,20.0
2025731,04:00,0.0,28.7,24.1,29.9,76,1.3,西南西,0.0,0.0,,
2025731,05:00,0.0,28.5,24.5,30.8,79,1.2,西北西,0.0,0.00,,
2025731,06:00,0.0,28.7,24.3,30.3,77,0.6,北北東,0.0,0.07,曇,20.0
2025731,07:00,0.0,29.2,23.2,28.4,70,2.1,西,0.2,0.36,,
2025731,08:00,0.0,30.3,23.5,28.9,67,1.3,東北東,0.5,1.11,,
2025731,09:00,0.0,32.1,23.9,29.7,62,1.4,東北東,1.0,2.26,晴れ,20.0
2025731,10:00,0.0,33.1,22.5,27.3,54,1.6,南西,1.0,2.77,,
2025731,11:00,0.0,33.7,24.0,29.8,57,2.1,西,0.4,2.04,,
2025731,12:00,0.0,33.6,23.3,28.6,55,1.2,南南東,0.6,2.57,晴れ,15.0
2025731,13:00,0.0,35.0,23.7,29.3,52,2.5,南南西,0.7,2.79,,
2025731,14:00,0.0,35.5,23.1,28.3,49,2.5,西南西,1.0,3.24,,
2025731,15:00,0.0,36.2,23.1,28.3,47,2.5,南西,1.0,2.80,晴れ,15.0
2025731,16:00,0.0,36.4,23.6,29.2,48,3.1,南西,1.0,2.23,,
2025731,17:00,0.0,32.8,23.5,28.9,58,4.2,南西,1.0,1.52,,
2025731,18:00,0.0,31.9,23.2,28.4,60,3.3,南西,0.7,0.56,晴れ,35.0
2025731,19:00,0.0,30.7,23.9,29.6,67,3.4,南西,0.0,0.05,,
2025731,20:00,0.0,30.0,24.2,30.1,71,2.6,南西,0.0,0.00,,
2025731,21:00,0.0,30.0,23.7,29.3,69,3.4,南西,0.0,0.0,晴れ,20.0
2025731,22:00,0.0,29.7,24.1,30.0,72,3.4,南西,0.0,0.0,,
2025731,23:00,0.0,29.6,24.0,29.9,72,2.7,南西,0.0,0.0,,
2025731,24:00,0.0,29.1,24.2,30.2,75,2.5,南西,0.0,0.0,,
202585,01:00,0.0,25.8,23.1,28.2,85,3.2,南東,0.0,0.0,曇,20.0
202585,02:00,0.0,25.3,23.5,29.0,90,3.8,東南東,0.0,0.0,雨,13.5
202585,03:00,1.5,24.4,23.7,29.3,96,4.0,南東,0.0,0.0,雨,10.6
202585,04:00,2.0,24.4,23.6,29.0,95,4.3,南東,0.0,0.00,雨,17.4
202585,05:00,0.0,24.6,23.6,29.1,94,3.5,南南東,0.0,0.00,曇,20.0
202585,06:00,0.0,24.5,23.5,28.9,94,1.5,東南東,0.0,0.13,曇,20.0
202585,07:00,0.0,25.1,22.6,27.4,86,4.2,南東,0.0,0.19,曇,20.0
202585,08:00,0.0,25.7,23.4,28.7,87,1.9,北西,0.0,0.36,雨,16.8
202585,09:00,0.0,26.0,22.9,27.9,83,2.6,東南東,0.0,0.47,曇,20.0
202585,10:00,0.0,27.4,22.1,26.7,73,0.8,東北東,0.0,1.16,曇,20.0
202585,11:00,0.0,27.0,23.1,28.2,79,3.8,北北東,0.2,1.11,雨,20.0
202585,12:00,0.0,28.0,22.0,26.5,70,2.8,北北西,0.5,1.89,晴れ,20.0
202585,13:00,0.0,28.0,22.0,26.5,70,5.5,北北西,0.7,2.68,晴れ,20.0
202585,14:00,0.0,28.5,22.5,27.3,70,4.4,北北西,0.4,1.94,曇,20.0
202585,15:00,0.0,27.7,21.7,26.0,70,4.7,北北西,0.2,1.33,曇,20.0
202585,16:00,0.0,27.4,21.7,25.9,71,5.1,北北西,0.0,0.61,曇,20.0
202585,17:00,0.0,27.1,22.1,26.5,74,4.7,北北西,0.1,0.58,晴れ,20.0
202585,18:00,0.0,26.5,22.8,27.7,80,3.7,北北西,0.0,0.20,雨,20.0
202585,19:00,0.0,26.1,21.8,26.0,77,3.5,北北西,0.0,0.02,曇,20.0
202585,20:00,0.0,25.8,21.7,25.9,78,3.2,北北西,0.0,0.00,曇,20.0
202585,21:00,0.0,25.5,21.6,25.8,79,1.8,北北西,0.0,0.0,曇,20.0
202585,22:00,0.0,25.1,21.8,26.1,82,1.1,西,0.0,0.0,曇,20.0
202585,23:00,0.0,25.2,21.7,26.0,81,1.1,北北西,0.0,0.0,曇,20.0
202585,24:00,0.0,24.7,21.6,25.8,83,0.9,南,0.0,0.0,曇,20.0
202586,01:00,0.0,24.1,21.6,25.8,86,0.8,南南西,0.0,0.0,晴れ,20.0
202586,02:00,0.0,23.8,21.7,26.0,88,1.4,南,0.0,0.0,曇,20.0
202586,03:00,0.0,24.0,20.9,24.8,83,2.1,南南東,0.0,0.0,曇,20.0
202586,04:00,0.0,24.0,20.7,24.5,82,1.2,南南東,0.0,0.00,曇,20.0
202586,05:00,0.0,23.1,20.1,23.5,83,1.4,南,0.0,0.02,曇,20.0
202586,06:00,0.0,23.9,20.0,23.4,79,1.7,南南東,0.6,0.38,曇,20.0
202586,07:00,0.0,24.8,19.9,23.2,74,3.2,東南東,0.4,0.64,曇,20.0
202586,08:00,0.0,26.1,19.5,22.7,67,3.3,南東,0.3,1.02,曇,20.0
202586,09:00,0.0,27.3,20.4,24.0,66,2.6,南南東,0.1,1.02,曇,20.0
202586,10:00,0.0,28.2,21.3,25.3,66,1.5,南,0.1,1.37,曇,20.0
202586,11:00,0.0,29.0,19.1,22.0,55,2.7,南,0.5,2.22,曇,20.0
202586,12:00,0.0,30.0,19.1,22.1,52,2.8,南南東,0.3,1.88,曇,20.0
202586,13:00,0.0,29.1,20.3,23.8,59,2.6,南東,0.0,0.82,雨,20.0
202586,14:00,0.0,29.1,19.7,23.0,57,3.4,北北西,0.0,0.80,曇,20.0
202586,15:00,0.0,28.0,19.8,23.1,61,2.5,北北西,0.0,0.27,雨,20.0
202586,16:00,0.0,27.5,19.8,23.1,63,0.7,北,0.0,0.42,雨,20.0
202586,17:00,0.0,24.7,18.2,20.9,67,1.3,南西,0.0,0.21,雨,20.0
202586,18:00,1.5,22.9,20.6,24.3,87,1.2,東南東,0.0,0.05,雨,20.0
202586,19:00,0.0,22.8,20.5,24.2,87,1.9,西,0.0,0.01,雨,20.0
202586,20:00,0.0,23.2,20.5,24.2,85,1.8,南南東,0.0,0.00,曇,20.0
202586,21:00,0.0,22.9,20.6,24.3,87,2.8,南東,0.0,0.0,曇,20.0
202586,22:00,0.0,22.9,20.3,23.7,85,3.4,東南東,0.0,0.0,曇,20.0
202586,23:00,0.0,22.8,20.2,23.6,85,1.4,南東,0.0,0.0,曇,20.0
202586,24:00,0.0,23.2,20.4,23.9,84,3.2,南東,0.0,0.0,曇,20.0
202587,01:00,0.0,23.4,20.4,23.9,83,2.4,南東,0.0,0.0,曇,20.0
202587,02:00,0.0,23.2,20.4,23.9,84,3.5,南東,0.0,0.0,曇,20.0
202587,03:00,0.0,23.2,20.9,24.7,87,2.3,南東,0.0,0.0,雨,20.0
202587,04:00,0.0,23.0,20.5,24.2,86,3.4,南南東,0.0,0.00,雨,20.0
202587,05:00,0.0,22.6,20.9,24.7,90,3.6,南南東,0.0,0.01,雨,20.0
202587,06:00,0.0,23.0,20.9,24.7,88,2.5,南南東,0.1,0.24,曇,20.0
202587,07:00,0.0,23.7,21.2,25.2,86,3.3,南東,0.0,0.42,曇,20.0
202587,08:00,0.0,24.9,21.6,25.8,82,2.8,東南東,0.0,0.88,曇,20.0
202587,09:00,0.0,24.1,21.8,26.1,87,3.4,南東,0.0,0.54,雨,17.0
202587,10:00,0.5,24.5,22.2,26.8,87,3.0,南東,0.0,0.63,雨,20.0
202587,11:00,0.0,24.7,22.6,27.4,88,3.3,東南東,0.0,0.69,雨,20.0
202587,12:00,0.0,26.2,23.1,28.2,83,2.4,東,0.0,1.54,雨,20.0
202587,13:00,0.0,26.4,22.7,27.5,80,1.2,西北西,0.0,0.94,雨,20.0
202587,14:00,4.5,24.5,23.5,28.9,94,3.4,北西,0.0,0.53,雨,14.8
202587,15:00,0.0,24.8,22.7,27.6,88,1.5,南南東,0.0,0.67,曇,20.0
202587,16:00,0.0,25.8,22.1,26.6,80,1.0,北西,0.4,1.10,曇,20.0
202587,17:00,0.0,25.0,21.9,26.3,83,2.9,北北西,0.0,0.40,曇,20.0
202587,18:00,0.0,24.9,22.0,26.5,84,3.0,北北西,0.0,0.14,雨,20.0
202587,19:00,5.5,22.9,22.4,27.1,97,3.6,西北西,0.0,0.01,雷電,2.19
202587,20:00,12.0,21.6,20.9,24.8,96,1.6,北北東,0.0,0.00,雷電,6.19
202587,21:00,6.0,21.9,21.6,25.8,98,1.2,南南東,0.0,0.0,雷電,8.34
202587,22:00,1.5,22.1,21.6,25.8,97,1.7,南南東,0.0,0.0,雷電,6.47
202587,23:00,2.0,22.0,21.5,25.7,97,1.5,南,0.0,0.0,雷電,13.1
202587,24:00,0.0,21.6,21.4,25.5,99,1.0,北西,0.0,0.0,曇,18.9
2025815,01:00,0.0,28.4,25.0,31.7,82,1.4,北西,0.0,0.0,,
2025815,02:00,0.0,28.4,24.8,31.4,81,1.2,北西,0.0,0.0,,
2025815,03:00,0.0,28.5,24.9,31.5,81,1.1,北,0.0,0.0,曇,20.0
2025815,04:00,0.0,28.4,25.2,32.1,83,1.9,北北東,0.0,0.0,,
2025815,05:00,0.0,28.2,25.2,32.1,84,1.8,北,0.0,0.00,,
2025815,06:00,0.0,27.5,25.0,31.6,86,2.3,北北東,0.0,0.09,曇,10.0
2025815,07:00,0.0,28.1,24.7,31.2,82,1.5,北東,0.3,0.40,,
2025815,08:00,0.0,29.4,24.7,31.2,76,1.9,北,0.7,1.15,,
2025815,09:00,0.0,28.7,24.5,30.7,78,2.0,南西,0.0,0.33,曇,10.0
2025815,10:00,0.0,30.3,24.5,30.7,71,2.0,南,0.4,1.41,,
2025815,11:00,0.0,31.4,23.8,29.4,64,1.5,南西,0.6,2.41,,
2025815,12:00,0.0,33.3,24.8,31.2,61,1.6,北西,0.3,1.72,晴れ,15.0
2025815,13:00,0.0,31.4,25.5,32.6,71,3.3,北,0.5,2.15,,
2025815,14:00,0.0,34.7,23.4,28.8,52,1.5,北北東,1.0,3.16,,
2025815,15:00,0.0,34.6,23.0,28.1,51,1.8,西,1.0,2.70,晴れ,15.0
2025815,16:00,0.0,33.4,23.7,29.3,57,3.5,西南西,0.6,1.51,,
2025815,17:00,0.0,31.3,24.2,30.2,66,2.0,西,0.0,0.21,,
2025815,18:00,0.0,30.8,22.7,27.6,62,1.5,北北東,0.0,0.16,薄曇,30.0
2025815,19:00,0.0,30.9,23.6,29.1,65,1.1,北北西,0.0,0.06,,
2025815,20:00,0.0,30.7,23.6,29.2,66,2.0,北北東,0.0,0.00,,
2025815,21:00,0.0,30.7,23.1,28.3,64,1.1,北,0.0,0.0,晴れ,20.0
2025815,22:00,0.0,30.5,22.7,27.5,63,1.9,北北西,0.0,0.0,,
2025815,23:00,0.0,29.8,23.3,28.5,68,1.7,北,0.0,0.0,,
2025815,24:00,0.0,29.3,23.7,29.4,72,1.8,北西,0.0,0.0,,
2025816,01:00,0.0,29.0,24.8,31.3,78,2.3,北西,0.0,0.0,,
2025816,02:00,0.0,28.6,24.2,30.2,77,1.6,西,0.0,0.0,,
2025816,03:00,0.0,27.9,23.5,28.9,77,2.0,北北東,0.0,0.0,晴れ,20.0
2025816,04:00,0.0,27.5,23.3,28.6,78,2.0,北,0.0,0.0,,
2025816,05:00,0.0,27.8,23.2,28.4,76,2.2,北北東,0.0,0.00,,
2025816,06:00,0.0,27.8,23.6,29.2,78,1.1,北北東,0.0,0.04,曇,20.0
2025816,07:00,0.0,28.4,23.8,29.4,76,1.2,北北東,0.2,0.38,,
2025816,08:00,0.0,29.1,24.4,30.6,76,2.0,北東,0.4,0.90,,
2025816,09:00,0.0,29.9,23.8,29.5,70,1.0,東北東,0.9,1.80,晴れ,20.0
2025816,10:00,0.0,32.9,24.4,30.5,61,1.9,北,0.8,2.35,,
2025816,11:00,0.0,32.0,23.5,29.0,61,1.5,北北西,0.2,1.25,,
2025816,12:00,0.0,34.6,22.7,27.5,50,1.2,北北西,0.6,2.37,晴れ,20.0
2025816,13:00,0.0,35.3,23.3,28.6,50,2.9,西南西,1.0,3.43,,
2025816,14:00,0.0,35.2,22.9,27.9,49,3.2,西南西,1.0,3.05,,
2025816,15:00,0.0,34.9,23.3,28.5,51,3.4,南西,1.0,2.74,晴れ,20.0
2025816,16:00,0.0,33.8,23.5,28.9,55,3.7,南西,1.0,2.09,,
2025816,17:00,0.0,32.6,23.8,29.5,60,3.9,西南西,1.0,1.38,,
2025816,18:00,0.0,31.5,24.9,31.4,68,3.6,南西,0.8,0.63,晴れ,15.0
2025816,19:00,0.0,31.2,25.3,32.3,71,3.8,西南西,0.0,0.04,,
2025816,20:00,0.0,30.2,25.1,31.8,74,3.5,西南西,0.0,0.00,,
2025816,21:00,0.0,29.8,24.9,31.5,75,2.4,西北西,0.0,0.0,晴れ,15.0
2025816,22:00,0.0,29.5,24.8,31.3,76,2.7,西北西,0.0,0.0,,
2025816,23:00,0.0,29.8,24.0,29.8,71,2.1,南西,0.0,0.0,,
2025816,24:00,0.0,29.7,23.9,29.6,71,1.8,西南西,0.0,0.0,,
2025817,01:00,0.0,29.4,24.1,29.9,73,1.6,西,0.0,0.0,,
2025817,02:00,0.0,29.3,23.7,29.4,72,2.6,南西,0.0,0.0,,
2025817,03:00,0.0,29.0,23.9,29.7,74,2.6,南西,0.0,0.0,晴れ,15.0
2025817,04:00,0.0,29.0,23.7,29.3,73,2.4,南西,0.0,0.0,,
2025817,05:00,0.0,28.6,23.3,28.6,73,1.4,南,0.0,0.00,,
2025817,06:00,0.0,28.9,23.1,28.3,71,1.3,南,0.1,0.07,晴れ,15.0
2025817,07:00,0.0,29.5,23.2,28.5,69,1.2,南南西,0.6,0.42,,
2025817,08:00,0.0,30.3,23.5,28.9,67,2.4,西南西,0.3,0.84,,
2025817,09:00,0.0,32.0,23.8,29.5,62,2.9,西南西,0.6,1.56,晴れ,20.0
2025817,10:00,0.0,31.9,23.2,28.4,60,3.8,西南西,1.0,2.67,,
2025817,11:00,0.0,33.2,23.5,29.0,57,4.0,南南西,1.0,2.94,,
2025817,12:00,0.0,33.3,23.9,29.7,58,3.4,西南西,1.0,3.10,薄曇,25.0
2025817,13:00,0.0,33.8,24.4,30.5,58,3.9,南西,1.0,3.04,,
2025817,14:00,0.0,34.0,24.0,29.8,56,3.3,南西,1.0,2.99,,
2025817,15:00,0.0,34.0,23.7,29.3,55,3.7,南西,1.0,2.83,晴れ,15.0
2025817,16:00,0.0,34.2,23.9,29.6,55,4.2,南西,1.0,2.11,,
2025817,17:00,0.0,32.2,24.0,29.8,62,4.0,南西,0.3,0.70,,
2025817,18:00,0.0,31.4,23.5,29.0,63,3.1,西南西,0.0,0.19,薄曇,20.0
2025817,19:00,0.0,30.6,25.2,32.1,73,2.8,西南西,0.0,0.05,,
2025817,20:00,0.0,30.3,23.7,29.4,68,3.1,西南西,0.0,0.00,,
2025817,21:00,0.0,30.3,23.0,28.1,65,2.9,西南西,0.0,0.0,曇,20.0
2025817,22:00,0.0,29.8,23.3,28.5,68,1.7,西南西,0.0,0.0,,
2025817,23:00,0.0,29.2,24.1,30.0,74,2.4,西,0.0,0.0,,
2025817,24:00,0.0,28.9,24.0,29.9,75,2.2,西,0.0,0.0,,
2025819,01:00,0.0,29.4,24.3,30.3,74,1.8,南,0.0,0.0,晴れ,16.3
2025819,02:00,0.0,28.9,24.2,30.3,76,1.7,南東,0.0,0.0,晴れ,16.1
2025819,03:00,0.0,28.4,24.2,30.2,78,1.3,南東,0.0,0.0,晴れ,14.6
2025819,04:00,0.0,28.1,24.1,30.0,79,0.9,東南東,0.0,0.0,晴れ,13.4
2025819,05:00,0.0,27.8,24.2,30.3,81,2.6,南東,0.0,0.0,晴れ,12.7
2025819,06:00,0.0,27.6,24.5,30.7,83,1.8,南南東,0.0,0.01,晴れ,12.6
2025819,07:00,0.0,27.9,24.3,30.5,81,1.4,南東,0.5,0.24,晴れ,12.8
2025819,08:00,0.0,29.3,24.4,30.6,75,0.7,北東,1.0,0.86,晴れ,12.2
2025819,09:00,0.0,31.5,24.4,30.5,66,1.1,東北東,1.0,1.67,晴れ,17.3
2025819,10:00,0.0,32.1,23.1,28.2,59,2.2,南南西,1.0,2.52,晴れ,18.5
2025819,11:00,0.0,33.1,24.6,30.9,61,3.1,北,0.7,2.45,晴れ,15.5
2025819,12:00,0.0,32.6,24.6,31.0,63,4.9,北西,0.6,2.27,晴れ,13.6
2025819,13:00,0.0,33.2,26.0,33.6,66,5.6,北北西,1.0,3.28,晴れ,15.6
2025819,14:00,0.0,34.2,25.6,32.8,61,4.0,北北西,1.0,3.07,晴れ,18.1
2025819,15:00,0.0,33.1,25.4,32.4,64,5.1,北,1.0,2.67,晴れ,14.9
2025819,16:00,0.0,32.0,25.6,32.8,69,4.0,北,0.7,1.78,雷電,15.7
2025819,17:00,0.0,32.0,25.4,32.4,68,3.0,北北西,0.3,1.03,曇,16.4
2025819,18:00,0.0,31.3,24.7,31.1,68,4.3,北北西,0.7,0.76,晴れ,15.2
2025819,19:00,0.0,30.7,25.1,31.8,72,2.0,北,0.1,0.16,晴れ,12.1
2025819,20:00,0.0,30.0,24.9,31.4,74,0.7,北北東,0.0,0.00,晴れ,13.2
2025819,21:00,0.0,30.2,25.1,31.8,74,1.4,南南東,0.0,0.0,晴れ,13.4
2025819,22:00,0.0,30.2,24.8,31.3,73,1.3,南東,0.0,0.0,晴れ,13.7
2025819,23:00,0.0,29.6,25.6,32.8,79,0.8,北東,0.0,0.0,晴れ,11.2
2025819,24:00,0.0,29.4,24.7,31.2,76,1.6,南東,0.0,0.0,晴れ,14.0
2025820,01:00,0.0,29.0,24.6,30.9,77,0.9,南東,0.0,0.0,晴れ,17.9
2025820,02:00,0.0,28.6,24.4,30.5,78,1.5,東南東,0.0,0.0,晴れ,20.0
2025820,03:00,0.0,28.1,24.1,30.0,79,0.5,南南東,0.0,0.0,晴れ,20.0
2025820,04:00,0.0,28.2,24.2,30.2,79,1.4,南東,0.0,0.0,晴れ,20.0
2025820,05:00,0.0,28.2,24.4,30.6,80,1.3,東南東,0.0,0.0,晴れ,20.0
2025820,06:00,0.0,28.1,24.5,30.8,81,1.6,東南東,0.0,0.01,晴れ,20.0
2025820,07:00,0.0,28.7,24.5,30.7,78,1.2,南東,0.9,0.32,晴れ,20.0
2025820,08:00,0.0,29.8,24.2,30.2,72,1.9,南東,1.0,1.01,晴れ,20.0
2025820,09:00,0.0,30.7,23.4,28.7,65,1.7,東南東,1.0,1.74,晴れ,20.0
2025820,10:00,0.0,31.5,23.6,29.1,63,1.1,北東,0.9,2.24,晴れ,20.0
2025820,11:00,0.0,33.0,23.9,29.7,59,1.3,北北東,0.9,2.83,晴れ,20.0
2025820,12:00,0.0,33.2,23.5,29.0,57,2.8,北,0.6,2.24,晴れ,20.0
2025820,13:00,0.0,34.2,25.0,31.8,59,4.1,北北西,0.6,2.44,晴れ,20.0
2025820,14:00,0.0,33.2,24.1,30.0,59,4.2,北,0.6,2.22,晴れ,20.0
2025820,15:00,0.0,33.0,24.8,31.2,62,4.9,北,0.6,1.93,晴れ,20.0
2025820,16:00,0.0,32.0,24.9,31.4,66,2.6,北西,0.1,0.86,雷電,20.0
2025820,17:00,0.0,32.0,22.7,27.6,58,3.3,南南東,0.0,0.36,雷電,20.0
2025820,18:00,0.0,31.0,22.3,27.0,60,2.9,南東,0.0,0.37,雷電,20.0
2025820,19:00,0.0,29.7,22.7,27.5,66,1.9,南東,0.0,0.05,雷電,20.0
2025820,20:00,0.0,29.1,22.1,26.6,66,3.4,南東,0.0,0.00,曇,20.0
2025820,21:00,0.0,29.3,22.5,27.3,67,1.8,南東,0.0,0.0,曇,20.0
2025820,22:00,0.0,29.1,22.4,27.0,67,1.6,南東,0.0,0.0,曇,20.0
2025820,23:00,0.0,28.7,22.9,28.0,71,1.6,東南東,0.0,0.0,晴れ,20.0
2025820,24:00,0.0,28.0,22.9,28.0,74,1.4,南東,0.0,0.0,晴れ,20.0
2025822,01:00,0.0,29.6,24.0,29.9,72,1.2,北東,0.0,0.0,曇,20.0
2025822,02:00,0.0,28.6,23.7,29.4,75,1.2,北北東,0.0,0.0,曇,20.0
2025822,03:00,0.0,27.9,23.9,29.7,79,1.7,東,0.0,0.0,曇,20.0
2025822,04:00,0.0,27.2,24.3,30.3,84,1.9,東北東,0.0,0.0,曇,15.8
2025822,05:00,0.0,26.9,24.2,30.1,85,2.1,東,0.0,0.0,曇,16.4
2025822,06:00,0.0,27.0,24.5,30.7,86,2.3,東南東,0.0,0.0,曇,11.9
2025822,07:00,0.0,28.0,24.2,30.3,80,2.0,東南東,0.6,0.0,曇,14.1
2025822,08:00,0.0,29.3,24.6,31.0,76,1.8,東北東,0.8,0.0,晴れ,17.0
2025822,09:00,0.0,31.4,25.3,32.2,70,0.6,南,1.0,0.0,晴れ,20.0
2025822,10:00,0.0,31.4,25.0,31.7,69,1.5,南西,0.6,0.0,晴れ,19.8
2025822,11:00,0.0,33.0,25.3,32.2,64,1.6,西南西,0.7,0.0,曇,20.0
2025822,12:00,0.0,32.6,25.2,32.0,65,3.7,西南西,0.6,0.0,曇,20.0
2025822,13:00,0.0,33.3,24.8,31.2,61,2.5,西南西,0.9,0.0,晴れ,20.0
2025822,14:00,0.0,33.2,24.7,31.0,61,4.9,南東,0.7,0.0,晴れ,20.0
2025822,15:00,0.0,33.6,25.3,32.3,62,3.0,南東,0.8,0.0,曇,20.0
2025822,16:00,0.0,32.6,25.7,33.0,67,4.5,東南東,0.6,0.0,曇,20.0
2025822,17:00,0.0,32.4,24.7,31.1,64,3.2,南,0.0,0.0,曇,20.0
2025822,18:00,0.0,31.0,24.6,31.0,69,4.9,西南西,0.0,0.0,曇,18.5
2025822,19:00,0.0,30.6,24.5,30.8,70,2.8,南西,0.0,0.0,曇,20.0
2025822,20:00,0.0,29.7,23.9,29.6,71,4.1,西南西,0.0,0.0,曇,20.0
2025822,21:00,0.0,29.8,23.3,28.5,68,3.0,南,0.0,0.0,曇,20.0
2025822,22:00,0.0,29.7,23.6,29.2,70,3.1,南,0.0,0.0,晴れ,20.0
2025822,23:00,0.0,29.0,24.3,30.5,76,2.2,南,0.0,0.0,曇,20.0
2025822,24:00,0.0,28.4,24.2,30.2,78,2.9,南,0.0,0.0,曇,20.0
2025823,01:00,0.0,28.3,24.5,30.8,80,2.4,南,0.0,0.0,曇,20.0
2025823,02:00,0.0,28.2,24.6,31.0,81,4.6,南西,0.0,0.0,曇,20.0
2025823,03:00,0.0,28.2,24.6,31.0,81,3.3,南南西,0.0,0.0,曇,20.0
2025823,04:00,0.0,28.0,24.8,31.4,83,2.3,南南西,0.0,0.0,晴れ,20.0
2025823,05:00,0.0,28.0,24.6,31.0,82,3.9,南西,0.0,0.0,晴れ,20.0
2025823,06:00,0.0,28.1,24.5,30.8,81,4.0,南西,0.2,0.0,曇,20.0
2025823,07:00,0.0,29.2,25.0,31.6,78,4.3,南西,1.0,0.0,晴れ,20.0
2025823,08:00,0.0,30.0,25.5,32.7,77,4.9,南西,1.0,0.0,晴れ,20.0
2025823,09:00,0.0,30.5,23.9,29.7,68,4.6,南西,1.0,0.0,晴れ,20.0
2025823,10:00,0.0,31.7,23.8,29.5,63,4.7,南西,1.0,0.0,晴れ,20.0
2025823,11:00,0.0,32.5,23.7,29.4,60,4.8,南西,1.0,0.0,晴れ,20.0
2025823,12:00,0.0,33.1,24.6,30.9,61,5.5,西南西,1.0,0.0,晴れ,20.0
2025823,13:00,0.0,33.0,25.3,32.2,64,5.6,西南西,1.0,0.0,晴れ,20.0
2025823,14:00,0.0,33.2,25.5,32.6,64,5.7,西南西,1.0,0.0,晴れ,20.0
2025823,15:00,0.0,33.2,25.2,32.1,63,5.8,西南西,1.0,0.0,晴れ,20.0
2025823,16:00,0.0,33.0,25.3,32.2,64,6.3,南西,1.0,0.0,晴れ,20.0
2025823,17:00,0.0,31.7,25.3,32.3,69,6.9,南西,1.0,0.0,晴れ,20.0
2025823,18:00,0.0,31.8,24.2,30.1,64,4.6,南,0.7,0.0,曇,20.0
2025823,19:00,0.0,30.7,24.8,31.4,71,5.0,南,0.0,0.0,曇,20.0
2025823,20:00,0.0,30.0,24.9,31.4,74,4.4,南,0.0,0.0,晴れ,20.0
2025823,21:00,0.0,29.5,25.0,31.8,77,4.5,南,0.0,0.0,晴れ,20.0
2025823,22:00,0.0,29.5,24.8,31.3,76,3.6,南南西,0.0,0.0,晴れ,20.0
2025823,23:00,0.0,29.6,24.7,31.1,75,4.1,南南西,0.0,0.0,晴れ,20.0
2025823,24:00,0.0,29.3,24.6,31.0,76,4.2,南西,0.0,0.0,晴れ,20.0
2025824,01:00,0.0,28.9,25.1,31.9,80,3.0,南,0.0,0.0,晴れ,17.0
2025824,02:00,0.0,28.9,24.9,31.5,79,4.2,南西,0.0,0.0,晴れ,17.6
2025824,03:00,0.0,28.4,25.0,31.7,82,4.8,南西,0.0,0.0,晴れ,16.8
2025824,04:00,0.0,28.3,25.1,31.9,83,4.3,南西,0.0,0.0,晴れ,15.5
2025824,05:00,0.0,28.0,25.4,32.5,86,3.8,南西,0.0,0.0,晴れ,14.7
2025824,06:00,0.0,28.4,25.4,32.5,84,3.4,南西,0.2,0.0,曇,14.7
2025824,07:00,0.0,29.3,25.7,33.0,81,3.3,南西,1.0,0.0,晴れ,16.2
2025824,08:00,0.0,30.3,26.3,34.1,79,3.5,西南西,1.0,0.0,晴れ,16.4
2025824,09:00,0.0,30.8,26.3,34.2,77,3.2,西南西,1.0,0.0,晴れ,16.3
2025824,10:00,0.0,31.5,26.1,33.8,73,3.2,西南西,1.0,0.0,晴れ,16.5
2025824,11:00,0.0,32.4,26.2,34.1,70,3.5,西南西,1.0,0.0,晴れ,18.2
2025824,12:00,0.0,33.3,25.8,33.3,65,3.8,西南西,1.0,0.0,晴れ,20.0
2025824,13:00,0.0,33.8,26.3,34.2,65,3.7,西南西,1.0,0.0,晴れ,20.0
2025824,14:00,0.0,34.2,26.7,35.0,65,4.8,西南西,1.0,0.0,晴れ,20.0
2025824,15:00,0.0,33.6,26.1,33.8,65,4.8,西南西,1.0,0.0,晴れ,19.1
2025824,16:00,0.0,32.7,26.0,33.7,68,5.5,西南西,1.0,0.0,晴れ,20.0
2025824,17:00,0.0,32.3,25.4,32.4,67,4.2,南西,1.0,0.0,晴れ,20.0
2025824,18:00,0.0,31.6,25.2,32.1,69,4.4,西南西,0.4,0.0,晴れ,20.0
2025824,19:00,0.0,30.5,24.2,30.1,69,4.4,南西,0.0,0.0,晴れ,20.0
2025824,20:00,0.0,30.0,24.9,31.4,74,3.4,南西,0.0,0.0,曇,20.0
2025824,21:00,0.0,30.0,24.2,30.1,71,1.8,南,0.0,0.0,曇,20.0
2025824,22:00,0.0,29.6,25.6,32.8,79,2.1,西南西,0.0,0.0,曇,19.1
2025824,23:00,0.0,29.7,25.5,32.5,78,2.1,北西,0.0,0.0,曇,18.7
2025824,24:00,0.0,28.5,25.5,32.7,84,2.5,北北東,0.0,0.0,曇,13.0
202592,01:00,0.0,27.2,24.7,31.0,86,1.1,北西,0.0,0.0,晴れ,15.6
202592,02:00,0.0,26.7,24.7,31.2,89,1.7,南南西,0.0,0.0,晴れ,14.1
202592,03:00,0.0,26.6,24.3,30.3,87,1.2,南南西,0.0,0.0,晴れ,15.5
202592,04:00,0.0,26.3,24.0,29.8,87,1.8,南西,0.0,0.0,晴れ,15.2
202592,05:00,0.0,26.5,23.2,28.4,82,1.8,西南西,0.0,0.00,晴れ,18.8
202592,06:00,0.0,27.1,22.9,28.0,78,1.8,西南西,0.5,0.13,晴れ,20.0
202592,07:00,0.0,28.1,22.8,27.8,73,2.4,南南西,1.0,0.69,晴れ,20.0
202592,08:00,0.0,30.1,23.8,29.5,69,1.5,南,1.0,1.41,晴れ,20.0
202592,09:00,0.0,32.7,23.4,28.7,58,2.2,南南西,1.0,2.06,晴れ,20.0
202592,10:00,0.0,34.8,21.8,26.2,47,3.5,西南西,1.0,2.58,晴れ,20.0
202592,11:00,0.0,35.6,20.7,24.4,42,4.1,西,0.9,2.79,晴れ,20.0
202592,12:00,0.0,36.3,21.7,26.0,43,3.8,北西,0.8,2.81,晴れ,20.0
202592,13:00,0.0,33.2,24.7,31.0,61,1.4,東,0.1,0.96,曇,20.0
202592,14:00,0.0,36.3,21.3,25.4,42,2.6,南南西,0.8,2.32,晴れ,20.0
202592,15:00,0.0,36.7,20.5,24.1,39,4.7,南南西,1.0,2.32,晴れ,20.0
202592,16:00,0.0,35.6,20.3,23.8,41,4.8,西,0.5,1.08,曇,20.0
202592,17:00,0.0,32.7,23.4,28.7,58,2.7,南東,0.4,0.63,曇,20.0
202592,18:00,0.0,32.9,23.0,28.0,56,2.6,南南東,0.2,0.18,曇,20.0
202592,19:00,0.0,33.1,21.0,24.8,49,1.1,北西,0.0,0.00,曇,20.0
202592,20:00,0.0,30.7,24.4,30.5,69,3.8,北,0.0,0.0,曇,20.0
202592,21:00,0.0,28.9,23.6,29.1,73,3.9,南西,0.0,0.0,雨,13.0
202592,22:00,0.5,27.1,23.4,28.7,80,4.4,南西,0.0,0.0,雨,19.5
202592,23:00,0.0,26.9,23.0,28.0,79,4.3,南西,0.0,0.0,曇,20.0
202592,24:00,0.0,27.4,21.9,26.3,72,3.8,南西,0.0,0.0,曇,20.0
202593,01:00,0.0,26.8,22.0,26.4,75,2.3,南南西,0.0,0.0,曇,20.0
202593,02:00,0.0,27.4,22.6,27.4,75,2.0,北,0.0,0.0,曇,20.0
202593,03:00,0.0,27.5,22.7,27.5,75,1.4,西,0.0,0.0,曇,20.0
202593,04:00,1.5,25.3,23.4,28.7,89,3.2,北北西,0.0,0.0,雨,4.61
202593,05:00,6.5,24.6,22.9,27.8,90,4.7,北西,0.0,0.00,雨,3.91
202593,06:00,7.0,23.7,22.0,26.4,90,4.4,北西,0.0,0.01,雨,3.07
202593,07:00,2.5,23.3,21.6,25.8,90,4.5,西南西,0.0,0.02,雨,20.0
202593,08:00,0.0,24.6,21.3,25.4,82,2.7,西北西,0.0,0.29,曇,20.0
202593,09:00,0.0,26.9,20.7,24.5,69,3.7,北西,0.1,0.86,曇,20.0
202593,10:00,0.0,29.1,20.0,23.4,58,7.4,西北西,0.9,2.26,晴れ,20.0
202593,11:00,0.0,30.7,19.7,23.0,52,6.6,西,1.0,3.03,晴れ,20.0
202593,12:00,0.0,32.0,18.6,21.4,45,5.6,西北西,1.0,3.17,晴れ,20.0
202593,13:00,0.0,32.2,18.8,21.7,45,5.9,北西,1.0,3.10,晴れ,20.0
202593,14:00,0.0,32.6,18.4,21.2,43,3.5,北西,0.9,2.67,晴れ,20.0
202593,15:00,0.0,33.0,17.6,20.1,40,2.4,西北西,0.8,2.06,晴れ,20.0
202593,16:00,0.0,31.4,19.4,22.5,49,7.1,北,1.0,1.59,晴れ,20.0
202593,17:00,0.0,30.1,19.5,22.6,53,6.3,北,0.7,0.79,晴れ,20.0
202593,18:00,0.0,28.5,19.2,22.2,57,4.0,北北西,0.5,0.21,晴れ,20.0
202593,19:00,0.0,27.7,17.9,20.4,55,4.5,北北西,0.0,0.00,晴れ,20.0
202593,20:00,0.0,26.8,17.9,20.4,58,2.6,北西,0.0,0.0,晴れ,20.0
202593,21:00,0.0,26.6,18.5,21.3,61,1.6,北西,0.0,0.0,晴れ,20.0
202593,22:00,0.0,24.4,18.6,21.4,70,2.8,北,0.0,0.0,晴れ,20.0
202593,23:00,0.0,23.8,18.2,20.9,71,1.3,北,0.0,0.0,晴れ,20.0
202593,24:00,0.0,23.4,18.3,21.0,73,1.4,北北西,0.0,0.0,晴れ,20.0
202599,01:00,0.0,25.0,23.4,28.8,91,1.8,東南東,0.0,0.0,曇,20.0
202599,02:00,0.0,24.9,23.3,28.7,91,1.5,東,0.0,0.0,曇,20.0
202599,03:00,0.0,24.9,23.3,28.7,91,1.3,東南東,0.0,0.0,曇,20.0
202599,04:00,0.0,25.0,23.3,28.5,90,1.3,東,0.0,0.0,曇,20.0
202599,05:00,1.5,23.9,23.4,28.8,97,2.3,北,0.0,0.00,雨,7.00
202599,06:00,0.5,23.9,23.4,28.8,97,1.8,北,0.0,0.01,雨,8.10
202599,07:00,2.0,23.8,23.5,28.9,98,0.6,東,0.0,0.04,雨,5.27
202599,08:00,1.5,24.1,23.8,29.4,98,1.3,東南東,0.0,0.22,曇,8.81
202599,09:00,0.0,24.7,24.0,29.9,96,1.0,東,0.0,0.41,曇,8.76
202599,10:00,0.0,25.1,24.1,30.0,94,1.8,南東,0.0,0.33,曇,20.0
202599,11:00,0.0,26.4,23.9,29.6,86,1.4,東北東,0.0,1.10,曇,20.0
202599,12:00,0.0,26.8,23.7,29.3,83,1.1,東南東,0.0,0.80,曇,20.0
202599,13:00,0.0,28.3,23.9,29.6,77,1.5,東,0.3,1.49,晴れ,20.0
202599,14:00,0.0,28.3,23.4,28.9,75,1.5,東,0.4,1.61,曇,20.0
202599,15:00,0.0,29.1,23.8,29.4,73,3.3,南南東,0.4,1.39,曇,20.0
202599,16:00,0.0,27.9,23.3,28.6,76,3.4,南南東,0.7,1.12,曇,20.0
202599,17:00,0.0,27.1,23.1,28.3,79,2.7,南南東,0.0,0.26,曇,20.0
202599,18:00,0.0,26.4,23.5,28.9,84,2.9,南南東,0.2,0.10,曇,20.0
202599,19:00,0.0,25.7,23.8,29.4,89,3.8,南,0.0,0.00,晴れ,20.0
202599,20:00,0.0,25.5,23.9,29.7,91,3.7,南,0.0,0.0,曇,20.0
202599,21:00,0.0,25.3,23.7,29.4,91,2.9,南南西,0.0,0.0,晴れ,20.0
202599,22:00,0.0,25.4,23.8,29.5,91,3.1,南南西,0.0,0.0,曇,20.0
202599,23:00,0.0,25.2,23.6,29.2,91,0.9,南西,0.0,0.0,曇,20.0
202599,24:00,0.0,25.3,23.7,29.4,91,0.8,南東,0.0,0.0,曇,20.0
2025912,01:00,0.0,18.8,15.7,17.8,82,1.8,南南東,0.0,0.0,晴れ,17.6
2025912,02:00,0.0,18.3,15.9,18.1,86,0.9,西,0.0,0.0,晴れ,20.0
2025912,03:00,0.0,18.0,15.5,17.5,85,1.0,南東,0.0,0.0,晴れ,20.0
2025912,04:00,0.0,17.0,14.7,16.7,86,0.6,東南東,0.0,0.0,晴れ,20.0
2025912,05:00,0.0,16.8,14.8,16.8,88,0.6,南,0.0,0.00,晴れ,20.0
2025912,06:00,0.0,17.1,14.9,17.0,87,0.4,北東,0.4,0.11,晴れ,20.0
2025912,07:00,0.0,18.5,15.0,17.0,80,0.5,北北東,1.0,0.65,晴れ,20.0
2025912,08:00,0.0,20.1,15.3,17.4,74,1.9,南東,1.0,1.30,晴れ,20.0
2025912,09:00,0.0,21.8,15.9,18.0,69,2.0,東南東,1.0,1.91,晴れ,20.0
2025912,10:00,0.0,23.4,15.5,17.6,61,3.3,南東,1.0,2.42,晴れ,20.0
2025912,11:00,0.0,24.7,16.2,18.4,59,2.4,東南東,1.0,2.72,晴れ,20.0
2025912,12:00,0.0,26.0,17.4,19.8,59,3.8,東南東,1.0,2.80,晴れ,20.0
2025912,13:00,0.0,26.8,17.3,19.7,56,4.1,南東,1.0,2.72,晴れ,20.0
2025912,14:00,0.0,27.8,16.8,19.1,51,4.7,南南東,0.8,2.05,晴れ,20.0
2025912,15:00,0.0,26.7,16.3,18.6,53,7.7,南南東,0.9,1.78,晴れ,20.0
2025912,16:00,0.0,25.6,16.2,18.4,56,6.4,南南東,1.0,1.31,晴れ,20.0
2025912,17:00,0.0,24.7,16.4,18.7,60,3.9,南南東,1.0,0.65,晴れ,20.0
2025912,18:00,0.0,23.4,17.2,19.6,68,2.9,南東,0.4,0.11,晴れ,20.0
2025912,19:00,0.0,22.7,17.2,19.6,71,2.0,東,0.0,0.00,晴れ,20.0
2025912,20:00,0.0,21.6,17.6,20.1,78,3.0,南東,0.0,0.0,晴れ,20.0
2025912,21:00,0.0,21.4,17.6,20.1,79,2.1,南南東,0.0,0.0,晴れ,20.0
2025912,22:00,0.0,20.6,17.4,19.9,82,4.3,南南東,0.0,0.0,晴れ,20.0
2025912,23:00,0.0,20.6,17.8,20.4,84,4.8,南南東,0.0,0.0,晴れ,20.0
2025912,24:00,0.0,20.1,16.6,18.8,80,4.3,南東,0.0,0.0,晴れ,20.0
2025913,01:00,0.0,19.3,16.2,18.4,82,3.7,南東,0.0,0.0,晴れ,20.0
2025913,02:00,0.0,19.2,16.6,18.9,85,4.2,南東,0.0,0.0,晴れ,20.0
2025913,03:00,0.0,19.1,16.3,18.6,84,4.1,南東,0.0,0.0,晴れ,20.0
2025913,04:00,0.0,19.1,16.9,19.2,87,4.5,南東,0.0,0.0,晴れ,20.0
2025913,05:00,0.0,19.3,17.1,19.5,87,3.9,南東,0.0,0.00,曇,20.0
2025913,06:00,0.0,19.7,17.5,20.0,87,3.2,東南東,0.0,0.09,曇,20.0
2025913,07:00,0.0,20.8,18.4,21.1,86,3.0,東南東,0.0,0.29,曇,20.0
2025913,08:00,0.0,22.6,18.6,21.4,78,4.7,南東,0.5,0.82,曇,20.0
2025913,09:00,0.0,22.8,18.4,21.1,76,6.0,南南東,0.7,1.38,曇,20.0
2025913,10:00,0.0,23.8,18.9,21.8,74,5.9,南南東,0.1,1.08,曇,20.0
2025913,11:00,0.0,23.3,18.6,21.5,75,7.6,南南東,0.0,0.82,雨,20.0
2025913,12:00,0.0,23.2,18.3,21.0,74,7.1,南南東,0.0,1.07,雨,20.0
2025913,13:00,0.0,22.4,18.4,21.1,78,6.3,南南東,0.0,0.56,雨,20.0
2025913,14:00,0.0,22.0,18.4,21.2,80,6.4,南東,0.0,0.14,雨,16.0
2025913,15:00,0.5,21.0,18.9,21.9,88,5.0,南東,0.0,0.17,雨,10.0
2025913,16:00,1.0,20.2,18.3,21.1,89,6.9,南東,0.0,0.14,雨,11.1
2025913,17:00,1.0,19.0,17.0,19.3,88,6.7,南東,0.0,0.06,雨,11.0
2025913,18:00,1.5,17.3,15.5,17.6,89,5.5,南南東,0.0,0.01,雨,11.3
2025913,19:00,2.0,17.0,15.9,18.0,93,5.6,南南東,0.0,0.00,雨,4.26
2025913,20:00,1.5,17.0,16.2,18.4,95,5.1,南南東,0.0,0.0,雨,4.22
2025913,21:00,4.0,17.5,17.0,19.4,97,3.8,南南東,0.0,0.0,雨,4.17
2025913,22:00,8.0,18.4,18.2,21.0,99,4.5,南東,0.0,0.0,雨,6.18
2025913,23:00,2.5,19.5,19.4,22.4,99,2.6,東南東,0.0,0.0,雨,6.07
2025913,24:00,5.5,23.4,22.2,26.8,93,8.5,南南東,0.0,0.0,雨,4.16
2025914,01:00,2.5,24.0,22.1,26.6,89,6.1,南南東,0.0,0.0,雨,20.0
2025914,02:00,0.0,23.0,22.2,26.7,95,3.0,南南東,0.0,0.0,雨,20.0
2025914,03:00,0.5,20.8,19.1,22.1,90,10.1,北西,0.0,0.0,雨,20.0
2025914,04:00,0.0,20.6,18.2,20.9,86,9.7,北西,0.0,0.0,雨,20.0
2025914,05:00,0.0,20.7,18.1,20.8,85,11.9,北西,0.0,0.00,雨,20.0
2025914,06:00,0.0,20.2,18.5,21.3,90,10.0,北西,0.0,0.03,雨,16.5
2025914,07:00,1.0,19.6,18.1,20.8,91,10.3,北西,0.1,0.26,雨,4.65
2025914,08:00,0.5,20.2,18.0,20.6,87,9.9,北西,0.7,1.20,雨,11.3
2025914,09:00,0.0,21.5,16.5,18.7,73,8.1,北西,0.6,1.53,曇,20.0
2025914,10:00,0.0,22.0,16.5,18.8,71,9.5,北北西,0.4,1.52,曇,20.0
2025914,11:00,0.0,21.7,16.0,18.2,70,8.6,北北西,0.4,1.68,晴れ,20.0
2025914,12:00,0.0,21.9,16.2,18.4,70,7.6,北北西,0.3,1.62,晴れ,20.0
2025914,13:00,0.0,22.8,16.1,18.3,66,7.9,北北西,0.7,2.25,晴れ,20.0
2025914,14:00,0.0,22.9,15.7,17.9,64,6.1,北北西,0.9,2.32,晴れ,20.0
2025914,15:00,0.0,23.0,15.8,18.0,64,8.4,北西,0.9,1.87,晴れ,20.0
2025914,16:00,0.0,22.4,15.3,17.3,64,6.1,北西,1.0,1.35,晴れ,20.0
2025914,17:00,0.0,22.0,16.1,18.2,69,4.5,北北西,1.0,0.65,晴れ,20.0
2025914,18:00,0.0,21.2,16.0,18.1,72,2.0,西北西,0.4,0.10,晴れ,20.0
2025914,19:00,0.0,20.1,15.1,17.2,73,1.5,西南西,0.0,0.00,晴れ,20.0
2025914,20:00,0.0,19.2,15.5,17.6,79,0.9,南南西,0.0,0.0,晴れ,20.0
2025914,21:00,0.0,18.5,14.8,16.8,79,0.8,南南東,0.0,0.0,晴れ,20.0
2025914,22:00,0.0,18.0,14.1,16.1,78,1.0,南南東,0.0,0.0,晴れ,20.0
2025914,23:00,0.0,17.3,13.8,15.8,80,0.7,南南東,0.0,0.0,晴れ,20.0
2025914,24:00,0.0,17.0,13.2,15.1,78,2.2,南東,0.0,0.0,晴れ,20.0
2025915,01:00,0.0,16.5,12.5,14.5,77,2.6,南東,0.0,0.0,晴れ,20.0
2025915,02:00,0.0,16.8,11.9,14.0,73,2.1,南東,0.0,0.0,晴れ,20.0
2025915,03:00,0.0,15.9,11.9,13.9,77,4.4,南南東,0.0,0.0,晴れ,20.0
2025915,04:00,0.0,16.3,11.7,13.7,74,3.6,南東,0.0,0.0,晴れ,20.0
2025915,05:00,0.0,16.2,11.8,13.8,75,5.0,南東,0.0,0.00,晴れ,20.0
2025915,06:00,0.0,16.8,12.2,14.2,74,5.5,南東,0.4,0.09,晴れ,20.0
2025915,07:00,0.0,18.3,13.6,15.6,74,3.9,南東,1.0,0.62,晴れ,20.0
2025915,08:00,0.0,21.5,15.1,17.2,67,4.6,南南東,1.0,1.27,晴れ,20.0
2025915,09:00,0.0,23.7,16.7,19.1,65,4.6,南東,1.0,1.87,晴れ,20.0
2025915,10:00,0.0,24.9,17.1,19.5,62,4.6,南南東,1.0,2.34,晴れ,20.0
2025915,11:00,0.0,25.0,17.7,20.3,64,6.4,南東,1.0,2.63,晴れ,20.0
2025915,12:00,0.0,26.7,17.5,20.0,57,4.1,南東,1.0,2.71,晴れ,20.0
2025915,13:00,0.0,28.4,14.6,16.6,43,4.6,南南西,1.0,2.61,晴れ,20.0
2025915,14:00,0.0,28.3,15.9,18.1,47,6.6,南南西,1.0,2.38,晴れ,20.0
2025915,15:00,0.0,26.9,17.7,20.2,57,7.3,南南東,0.9,1.81,晴れ,20.0
2025915,16:00,0.0,25.5,18.2,20.9,64,4.6,南南東,0.6,1.00,晴れ,20.0
2025915,17:00,0.0,24.0,18.7,21.5,72,4.2,南南東,0.8,0.47,晴れ,20.0
2025915,18:00,0.0,23.3,18.6,21.5,75,3.0,南東,0.0,0.05,晴れ,20.0
2025915,19:00,0.0,22.2,19.6,22.8,85,4.6,東南東,0.0,0.00,晴れ,20.0
2025915,20:00,0.0,22.2,19.2,22.2,83,2.4,南東,0.0,0.0,晴れ,20.0
2025915,21:00,0.0,21.4,19.2,22.2,87,2.3,南南東,0.0,0.0,晴れ,20.0
2025915,22:00,0.0,21.3,18.9,21.8,86,2.7,南,0.0,0.0,晴れ,20.0
2025915,23:00,0.0,20.0,17.6,20.1,86,3.5,南西,0.0,0.0,晴れ,20.0
2025915,24:00,0.0,20.8,16.8,19.2,78,1.5,西,0.0,0.0,晴れ,20.0
2025917,01:00,0.0,27.1,24.9,31.6,88,2.6,南東,0.0,0.0,晴れ,20.0
2025917,02:00,0.0,26.8,25.0,31.7,90,1.2,南東,0.0,0.0,晴れ,20.0
2025917,03:00,0.0,26.8,25.0,31.7,90,0.9,南南東,0.0,0.0,晴れ,20.0
2025917,04:00,0.0,26.8,24.8,31.4,89,1.5,南東,0.0,0.0,晴れ,20.0
2025917,05:00,0.0,26.8,24.8,31.4,89,0.9,南東,0.0,0.0,晴れ,20.0
2025917,06:00,0.0,26.8,24.8,31.4,89,1.8,南東,0.0,0.00,晴れ,20.0
2025917,07:00,0.0,27.6,24.9,31.4,85,1.0,東南東,0.7,0.20,晴れ,20.0
2025917,08:00,0.0,29.1,24.7,31.0,77,2.5,南東,1.0,0.86,晴れ,20.0
2025917,09:00,0.0,31.5,24.1,30.1,65,1.7,南,1.0,1.69,晴れ,20.0
2025917,10:00,0.0,31.7,23.8,29.5,63,2.4,南西,0.6,1.57,晴れ,20.0
2025917,11:00,0.0,31.7,23.3,28.5,61,0.9,南東,0.6,1.32,曇,20.0
2025917,12:00,0.0,32.1,23.6,29.2,61,3.5,北西,0.3,1.39,曇,20.0
2025917,13:00,0.0,32.5,23.2,28.4,58,1.7,西北西,0.5,1.94,曇,20.0
2025917,14:00,0.0,32.2,24.8,31.3,65,2.1,北北西,0.3,1.39,曇,20.0
2025917,15:00,0.5,32.3,23.5,29.0,60,2.3,西北西,0.2,1.04,曇,20.0
2025917,16:00,0.0,32.3,24.4,30.5,63,2.8,南南西,0.4,0.98,曇,20.0
2025917,17:00,0.0,29.4,24.3,30.3,74,4.9,北西,0.4,0.73,雷電,20.0
2025917,18:00,12.5,25.3,23.7,29.4,91,3.4,南,0.0,0.03,雷電,5.65
2025917,19:00,0.5,25.3,23.2,28.4,88,3.2,南南東,0.0,0.00,雷電,19.7
2025917,20:00,0.0,25.3,23.2,28.4,88,2.8,南東,0.0,0.0,雨,20.0
2025917,21:00,0.0,25.4,23.1,28.2,87,2.2,南東,0.0,0.0,曇,20.0
2025917,22:00,0.0,25.5,23.2,28.4,87,2.5,南東,0.0,0.0,曇,20.0
2025917,23:00,0.0,25.8,23.5,28.9,87,3.2,南東,0.0,0.0,曇,20.0
2025917,24:00,0.0,25.9,23.8,29.4,88,2.8,南東,0.0,0.0,晴れ,20.0
2025919,01:00,0.0,20.3,15.1,17.2,72,2.3,北東,0.0,0.0,曇,20.0
2025919,02:00,0.0,19.8,15.3,17.3,75,2.8,北,0.0,0.0,曇,20.0
2025919,03:00,0.0,18.7,14.6,16.6,77,2.7,北,0.0,0.0,晴れ,20.0
2025919,04:00,0.0,18.5,14.0,16.0,75,4.0,北,0.0,0.0,晴れ,20.0
2025919,05:00,0.0,17.4,13.7,15.7,79,3.2,北,0.0,0.00,晴れ,20.0
2025919,06:00,0.0,17.2,13.5,15.5,79,2.1,北北西,0.3,0.07,晴れ,20.0
2025919,07:00,0.0,17.9,13.6,15.6,76,3.6,北,1.0,0.64,晴れ,20.0
2025919,08:00,0.0,20.4,12.6,14.6,61,3.9,北,1.0,1.38,晴れ,20.0
2025919,09:00,0.0,21.8,13.2,15.2,58,4.1,北北東,1.0,2.05,晴れ,20.0
2025919,10:00,0.0,22.4,12.9,14.9,55,2.1,北北東,1.0,2.57,晴れ,20.0
2025919,11:00,0.0,23.9,12.9,14.8,50,2.8,東,1.0,2.90,晴れ,20.0
2025919,12:00,0.0,24.5,14.9,16.9,55,2.9,東南東,1.0,3.03,晴れ,20.0
2025919,13:00,0.0,24.5,14.6,16.6,54,4.2,南南東,1.0,2.78,晴れ,20.0
2025919,14:00,0.0,24.4,14.2,16.2,53,3.8,南南東,1.0,2.46,晴れ,20.0
2025919,15:00,0.0,22.9,14.7,16.8,60,5.1,南南東,0.7,1.46,曇,20.0
2025919,16:00,0.0,23.1,15.7,17.8,63,3.4,南東,0.4,0.91,曇,20.0
2025919,17:00,0.0,22.4,15.8,17.9,66,2.9,南東,0.4,0.50,曇,20.0
2025919,18:00,0.0,22.2,15.8,17.9,67,2.2,東南東,0.0,0.03,曇,20.0
2025919,19:00,0.0,22.2,15.3,17.4,65,3.6,南東,0.0,0.00,曇,20.0
2025919,20:00,0.0,22.3,14.9,17.0,63,2.4,東南東,0.0,0.0,曇,20.0
2025919,21:00,0.0,22.0,15.1,17.2,65,2.8,東南東,0.0,0.0,曇,20.0
2025919,22:00,0.0,21.8,14.9,17.0,65,1.8,東南東,0.0,0.0,曇,20.0
2025919,23:00,0.0,21.8,15.4,17.5,67,2.1,東南東,0.0,0.0,曇,20.0
2025919,24:00,0.0,21.7,15.1,17.1,66,2.3,東南東,0.0,0.0,曇,20.0
2025920,01:00,0.0,21.7,15.1,17.1,66,1.4,東南東,0.0,0.0,曇,20.0
2025920,02:00,0.0,20.1,15.5,17.6,75,2.0,北西,0.0,0.0,曇,20.0
2025920,03:00,0.0,19.6,15.1,17.1,75,2.5,北北西,0.0,0.0,曇,20.0
2025920,04:00,0.0,19.5,15.0,17.0,75,2.2,北北西,0.0,0.0,曇,20.0
2025920,05:00,0.0,18.8,15.7,17.8,82,3.2,北北西,0.0,0.00,雨,14.6
2025920,06:00,0.5,17.9,15.9,18.0,88,2.4,北北西,0.0,0.00,雨,10.0
2025920,07:00,0.5,18.1,16.8,19.1,92,2.2,北北西,0.0,0.05,雨,16.5
2025920,08:00,0.0,18.5,17.0,19.4,91,2.4,北北西,0.0,0.16,雨,20.0
2025920,09:00,0.0,19.3,16.7,19.0,85,2.1,北北西,0.0,0.47,雨,20.0
2025920,10:00,0.0,19.6,16.6,18.9,83,1.5,北,0.0,0.55,雨,20.0
2025920,11:00,0.0,20.3,16.9,19.3,81,2.7,北北東,0.0,0.83,曇,20.0
2025920,12:00,0.0,21.2,16.6,18.9,75,1.2,北東,0.1,1.16,曇,20.0
2025920,13:00,0.0,21.8,18.0,20.6,79,1.6,南南東,0.0,0.50,曇,20.0
2025920,14:00,0.0,21.7,17.9,20.5,79,3.0,南南東,0.0,0.31,曇,20.0
2025920,15:00,0.0,22.3,18.5,21.3,79,2.6,南,0.0,0.36,曇,20.0
2025920,16:00,0.0,22.1,18.9,21.8,82,1.7,南南西,0.0,0.17,曇,20.0
2025920,17:00,0.0,22.9,20.4,24.0,86,6.6,南,0.0,0.05,雨,20.0
2025920,18:00,0.0,22.6,19.8,23.0,84,4.9,南南西,0.0,0.01,雨,20.0
2025920,19:00,1.0,21.1,19.9,23.3,93,3.1,南西,0.0,0.00,雨,4.97
2025920,20:00,0.5,20.9,20.1,23.5,95,5.7,南南西,0.0,0.0,雨,20.0
2025920,21:00,0.0,21.6,20.6,24.3,94,8.0,南南西,0.0,0.0,雨,20.0
2025920,22:00,0.0,22.0,20.8,24.6,93,5.1,南南西,0.0,0.0,曇,20.0
2025920,23:00,0.0,23.1,21.0,24.9,88,6.4,南南西,0.0,0.0,曇,20.0
2025920,24:00,0.0,23.1,21.2,25.2,89,5.0,南南西,0.0,0.0,雨,20.0
2025921,01:00,0.5,22.9,21.4,25.4,91,4.5,南南西,0.0,0.0,雨,14.5
2025921,02:00,0.0,22.3,21.3,25.3,94,1.9,北西,0.0,0.0,曇,20.0
2025921,03:00,0.0,21.8,21.1,25.1,96,2.1,北西,0.0,0.0,曇,20.0
2025921,04:00,0.0,21.9,21.1,25.0,95,2.8,西,0.0,0.0,曇,20.0
2025921,05:00,0.0,23.2,19.0,21.9,77,5.0,北西,0.0,0.00,晴れ,20.0
2025921,06:00,0.0,21.4,18.6,21.4,84,4.8,北北東,0.0,0.04,晴れ,20.0
2025921,07:00,0.0,21.7,17.5,20.0,77,4.1,北,0.6,0.36,晴れ,20.0
2025921,08:00,0.0,22.7,16.5,18.8,68,3.0,北北東,0.0,0.35,曇,20.0
2025921,09:00,0.0,24.4,15.6,17.7,58,3.9,北北西,0.4,1.25,曇,20.0
2025921,10:00,0.0,24.5,14.9,16.9,55,3.7,北北西,0.7,2.14,晴れ,20.0
2025921,11:00,0.0,24.4,13.9,15.9,52,3.7,北西,0.3,1.25,曇,20.0
2025921,12:00,0.0,24.5,14.0,16.0,52,4.0,北北西,0.0,0.80,曇,20.0
2025921,13:00,0.0,23.7,13.9,15.8,54,5.9,北西,0.0,1.01,曇,20.0
2025921,14:00,0.0,24.0,13.9,15.8,53,7.4,北,0.2,1.23,曇,20.0
2025921,15:00,0.0,24.4,11.0,13.1,43,7.2,西北西,0.8,1.44,曇,20.0
2025921,16:00,0.0,23.9,11.6,13.6,46,7.1,北西,0.6,0.93,曇,20.0
2025921,17:00,0.0,23.1,11.2,13.3,47,5.6,北西,0.9,0.63,晴れ,20.0
2025921,18:00,0.0,22.4,11.5,13.5,50,3.6,西北西,0.2,0.07,晴れ,20.0
2025921,19:00,0.0,21.5,12.1,14.1,55,2.9,北北西,0.0,0.00,曇,20.0
2025921,20:00,0.0,20.4,12.9,14.9,62,2.1,北,0.0,0.0,晴れ,20.0
2025921,21:00,0.0,20.2,12.9,14.9,63,2.9,北,0.0,0.0,晴れ,20.0
2025921,22:00,0.0,19.7,13.0,14.9,65,2.9,北北西,0.0,0.0,晴れ,20.0
2025921,23:00,0.0,18.4,13.3,15.2,72,2.1,西,0.0,0.0,晴れ,20.0
2025921,24:00,0.0,19.3,12.6,14.6,65,2.7,北西,0.0,0.0,晴れ,20.0
2025923,01:00,0.0,19.6,14.9,16.9,74,3.1,北北西,0.0,0.0,晴れ,20.0
2025923,02:00,0.0,19.5,14.3,16.3,72,2.8,北北西,0.0,0.0,晴れ,20.0
2025923,03:00,0.0,19.3,13.9,15.9,71,2.8,北,0.0,0.0,晴れ,20.0
2025923,04:00,0.0,19.2,14.3,16.2,73,3.2,北,0.0,0.0,曇,20.0
2025923,05:00,0.0,19.2,14.3,16.2,73,2.5,北,0.0,0.0,曇,20.0
2025923,06:00,0.0,19.2,14.0,16.0,72,2.6,北北東,0.0,0.0,曇,20.0
2025923,07:00,0.0,19.9,14.3,16.3,70,3.0,北,0.1,0.0,曇,20.0
2025923,08:00,0.0,21.9,14.6,16.6,63,2.7,北,0.7,0.0,晴れ,20.0
2025923,09:00,0.0,23.1,15.4,17.5,62,3.5,北北東,1.0,0.0,晴れ,20.0
2025923,10:00,0.0,24.8,15.7,17.8,57,2.7,北北東,1.0,0.0,晴れ,20.0
2025923,11:00,0.0,25.1,15.7,17.9,56,2.7,北北東,0.7,0.0,曇,20.0
2025923,12:00,0.0,24.8,15.2,17.2,55,3.7,北北東,0.3,0.0,曇,20.0
2025923,13:00,0.0,24.8,14.9,16.9,54,3.8,東北東,0.0,0.0,曇,20.0
2025923,14:00,0.0,25.1,15.2,17.2,54,3.3,北東,0.1,0.0,曇,20.0
2025923,15:00,0.0,24.7,15.6,17.7,57,3.2,東北東,0.1,0.0,曇,20.0
2025923,16:00,0.0,24.2,15.4,17.5,58,5.0,北東,0.2,0.0,曇,20.0
2025923,17:00,0.0,23.4,16.2,18.4,64,3.7,北北東,0.0,0.0,曇,20.0
2025923,18:00,0.0,22.6,16.4,18.7,68,2.8,北東,0.0,0.0,晴れ,20.0
2025923,19:00,0.0,22.1,16.2,18.4,69,3.0,北東,0.0,0.0,晴れ,20.0
2025923,20:00,0.0,21.5,16.5,18.7,73,3.0,北北東,0.0,0.0,晴れ,20.0
2025923,21:00,0.0,21.0,16.4,18.7,75,3.2,北北東,0.0,0.0,晴れ,20.0
2025923,22:00,0.0,20.8,16.4,18.7,76,3.1,北北東,0.0,0.0,晴れ,20.0
2025923,23:00,0.0,20.5,16.1,18.3,76,3.2,北北東,0.0,0.0,晴れ,20.0
2025923,24:00,0.0,20.3,16.2,18.3,77,3.6,北北東,0.0,0.0,晴れ,20.0
2025924,01:00,0.0,19.9,16.2,18.4,79,4.0,北北東,0.0,0.0,晴れ,20.0
2025924,02:00,0.0,19.6,15.7,17.8,78,2.0,北北東,0.0,0.0,晴れ,20.0
2025924,03:00,0.0,18.9,15.4,17.5,80,2.6,北,0.0,0.0,晴れ,20.0
2025924,04:00,0.0,18.8,15.5,17.6,81,2.4,北,0.0,0.0,晴れ,20.0
2025924,05:00,0.0,18.5,15.2,17.3,81,2.3,北,0.0,0.0,晴れ,20.0
2025924,06:00,0.0,18.5,15.0,17.0,80,3.2,北北東,0.0,0.0,晴れ,20.0
2025924,07:00,0.0,19.9,15.4,17.4,75,2.8,北北東,0.9,0.0,晴れ,20.0
2025924,08:00,0.0,22.5,16.3,18.5,68,2.5,北北東,1.0,0.0,晴れ,20.0
2025924,09:00,0.0,24.3,15.8,17.9,59,2.1,北東,1.0,0.0,晴れ,20.0
2025924,10:00,0.0,24.8,14.6,16.6,53,3.7,北東,1.0,0.0,晴れ,20.0
2025924,11:00,0.0,25.5,14.3,16.3,50,2.3,北北東,0.8,0.0,晴れ,20.0
2025924,12:00,0.0,26.1,14.3,16.2,48,4.1,東北東,0.8,0.0,晴れ,20.0
2025924,13:00,0.0,26.2,14.7,16.7,49,3.6,東,0.6,0.0,晴れ,20.0
2025924,14:00,0.0,26.3,14.1,16.1,47,4.9,東北東,0.7,0.0,晴れ,20.0
2025924,15:00,0.0,25.8,14.0,16.0,48,4.0,東,0.8,0.0,晴れ,20.0
2025924,16:00,0.0,25.4,13.9,15.9,49,4.1,東,0.5,0.0,晴れ,20.0
2025924,17:00,0.0,24.5,13.1,15.1,49,4.8,東北東,0.5,0.0,晴れ,20.0
2025924,18:00,0.0,23.3,14.9,16.9,59,3.2,東,0.0,0.0,晴れ,20.0
2025924,19:00,0.0,22.6,15.7,17.8,65,4.0,東,0.0,0.0,晴れ,20.0
2025924,20:00,0.0,22.0,16.1,18.2,69,4.0,東北東,0.0,0.0,晴れ,20.0
2025924,21:00,0.0,21.7,16.2,18.4,71,3.7,北東,0.0,0.0,晴れ,20.0
2025924,22:00,0.0,21.4,16.2,18.4,72,2.9,北東,0.0,0.0,晴れ,20.0
2025924,23:00,0.0,21.4,16.2,18.4,72,2.5,北東,0.0,0.0,晴れ,20.0
2025924,24:00,0.0,21.2,16.2,18.4,73,2.0,東北東,0.0,0.0,晴れ,20.0
2025101,01:00,0.0,23.4,18.7,21.6,75,1.7,北,0.0,0.0,,
2025101,02:00,0.0,22.8,18.8,21.7,78,0.3,南東,0.0,0.0,,
2025101,03:00,0.0,23.0,17.7,20.2,72,1.1,南,0.0,0.0,晴れ,25.0
2025101,04:00,0.0,22.8,17.9,20.5,74,0.9,南南西,0.0,0.0,,
2025101,05:00,0.0,22.5,17.9,20.4,75,0.8,南,0.0,0.0,,
2025101,06:00,0.0,22.2,17.8,20.3,76,0.8,南西,0.0,0.00,晴れ,30.0
2025101,07:00,0.0,22.6,18.4,21.1,77,1.1,南,0.7,0.25,,
2025101,08:00,0.0,23.1,18.4,21.2,75,1.3,南南東,0.8,0.73,,
2025101,09:00,0.0,25.0,17.7,20.3,64,1.0,南,1.0,1.68,晴れ,15.0
2025101,10:00,0.0,27.2,18.5,21.3,59,1.9,南南西,0.5,1.72,,
2025101,11:00,0.0,26.9,17.4,19.9,56,1.5,西北西,0.7,2.19,,
2025101,12:00,0.0,27.3,17.5,20.0,55,2.0,西南西,0.8,2.46,晴れ,30.0
2025101,13:00,0.0,28.3,18.1,20.8,54,3.4,南西,1.0,2.85,,
2025101,14:00,0.0,28.0,17.8,20.4,54,3.8,南西,1.0,2.58,,
2025101,15:00,0.0,28.1,17.3,19.8,52,4.1,西南西,1.0,2.07,晴れ,25.0
2025101,16:00,0.0,27.3,15.0,17.1,47,3.8,西南西,1.0,1.46,,
2025101,17:00,0.0,26.7,16.6,18.9,54,2.5,西,1.0,0.75,,
2025101,18:00,0.0,25.7,17.1,19.5,59,3.1,北北西,0.2,0.08,晴れ,25.0
2025101,19:00,0.0,25.1,16.5,18.8,59,3.2,北,0.0,0.00,,
2025101,20:00,0.0,24.2,16.2,18.4,61,2.9,北東,0.0,0.0,,
2025101,21:00,0.0,23.7,15.2,17.3,59,3.1,北東,0.0,0.0,晴れ,20.0
2025101,22:00,0.0,22.9,15.0,17.0,61,2.2,北北東,0.0,0.0,,
2025101,23:00,0.0,22.4,14.5,16.5,61,2.0,北北東,0.0,0.0,,
2025101,24:00,0.0,21.7,14.6,16.6,64,3.1,北北東,0.0,0.0,,
2025102,01:00,0.0,21.7,14.6,16.6,64,1.5,北,0.0,0.0,,
2025102,02:00,0.0,21.0,14.9,16.9,68,1.8,北北東,0.0,0.0,,
2025102,03:00,0.0,20.6,15.0,17.0,70,2.5,北北東,0.0,0.0,薄曇,20.0
2025102,04:00,0.0,20.2,15.0,17.0,72,1.8,北北東,0.0,0.0,,
2025102,05:00,0.0,19.7,15.4,17.4,76,1.7,北,0.0,0.0,,
2025102,06:00,0.0,20.0,15.0,17.1,73,1.6,北北東,0.0,0.00,薄曇,25.0
2025102,07:00,0.0,20.5,15.3,17.4,72,2.2,北北東,0.6,0.26,,
2025102,08:00,0.0,21.8,15.6,17.8,68,2.2,北北東,0.4,0.69,,
2025102,09:00,0.0,24.2,15.7,17.8,59,3.5,北北東,1.0,1.64,晴れ,30.0
2025102,10:00,0.0,24.9,15.3,17.3,55,1.7,北東,1.0,2.27,,
2025102,11:00,0.0,26.1,15.8,17.9,53,1.8,北北東,0.5,1.56,,
2025102,12:00,0.0,27.4,15.4,17.5,48,1.4,東北東,0.8,2.26,晴れ,50.0
2025102,13:00,0.0,26.7,13.8,15.8,45,1.4,北西,0.7,1.95,,
2025102,14:00,0.0,27.6,16.3,18.5,50,2.0,北西,0.2,1.20,,
2025102,15:00,0.0,27.1,15.2,17.2,48,1.5,西,0.1,0.75,薄曇,40.0
2025102,16:00,0.0,27.1,15.2,17.2,48,2.0,南西,0.9,1.28,,
2025102,17:00,0.0,26.9,14.0,16.0,45,1.8,南西,0.0,0.38,,
2025102,18:00,0.0,26.4,15.2,17.2,50,1.0,西北西,0.0,0.03,曇,25.0
2025102,19:00,0.0,25.1,15.7,17.9,56,3.9,北北東,0.0,0.00,,
2025102,20:00,0.0,24.6,15.3,17.3,56,3.5,北北東,0.0,0.0,,
2025102,21:00,0.0,23.9,15.7,17.8,60,3.5,北北東,0.0,0.0,曇,25.0
2025102,22:00,0.0,23.5,15.8,18.0,62,3.2,北北東,0.0,0.0,,
2025102,23:00,0.0,23.0,16.1,18.3,65,2.0,北北東,0.0,0.0,,
2025102,24:00,0.0,22.8,16.1,18.3,66,2.9,北北東,0.0,0.0,,
2025103,01:00,0.0,18.7,14.6,16.6,77,0.7,北西,0.0,0.0,晴れ,20.0
2025103,02:00,0.0,18.3,14.8,16.8,80,1.5,北西,0.0,0.0,晴れ,20.0
2025103,03:00,0.0,17.9,14.4,16.4,80,1.6,西,0.0,0.0,晴れ,20.0
2025103,04:00,0.0,17.1,14.6,16.6,85,1.7,東南東,0.0,0.0,晴れ,20.0
2025103,05:00,0.0,16.3,14.5,16.5,89,1.9,西,0.0,0.0,晴れ,20.0
2025103,06:00,0.0,17.4,14.1,16.1,81,1.9,西北西,0.1,0.02,晴れ,20.0
2025103,07:00,0.0,19.0,14.5,16.5,75,1.6,西南西,1.0,0.47,晴れ,20.0
2025103,08:00,0.0,20.7,15.5,17.6,72,0.8,南,1.0,1.05,晴れ,20.0
2025103,09:00,0.0,22.5,15.6,17.7,65,0.2,静穏,0.9,1.46,晴れ,20.0
2025103,10:00,0.0,23.7,15.5,17.6,60,1.1,東南東,1.0,1.97,晴れ,20.0
2025103,11:00,0.0,25.1,13.7,15.6,49,1.0,東北東,0.9,2.36,晴れ,20.0
2025103,12:00,0.0,27.2,16.2,18.4,51,2.1,南南東,1.0,2.39,晴れ,20.0
2025103,13:00,0.0,26.8,16.4,18.7,53,4.2,南東,1.0,2.50,晴れ,20.0
2025103,14:00,0.0,27.0,13.7,15.7,44,4.6,南南東,1.0,2.26,晴れ,20.0
2025103,15:00,0.0,25.6,14.4,16.4,50,4.6,南南東,0.9,1.47,晴れ,20.0
2025103,16:00,0.0,24.9,14.7,16.7,53,4.8,南,1.0,1.04,晴れ,20.0
2025103,17:00,0.0,23.1,16.7,18.9,67,3.0,南南東,0.7,0.30,晴れ,20.0
2025103,18:00,0.0,22.6,16.2,18.4,67,3.2,南,0.0,0.00,晴れ,20.0
2025103,19:00,0.0,21.8,17.0,19.3,74,1.1,南西,0.0,0.0,曇,20.0
2025103,20:00,0.0,21.2,17.2,19.6,78,1.0,南西,0.0,0.0,曇,20.0
2025103,21:00,0.0,20.9,16.1,18.3,74,0.6,東南東,0.0,0.0,曇,20.0
2025103,22:00,0.0,18.9,15.8,17.9,82,2.3,北北西,0.0,0.0,晴れ,20.0
2025103,23:00,0.0,18.4,15.5,17.6,83,2.7,北西,0.0,0.0,晴れ,20.0
2025103,24:00,0.0,18.3,14.8,16.8,80,3.1,北西,0.0,0.0,晴れ,20.0
2025104,01:00,0.0,18.0,14.5,16.5,80,3.7,北西,0.0,0.0,晴れ,20.0
2025104,02:00,0.0,17.6,14.7,16.7,83,3.4,北北西,0.0,0.0,晴れ,20.0
2025104,03:00,0.0,17.5,15.0,17.0,85,4.2,北西,0.0,0.0,晴れ,20.0
2025104,04:00,0.0,17.2,15.0,17.1,87,3.1,北北西,0.0,0.0,晴れ,20.0
2025104,05:00,0.0,16.9,15.3,17.3,90,3.4,北西,0.0,0.0,晴れ,15.8
2025104,06:00,0.0,17.4,15.4,17.5,88,2.3,北北西,0.0,0.01,晴れ,17.5
2025104,07:00,0.0,17.7,15.5,17.6,87,2.2,北北西,0.0,0.19,曇,19.3
2025104,08:00,0.0,18.4,16.0,18.2,86,1.9,北北西,0.0,0.39,曇,18.9
2025104,09:00,0.0,19.4,16.8,19.2,85,1.6,北北西,0.0,0.69,曇,14.8
2025104,10:00,0.0,21.4,17.2,19.6,77,1.8,南東,0.3,1.58,晴れ,16.9
2025104,11:00,0.0,23.2,18.1,20.8,73,2.7,南東,0.6,1.93,晴れ,20.0
2025104,12:00,0.0,23.2,17.0,19.3,68,3.2,南南東,0.9,2.56,晴れ,20.0
2025104,13:00,0.0,23.1,16.4,18.7,66,6.2,南東,0.8,2.36,曇,20.0
2025104,14:00,0.0,23.3,17.1,19.5,68,4.4,南東,0.2,1.26,曇,20.0
2025104,15:00,0.0,22.5,17.4,19.9,73,4.8,南南東,0.2,0.88,雨,20.0
2025104,16:00,0.0,22.5,17.4,19.9,73,5.0,南東,0.0,0.36,曇,20.0
2025104,17:00,0.0,22.1,16.8,19.2,72,4.3,南東,0.0,0.11,曇,20.0
2025104,18:00,0.0,22.0,17.6,20.1,76,3.8,南,0.0,0.00,曇,20.0
2025104,19:00,0.0,21.9,18.1,20.8,79,2.9,南,0.0,0.0,曇,20.0
2025104,20:00,0.0,21.6,18.2,20.9,81,1.5,南南西,0.0,0.0,曇,20.0
2025104,21:00,0.0,21.4,17.8,20.4,80,2.1,南西,0.0,0.0,曇,20.0
2025104,22:00,0.0,20.8,18.0,20.6,84,1.5,南南西,0.0,0.0,雨,20.0
2025104,23:00,0.0,20.7,17.7,20.3,83,2.1,南,0.0,0.0,雨,20.0
2025104,24:00,0.0,20.5,18.1,20.7,86,1.0,南,0.0,0.0,曇,20.0
