日付,時刻,降水量(mm),気温(°C),露点温度(°C),蒸気圧(hPa),湿度(%),風速(m/s),風向,日照時間(h),全天日射量(MJ/㎡),天気,視程(km)
2025328,01:00,0.0,15.8,14.9,16.9,94,3.1,西,0.0,0.0,雨,5.50
2025328,02:00,2.0,14.2,13.7,15.7,97,5.8,北北西,0.0,0.0,雨,1.57
2025328,03:00,0.0,13.7,13.4,15.4,98,4.3,北北西,0.0,0.0,雨,3.29
2025328,04:00,0.5,13.3,12.7,14.7,96,2.9,北北西,0.0,0.0,雨,3.63
2025328,05:00,0.0,13.3,12.0,14.1,92,3.2,北西,0.0,0.0,曇,9.05
2025328,06:00,0.0,13.6,11.3,13.4,86,2.2,北西,0.0,0.00,曇,11.0
2025328,07:00,0.0,13.5,11.6,13.6,88,3.0,北西,0.0,0.02,雨,9.87
2025328,08:00,1.0,12.8,11.7,13.7,93,3.4,北北西,0.0,0.06,雨,4.76
2025328,09:00,0.0,13.4,11.6,13.7,89,2.8,西北西,0.0,0.28,曇,11.7
2025328,10:00,0.5,13.3,11.4,13.4,88,2.6,西北西,0.0,0.24,雨,8.24
2025328,11:00,0.5,12.0,9.9,12.2,87,4.1,西南西,0.0,0.26,雨,10.5
2025328,12:00,0.0,11.7,8.9,11.4,83,2.1,西北西,0.0,0.62,曇,11.8
2025328,13:00,0.0,11.7,7.0,10.0,73,3.3,西,0.0,0.73,曇,12.7
2025328,14:00,0.0,12.5,5.9,9.3,64,5.7,西北西,0.0,1.13,曇,15.9
2025328,15:00,0.0,13.5,5.7,9.1,59,5.0,西北西,0.8,2.23,曇,15.9
2025328,16:00,0.0,12.4,6.2,9.5,66,4.2,西南西,0.3,1.15,曇,13.4
2025328,17:00,0.0,12.5,6.6,9.7,67,3.1,西北西,0.0,0.41,曇,13.4
2025328,18:00,0.0,12.3,8.4,11.0,77,3.2,北,0.0,0.06,曇,16.9
2025328,19:00,0.0,12.4,6.7,9.8,68,6.3,北,0.0,0.01,曇,20.0
2025328,20:00,0.0,12.2,6.5,9.7,68,5.2,北,0.0,0.00,曇,20.0
2025328,21:00,0.0,12.1,6.6,9.7,69,6.3,北,0.0,0.0,曇,20.0
2025328,22:00,0.0,11.6,7.5,10.4,76,6.7,北,0.0,0.0,曇,20.0
2025328,23:00,0.0,10.9,6.7,9.8,75,6.7,北北東,0.0,0.0,曇,20.0
2025328,24:00,0.0,10.7,6.1,9.4,73,5.8,北北東,0.0,0.0,曇,20.0
2025329,01:00,0.0,10.4,5.4,9.0,71,3.4,北東,0.0,0.0,曇,20.0
2025329,02:00,0.0,10.3,5.5,9.0,72,3.5,北北東,0.0,0.0,曇,20.0
2025329,03:00,0.0,10.1,4.7,8.5,69,3.0,北北東,0.0,0.0,曇,20.0
2025329,04:00,0.0,10.0,4.8,8.6,70,1.7,北北東,0.0,0.0,曇,20.0
2025329,05:00,0.0,9.9,4.3,8.3,68,2.1,北北東,0.0,0.0,曇,20.0
2025329,06:00,0.0,9.3,4.1,8.2,70,1.4,北北東,0.0,0.00,晴れ,20.0
2025329,07:00,0.0,9.8,5.2,8.8,73,1.3,西北西,0.4,0.16,晴れ,20.0
2025329,08:00,0.0,11.2,5.1,8.8,66,1.0,西北西,0.9,0.73,曇,20.0
2025329,09:00,0.0,12.1,1.1,6.6,47,4.2,北,0.6,1.26,曇,20.0
2025329,10:00,0.0,12.4,1.7,6.9,48,3.6,北北西,0.7,1.68,曇,20.0
2025329,11:00,0.0,13.6,1.3,6.7,43,4.0,北,0.8,2.35,曇,20.0
2025329,12:00,0.0,13.7,2.6,7.4,47,5.2,北北西,0.7,2.46,雨,20.0
2025329,13:00,0.0,13.0,0.7,6.4,43,5.2,北北西,0.3,1.60,曇,20.0
2025329,14:00,0.0,13.8,-1.4,5.5,35,6.0,北北西,1.0,2.78,晴れ,20.0
2025329,15:00,0.0,12.1,-4.1,4.5,32,4.9,北西,0.1,1.36,曇,20.0
2025329,16:00,0.0,11.8,-4.3,4.4,32,3.7,西,0.0,0.67,曇,20.0
2025329,17:00,0.0,11.2,-7.1,3.6,27,5.0,西,0.0,0.52,曇,20.0
2025329,18:00,0.0,10.7,-4.5,4.4,34,3.5,西北西,0.0,0.21,曇,20.0
2025329,19:00,0.0,10.5,-2.9,5.0,39,2.8,西,0.0,0.02,曇,20.0
2025329,20:00,0.0,10.4,-1.6,5.4,43,2.4,西,0.0,0.00,曇,20.0
2025329,21:00,0.0,10.2,-0.9,5.7,46,3.0,西北西,0.0,0.0,曇,20.0
2025329,22:00,0.0,9.9,-0.6,5.9,48,3.6,北西,0.0,0.0,曇,20.0
2025329,23:00,0.0,9.6,0.2,6.2,52,4.5,西北西,0.0,0.0,曇,20.0
2025329,24:00,0.0,9.2,-0.4,5.9,51,4.6,西北西,0.0,0.0,曇,20.0
2025330,01:00,0.0,8.8,-1.6,5.4,48,3.4,西北西,0.0,0.0,曇,20.0
2025330,02:00,0.0,8.7,-2.0,5.3,47,4.9,北西,0.0,0.0,曇,20.0
2025330,03:00,0.0,8.5,-2.2,5.2,47,6.2,北北西,0.0,0.0,曇,20.0
2025330,04:00,0.0,8.1,-3.1,4.9,45,7.2,北北西,0.0,0.0,曇,20.0
2025330,05:00,0.0,7.4,-5.6,4.0,39,7.3,北,0.0,0.0,曇,20.0
2025330,06:00,0.0,6.8,-5.8,4.0,40,7.7,北,0.0,0.00,曇,20.0
2025330,07:00,0.0,6.9,-4.8,4.3,43,6.7,北,0.0,0.07,曇,20.0
2025330,08:00,0.0,7.7,-5.4,4.1,39,7.6,北,0.7,0.75,曇,20.0
2025330,09:00,0.0,8.6,-6.0,3.9,35,6.1,北,1.0,1.60,晴れ,20.0
2025330,10:00,0.0,8.9,-5.7,4.0,35,7.5,北,1.0,2.36,晴れ,20.0
2025330,11:00,0.0,8.9,-5.3,4.1,36,7.1,北北西,1.0,2.76,晴れ,20.0
2025330,12:00,0.0,9.0,-4.2,4.5,39,6.5,北,1.0,3.23,晴れ,20.0
2025330,13:00,0.0,8.9,-3.6,4.7,41,7.0,北,0.8,2.88,曇,20.0
2025330,14:00,0.0,8.8,-3.7,4.6,41,6.5,北北西,1.0,2.86,晴れ,20.0
2025330,15:00,0.0,8.3,-3.8,4.6,42,6.2,北,0.7,1.98,曇,20.0
2025330,16:00,0.0,7.9,-3.3,4.8,45,6.5,北,0.1,1.18,曇,20.0
2025330,17:00,0.0,7.2,-3.9,4.6,45,7.1,北,0.1,0.86,曇,20.0
2025330,18:00,0.0,7.3,-3.8,4.6,45,5.9,北,0.0,0.36,曇,20.0
2025330,19:00,0.0,6.6,-5.1,4.2,43,3.4,北東,0.0,0.03,曇,20.0
2025330,20:00,0.0,6.5,-5.2,4.2,43,2.9,北北東,0.0,0.00,曇,20.0
2025330,21:00,0.0,6.6,-4.2,4.5,46,2.6,北北東,0.0,0.0,曇,20.0
2025330,22:00,0.0,6.5,-5.5,4.1,42,2.5,北北東,0.0,0.0,曇,20.0
2025330,23:00,0.0,6.2,-6.1,3.9,41,2.4,東北東,0.0,0.0,曇,20.0
2025330,24:00,0.0,5.7,-5.3,4.1,45,1.5,北北東,0.0,0.0,曇,20.0
202541,01:00,0.0,0.9,-5.5,4.0,62,2.9,南南東,0.0,0.0,晴れ,20.0
202541,02:00,0.0,0.0,-5.2,4.2,68,3.2,南南東,0.0,0.0,晴れ,20.0
202541,03:00,0.0,0.2,-5.2,4.2,67,3.5,東南東,0.0,0.0,晴れ,20.0
202541,04:00,0.0,-0.3,-5.1,4.2,70,3.0,東南東,0.0,0.0,晴れ,20.0
202541,05:00,0.0,-0.2,-4.3,4.5,74,3.0,東南東,0.0,0.00,晴れ,20.0
202541,06:00,0.0,0.5,-3.4,4.8,75,3.2,南東,0.0,0.05,晴れ,20.0
202541,07:00,0.0,1.9,-2.4,5.1,73,4.4,南東,0.9,0.56,晴れ,20.0
202541,08:00,0.0,2.6,-1.9,5.3,72,5.2,南東,1.0,1.32,晴れ,20.0
202541,09:00,0.0,4.7,-1.1,5.6,66,5.6,南南東,1.0,2.00,晴れ,20.0
202541,10:00,0.5,5.4,-0.2,6.0,67,6.4,南東,1.0,2.57,雨,20.0
202541,11:00,0.0,6.4,-0.1,6.1,63,6.9,南南東,1.0,2.92,晴れ,20.0
202541,12:00,0.0,7.0,-0.2,6.0,60,5.7,南南東,1.0,3.08,晴れ,20.0
202541,13:00,0.0,8.0,0.0,6.1,57,6.1,南南東,1.0,3.26,晴れ,20.0
202541,14:00,0.0,7.7,-1.5,5.5,52,7.7,南南東,0.9,2.81,晴れ,20.0
202541,15:00,0.0,7.6,-2.1,5.2,50,7.3,南東,1.0,2.31,晴れ,20.0
202541,16:00,0.0,7.1,-0.3,6.0,59,8.1,南南東,1.0,1.53,晴れ,20.0
202541,17:00,0.0,6.1,-0.4,5.9,63,4.9,南東,0.9,0.79,晴れ,20.0
202541,18:00,0.0,4.9,-0.5,5.9,68,7.0,南南東,0.4,0.15,晴れ,20.0
202541,19:00,0.0,4.5,-0.7,5.8,69,5.9,南南東,0.0,0.00,晴れ,20.0
202541,20:00,0.0,4.5,-1.1,5.6,67,4.4,南東,0.0,0.0,晴れ,20.0
202541,21:00,0.0,4.4,-1.0,5.7,68,4.1,南南東,0.0,0.0,晴れ,20.0
202541,22:00,0.0,4.1,-0.5,5.9,72,4.6,南東,0.0,0.0,晴れ,20.0
202541,23:00,0.0,3.8,-1.8,5.4,67,4.4,南東,0.0,0.0,晴れ,20.0
202541,24:00,0.0,3.7,-1.6,5.4,68,4.2,東南東,0.0,0.0,晴れ,20.0
202542,01:00,0.0,3.8,-1.2,5.6,70,4.8,南南東,0.0,0.0,晴れ,20.0
202542,02:00,0.0,3.7,-0.7,5.8,73,3.6,南東,0.0,0.0,晴れ,20.0
202542,03:00,0.0,3.7,-0.3,6.0,75,3.9,南東,0.0,0.0,晴れ,20.0
202542,04:00,0.0,4.1,-0.3,6.0,73,2.8,南南東,0.0,0.0,曇,20.0
202542,05:00,0.0,4.2,-0.2,6.0,73,4.3,南南東,0.0,0.00,曇,20.0
202542,06:00,0.0,4.5,-0.3,6.0,71,3.1,南東,0.0,0.03,曇,20.0
202542,07:00,0.0,5.0,0.0,6.1,70,4.6,南南東,0.0,0.20,曇,20.0
202542,08:00,0.0,5.7,0.5,6.3,69,4.7,南南東,0.1,0.66,曇,20.0
202542,09:00,0.0,6.4,-0.6,5.9,61,5.3,南,0.0,0.99,曇,20.0
202542,10:00,0.0,6.7,-3.0,4.9,50,5.6,南南東,0.0,1.13,曇,20.0
202542,11:00,0.0,6.5,-1.9,5.3,55,6.1,南南東,0.0,0.96,曇,20.0
202542,12:00,0.0,7.5,-3.9,4.6,44,5.7,南南東,0.0,1.27,曇,20.0
202542,13:00,0.0,7.4,-4.3,4.4,43,3.3,南南東,0.0,0.92,曇,20.0
202542,14:00,0.0,8.0,-3.5,4.7,44,2.6,南南東,0.0,0.90,曇,20.0
202542,15:00,0.0,6.2,-0.3,6.0,63,2.7,南東,0.0,0.52,雨,20.0
202542,16:00,0.5,4.9,1.9,7.0,81,3.4,南南東,0.0,0.32,雨,17.3
202542,17:00,0.0,4.6,1.8,7.0,82,0.3,西南西,0.0,0.17,雨,20.0
202542,18:00,0.0,4.7,1.7,6.9,81,0.8,北,0.0,0.05,曇,20.0
202542,19:00,0.0,3.8,1.8,7.0,87,1.7,北東,0.0,0.00,曇,20.0
202542,20:00,0.0,3.8,1.8,7.0,87,1.1,西北西,0.0,0.0,曇,20.0
202542,21:00,0.0,3.9,2.1,7.1,88,2.1,西北西,0.0,0.0,曇,14.5
202542,22:00,0.0,4.0,2.0,7.1,87,1.3,北北西,0.0,0.0,雨,16.6
202542,23:00,0.5,3.7,1.4,6.8,85,3.1,北西,0.0,0.0,雨,16.6
202542,24:00,0.0,3.0,1.7,6.9,91,3.7,西南西,0.0,0.0,雨,20.0
202544,01:00,0.0,9.6,3.4,7.8,65,2.3,北東,0.0,0.0,晴れ,20.0
202544,02:00,0.0,8.4,3.9,8.0,73,2.1,南西,0.0,0.0,晴れ,20.0
202544,03:00,0.0,8.2,3.5,7.8,72,1.6,西南西,0.0,0.0,晴れ,20.0
202544,04:00,0.0,7.4,3.5,7.8,76,0.4,南南東,0.0,0.0,晴れ,20.0
202544,05:00,0.0,6.9,3.5,7.9,79,0.1,静穏,0.0,0.0,晴れ,20.0
202544,06:00,0.0,7.0,3.6,7.9,79,1.1,南南西,0.0,0.00,晴れ,20.0
202544,07:00,0.0,7.9,3.6,7.9,74,1.1,南,0.5,0.18,晴れ,20.0
202544,08:00,0.0,10.0,4.2,8.2,67,0.8,南南東,1.0,0.85,晴れ,20.0
202544,09:00,0.0,11.6,4.1,8.2,60,3.5,北,1.0,1.65,晴れ,20.0
202544,10:00,0.0,13.2,4.9,8.6,57,3.2,北,1.0,2.32,晴れ,20.0
202544,11:00,0.0,14.4,5.8,9.2,56,5.4,北,1.0,2.86,晴れ,20.0
202544,12:00,0.0,15.2,6.8,9.8,57,5.2,北北西,1.0,3.09,晴れ,20.0
202544,13:00,0.0,15.3,6.3,9.6,55,6.8,北,1.0,3.29,晴れ,20.0
202544,14:00,0.0,15.3,6.1,9.4,54,5.6,北,1.0,3.15,晴れ,20.0
202544,15:00,0.0,15.2,6.8,9.8,57,6.5,北,1.0,2.77,晴れ,20.0
202544,16:00,0.0,14.8,6.6,9.8,58,6.1,北北西,1.0,2.13,晴れ,20.0
202544,17:00,0.0,13.8,6.4,9.6,61,5.5,北北西,1.0,1.41,晴れ,20.0
202544,18:00,0.0,12.7,5.4,9.0,61,3.7,北西,1.0,0.63,晴れ,20.0
202544,19:00,0.0,12.2,5.4,9.0,63,2.6,北北西,0.2,0.08,晴れ,7.72
202544,20:00,0.0,11.9,5.3,8.9,64,2.5,北北西,0.0,0.00,晴れ,20.0
202544,21:00,0.0,11.5,5.4,9.0,66,0.8,西南西,0.0,0.0,晴れ,20.0
202544,22:00,0.0,10.6,5.0,8.7,68,1.8,西南西,0.0,0.0,晴れ,20.0
202544,23:00,0.0,10.0,3.7,8.0,65,0.9,南南東,0.0,0.0,晴れ,20.0
202544,24:00,0.0,9.9,2.3,7.2,59,1.0,南,0.0,0.0,曇,20.0
202545,01:00,0.0,9.5,3.3,7.7,65,2.1,南南東,0.0,0.0,曇,20.0
202545,02:00,0.0,9.5,3.0,7.6,64,1.7,南南東,0.0,0.0,曇,20.0
202545,03:00,0.0,9.6,3.6,7.9,66,1.4,南,0.0,0.0,曇,20.0
202545,04:00,0.0,10.1,3.6,7.9,64,0.9,南,0.0,0.0,曇,20.0
202545,05:00,0.0,10.4,3.4,7.8,62,1.3,南南東,0.0,0.0,曇,20.0
202545,06:00,0.0,10.3,2.7,7.4,59,2.4,南東,0.0,0.00,曇,20.0
202545,07:00,0.0,10.6,2.2,7.2,56,3.1,南南東,0.0,0.09,曇,20.0
202545,08:00,0.0,11.2,2.8,7.4,56,1.9,東南東,0.0,0.41,曇,20.0
202545,09:00,0.0,13.2,3.6,7.9,52,2.4,南東,0.4,1.01,曇,20.0
202545,10:00,0.0,15.2,3.0,7.6,44,3.3,東南東,0.9,2.00,曇,20.0
202545,11:00,0.0,17.4,1.4,6.8,34,4.6,南南西,0.8,2.08,曇,20.0
202545,12:00,0.0,18.6,3.3,7.7,36,4.2,南南西,1.0,2.73,晴れ,20.0
202545,13:00,0.0,18.3,4.8,8.6,41,3.9,南南西,0.7,2.33,曇,20.0
202545,14:00,0.0,18.0,5.6,9.1,44,5.8,南南西,0.3,1.93,曇,20.0
202545,15:00,0.0,18.4,6.6,9.7,46,4.1,南南西,0.4,1.83,曇,20.0
202545,16:00,0.0,18.3,6.8,9.9,47,4.1,南,0.2,1.02,曇,20.0
202545,17:00,0.0,17.5,9.4,11.8,59,3.9,南,0.1,0.54,雨,20.0
202545,18:00,0.0,17.5,9.4,11.8,59,3.0,南,0.0,0.21,雷電,20.0
202545,19:00,0.0,16.0,9.2,11.6,64,4.4,南南東,0.0,0.05,曇,20.0
202545,20:00,0.0,15.7,9.6,12.0,67,3.4,南南東,0.0,0.00,雷電,20.0
202545,21:00,0.0,15.9,9.8,12.1,67,3.7,南南東,0.0,0.0,晴れ,20.0
202545,22:00,0.0,14.7,10.1,12.4,74,2.2,南東,0.0,0.0,曇,20.0
202545,23:00,0.0,15.1,10.9,13.0,76,1.3,北北西,0.0,0.0,曇,20.0
202545,24:00,0.0,14.8,11.0,13.1,78,0.3,南,0.0,0.0,晴れ,20.0
202546,01:00,0.0,15.2,10.6,12.8,74,2.5,西南西,0.0,0.0,晴れ,20.0
202546,02:00,0.0,14.6,10.4,12.6,76,3.0,西南西,0.0,0.0,晴れ,20.0
202546,03:00,0.0,14.1,10.0,12.2,76,1.7,西南西,0.0,0.0,晴れ,20.0
202546,04:00,0.0,13.8,9.9,12.1,77,2.9,西南西,0.0,0.0,晴れ,20.0
202546,05:00,0.0,13.4,9.1,11.5,75,1.4,南西,0.0,0.0,晴れ,20.0
202546,06:00,0.0,13.2,8.3,10.9,72,1.8,南西,0.0,0.00,晴れ,18.9
202546,07:00,0.0,13.6,8.9,11.4,73,2.0,西,0.0,0.14,晴れ,16.2
202546,08:00,0.0,14.0,6.4,9.6,60,4.1,西南西,0.7,0.77,晴れ,13.8
202546,09:00,0.0,15.1,5.9,9.3,54,2.6,西南西,1.0,1.61,晴れ,20.0
202546,10:00,0.0,15.5,4.6,8.5,48,5.8,北西,1.0,2.41,晴れ,20.0
202546,11:00,0.0,16.3,3.7,8.0,43,6.8,北北西,1.0,2.99,晴れ,20.0
202546,12:00,0.0,16.2,3.3,7.7,42,6.6,北西,1.0,3.34,晴れ,20.0
202546,13:00,0.0,16.8,0.5,6.3,33,5.4,北西,1.0,3.45,晴れ,20.0
202546,14:00,0.0,17.0,1.0,6.6,34,5.3,北北西,1.0,3.27,晴れ,20.0
202546,15:00,0.0,18.5,3.2,7.7,36,3.9,北西,1.0,2.88,晴れ,20.0
202546,16:00,0.0,16.7,3.1,7.6,40,4.1,北北西,1.0,2.26,晴れ,20.0
202546,17:00,0.0,15.4,4.5,8.4,48,3.7,北北西,1.0,1.49,晴れ,20.0
202546,18:00,0.0,14.5,4.5,8.4,51,4.0,北西,1.0,0.69,晴れ,20.0
202546,19:00,0.0,13.8,4.9,8.7,55,2.1,西北西,0.3,0.09,晴れ,20.0
202546,20:00,0.0,13.1,5.0,8.7,58,1.8,西,0.0,0.00,晴れ,20.0
202546,21:00,0.0,12.8,5.0,8.7,59,2.1,西南西,0.0,0.0,晴れ,20.0
202546,22:00,0.0,12.1,4.1,8.2,58,1.9,南,0.0,0.0,晴れ,20.0
202546,23:00,0.0,11.4,4.2,8.2,61,1.0,南南西,0.0,0.0,晴れ,20.0
202546,24:00,0.0,10.9,2.5,7.3,56,1.9,東南東,0.0,0.0,晴れ,20.0
202548,01:00,0.0,12.4,4.4,8.4,58,1.8,北北東,0.0,0.0,,
202548,02:00,0.0,11.7,4.9,8.7,63,1.7,北,0.0,0.0,,
202548,03:00,0.0,11.0,4.9,8.7,66,1.2,北,0.0,0.0,快晴,20.0
202548,04:00,0.0,10.4,4.8,8.6,68,1.7,北北東,0.0,0.0,,
202548,05:00,0.0,10.0,4.8,8.6,70,1.2,北北東,0.0,0.0,,
202548,06:00,0.0,9.6,4.8,8.6,72,1.5,北,0.0,0.02,晴れ,15.0
202548,07:00,0.0,10.4,5.0,8.7,69,1.1,北,0.7,0.41,,
202548,08:00,0.0,12.4,5.1,8.8,61,0.3,南南東,1.0,1.07,,
202548,09:00,0.0,15.2,4.9,8.6,50,0.8,南,1.0,1.50,薄曇,15.0
202548,10:00,0.0,17.2,2.4,7.3,37,1.2,北西,1.0,2.00,,
202548,11:00,0.0,18.5,3.9,8.1,38,2.6,西南西,1.0,2.48,,
202548,12:00,0.0,19.8,3.5,7.9,34,2.6,南西,1.0,3.10,薄曇,20.0
202548,13:00,0.0,21.0,5.8,9.2,37,3.5,西南西,1.0,3.08,,
202548,14:00,0.0,20.9,5.3,8.9,36,4.3,西南西,1.0,2.92,,
202548,15:00,0.0,21.0,2.8,7.5,30,3.2,西南西,1.0,2.56,晴れ,25.0
202548,16:00,0.0,20.2,3.4,7.8,33,3.6,西南西,0.5,1.28,,
202548,17:00,0.0,18.8,7.9,10.6,49,3.4,西,0.1,0.36,,
202548,18:00,0.0,18.3,9.1,11.6,55,2.3,西,0.2,0.27,曇,35.0
202548,19:00,0.0,18.5,6.7,9.8,46,2.2,南西,0.0,0.01,,
202548,20:00,0.0,18.0,7.4,10.3,50,2.2,北西,0.0,0.0,,
202548,21:00,0.0,17.5,4.1,8.2,41,3.4,北北東,0.0,0.0,快晴,25.0
202548,22:00,0.0,16.0,6.2,9.5,52,4.0,北,0.0,0.0,,
202548,23:00,0.0,15.3,7.6,10.4,60,3.4,北北東,0.0,0.0,,
202548,24:00,0.0,15.1,6.4,9.6,56,2.1,北北東,0.0,0.0,,
202549,01:00,0.0,15.4,3.5,7.9,45,1.1,北,0.0,0.0,,
202549,02:00,0.0,13.7,5.4,8.9,57,2.3,北北東,0.0,0.0,,
202549,03:00,0.0,13.6,2.8,7.5,48,1.9,北,0.0,0.0,快晴,15.0
202549,04:00,0.0,13.0,2.3,7.2,48,2.0,北,0.0,0.0,,
202549,05:00,0.0,11.7,4.0,8.1,59,3.0,北北東,0.0,0.0,,
202549,06:00,0.0,11.4,3.9,8.1,60,3.0,北,0.0,0.03,快晴,20.0
202549,07:00,0.0,11.6,4.1,8.2,60,3.0,北,1.0,0.43,,
202549,08:00,0.0,12.7,4.2,8.2,56,3.6,北,1.0,1.17,,
202549,09:00,0.0,14.5,4.8,8.6,52,2.6,北北東,1.0,1.93,晴れ,25.0
202549,10:00,0.0,14.8,3.3,7.7,46,1.3,西北西,1.0,2.56,,
202549,11:00,0.0,16.8,3.1,7.7,40,2.2,西,1.0,3.06,,
202549,12:00,0.0,18.0,2.3,7.2,35,2.0,東北東,1.0,3.35,薄曇,20.0
202549,13:00,0.0,18.4,1.9,7.0,33,2.0,西南西,1.0,3.38,,
202549,14:00,0.0,20.1,1.0,6.6,28,2.5,南南西,1.0,3.10,,
202549,15:00,0.0,20.7,2.5,7.3,30,3.2,南西,1.0,2.35,薄曇,20.0
202549,16:00,0.0,20.4,2.3,7.2,30,1.5,南西,1.0,2.02,,
202549,17:00,0.0,18.7,3.3,7.8,36,2.4,西南西,1.0,1.29,,
202549,18:00,0.0,18.3,3.0,7.6,36,2.2,西南西,1.0,0.49,晴れ,30.0
202549,19:00,0.0,17.4,2.2,7.2,36,1.5,南西,0.1,0.03,,
202549,20:00,0.0,17.2,2.0,7.1,36,1.2,南,0.0,0.0,,
202549,21:00,0.0,17.1,2.3,7.2,37,1.2,南東,0.0,0.0,晴れ,15.0
202549,22:00,0.0,16.4,2.1,7.1,38,0.4,南南東,0.0,0.0,,
202549,23:00,0.0,15.4,3.2,7.7,44,0.6,北東,0.0,0.0,,
202549,24:00,0.0,14.9,3.1,7.6,45,1.0,北北西,0.0,0.0,,
2025410,01:00,0.0,14.3,3.8,8.0,49,1.7,北,0.0,0.0,,
2025410,02:00,0.0,13.7,4.0,8.2,52,0.9,北東,0.0,0.0,,
2025410,03:00,0.0,13.9,3.7,7.9,50,1.3,北北東,0.0,0.0,曇,15.0
2025410,04:00,0.0,13.3,3.9,8.1,53,1.6,北,0.0,0.0,,
2025410,05:00,0.0,13.1,4.0,8.1,54,2.4,北,0.0,0.0,,
2025410,06:00,0.0,13.1,4.5,8.4,56,2.4,北,0.0,0.01,曇,20.0
2025410,07:00,0.0,14.0,4.0,8.2,51,1.9,北,0.0,0.25,,
2025410,08:00,0.0,15.4,4.2,8.2,47,1.7,東北東,0.3,0.77,,
2025410,09:00,0.0,16.3,5.3,8.9,48,2.1,北,0.0,0.82,曇,20.0
2025410,10:00,0.0,17.8,6.1,9.4,46,2.8,北北東,0.2,1.37,,
2025410,11:00,0.0,19.0,7.8,10.5,48,2.2,北,0.0,1.08,,
2025410,12:00,0.0,20.4,8.7,11.3,47,1.7,北東,0.0,1.48,曇,20.0
2025410,13:00,0.0,21.1,10.0,12.3,49,1.5,西北西,0.0,1.38,,
2025410,14:00,0.0,21.3,13.0,14.9,59,2.1,西南西,0.1,1.31,,
2025410,15:00,0.0,19.6,13.8,15.7,69,1.9,西南西,0.1,1.10,曇,10.0
2025410,16:00,0.0,19.8,13.3,15.2,66,2.2,西,0.0,0.55,,
2025410,17:00,0.0,19.5,12.5,14.5,64,2.5,西南西,0.0,0.37,,
2025410,18:00,0.0,18.4,13.5,15.5,73,4.4,南西,0.0,0.04,雨,12.0
2025410,19:00,1.0,16.7,13.4,15.4,81,4.8,南西,0.0,0.00,,
2025410,20:00,2.5,16.4,13.5,15.5,83,2.0,南南西,0.0,0.0,,
2025410,21:00,2.5,15.5,14.2,16.2,92,2.5,南,0.0,0.0,雨,8.00
2025410,22:00,0.5,15.8,13.5,15.4,86,1.8,南南西,0.0,0.0,,
2025410,23:00,0.0,15.6,12.7,14.7,83,1.1,東,0.0,0.0,,
2025410,24:00,0.0,15.6,14.0,16.0,90,1.5,北北西,0.0,0.0,,
2025411,01:00,0.0,16.3,12.7,14.6,79,1.9,西南西,0.0,0.0,曇,20.0
2025411,02:00,0.0,16.2,12.9,14.9,81,0.5,南南西,0.0,0.0,曇,20.0
2025411,03:00,0.0,16.9,12.5,14.4,75,2.8,南西,0.0,0.0,曇,20.0
2025411,04:00,0.0,17.2,11.3,13.3,68,5.7,南南西,0.0,0.0,雨,20.0
2025411,05:00,0.0,17.0,10.4,12.6,65,5.7,南西,0.0,0.0,雨,20.0
2025411,06:00,0.0,16.6,11.3,13.4,71,5.3,南西,0.0,0.0,曇,20.0
2025411,07:00,0.0,16.1,12.9,14.8,81,3.2,西南西,0.0,0.0,曇,20.0
2025411,08:00,0.0,16.4,12.8,14.7,79,1.4,西,0.0,0.0,曇,18.7
2025411,09:00,0.0,16.5,12.9,14.8,79,1.0,北西,0.0,0.0,雨,15.0
2025411,10:00,0.0,17.1,11.6,13.7,70,2.1,西南西,0.0,0.0,曇,20.0
2025411,11:00,0.0,17.5,12.2,14.2,71,1.4,西南西,0.0,0.0,曇,20.0
2025411,12:00,0.0,18.1,12.6,14.5,70,2.5,西南西,0.0,0.0,曇,20.0
2025411,13:00,0.0,17.9,12.1,14.2,69,3.2,西,0.0,0.0,曇,20.0
2025411,14:00,0.0,18.3,12.5,14.5,69,1.8,西南西,0.0,0.0,曇,20.0
2025411,15:00,0.0,18.6,13.7,15.6,73,2.3,西,0.0,0.0,曇,20.0
2025411,16:00,0.0,18.3,13.4,15.4,73,3.1,西北西,0.0,0.0,曇,20.0
2025411,17:00,0.0,17.9,14.0,16.0,78,2.0,西北西,0.0,0.0,曇,20.0
2025411,18:00,0.0,17.6,13.1,15.1,75,3.5,北北西,0.0,0.0,曇,20.0
2025411,19:00,0.5,15.6,13.5,15.4,87,2.4,北東,0.0,0.0,雨,16.3
2025411,20:00,0.0,15.7,13.7,15.7,88,2.4,北北東,0.0,0.0,曇,12.7
2025411,21:00,0.0,15.6,12.5,14.5,82,2.8,北北西,0.0,0.0,曇,19.6
2025411,22:00,0.0,15.1,10.9,13.0,76,3.3,北西,0.0,0.0,曇,20.0
2025411,23:00,0.0,14.4,11.0,13.1,80,3.2,北北西,0.0,0.0,晴れ,20.0
2025411,24:00,0.0,14.1,11.3,13.4,83,3.4,北北西,0.0,0.0,晴れ,20.0
2025412,01:00,0.0,13.6,11.3,13.4,86,3.3,北北西,0.0,0.0,晴れ,20.0
2025412,02:00,0.0,13.1,11.0,13.1,87,2.8,北,0.0,0.0,晴れ,12.4
2025412,03:00,0.0,12.3,10.9,13.0,91,2.7,北北東,0.0,0.0,晴れ,9.45
2025412,04:00,0.0,11.9,10.0,12.3,88,3.7,北北東,0.0,0.0,晴れ,12.9
2025412,05:00,0.0,11.6,9.7,12.0,88,3.3,北北東,0.0,0.0,晴れ,13.7
2025412,06:00,0.0,11.6,9.9,12.2,89,2.5,北北東,0.1,0.0,晴れ,12.9
2025412,07:00,0.0,12.8,10.4,12.6,85,2.4,北,1.0,0.0,晴れ,16.6
2025412,08:00,0.0,13.9,9.8,12.1,76,3.7,北北東,0.9,0.0,晴れ,17.9
2025412,09:00,0.0,15.4,8.6,11.2,64,5.3,北東,1.0,0.0,晴れ,20.0
2025412,10:00,0.0,14.9,9.3,11.7,69,3.6,北東,0.2,0.0,曇,20.0
2025412,11:00,0.0,16.1,9.5,11.9,65,3.5,北東,0.2,0.0,晴れ,20.0
2025412,12:00,0.0,17.4,9.6,11.9,60,6.1,北東,0.4,0.0,曇,20.0
2025412,13:00,0.0,17.8,8.7,11.2,55,6.1,北東,0.6,0.0,晴れ,20.0
2025412,14:00,0.0,18.3,9.1,11.6,55,2.8,北北東,1.0,0.0,晴れ,20.0
2025412,15:00,0.0,17.6,9.0,11.5,57,5.4,東北東,1.0,0.0,晴れ,20.0
2025412,16:00,0.0,16.6,8.8,11.3,60,4.9,東北東,1.0,0.0,晴れ,20.0
2025412,17:00,0.0,15.3,8.5,11.1,64,5.3,東,1.0,0.0,晴れ,20.0
2025412,18:00,0.0,14.3,8.3,10.9,67,4.9,東,0.4,0.0,晴れ,20.0
2025412,19:00,0.0,13.2,8.3,10.9,72,3.3,東,0.0,0.0,晴れ,20.0
2025412,20:00,0.0,12.7,8.6,11.2,76,2.4,東,0.0,0.0,晴れ,20.0
2025412,21:00,0.0,12.1,8.6,11.2,79,3.5,東南東,0.0,0.0,晴れ,20.0
2025412,22:00,0.0,12.0,8.9,11.4,81,3.2,東,0.0,0.0,曇,20.0
2025412,23:00,0.0,12.0,9.0,11.5,82,2.5,東南東,0.0,0.0,曇,20.0
2025412,24:00,0.0,11.9,8.9,11.4,82,3.3,東,0.0,0.0,曇,20.0
2025415,01:00,0.0,9.6,4.6,8.5,71,5.8,西,0.0,0.0,雨,7.57
2025415,02:00,0.5,9.5,6.1,9.4,79,4.0,西北西,0.0,0.0,雨,11.8
2025415,03:00,0.5,9.2,4.8,8.6,74,4.8,西北西,0.0,0.0,雨,11.0
2025415,04:00,1.0,9.0,5.8,9.2,80,3.3,西南西,0.0,0.0,雨,20.0
2025415,05:00,0.5,9.0,5.2,8.8,77,3.7,西,0.0,0.0,雨,10.4
2025415,06:00,0.0,9.8,4.2,8.2,68,3.7,西北西,0.0,0.00,雨,20.0
2025415,07:00,0.0,10.0,3.5,7.9,64,5.2,西北西,0.1,0.19,雨,20.0
2025415,08:00,0.0,10.2,3.5,7.8,63,3.2,西,0.6,0.74,晴れ,20.0
2025415,09:00,0.0,11.6,3.4,7.8,57,5.7,西北西,0.7,1.49,晴れ,20.0
2025415,10:00,0.0,12.9,3.0,7.6,51,5.4,北西,0.5,1.95,晴れ,20.0
2025415,11:00,0.0,13.7,2.0,7.1,45,5.4,西北西,0.6,2.30,曇,20.0
2025415,12:00,0.0,13.9,3.1,7.6,48,6.8,西北西,0.7,2.92,晴れ,20.0
2025415,13:00,0.0,13.5,3.0,7.6,49,5.6,西北西,0.8,3.43,晴れ,20.0
2025415,14:00,0.0,13.2,2.2,7.1,47,5.2,西北西,0.8,2.92,晴れ,20.0
2025415,15:00,0.0,14.2,3.7,7.9,49,5.3,北西,0.9,2.70,曇,20.0
2025415,16:00,0.0,13.4,3.2,7.7,50,4.4,西,0.8,2.09,晴れ,20.0
2025415,17:00,0.0,13.2,3.3,7.7,51,4.4,西南西,0.7,1.41,晴れ,20.0
2025415,18:00,0.0,12.8,3.5,7.8,53,3.6,西南西,1.0,0.78,晴れ,20.0
2025415,19:00,0.0,12.1,3.6,7.9,56,3.8,西南西,0.2,0.11,晴れ,20.0
2025415,20:00,0.0,11.9,3.7,7.9,57,3.3,南南西,0.0,0.00,晴れ,20.0
2025415,21:00,0.0,11.6,3.6,7.9,58,2.2,南,0.0,0.0,晴れ,20.0
2025415,22:00,0.0,11.7,3.5,7.8,57,2.0,南南西,0.0,0.0,晴れ,20.0
2025415,23:00,0.0,11.5,3.8,8.0,59,1.3,南,0.0,0.0,晴れ,20.0
2025415,24:00,0.0,11.6,5.0,8.7,64,1.9,南南西,0.0,0.0,晴れ,20.0
2025416,01:00,0.0,12.9,7.2,10.1,68,3.4,南西,0.0,0.0,晴れ,20.0
2025416,02:00,0.0,11.4,6.3,9.6,71,2.0,南東,0.0,0.0,晴れ,20.0
2025416,03:00,0.0,10.2,5.4,9.0,72,1.8,南南東,0.0,0.0,晴れ,20.0
2025416,04:00,0.0,9.8,5.4,9.0,74,1.5,南東,0.0,0.0,晴れ,20.0
2025416,05:00,0.0,9.7,5.9,9.3,77,1.7,南東,0.0,0.0,晴れ,20.0
2025416,06:00,0.0,9.8,6.3,9.6,79,1.9,南東,0.0,0.01,晴れ,20.0
2025416,07:00,0.0,10.4,6.4,9.6,76,2.4,南東,0.6,0.26,晴れ,20.0
2025416,08:00,0.0,12.8,7.3,10.2,69,1.6,南東,1.0,0.94,晴れ,20.0
2025416,09:00,0.0,15.3,8.1,10.8,62,2.2,東南東,1.0,1.71,晴れ,20.0
2025416,10:00,0.0,17.9,9.0,11.5,56,2.3,東南東,1.0,2.33,晴れ,20.0
2025416,11:00,0.0,20.0,9.0,11.5,49,2.6,東南東,1.0,2.83,晴れ,20.0
2025416,12:00,0.0,22.1,7.9,10.6,40,2.3,北東,1.0,3.13,晴れ,20.0
2025416,13:00,0.0,23.0,8.7,11.2,40,3.2,南南西,1.0,3.17,晴れ,20.0
2025416,14:00,0.0,23.1,10.5,12.7,45,4.6,南,1.0,2.74,晴れ,20.0
2025416,15:00,0.0,23.6,10.7,12.8,44,4.0,南南西,1.0,2.52,晴れ,20.0
2025416,16:00,0.0,22.9,11.0,13.1,47,4.8,南,1.0,2.07,晴れ,20.0
2025416,17:00,0.0,22.4,10.6,12.7,47,5.0,南南西,0.4,0.97,曇,20.0
2025416,18:00,0.0,21.8,7.3,10.2,39,3.7,南南西,0.0,0.44,曇,20.0
2025416,19:00,0.0,20.7,7.0,10.0,41,2.6,南,0.0,0.10,曇,20.0
2025416,20:00,0.0,19.7,7.1,10.1,44,2.9,南南西,0.0,0.00,曇,20.0
2025416,21:00,0.0,18.9,6.7,9.8,45,2.8,南南東,0.0,0.0,曇,20.0
2025416,22:00,0.0,17.9,9.0,11.5,56,5.3,南東,0.0,0.0,晴れ,20.0
2025416,23:00,0.0,17.9,8.7,11.3,55,5.0,南南東,0.0,0.0,曇,20.0
2025416,24:00,0.0,17.8,8.9,11.4,56,4.2,南東,0.0,0.0,曇,20.0
2025417,01:00,0.0,17.2,9.4,11.8,60,4.3,南東,0.0,0.0,曇,20.0
2025417,02:00,0.0,17.0,9.2,11.6,60,4.0,南東,0.0,0.0,晴れ,20.0
2025417,03:00,0.0,16.8,9.0,11.5,60,3.8,南東,0.0,0.0,曇,20.0
2025417,04:00,0.0,15.5,9.2,11.6,66,1.0,南西,0.0,0.0,曇,20.0
2025417,05:00,0.0,16.2,9.2,11.6,63,3.8,南南東,0.0,0.0,晴れ,20.0
2025417,06:00,0.0,16.4,9.8,12.1,65,1.0,東南東,0.0,0.01,晴れ,20.0
2025417,07:00,0.0,17.5,10.6,12.8,64,1.1,南東,0.5,0.30,晴れ,20.0
2025417,08:00,0.0,19.4,11.7,13.7,61,2.0,南東,1.0,1.05,晴れ,20.0
2025417,09:00,0.0,21.8,12.1,14.1,54,3.8,南,1.0,1.70,晴れ,20.0
2025417,10:00,0.0,23.2,13.1,15.1,53,4.5,南,1.0,2.37,晴れ,20.0
2025417,11:00,0.0,23.8,13.4,15.3,52,5.4,南,0.9,2.85,晴れ,20.0
2025417,12:00,0.0,23.7,13.9,15.8,54,4.2,南,0.5,2.23,晴れ,20.0
2025417,13:00,0.0,23.9,14.3,16.3,55,4.6,南,0.6,2.50,晴れ,20.0
2025417,14:00,0.0,24.3,13.8,15.8,52,4.7,南,0.8,2.81,晴れ,20.0
2025417,15:00,0.0,23.9,13.5,15.4,52,5.9,南,0.6,2.17,曇,20.0
2025417,16:00,0.0,24.6,14.1,16.1,52,6.3,南,0.7,1.66,晴れ,20.0
2025417,17:00,0.0,24.0,14.1,16.1,54,5.3,南南西,1.0,1.38,晴れ,20.0
2025417,18:00,0.0,23.2,14.2,16.2,57,5.1,南,0.5,0.52,曇,20.0
2025417,19:00,0.0,22.6,14.5,16.5,60,3.6,南,0.0,0.08,曇,20.0
2025417,20:00,0.0,22.2,14.8,16.9,63,3.9,南,0.0,0.00,曇,20.0
2025417,21:00,0.0,22.0,15.1,17.2,65,2.8,南,0.0,0.0,曇,20.0
2025417,22:00,0.0,21.6,15.5,17.5,68,1.6,南南東,0.0,0.0,曇,20.0
2025417,23:00,0.0,21.7,15.8,17.9,69,3.2,南,0.0,0.0,曇,20.0
2025417,24:00,0.0,21.1,15.9,18.0,72,2.5,南南東,0.0,0.0,曇,20.0
2025422,01:00,0.0,17.4,15.2,17.3,87,0.8,南東,0.0,0.0,曇,20.0
2025422,02:00,0.0,17.5,15.5,17.6,88,0.6,南東,0.0,0.0,曇,20.0
2025422,03:00,0.0,17.2,15.7,17.9,91,0.8,南南東,0.0,0.0,曇,20.0
2025422,04:00,0.0,18.0,16.3,18.6,90,0.8,東北東,0.0,0.0,曇,20.0
2025422,05:00,0.0,18.1,15.9,18.1,87,1.4,南東,0.0,0.0,曇,20.0
2025422,06:00,0.0,19.1,16.7,19.0,86,0.7,東南東,0.0,0.00,曇,20.0
2025422,07:00,0.0,19.2,17.0,19.4,87,1.3,北北西,0.0,0.16,曇,17.4
2025422,08:00,0.0,19.7,16.9,19.3,84,0.7,南南東,0.0,0.32,曇,16.6
2025422,09:00,0.0,20.0,16.8,19.2,82,2.7,南東,0.0,0.31,曇,20.0
2025422,10:00,0.0,20.6,17.2,19.7,81,4.0,南東,0.0,0.34,雨,18.5
2025422,11:00,0.0,20.4,17.6,20.1,84,3.2,東北東,0.0,0.31,雨,17.9
2025422,12:00,0.0,20.7,17.1,19.5,80,2.8,南東,0.0,0.46,雨,20.0
2025422,13:00,0.5,21.2,16.8,19.1,76,2.7,東南東,0.0,0.44,雨,11.0
2025422,14:00,0.0,20.8,16.4,18.7,76,4.3,南東,0.0,0.65,雨,19.2
2025422,15:00,0.5,20.0,15.7,17.8,76,7.1,南東,0.0,0.40,雨,15.0
2025422,16:00,1.5,19.2,16.1,18.2,82,5.6,南東,0.0,0.24,雨,7.96
2025422,17:00,0.5,19.0,16.1,18.2,83,6.2,南東,0.0,0.12,雨,11.0
2025422,18:00,0.0,19.0,16.6,18.9,86,4.8,南東,0.0,0.07,雨,17.9
2025422,19:00,0.0,19.7,16.9,19.3,84,3.9,南東,0.0,0.00,雨,20.0
2025422,20:00,0.0,20.3,17.3,19.8,83,1.1,南西,0.0,0.00,曇,20.0
2025422,21:00,0.0,20.3,17.3,19.8,83,3.5,南東,0.0,0.0,曇,20.0
2025422,22:00,0.0,20.2,18.0,20.6,87,0.9,東南東,0.0,0.0,曇,20.0
2025422,23:00,0.0,20.3,18.1,20.7,87,0.8,南南東,0.0,0.0,曇,20.0
2025422,24:00,0.0,20.1,18.2,20.9,89,1.2,東南東,0.0,0.0,曇,20.0
2025423,01:00,0.0,20.2,18.7,21.5,91,1.4,北西,0.0,0.0,曇,20.0
2025423,02:00,0.0,19.0,18.0,20.7,94,2.0,北西,0.0,0.0,雨,5.39
2025423,03:00,0.0,18.4,17.6,20.1,95,3.2,西北西,0.0,0.0,雨,6.53
2025423,04:00,0.0,17.4,16.6,18.9,95,2.6,西北西,0.0,0.0,曇,6.09
2025423,05:00,0.5,17.1,16.5,18.7,96,3.8,北西,0.0,0.0,雨,1.58
2025423,06:00,0.0,15.6,15.1,17.2,97,6.2,北,0.0,0.00,曇,20.0
2025423,07:00,0.0,15.4,14.9,17.0,97,5.1,北,0.0,0.05,曇,9.38
2025423,08:00,0.0,15.0,14.4,16.4,96,6.1,北,0.0,0.10,曇,6.28
2025423,09:00,0.0,14.9,14.3,16.3,96,5.7,北,0.0,0.17,雨,13.2
2025423,10:00,0.0,14.8,14.0,16.0,95,5.2,北,0.0,0.32,雨,6.38
2025423,11:00,0.0,14.9,13.8,15.8,93,6.4,北,0.0,0.37,雨,20.0
2025423,12:00,0.0,14.9,13.1,15.1,89,5.3,北,0.0,0.44,曇,20.0
2025423,13:00,0.0,15.0,12.9,14.8,87,4.6,北,0.0,0.58,雨,20.0
2025423,14:00,0.0,15.1,12.8,14.8,86,6.7,北,0.0,0.61,曇,20.0
2025423,15:00,0.0,14.7,12.4,14.4,86,6.2,北,0.0,0.40,曇,20.0
2025423,16:00,0.0,14.5,11.8,13.9,84,5.1,北,0.0,0.24,曇,20.0
2025423,17:00,0.0,14.4,12.1,14.1,86,5.2,北,0.0,0.20,曇,16.7
2025423,18:00,0.0,14.3,11.8,13.9,85,5.6,北,0.0,0.10,曇,20.0
2025423,19:00,0.0,14.1,11.6,13.7,85,4.1,北,0.0,0.02,雨,20.0
2025423,20:00,0.0,14.3,11.6,13.7,84,4.5,北,0.0,0.00,雨,20.0
2025423,21:00,0.0,14.3,11.8,13.9,85,3.0,北,0.0,0.0,曇,20.0
2025423,22:00,0.0,14.1,11.4,13.5,84,4.1,北,0.0,0.0,曇,20.0
2025423,23:00,0.0,14.3,11.3,13.4,82,2.6,北,0.0,0.0,曇,20.0
2025423,24:00,0.0,14.1,10.5,12.7,79,2.0,北西,0.0,0.0,晴れ,20.0
2025425,01:00,0.0,11.5,9.9,12.2,90,2.0,南南東,0.0,0.0,曇,17.8
2025425,02:00,0.0,11.7,10.1,12.4,90,1.7,南南東,0.0,0.0,曇,20.0
2025425,03:00,0.0,11.7,10.1,12.4,90,1.9,南東,0.0,0.0,曇,20.0
2025425,04:00,0.0,11.9,10.2,12.4,89,1.5,南南東,0.0,0.0,曇,20.0
2025425,05:00,0.0,11.8,10.2,12.5,90,2.0,南東,0.0,0.00,曇,20.0
2025425,06:00,0.0,12.0,10.4,12.6,90,1.8,南東,0.0,0.04,曇,20.0
2025425,07:00,0.0,12.6,10.5,12.7,87,4.6,南南東,0.0,0.17,曇,20.0
2025425,08:00,0.0,12.4,10.5,12.7,88,3.9,南南東,0.0,0.27,曇,20.0
2025425,09:00,0.0,12.5,10.7,12.9,89,4.0,南南東,0.0,0.33,曇,20.0
2025425,10:00,0.0,12.6,10.7,12.8,88,3.4,南東,0.0,0.44,曇,20.0
2025425,11:00,0.0,13.2,10.7,12.9,85,3.1,南南東,0.0,0.86,曇,20.0
2025425,12:00,0.0,13.3,11.0,13.1,86,2.7,東南東,0.0,0.98,曇,20.0
2025425,13:00,0.0,16.5,11.9,13.9,74,1.6,東南東,0.5,2.51,曇,20.0
2025425,14:00,0.0,19.6,4.5,8.4,37,7.3,西,0.1,1.49,曇,20.0
2025425,15:00,0.0,18.7,1.3,6.7,31,8.2,西南西,0.0,0.94,曇,20.0
2025425,16:00,0.0,17.6,0.3,6.2,31,4.6,西北西,0.0,0.68,曇,20.0
2025425,17:00,0.0,16.5,1.8,6.9,37,5.0,北西,0.0,0.44,曇,20.0
2025425,18:00,0.0,15.3,1.8,7.0,40,5.5,西北西,0.1,0.19,曇,20.0
2025425,19:00,0.0,14.3,1.6,6.8,42,6.4,西北西,0.0,0.01,曇,20.0
2025425,20:00,0.0,13.5,2.1,7.1,46,4.4,北西,0.0,0.0,曇,20.0
2025425,21:00,0.0,11.3,4.3,8.3,62,2.9,北北西,0.0,0.0,曇,20.0
2025425,22:00,0.0,11.0,4.0,8.1,62,3.1,北,0.0,0.0,曇,20.0
2025425,23:00,0.0,10.3,4.2,8.3,66,5.5,北,0.0,0.0,曇,20.0
2025425,24:00,0.0,10.1,3.4,7.8,63,6.2,北,0.0,0.0,曇,20.0
2025426,01:00,0.0,9.4,3.8,8.0,68,5.3,北,0.0,0.0,晴れ,20.0
2025426,02:00,0.0,8.9,3.7,8.0,70,3.3,北北東,0.0,0.0,晴れ,20.0
2025426,03:00,0.0,8.7,3.6,7.9,70,3.3,北,0.0,0.0,晴れ,20.0
2025426,04:00,0.0,8.4,3.5,7.8,71,2.9,北,0.0,0.0,晴れ,20.0
2025426,05:00,0.0,8.0,3.7,7.9,74,1.8,北北西,0.0,0.00,晴れ,20.0
2025426,06:00,0.0,8.6,3.7,7.9,71,1.2,北東,0.7,0.27,晴れ,20.0
2025426,07:00,0.0,11.4,2.4,7.3,54,2.1,北北西,1.0,0.98,晴れ,20.0
2025426,08:00,0.0,13.2,1.8,7.0,46,1.1,南,1.0,1.77,晴れ,20.0
2025426,09:00,0.0,14.4,0.3,6.2,38,2.4,西,1.0,2.39,晴れ,20.0
2025426,10:00,0.0,15.1,-1.0,5.7,33,3.5,北西,1.0,2.78,晴れ,20.0
2025426,11:00,0.0,16.3,-1.3,5.6,30,1.5,西北西,1.0,3.25,晴れ,20.0
2025426,12:00,0.0,16.7,3.1,7.6,40,3.4,南南東,0.6,2.60,晴れ,20.0
2025426,13:00,0.0,14.8,3.9,8.1,48,3.9,南南東,0.7,2.64,晴れ,20.0
2025426,14:00,0.0,15.4,5.1,8.7,50,2.0,南東,0.5,1.92,曇,19.6
2025426,15:00,0.0,16.9,-1.2,5.6,29,4.3,西,0.2,1.05,曇,20.0
2025426,16:00,0.0,17.1,-4.8,4.3,22,6.8,西,0.2,0.83,曇,20.0
2025426,17:00,0.0,15.6,-5.4,4.1,23,8.0,西北西,1.0,0.90,晴れ,20.0
2025426,18:00,0.0,14.8,-5.6,4.0,24,6.2,西,0.7,0.31,晴れ,20.0
2025426,19:00,0.0,14.5,-4.8,4.3,26,4.3,西南西,0.0,0.01,晴れ,20.0
2025426,20:00,0.0,14.1,-3.2,4.8,30,3.0,西南西,0.0,0.0,晴れ,20.0
2025426,21:00,0.0,13.8,-2.2,5.2,33,5.7,南西,0.0,0.0,晴れ,20.0
2025426,22:00,0.0,13.4,-1.0,5.7,37,5.1,西南西,0.0,0.0,晴れ,20.0
2025426,23:00,0.0,13.0,0.1,6.1,41,4.8,西南西,0.0,0.0,晴れ,20.0
2025426,24:00,0.0,12.8,-0.4,5.9,40,3.9,西南西,0.0,0.0,晴れ,20.0
2025427,01:00,0.0,11.9,-0.9,5.7,41,2.3,南西,0.0,0.0,晴れ,20.0
2025427,02:00,0.0,13.1,-1.6,5.4,36,3.6,西,0.0,0.0,晴れ,20.0
2025427,03:00,0.0,12.6,-2.4,5.1,35,4.9,西,0.0,0.0,晴れ,20.0
2025427,04:00,0.0,12.7,-3.6,4.7,32,3.3,西,0.0,0.0,晴れ,20.0
2025427,05:00,0.0,13.4,-4.3,4.5,29,3.8,西北西,0.0,0.01,晴れ,20.0
2025427,06:00,0.0,13.6,-4.1,4.5,29,2.7,西,0.9,0.29,晴れ,20.0
2025427,07:00,0.0,14.8,-5.0,4.2,25,0.7,西北西,1.0,0.94,晴れ,20.0
2025427,08:00,0.0,16.5,-4.7,4.3,23,3.2,南南東,1.0,1.70,晴れ,20.0
2025427,09:00,0.0,18.0,-4.0,4.5,22,3.7,南東,1.0,2.38,晴れ,20.0
2025427,10:00,0.0,19.8,-3.8,4.6,20,2.4,南南東,1.0,2.90,晴れ,20.0
2025427,11:00,0.0,22.1,0.0,6.1,23,2.9,南西,1.0,3.21,晴れ,20.0
2025427,12:00,0.0,23.1,-2.5,5.1,18,5.4,西,1.0,3.31,晴れ,20.0
2025427,13:00,0.0,24.6,-1.3,5.6,18,7.4,西,1.0,3.27,晴れ,20.0
2025427,14:00,0.0,25.1,-0.1,6.1,19,7.8,西,1.0,2.94,晴れ,20.0
2025427,15:00,0.0,24.4,1.3,6.7,22,6.8,西,1.0,2.36,晴れ,20.0
2025427,16:00,0.0,23.5,0.6,6.4,22,9.0,西南西,1.0,1.61,晴れ,20.0
2025427,17:00,0.0,22.2,1.3,6.7,25,7.5,西,0.6,0.69,晴れ,20.0
2025427,18:00,0.0,20.7,2.0,7.1,29,5.0,西,0.5,0.30,晴れ,20.0
2025427,19:00,0.0,20.5,1.9,7.0,29,2.7,西北西,0.0,0.01,晴れ,20.0
2025427,20:00,0.0,18.5,3.2,7.7,36,3.5,南,0.0,0.0,晴れ,20.0
2025427,21:00,0.0,18.8,3.0,7.6,35,2.7,西南西,0.0,0.0,曇,20.0
2025427,22:00,0.0,17.4,2.6,7.4,37,2.1,南西,0.0,0.0,曇,20.0
2025427,23:00,0.0,17.9,2.2,7.2,35,2.4,南西,0.0,0.0,曇,20.0
2025427,24:00,0.0,16.6,2.6,7.4,39,2.4,北,0.0,0.0,曇,20.0
2025429,01:00,0.0,16.5,13.4,15.4,82,5.6,北,0.0,0.0,晴れ,17.4
2025429,02:00,0.0,15.7,8.7,11.2,63,8.1,北,0.0,0.0,晴れ,20.0
2025429,03:00,0.0,15.2,7.5,10.4,60,6.2,北,0.0,0.0,晴れ,20.0
2025429,04:00,0.0,14.3,7.8,10.6,65,5.1,北北東,0.0,0.0,晴れ,20.0
2025429,05:00,0.0,13.9,6.0,9.4,59,5.6,北北東,0.0,0.0,晴れ,20.0
2025429,06:00,0.0,13.5,6.4,9.6,62,4.3,北北東,0.1,0.03,晴れ,20.0
2025429,07:00,0.0,13.9,5.5,9.1,57,3.4,北北東,1.0,0.47,晴れ,20.0
2025429,08:00,0.0,14.8,6.1,9.4,56,3.1,北北東,1.0,1.23,晴れ,20.0
2025429,09:00,0.0,16.0,7.2,10.2,56,3.8,北北西,1.0,2.00,晴れ,20.0
2025429,10:00,0.0,16.5,8.5,11.1,59,4.8,北,1.0,2.67,晴れ,20.0
2025429,11:00,0.0,16.8,8.0,10.7,56,4.3,北北西,1.0,3.18,晴れ,20.0
2025429,12:00,0.0,17.6,8.5,11.1,55,5.3,北,1.0,3.48,晴れ,20.0
2025429,13:00,0.0,18.3,9.4,11.8,56,5.3,北北西,1.0,3.55,晴れ,20.0
2025429,14:00,0.0,18.0,8.6,11.1,54,5.8,北,1.0,3.38,晴れ,20.0
2025429,15:00,0.0,17.9,9.0,11.5,56,5.4,北北西,1.0,2.97,晴れ,20.0
2025429,16:00,0.0,17.4,8.5,11.1,56,5.7,北,1.0,2.37,晴れ,20.0
2025429,17:00,0.0,16.9,7.6,10.4,54,4.3,北,1.0,1.65,晴れ,20.0
2025429,18:00,0.0,16.3,6.2,9.5,51,2.3,北北西,1.0,0.88,晴れ,20.0
2025429,19:00,0.0,15.7,2.5,7.3,41,1.6,北北西,0.6,0.20,晴れ,20.0
2025429,20:00,0.0,15.7,5.6,9.1,51,1.5,西北西,0.0,0.00,晴れ,20.0
2025429,21:00,0.0,15.0,5.0,8.7,51,1.6,西南西,0.0,0.0,晴れ,20.0
2025429,22:00,0.0,14.7,4.7,8.5,51,1.2,西南西,0.0,0.0,晴れ,20.0
2025429,23:00,0.0,13.8,5.5,9.0,57,1.6,南西,0.0,0.0,晴れ,20.0
2025429,24:00,0.0,12.9,6.5,9.7,65,0.9,南南東,0.0,0.0,晴れ,20.0
2025430,01:00,0.0,12.4,6.0,9.4,65,1.3,南南東,0.0,0.0,晴れ,20.0
2025430,02:00,0.0,12.2,3.7,8.0,56,1.4,南南東,0.0,0.0,晴れ,20.0
2025430,03:00,0.0,11.9,3.9,8.1,58,2.0,南南東,0.0,0.0,晴れ,20.0
2025430,04:00,0.0,11.5,3.3,7.7,57,2.3,南南東,0.0,0.0,晴れ,20.0
2025430,05:00,0.0,10.9,3.7,8.0,61,1.3,南南東,0.0,0.0,晴れ,20.0
2025430,06:00,0.0,10.6,3.2,7.7,60,0.7,南東,0.1,0.03,晴れ,20.0
2025430,07:00,0.0,12.0,3.0,7.6,54,1.0,南南東,1.0,0.49,晴れ,20.0
2025430,08:00,0.0,14.6,3.7,8.0,48,1.8,南南東,1.0,1.24,晴れ,20.0
2025430,09:00,0.0,17.9,4.1,8.2,40,1.2,東南東,1.0,1.99,晴れ,20.0
2025430,10:00,0.0,20.0,1.4,6.8,29,1.8,北北西,1.0,2.60,晴れ,20.0
2025430,11:00,0.0,22.0,4.1,8.2,31,2.6,北,1.0,3.15,晴れ,20.0
2025430,12:00,0.0,22.7,6.1,9.4,34,4.0,北,1.0,3.30,晴れ,20.0
2025430,13:00,0.0,22.0,8.2,10.8,41,4.3,北,1.0,3.05,晴れ,20.0
2025430,14:00,0.0,21.7,10.8,13.0,50,4.3,北,1.0,3.31,晴れ,20.0
2025430,15:00,0.0,22.3,9.8,12.1,45,4.6,北,1.0,2.84,晴れ,20.0
2025430,16:00,0.0,20.9,8.2,10.9,44,3.9,北,0.6,1.67,曇,20.0
2025430,17:00,0.0,20.3,7.7,10.5,44,3.2,北,1.0,1.46,晴れ,20.0
2025430,18:00,0.0,19.7,8.7,11.2,49,2.8,北,1.0,0.85,晴れ,20.0
2025430,19:00,0.0,18.9,8.8,11.4,52,1.6,北,0.7,0.20,晴れ,20.0
2025430,20:00,0.0,18.1,8.7,11.2,54,0.4,北北東,0.0,0.00,晴れ,20.0
2025430,21:00,0.0,17.7,9.6,12.0,59,0.8,北,0.0,0.0,晴れ,20.0
2025430,22:00,0.0,17.4,9.8,12.1,61,0.7,南西,0.0,0.0,晴れ,20.0
2025430,23:00,0.0,17.7,9.6,12.0,59,1.3,南東,0.0,0.0,曇,20.0
2025430,24:00,0.0,17.6,10.3,12.5,62,2.1,南南東,0.0,0.0,曇,20.0
202551,01:00,0.0,17.9,11.0,13.1,64,2.2,南東,0.0,0.0,曇,20.0
202551,02:00,0.0,17.9,10.8,12.9,63,1.9,東南東,0.0,0.0,曇,20.0
202551,03:00,0.0,17.5,10.9,13.0,65,0.7,東,0.0,0.0,曇,20.0
202551,04:00,0.0,17.4,11.2,13.3,67,2.1,東,0.0,0.0,曇,20.0
202551,05:00,0.0,17.0,11.3,13.4,69,1.8,東北東,0.0,0.00,曇,20.0
202551,06:00,0.0,17.4,11.4,13.5,68,2.1,南南東,0.0,0.02,曇,20.0
202551,07:00,0.0,18.4,10.8,12.9,61,3.7,南南東,0.0,0.28,曇,20.0
202551,08:00,0.0,19.2,10.8,12.9,58,3.8,南東,0.4,0.76,曇,20.0
202551,09:00,0.0,21.0,11.1,13.2,53,2.5,東,0.9,1.54,曇,20.0
202551,10:00,0.0,22.1,10.9,13.0,49,5.5,南東,0.1,1.01,曇,20.0
202551,11:00,0.0,22.9,11.6,13.7,49,4.3,南東,0.2,1.31,曇,20.0
202551,12:00,0.0,22.2,13.6,15.5,58,5.8,南南東,0.3,1.82,雨,20.0
202551,13:00,0.0,24.0,12.6,14.6,49,5.2,南,0.9,3.46,曇,20.0
202551,14:00,0.0,24.4,13.0,15.0,49,5.8,南,0.5,2.30,曇,20.0
202551,15:00,0.0,22.9,12.5,14.5,52,4.4,南,0.1,0.86,曇,20.0
202551,16:00,0.0,23.2,12.8,14.8,52,5.2,南南東,0.0,0.69,曇,20.0
202551,17:00,0.0,23.2,12.5,14.5,51,5.9,南南東,0.3,0.85,曇,20.0
202551,18:00,0.0,22.5,13.3,15.3,56,3.6,南南東,0.1,0.41,曇,20.0
202551,19:00,0.0,21.5,13.2,15.1,59,7.7,南南東,0.0,0.03,曇,20.0
202551,20:00,0.0,19.2,15.5,17.6,79,4.5,南,0.0,0.00,雨,14.7
202551,21:00,2.0,18.0,15.8,18.0,87,1.7,東南東,0.0,0.0,雨,16.4
202551,22:00,18.0,15.5,14.6,16.6,94,5.9,西北西,0.0,0.0,雨,1.58
202551,23:00,5.0,15.2,13.8,15.7,91,0.7,西,0.0,0.0,雨,7.16
202551,24:00,1.0,15.2,13.8,15.7,91,3.3,南東,0.0,0.0,雨,20.0
202552,01:00,0.0,15.4,14.0,15.9,91,1.2,西南西,0.0,0.0,曇,20.0
202552,02:00,0.0,15.4,13.8,15.7,90,1.8,南東,0.0,0.0,曇,20.0
202552,03:00,0.0,15.4,13.8,15.7,90,1.8,東南東,0.0,0.0,曇,20.0
202552,04:00,0.0,15.6,13.8,15.8,89,0.9,南東,0.0,0.0,曇,20.0
202552,05:00,0.0,16.5,13.4,15.4,82,2.8,西南西,0.0,0.00,晴れ,20.0
202552,06:00,0.0,15.6,12.5,14.5,82,2.9,西南西,0.1,0.03,晴れ,17.9
202552,07:00,0.0,16.6,12.4,14.4,76,3.0,西,0.9,0.48,晴れ,19.1
202552,08:00,0.0,17.0,9.9,12.2,63,3.6,西北西,0.9,1.29,晴れ,20.0
202552,09:00,0.0,17.4,8.3,10.9,55,4.8,西北西,1.0,2.06,晴れ,20.0
202552,10:00,0.0,17.9,7.6,10.5,51,4.1,西南西,1.0,2.64,晴れ,20.0
202552,11:00,0.0,18.5,7.0,10.0,47,4.3,西南西,1.0,3.23,晴れ,20.0
202552,12:00,0.0,18.6,6.8,9.9,46,6.6,西北西,1.0,3.57,晴れ,20.0
202552,13:00,0.0,20.1,8.1,10.8,46,4.5,北西,1.0,3.64,晴れ,20.0
202552,14:00,0.0,19.5,5.9,9.3,41,4.9,西北西,1.0,3.46,晴れ,20.0
202552,15:00,0.0,20.0,6.4,9.6,41,5.2,西北西,1.0,3.06,晴れ,20.0
202552,16:00,0.0,19.0,7.1,10.1,46,4.2,西北西,1.0,2.45,晴れ,20.0
202552,17:00,0.0,18.3,8.3,10.9,52,4.5,北西,1.0,1.69,晴れ,20.0
202552,18:00,0.0,17.4,8.8,11.3,57,2.7,北西,1.0,0.90,晴れ,20.0
202552,19:00,0.0,16.4,7.9,10.6,57,3.0,西北西,0.6,0.21,晴れ,20.0
202552,20:00,0.0,16.3,8.0,10.7,58,2.7,西南西,0.0,0.00,晴れ,20.0
202552,21:00,0.0,16.0,7.8,10.5,58,1.7,西南西,0.0,0.0,晴れ,20.0
202552,22:00,0.0,15.2,7.7,10.5,61,2.8,南東,0.0,0.0,晴れ,20.0
202552,23:00,0.0,14.8,7.4,10.3,61,1.9,南東,0.0,0.0,晴れ,20.0
202552,24:00,0.0,14.5,6.6,9.7,59,2.6,南南東,0.0,0.0,晴れ,20.0
202553,01:00,0.0,13.7,7.7,10.5,67,2.5,南東,0.0,0.0,晴れ,20.0
202553,02:00,0.0,13.3,7.5,10.4,68,1.3,南東,0.0,0.0,晴れ,20.0
202553,03:00,0.0,13.2,7.4,10.3,68,2.7,南東,0.0,0.0,晴れ,20.0
202553,04:00,0.0,12.9,7.4,10.3,69,1.4,南東,0.0,0.0,晴れ,20.0
202553,05:00,0.0,12.7,7.0,10.0,68,2.0,南南東,0.0,0.00,晴れ,20.0
202553,06:00,0.0,12.8,7.3,10.2,69,2.2,南東,0.0,0.03,晴れ,20.0
202553,07:00,0.0,13.6,7.6,10.4,67,3.4,南南東,0.1,0.30,晴れ,20.0
202553,08:00,0.0,15.1,8.1,10.8,63,3.2,南東,0.2,0.72,曇,20.0
202553,09:00,0.0,18.3,8.8,11.4,54,2.6,南東,0.7,1.64,曇,20.0
202553,10:00,0.0,20.6,8.9,11.4,47,3.3,東南東,0.9,2.48,曇,20.0
202553,11:00,0.0,24.0,3.9,8.1,27,5.7,南南西,1.0,2.94,晴れ,20.0
202553,12:00,0.0,24.7,4.5,8.4,27,8.2,南,1.0,3.19,晴れ,20.0
202553,13:00,0.0,24.9,6.2,9.4,30,4.9,南南西,1.0,3.16,晴れ,20.0
202553,14:00,0.0,24.8,7.0,10.0,32,5.6,南,0.7,2.55,曇,20.0
202553,15:00,0.0,25.4,6.1,9.4,29,7.0,南南西,0.9,2.58,曇,20.0
202553,16:00,0.0,24.6,7.3,10.2,33,4.2,南,0.1,0.95,曇,20.0
202553,17:00,0.0,23.3,11.1,13.2,46,4.7,南南西,0.0,0.24,曇,20.0
202553,18:00,0.0,22.5,13.0,15.0,55,5.1,南南西,0.0,0.11,曇,20.0
202553,19:00,0.0,21.9,14.3,16.3,62,5.1,南西,0.0,0.05,曇,20.0
202553,20:00,0.0,21.5,15.4,17.4,68,3.6,南西,0.0,0.00,雨,20.0
202553,21:00,0.0,20.2,17.2,19.7,83,3.3,西北西,0.0,0.0,雨,9.36
202553,22:00,0.0,17.6,15.8,17.9,89,3.8,西北西,0.0,0.0,雨,9.36
202553,23:00,0.0,17.5,15.5,17.6,88,4.1,北西,0.0,0.0,雨,7.41
202553,24:00,0.0,15.8,12.9,14.9,83,3.9,北北西,0.0,0.0,雨,18.6
202554,01:00,0.0,15.7,11.9,13.9,78,5.0,北北西,0.0,0.0,晴れ,20.0
202554,02:00,0.0,15.2,9.1,11.6,67,4.5,北西,0.0,0.0,晴れ,20.0
202554,03:00,0.0,15.1,8.6,11.2,65,4.4,北北西,0.0,0.0,晴れ,20.0
202554,04:00,0.0,15.0,8.9,11.4,67,4.0,北西,0.0,0.0,晴れ,20.0
202554,05:00,0.0,14.9,7.5,10.3,61,4.4,北西,0.0,0.00,晴れ,20.0
202554,06:00,0.0,15.0,7.1,10.1,59,4.4,北西,0.2,0.05,晴れ,20.0
202554,07:00,0.0,15.6,7.4,10.3,58,2.0,西,1.0,0.53,晴れ,20.0
202554,08:00,0.0,16.9,7.3,10.2,53,2.9,西,1.0,1.29,晴れ,20.0
202554,09:00,0.0,18.1,6.6,9.8,47,4.5,北西,1.0,2.05,晴れ,20.0
202554,10:00,0.0,18.6,6.5,9.6,45,4.3,北北西,1.0,2.71,晴れ,20.0
202554,11:00,0.0,19.0,7.1,10.1,46,4.9,北西,1.0,3.25,晴れ,20.0
202554,12:00,0.0,19.3,6.8,9.9,44,5.5,北北西,1.0,3.55,晴れ,20.0
202554,13:00,0.0,19.5,5.9,9.3,41,4.7,北北西,1.0,3.61,晴れ,20.0
202554,14:00,0.0,19.7,4.2,8.3,36,3.4,北西,1.0,3.44,晴れ,20.0
202554,15:00,0.0,19.7,3.4,7.8,34,4.8,北北西,1.0,3.08,晴れ,20.0
202554,16:00,0.0,19.9,3.6,7.9,34,5.8,北北西,1.0,2.48,晴れ,20.0
202554,17:00,0.0,19.0,5.8,9.2,42,4.9,北北西,1.0,1.72,晴れ,20.0
202554,18:00,0.0,18.2,5.1,8.8,42,4.2,北,1.0,0.94,晴れ,20.0
202554,19:00,0.0,17.1,3.8,8.0,41,1.8,北西,0.8,0.24,晴れ,20.0
202554,20:00,0.0,17.1,5.1,8.8,45,2.4,北西,0.0,0.00,晴れ,20.0
202554,21:00,0.0,16.0,3.1,7.6,42,1.4,西南西,0.0,0.0,晴れ,20.0
202554,22:00,0.0,15.4,3.9,8.0,46,1.0,南西,0.0,0.0,晴れ,20.0
202554,23:00,0.0,14.7,5.2,8.9,53,1.0,南南西,0.0,0.0,晴れ,20.0
202554,24:00,0.0,14.5,3.6,7.9,48,1.9,南,0.0,0.0,晴れ,20.0
202559,01:00,0.0,17.7,8.6,11.1,55,1.5,北,0.0,0.0,,
202559,02:00,0.0,17.7,11.3,13.4,66,2.2,北,0.0,0.0,,
202559,03:00,0.0,17.6,13.3,15.3,76,1.6,北,0.0,0.0,薄曇,20.0
202559,04:00,0.0,17.3,14.0,16.0,81,0.7,北北東,0.0,0.0,,
202559,05:00,0.0,17.4,11.0,13.1,66,2.4,南南西,0.0,0.00,,
202559,06:00,0.0,17.4,11.4,13.5,68,1.4,南,0.0,0.08,曇,15.0
202559,07:00,0.0,17.5,11.3,13.4,67,1.4,北東,0.0,0.31,,
202559,08:00,0.0,18.6,12.1,14.1,66,2.1,北東,0.0,0.63,,
202559,09:00,0.0,20.8,13.0,15.0,61,1.6,東南東,0.0,0.89,曇,20.0
202559,10:00,0.0,22.0,13.1,15.1,57,2.5,東,0.0,1.17,,
202559,11:00,0.0,22.6,11.1,13.2,48,2.2,東南東,0.0,1.32,,
202559,12:00,0.0,22.8,12.4,14.4,52,1.8,東南東,0.0,1.01,雨,15.0
202559,13:00,0.0,22.8,13.0,15.0,54,3.4,南東,0.0,0.93,,
202559,14:00,0.0,21.3,13.7,15.7,62,3.3,南,0.0,0.46,,
202559,15:00,0.0,20.7,14.6,16.6,68,2.5,東,0.0,0.36,雨,15.0
202559,16:00,0.5,19.2,15.7,17.8,80,2.4,東,0.0,0.28,,
202559,17:00,0.0,18.6,15.9,18.0,84,3.2,北東,0.0,0.17,,
202559,18:00,0.5,17.8,16.0,18.1,89,1.9,北東,0.0,0.06,雨,15.0
202559,19:00,1.5,17.1,15.3,17.4,89,2.6,東,0.0,0.01,,
202559,20:00,2.0,16.6,15.3,17.4,92,1.6,北東,0.0,0.00,,
202559,21:00,1.5,16.2,15.2,17.3,94,2.3,北東,0.0,0.0,雨,15.0
202559,22:00,1.0,16.4,15.6,17.7,95,2.3,北北東,0.0,0.0,,
202559,23:00,1.5,16.4,15.6,17.7,95,1.9,北北東,0.0,0.0,,
202559,24:00,2.5,16.3,15.8,18.0,97,2.5,東北東,0.0,0.0,,
2025510,01:00,0.5,16.6,16.0,18.1,96,3.0,北北東,0.0,0.0,,
2025510,02:00,0.0,17.1,16.1,18.3,94,3.6,北北東,0.0,0.0,,
2025510,03:00,0.0,17.9,16.1,18.3,89,4.2,北北東,0.0,0.0,曇,20.0
2025510,04:00,0.0,18.4,16.2,18.4,87,2.0,北,0.0,0.0,,
2025510,05:00,0.0,17.9,16.4,18.7,91,0.7,東,0.0,0.00,,
2025510,06:00,0.0,18.5,16.7,19.0,89,1.3,北北西,0.0,0.02,雨,25.0
2025510,07:00,0.0,18.8,17.0,19.3,89,1.3,北北東,0.0,0.23,,
2025510,08:00,0.0,19.7,17.3,19.7,86,1.1,北,0.0,0.38,,
2025510,09:00,0.0,21.7,18.1,20.8,80,1.4,北北東,0.3,1.45,曇,25.0
2025510,10:00,0.0,22.9,18.0,20.7,74,0.9,南南西,0.3,1.87,,
2025510,11:00,0.0,22.6,17.7,20.3,74,1.8,西南西,0.0,0.64,,
2025510,12:00,0.0,22.6,18.2,20.8,76,2.5,西南西,0.0,0.78,曇,25.0
2025510,13:00,0.0,21.8,18.8,21.7,83,3.2,西,0.1,1.34,,
2025510,14:00,0.0,22.3,18.9,21.8,81,5.3,南西,0.0,0.61,,
2025510,15:00,0.0,21.3,17.5,20.0,79,3.8,西南西,0.0,0.50,曇,25.0
2025510,16:00,0.0,21.3,17.9,20.5,81,3.1,南南西,0.0,0.43,,
2025510,17:00,0.0,21.9,15.7,17.9,68,4.1,南南西,0.4,1.02,,
2025510,18:00,0.0,22.0,14.9,16.9,64,5.2,南西,1.0,0.72,晴れ,20.0
2025510,19:00,0.0,21.4,11.2,13.3,52,3.4,南西,0.5,0.17,,
2025510,20:00,0.0,20.9,11.5,13.6,55,4.8,南西,0.0,0.00,,
2025510,21:00,0.0,20.2,11.2,13.3,56,4.9,西南西,0.0,0.0,曇,20.0
2025510,22:00,0.0,20.2,9.8,12.1,51,4.9,西南西,0.0,0.0,,
2025510,23:00,0.0,19.5,10.0,12.2,54,4.4,南西,0.0,0.0,,
2025510,24:00,0.0,18.9,10.5,12.7,58,4.5,西南西,0.0,0.0,,
2025511,01:00,0.0,18.4,10.8,12.9,61,4.4,西南西,0.0,0.0,,
2025511,02:00,0.0,18.1,10.2,12.5,60,2.5,南南西,0.0,0.0,,
2025511,03:00,0.0,18.1,8.7,11.2,54,4.3,西南西,0.0,0.0,薄曇,20.0
2025511,04:00,0.0,17.7,8.8,11.3,56,2.9,南西,0.0,0.0,,
2025511,05:00,0.0,17.3,7.9,10.7,54,2.2,西南西,0.0,0.00,,
2025511,06:00,0.0,17.2,8.1,10.8,55,1.4,東北東,0.3,0.17,晴れ,25.0
2025511,07:00,0.0,17.9,9.3,11.7,57,2.6,南南西,1.0,0.82,,
2025511,08:00,0.0,18.3,8.6,11.1,53,2.4,南西,1.0,1.47,,
2025511,09:00,0.0,19.4,9.3,11.7,52,3.2,南西,0.9,2.07,晴れ,35.0
2025511,10:00,0.0,19.9,9.2,11.6,50,3.7,南西,1.0,2.84,,
2025511,11:00,0.0,20.9,9.8,12.1,49,4.7,南南西,1.0,3.10,,
2025511,12:00,0.0,21.9,8.4,11.0,42,5.0,南南西,1.0,3.51,晴れ,35.0
2025511,13:00,0.0,21.3,8.6,11.1,44,3.6,南西,0.9,2.93,,
2025511,14:00,0.0,21.2,8.8,11.3,45,4.4,西南西,0.1,1.82,,
2025511,15:00,0.0,20.5,7.8,10.6,44,3.7,南西,0.0,1.21,曇,35.0
2025511,16:00,0.0,20.5,8.2,10.9,45,2.8,南西,0.0,0.71,,
2025511,17:00,0.0,19.7,9.0,11.5,50,3.3,南南西,0.0,0.48,,
2025511,18:00,0.0,18.9,10.0,12.2,56,3.0,南西,0.0,0.13,曇,35.0
2025511,19:00,0.0,18.5,10.1,12.4,58,2.3,南西,0.0,0.02,,
2025511,20:00,0.5,17.2,11.9,13.9,71,1.5,南南西,0.0,0.00,,
2025511,21:00,0.5,16.5,11.2,13.3,71,1.8,南西,0.0,0.0,雨,15.0
2025511,22:00,0.5,15.7,12.6,14.6,82,2.4,南西,0.0,0.0,,
2025511,23:00,1.0,14.9,12.6,14.6,86,2.1,南西,0.0,0.0,,
2025511,24:00,1.0,15.2,13.2,15.2,88,1.7,西南西,0.0,0.0,,
2025513,01:00,0.0,17.1,13.8,15.8,81,1.1,西北西,0.0,0.0,,
2025513,02:00,0.0,17.2,13.3,15.3,78,0.8,北東,0.0,0.0,,
2025513,03:00,0.0,15.9,13.0,15.0,83,0.4,東南東,0.0,0.0,快晴,15.0
2025513,04:00,0.0,15.4,12.2,14.2,81,0.7,北北東,0.0,0.0,,
2025513,05:00,0.0,14.5,11.8,13.9,84,1.1,北北東,0.0,0.00,,
2025513,06:00,0.0,15.3,11.7,13.7,79,1.3,北,0.6,0.18,快晴,10.0
2025513,07:00,0.0,16.3,11.9,13.9,75,0.4,北北東,1.0,0.79,,
2025513,08:00,0.0,18.3,12.7,14.7,70,1.0,西北西,1.0,1.55,,
2025513,09:00,0.0,20.7,12.2,14.2,58,0.9,北西,1.0,2.30,快晴,10.0
2025513,10:00,0.0,21.8,10.0,12.3,47,1.4,北東,1.0,2.95,,
2025513,11:00,0.0,23.4,10.8,13.0,45,1.4,北西,1.0,3.28,,
2025513,12:00,0.0,24.0,9.2,11.6,39,2.4,南西,1.0,3.46,快晴,10.0
2025513,13:00,0.0,24.6,9.8,12.1,39,3.0,西,1.0,3.49,,
2025513,14:00,0.0,25.9,9.3,11.7,35,2.7,北西,1.0,3.30,,
2025513,15:00,0.0,25.6,7.7,10.5,32,3.6,西,1.0,2.91,快晴,15.0
2025513,16:00,0.0,25.7,6.9,9.9,30,2.0,西,1.0,2.28,,
2025513,17:00,0.0,24.0,7.2,10.1,34,3.3,西南西,1.0,1.55,,
2025513,18:00,0.0,23.6,6.4,9.6,33,1.9,南西,1.0,0.75,晴れ,20.0
2025513,19:00,0.0,22.9,5.4,8.9,32,1.3,南西,0.1,0.09,,
2025513,20:00,0.0,21.7,7.2,10.1,39,2.7,南西,0.0,0.00,,
2025513,21:00,0.0,20.9,8.5,11.1,45,2.0,西南西,0.0,0.0,晴れ,15.0
2025513,22:00,0.0,19.9,10.9,13.0,56,0.9,北西,0.0,0.0,,
2025513,23:00,0.0,19.8,9.7,12.0,52,0.7,北西,0.0,0.0,,
2025513,24:00,0.0,19.5,11.0,13.1,58,1.3,西,0.0,0.0,,
2025514,01:00,0.0,18.0,10.6,12.8,62,2.0,南南東,0.0,0.0,晴れ,20.0
2025514,02:00,0.0,17.5,10.2,12.4,62,1.2,南南東,0.0,0.0,晴れ,20.0
2025514,03:00,0.0,17.4,9.1,11.5,58,1.5,南南東,0.0,0.0,晴れ,20.0
2025514,04:00,0.0,17.3,8.7,11.3,57,2.3,南東,0.0,0.0,晴れ,20.0
2025514,05:00,0.0,17.2,9.1,11.6,59,1.1,南東,0.0,0.00,晴れ,20.0
2025514,06:00,0.0,16.7,9.9,12.2,64,1.8,南東,0.0,0.05,晴れ,20.0
2025514,07:00,0.0,17.9,10.1,12.3,60,2.0,南東,0.9,0.51,晴れ,20.0
2025514,08:00,0.0,20.3,10.7,12.9,54,1.2,東南東,1.0,1.15,晴れ,20.0
2025514,09:00,0.0,22.6,11.4,13.4,49,1.7,東南東,1.0,1.96,晴れ,20.0
2025514,10:00,0.0,23.8,12.1,14.2,48,2.1,東,1.0,2.64,晴れ,20.0
2025514,11:00,0.0,26.0,14.5,16.5,49,1.4,北東,1.0,3.13,晴れ,20.0
2025514,12:00,0.0,25.4,14.2,16.2,50,5.0,北北西,1.0,3.39,晴れ,20.0
2025514,13:00,0.0,26.0,14.8,16.8,50,4.3,北北西,1.0,3.24,晴れ,20.0
2025514,14:00,0.0,25.9,14.4,16.4,49,4.0,北,1.0,3.23,晴れ,20.0
2025514,15:00,0.0,24.8,14.6,16.6,53,6.1,北,1.0,2.37,晴れ,20.0
2025514,16:00,0.0,23.5,15.0,17.1,59,5.0,北,0.7,1.66,曇,20.0
2025514,17:00,0.0,23.0,14.3,16.3,58,3.6,北,0.1,1.03,曇,20.0
2025514,18:00,0.0,22.6,15.0,17.0,62,2.4,北,0.1,0.57,曇,20.0
2025514,19:00,0.0,21.6,13.3,15.2,59,1.4,北東,0.0,0.16,晴れ,20.0
2025514,20:00,0.0,21.0,13.9,15.9,64,1.4,北,0.0,0.00,晴れ,20.0
2025514,21:00,0.0,21.1,14.8,16.8,67,1.8,南西,0.0,0.0,晴れ,20.0
2025514,22:00,0.0,19.9,14.9,17.0,73,0.6,南南西,0.0,0.0,晴れ,19.2
2025514,23:00,0.0,20.1,14.3,16.2,69,1.7,南東,0.0,0.0,晴れ,20.0
2025514,24:00,0.0,19.6,14.2,16.2,71,2.4,南東,0.0,0.0,曇,20.0
2025515,01:00,0.0,19.2,13.8,15.8,71,2.3,南東,0.0,0.0,曇,20.0
2025515,02:00,0.0,19.7,13.9,15.8,69,2.5,南東,0.0,0.0,曇,20.0
2025515,03:00,0.0,19.3,13.7,15.7,70,1.9,南東,0.0,0.0,晴れ,20.0
2025515,04:00,0.0,18.7,13.6,15.5,72,3.1,南東,0.0,0.0,晴れ,20.0
2025515,05:00,0.0,19.1,13.7,15.7,71,2.5,南東,0.0,0.00,晴れ,20.0
2025515,06:00,0.0,19.2,14.0,16.0,72,2.5,南東,0.0,0.07,曇,20.0
2025515,07:00,0.0,20.4,14.5,16.5,69,3.6,東南東,0.5,0.54,曇,20.0
2025515,08:00,0.0,21.8,14.9,17.0,65,3.3,東南東,0.4,0.93,曇,20.0
2025515,09:00,0.0,22.8,15.2,17.2,62,3.2,東南東,0.5,1.48,曇,20.0
2025515,10:00,0.0,24.6,14.7,16.7,54,2.6,南西,0.4,1.68,曇,20.0
2025515,11:00,0.0,25.8,14.9,16.9,51,2.8,南南東,0.7,2.62,曇,20.0
2025515,12:00,0.0,26.3,14.8,16.8,49,2.2,西,0.5,2.25,曇,20.0
2025515,13:00,0.0,26.2,16.5,18.7,55,3.4,北,0.7,2.92,曇,20.0
2025515,14:00,0.0,26.8,16.7,19.0,54,4.0,北,0.5,2.39,曇,20.0
2025515,15:00,0.0,25.8,16.9,19.3,58,3.6,北,0.0,1.22,曇,20.0
2025515,16:00,0.0,25.8,17.2,19.6,59,2.9,北,0.4,1.38,曇,20.0
2025515,17:00,0.0,24.6,16.9,19.2,62,4.1,北,0.0,0.88,曇,20.0
2025515,18:00,0.0,23.7,16.7,19.1,65,2.2,北,0.0,0.39,曇,20.0
2025515,19:00,0.0,23.3,17.1,19.5,68,0.2,静穏,0.0,0.13,曇,18.7
2025515,20:00,0.0,23.8,17.3,19.8,67,1.3,南東,0.0,0.00,曇,17.9
2025515,21:00,0.0,23.1,17.8,20.4,72,1.9,北,0.0,0.0,曇,17.1
2025515,22:00,0.0,22.4,17.6,20.1,74,1.3,北,0.0,0.0,曇,18.3
2025515,23:00,0.0,22.1,17.7,20.2,76,1.4,北,0.0,0.0,曇,17.7
2025515,24:00,0.0,21.9,17.5,20.0,76,1.0,南東,0.0,0.0,曇,17.5
2025516,01:00,0.0,22.6,17.5,20.0,73,1.7,東南東,0.0,0.0,雨,16.7
2025516,02:00,0.0,22.1,18.5,21.3,80,2.2,南東,0.0,0.0,雨,8.96
2025516,03:00,0.0,21.5,18.3,21.0,82,1.5,南東,0.0,0.0,雨,8.47
2025516,04:00,0.0,21.3,18.1,20.8,82,1.4,南東,0.0,0.0,曇,12.2
2025516,05:00,0.0,21.1,18.5,21.3,85,1.3,南南東,0.0,0.00,雨,10.6
2025516,06:00,0.0,20.8,18.7,21.6,88,1.3,南南東,0.0,0.03,雨,9.61
2025516,07:00,0.0,21.4,18.0,20.6,81,2.7,南東,0.0,0.23,曇,12.0
2025516,08:00,0.0,22.4,18.4,21.1,78,2.9,南東,0.0,0.51,曇,14.1
2025516,09:00,0.0,23.9,17.9,20.5,69,3.9,東南東,0.0,1.00,曇,18.5
2025516,10:00,0.0,24.9,17.4,19.8,63,4.5,南東,0.0,1.16,曇,19.8
2025516,11:00,0.0,26.3,17.7,20.2,59,3.7,南東,0.1,1.84,曇,20.0
2025516,12:00,0.0,27.3,16.9,19.2,53,2.1,南東,0.1,1.75,曇,20.0
2025516,13:00,0.0,27.1,16.7,19.0,53,1.6,南東,0.0,1.20,曇,16.7
2025516,14:00,0.0,25.2,18.2,20.8,65,3.1,北,0.0,1.05,曇,16.2
2025516,15:00,0.0,24.2,18.4,21.1,70,1.7,北北西,0.0,0.55,雨,14.8
2025516,16:00,0.0,22.8,19.2,22.2,80,2.6,北,0.0,0.19,雨,8.04
2025516,17:00,0.0,23.2,19.2,22.2,78,1.0,北東,0.0,0.31,曇,11.7
2025516,18:00,0.0,24.2,18.4,21.1,70,2.5,南東,0.0,0.23,曇,15.5
2025516,19:00,0.0,24.0,18.9,21.8,73,2.9,南東,0.0,0.07,雨,14.5
2025516,20:00,0.0,22.6,19.0,21.9,80,4.3,南南東,0.0,0.00,雨,11.0
2025516,21:00,0.0,22.0,17.6,20.1,76,6.3,南東,0.0,0.0,雨,16.2
2025516,22:00,0.0,21.2,18.4,21.2,84,3.8,東南東,0.0,0.0,雨,15.1
2025516,23:00,0.5,21.0,18.6,21.4,86,4.4,東南東,0.0,0.0,雨,11.0
2025516,24:00,0.5,21.2,19.1,22.2,88,2.6,東南東,0.0,0.0,雨,12.2
2025517,01:00,1.0,21.7,19.5,22.6,87,2.1,東南東,0.0,0.0,雨,9.57
2025517,02:00,0.5,21.5,19.8,23.1,90,1.7,東北東,0.0,0.0,雨,7.87
2025517,03:00,9.5,21.0,20.2,23.6,95,3.2,南東,0.0,0.0,雨,3.13
2025517,04:00,0.5,21.3,20.5,24.1,95,1.9,東南東,0.0,0.0,雨,13.5
2025517,05:00,0.0,21.8,21.1,25.1,96,2.0,北東,0.0,0.00,雨,20.0
2025517,06:00,0.0,22.5,21.7,25.9,95,1.2,東南東,0.0,0.01,雨,20.0
2025517,07:00,0.0,23.5,21.8,26.1,90,1.3,西,0.0,0.06,雨,20.0
2025517,08:00,0.0,24.8,20.7,24.4,78,6.2,南西,0.0,0.12,曇,20.0
2025517,09:00,0.0,25.6,19.5,22.7,69,3.0,西,0.0,0.76,曇,20.0
2025517,10:00,0.0,24.6,20.3,23.8,77,3.7,北西,0.0,0.59,曇,20.0
2025517,11:00,0.0,22.9,19.1,22.1,79,3.5,北西,0.0,0.83,曇,20.0
2025517,12:00,0.0,22.9,18.9,21.8,78,1.9,北北東,0.0,1.32,曇,20.0
2025517,13:00,0.0,22.8,19.0,21.9,79,3.2,北,0.0,1.24,曇,20.0
2025517,14:00,0.0,23.6,18.9,21.9,75,3.0,北北東,0.4,1.96,曇,20.0
2025517,15:00,0.0,23.8,19.1,22.1,75,2.4,北北東,0.7,2.31,曇,20.0
2025517,16:00,0.0,23.6,18.9,21.9,75,3.4,北,0.7,2.28,曇,20.0
2025517,17:00,0.0,22.7,18.3,21.0,76,4.4,北北西,0.3,0.98,晴れ,20.0
2025517,18:00,0.0,22.9,18.7,21.5,77,2.0,北,0.5,0.78,晴れ,20.0
2025517,19:00,0.0,22.8,18.1,20.8,75,1.2,東南東,0.0,0.13,曇,20.0
2025517,20:00,0.0,21.5,18.3,21.0,82,1.1,北,0.0,0.00,曇,20.0
2025517,21:00,0.0,21.6,18.6,21.4,83,1.7,北,0.0,0.0,曇,20.0
2025517,22:00,0.0,21.3,18.7,21.5,85,1.2,東北東,0.0,0.0,曇,20.0
2025517,23:00,0.0,20.1,18.1,20.7,88,1.7,北北東,0.0,0.0,曇,20.0
2025517,24:00,0.0,21.0,17.2,19.7,79,1.1,東南東,0.0,0.0,曇,8.08
2025518,01:00,0.0,19.6,17.9,20.5,90,2.1,北,0.0,0.0,晴れ,20.0
2025518,02:00,0.0,19.3,17.3,19.7,88,0.6,西,0.0,0.0,晴れ,20.0
2025518,03:00,0.0,19.4,17.6,20.1,89,1.1,南東,0.0,0.0,曇,20.0
2025518,04:00,0.0,19.8,17.2,19.6,85,2.0,南南東,0.0,0.0,曇,20.0
2025518,05:00,0.0,19.5,17.3,19.7,87,3.3,北西,0.0,0.00,曇,20.0
2025518,06:00,0.0,19.4,16.8,19.2,85,2.4,南西,0.0,0.05,曇,20.0
2025518,07:00,0.0,20.0,16.7,18.9,81,1.8,西南西,0.0,0.28,曇,20.0
2025518,08:00,0.0,20.6,16.4,18.7,77,1.1,南,0.4,0.97,曇,20.0
2025518,09:00,0.0,21.4,17.0,19.4,76,1.7,北北東,0.0,0.90,曇,20.0
2025518,10:00,0.0,22.5,16.8,19.1,70,2.5,西北西,0.0,1.13,曇,11.2
2025518,11:00,0.0,22.1,16.8,19.2,72,3.9,西北西,0.0,0.90,曇,12.4
2025518,12:00,0.0,22.3,17.2,19.7,73,1.5,西,0.0,0.80,曇,14.8
2025518,13:00,0.0,21.4,18.2,20.9,82,3.7,北,0.0,0.80,曇,11.6
2025518,14:00,0.0,20.9,17.7,20.3,82,3.2,北西,0.0,0.77,曇,11.8
2025518,15:00,0.0,20.4,16.7,18.9,79,2.4,北西,0.0,0.87,曇,18.2
2025518,16:00,0.0,20.3,15.7,17.9,75,4.7,西北西,0.1,1.18,曇,17.2
2025518,17:00,0.0,19.9,15.6,17.7,76,3.9,北西,0.1,1.04,曇,15.7
2025518,18:00,0.0,19.4,14.9,16.9,75,3.3,北西,0.2,0.65,曇,16.2
2025518,19:00,0.0,19.2,14.9,16.9,76,1.5,西南西,0.0,0.10,曇,15.3
2025518,20:00,0.0,18.9,15.0,17.0,78,1.5,北西,0.0,0.00,曇,15.3
2025518,21:00,0.0,18.7,15.0,17.0,79,1.1,北西,0.0,0.0,曇,15.3
2025518,22:00,0.0,18.5,15.0,17.0,80,2.1,北西,0.0,0.0,曇,14.9
2025518,23:00,0.0,18.3,15.0,17.0,81,1.0,南西,0.0,0.0,曇,15.3
2025518,24:00,0.0,18.5,15.4,17.5,82,0.7,南東,0.0,0.0,曇,14.7
2025520,01:00,0.0,13.6,4.8,8.6,55,2.5,南東,0.0,0.0,曇,20.0
2025520,02:00,0.0,12.7,5.9,9.3,63,3.7,東南東,0.0,0.0,曇,20.0
2025520,03:00,0.0,12.1,6.0,9.3,66,4.0,東南東,0.0,0.0,曇,20.0
2025520,04:00,0.0,12.5,5.7,9.1,63,6.5,南南東,0.0,0.00,雨,20.0
2025520,05:00,0.0,12.5,5.4,9.0,62,6.6,南南東,0.0,0.03,曇,20.0
2025520,06:00,0.0,13.1,5.8,9.2,61,7.9,南南東,0.0,0.16,曇,20.0
2025520,07:00,0.0,13.5,7.3,10.2,66,9.9,南南東,0.1,0.41,晴れ,20.0
2025520,08:00,0.0,12.7,8.2,10.9,74,8.9,南南東,0.1,0.42,雨,13.4
2025520,09:00,0.0,12.4,9.1,11.5,80,5.0,南南東,0.0,0.32,雨,12.9
2025520,10:00,0.0,12.6,10.2,12.4,85,4.4,南東,0.0,0.32,雨,6.34
2025520,11:00,0.5,14.8,11.6,13.6,81,4.0,東南東,0.6,2.49,晴れ,20.0
2025520,12:00,0.0,18.8,8.5,11.1,51,6.2,南西,0.9,3.22,晴れ,20.0
2025520,13:00,0.0,19.6,5.3,8.9,39,7.3,西南西,0.9,3.34,晴れ,20.0
2025520,14:00,0.0,18.9,5.0,8.7,40,7.6,西南西,0.9,2.88,晴れ,20.0
2025520,15:00,0.0,19.0,1.1,6.6,30,6.7,西,1.0,2.63,晴れ,20.0
2025520,16:00,0.0,18.0,1.5,6.8,33,6.9,西,1.0,2.01,晴れ,20.0
2025520,17:00,0.0,17.3,2.1,7.1,36,3.6,西南西,1.0,1.34,晴れ,20.0
2025520,18:00,0.0,16.4,0.5,6.3,34,4.8,西南西,0.9,0.65,晴れ,20.0
2025520,19:00,0.0,15.2,2.1,7.1,41,1.9,西,0.3,0.12,晴れ,20.0
2025520,20:00,0.0,14.1,3.6,7.9,49,1.8,南西,0.0,0.00,晴れ,20.0
2025520,21:00,0.0,13.5,4.1,8.2,53,1.0,南南東,0.0,0.0,晴れ,20.0
2025520,22:00,0.0,12.9,4.4,8.3,56,0.9,南南東,0.0,0.0,晴れ,20.0
2025520,23:00,0.0,12.5,4.0,8.1,56,1.4,北北東,0.0,0.0,晴れ,20.0
2025520,24:00,0.0,13.8,2.7,7.4,47,3.3,西南西,0.0,0.0,晴れ,20.0
2025521,01:00,0.0,11.9,3.7,7.9,57,0.8,南南東,0.0,0.0,晴れ,20.0
2025521,02:00,0.0,10.5,5.3,8.9,70,1.7,北北西,0.0,0.0,晴れ,20.0
2025521,03:00,0.0,9.6,6.0,9.3,78,1.0,西北西,0.0,0.0,晴れ,20.0
2025521,04:00,0.0,9.0,5.9,9.3,81,0.3,北西,0.0,0.00,晴れ,20.0
2025521,05:00,0.0,9.1,6.2,9.5,82,1.0,南東,0.3,0.11,晴れ,20.0
2025521,06:00,0.0,12.3,5.0,8.7,61,1.5,東,1.0,0.72,晴れ,20.0
2025521,07:00,0.0,14.3,5.1,8.8,54,1.3,東,1.0,1.28,晴れ,20.0
2025521,08:00,0.0,16.6,6.2,9.4,50,2.3,北,1.0,1.90,晴れ,20.0
2025521,09:00,0.0,17.8,6.1,9.4,46,2.0,北,1.0,2.55,晴れ,20.0
2025521,10:00,0.0,19.1,6.6,9.7,44,1.3,北,1.0,2.99,晴れ,20.0
2025521,11:00,0.0,20.6,7.9,10.7,44,2.9,北,0.3 ],0.79 ],晴れ,20.0
2025521,12:00,0.0,20.8,5.6,9.1,37,2.9,東南東,1.0,3.59,晴れ,20.0
2025521,13:00,0.0,19.6,6.4,9.6,42,2.3,南西,0.5,2.14,晴れ,20.0
2025521,14:00,0.0,18.3,6.2,9.5,45,5.0,北西,0.9,2.92,晴れ,20.0
2025521,15:00,0.0,16.8,6.0,9.4,49,3.3,北北西,0.4,1.43,曇,20.0
2025521,16:00,0.0,16.3,7.3,10.2,55,4.1,北,0.1,1.00,曇,20.0
2025521,17:00,0.0,15.7,7.2,10.2,57,3.1,北北西,0.0,0.71,曇,20.0
2025521,18:00,0.0,14.9,7.9,10.7,63,2.7,北北西,0.0,0.36,曇,20.0
2025521,19:00,0.0,14.1,8.3,10.9,68,2.4,北,0.0,0.06,曇,20.0
2025521,20:00,0.0,13.8,8.9,11.4,72,1.4,北北西,0.0,0.00,曇,20.0
2025521,21:00,0.0,13.6,8.7,11.2,72,1.4,北,0.0,0.0,曇,20.0
2025521,22:00,0.0,12.9,8.4,11.0,74,1.9,西北西,0.0,0.0,曇,20.0
2025521,23:00,0.0,12.9,8.2,10.9,73,1.6,西北西,0.0,0.0,曇,20.0
2025521,24:00,0.0,12.9,8.2,10.9,73,2.3,北北西,0.0,0.0,曇,20.0
2025522,01:00,0.0,12.5,8.2,10.9,75,1.8,西北西,0.0,0.0,曇,20.0
2025522,02:00,0.0,12.4,8.5,11.1,77,0.8,西,0.0,0.0,曇,20.0
2025522,03:00,0.0,12.3,8.4,11.0,77,0.5,西,0.0,0.0,曇,20.0
2025522,04:00,0.0,12.3,8.2,10.9,76,1.5,北北西,0.0,0.00,曇,20.0
2025522,05:00,0.0,12.0,8.3,10.9,78,1.8,西北西,0.0,0.05,曇,20.0
2025522,06:00,0.0,12.5,8.6,11.2,77,2.6,北西,0.0,0.19,曇,20.0
2025522,07:00,0.0,12.9,9.7,12.1,81,2.5,北北西,0.0,0.53,曇,20.0
2025522,08:00,0.0,13.9,9.8,12.1,76,1.6,北北西,0.2,1.03,曇,20.0
2025522,09:00,0.0,15.1,10.3,12.5,73,2.4,北北西,0.6,1.85,曇,20.0
2025522,10:00,0.0,15.8,10.1,12.4,69,5.3,北北西,1.0,2.99,晴れ,20.0
2025522,11:00,0.0,14.7,9.7,12.0,72,5.1,北北西,0.8,2.98,曇,20.0
2025522,12:00,0.0,14.5,9.7,12.1,73,3.8,北北西,0.1,2.04,曇,20.0
2025522,13:00,0.0,15.1,9.9,12.2,71,7.1,北西,0.4,2.57,曇,20.0
2025522,14:00,0.0,14.0,9.3,11.7,73,8.1,北北西,0.3,2.12,曇,20.0
2025522,15:00,0.0,13.7,7.9,10.7,68,7.9,北北西,0.3,1.57,曇,20.0
2025522,16:00,0.0,12.4,8.3,10.9,76,7.1,北西,0.0,0.55,雨,20.0
2025522,17:00,0.0,12.2,7.9,10.7,75,4.9,北北西,0.0,0.14,曇,20.0
2025522,18:00,0.0,11.7,7.6,10.4,76,9.1,北西,0.1,0.29,晴れ,20.0
2025522,19:00,0.0,11.1,7.4,10.3,78,7.9,北西,0.0,0.06,晴れ,20.0
2025522,20:00,0.0,10.9,6.9,9.9,76,5.4,北西,0.0,0.00,晴れ,20.0
2025522,21:00,0.0,11.1,7.2,10.2,77,6.0,北西,0.0,0.0,曇,20.0
2025522,22:00,0.0,11.3,6.7,9.8,73,4.9,西北西,0.0,0.0,曇,20.0
2025522,23:00,0.0,11.2,6.9,10.0,75,5.7,北西,0.0,0.0,雨,20.0
2025522,24:00,0.0,11.4,6.7,9.8,73,4.2,北西,0.0,0.0,曇,20.0
2025525,01:00,0.0,18.4,16.4,18.6,88,4.4,西北西,0.0,0.0,曇,20.0
2025525,02:00,0.0,18.1,15.7,17.9,86,5.6,西北西,0.0,0.0,曇,20.0
2025525,03:00,0.0,17.9,15.4,17.4,85,5.9,西北西,0.0,0.0,晴れ,20.0
2025525,04:00,0.0,17.7,15.3,17.4,86,6.0,西北西,0.0,0.0,曇,20.0
2025525,05:00,0.0,17.5,15.3,17.4,87,5.1,西北西,0.0,0.00,曇,20.0
2025525,06:00,0.0,17.6,15.1,17.1,85,4.2,西北西,0.0,0.05,曇,20.0
2025525,07:00,0.0,18.1,14.8,16.8,81,5.1,北西,0.0,0.30,曇,20.0
2025525,08:00,0.0,18.9,14.6,16.6,76,4.2,北西,0.3,0.89,曇,20.0
2025525,09:00,0.0,20.1,14.0,16.0,68,4.2,北西,0.7,1.45,曇,20.0
2025525,10:00,0.0,21.2,14.4,16.4,65,4.4,北西,0.5,1.68,曇,20.0
2025525,11:00,0.0,22.1,14.0,16.0,60,4.3,北北西,0.5,2.22,曇,20.0
2025525,12:00,0.0,22.1,14.7,16.8,63,3.8,北北西,0.2,1.66,曇,20.0
2025525,13:00,0.0,23.2,14.5,16.5,58,4.3,北北西,0.3,1.92,曇,20.0
2025525,14:00,0.0,23.7,14.4,16.4,56,3.1,北西,0.3,1.69,曇,20.0
2025525,15:00,0.0,23.9,16.2,18.4,62,4.4,北西,0.0,1.23,曇,20.0
2025525,16:00,0.0,23.3,14.3,16.3,57,4.1,北西,0.2,1.24,曇,20.0
2025525,17:00,0.0,22.1,12.7,14.6,55,6.3,北北西,0.1,0.82,曇,20.0
2025525,18:00,0.0,21.1,12.5,14.5,58,5.2,北北西,0.0,0.33,曇,20.0
2025525,19:00,0.0,20.2,12.7,14.7,62,2.8,北西,0.0,0.11,曇,20.0
2025525,20:00,0.0,19.7,13.0,14.9,65,2.3,北北西,0.0,0.01,曇,20.0
2025525,21:00,0.0,19.0,13.0,14.9,68,3.0,北西,0.0,0.0,曇,20.0
2025525,22:00,0.0,18.7,13.1,15.1,70,3.3,北北西,0.0,0.0,曇,20.0
2025525,23:00,0.0,18.4,13.3,15.2,72,4.4,北北西,0.0,0.0,曇,20.0
2025525,24:00,0.0,17.8,13.3,15.3,75,2.4,北北西,0.0,0.0,曇,20.0
2025527,01:00,0.0,15.5,13.2,15.1,86,0.6,南南東,0.0,0.0,曇,20.0
2025527,02:00,0.0,15.1,13.1,15.1,88,0.7,南南東,0.0,0.0,曇,20.0
2025527,03:00,0.0,14.6,12.5,14.5,87,1.1,南,0.0,0.0,晴れ,20.0
2025527,04:00,0.0,14.0,11.0,13.1,82,0.7,東南東,0.0,0.0,晴れ,20.0
2025527,05:00,0.0,13.7,10.1,12.4,79,0.9,南南東,0.0,0.00,晴れ,20.0
2025527,06:00,0.0,14.3,10.1,12.4,76,0.9,南,0.4,0.10,晴れ,20.0
2025527,07:00,0.0,16.0,10.8,12.9,71,0.8,南南東,1.0,0.66,晴れ,20.0
2025527,08:00,0.0,18.6,10.2,12.4,58,1.5,東南東,1.0,1.41,晴れ,20.0
2025527,09:00,0.0,20.7,9.0,11.5,47,1.4,北北東,1.0,2.14,晴れ,20.0
2025527,10:00,0.0,22.9,12.5,14.5,52,3.8,北,1.0,2.78,晴れ,20.0
2025527,11:00,0.0,22.7,12.1,14.1,51,3.3,北,1.0,3.27,晴れ,20.0
2025527,12:00,0.0,23.7,10.7,12.9,44,5.5,北,1.0,3.56,晴れ,20.0
2025527,13:00,0.0,22.7,12.9,14.9,54,5.1,北北西,1.0,3.61,晴れ,20.0
2025527,14:00,0.0,22.6,11.7,13.7,50,5.0,北北西,1.0,3.39,晴れ,20.0
2025527,15:00,0.0,23.2,14.0,15.9,56,3.6,北北西,1.0,2.97,晴れ,20.0
2025527,16:00,0.0,23.4,13.6,15.5,54,3.5,北北西,1.0,2.39,晴れ,20.0
2025527,17:00,0.0,22.6,12.6,14.5,53,3.7,北北西,1.0,1.70,晴れ,20.0
2025527,18:00,0.0,21.6,14.0,16.0,62,3.7,北北西,1.0,0.99,晴れ,20.0
2025527,19:00,0.0,20.1,13.8,15.8,67,2.2,北北西,0.9,0.33,晴れ,20.0
2025527,20:00,0.0,19.6,14.4,16.4,72,1.7,西北西,0.0,0.01,晴れ,20.0
2025527,21:00,0.0,19.4,13.8,15.8,70,1.8,北西,0.0,0.0,晴れ,20.0
2025527,22:00,0.0,19.2,10.0,12.2,55,1.5,西,0.0,0.0,晴れ,20.0
2025527,23:00,0.0,17.7,9.9,12.2,60,0.7,北北西,0.0,0.0,晴れ,20.0
2025527,24:00,0.0,17.5,10.2,12.4,62,1.5,南,0.0,0.0,晴れ,20.0
2025528,01:00,0.0,16.7,10.8,12.9,68,1.0,南南東,0.0,0.0,晴れ,20.0
2025528,02:00,0.0,16.1,10.4,12.6,69,0.9,南西,0.0,0.0,晴れ,20.0
2025528,03:00,0.0,15.6,10.2,12.4,70,1.1,南南東,0.0,0.0,晴れ,20.0
2025528,04:00,0.0,15.3,9.4,11.8,68,1.0,南南東,0.0,0.0,晴れ,20.0
2025528,05:00,0.0,15.0,10.2,12.4,73,0.5,南南東,0.0,0.00,曇,20.0
2025528,06:00,0.0,16.1,9.8,12.1,66,0.7,南南西,0.0,0.08,曇,20.0
2025528,07:00,0.0,17.0,9.9,12.2,63,1.1,南東,0.4,0.48,曇,20.0
2025528,08:00,0.0,19.3,10.1,12.3,55,0.9,東南東,1.0,1.13,晴れ,20.0
2025528,09:00,0.0,21.7,10.8,13.0,50,0.9,北北東,1.0,2.04,晴れ,20.0
2025528,10:00,0.0,22.5,12.5,14.4,53,3.2,北,1.0,2.50,晴れ,20.0
2025528,11:00,0.0,24.2,13.4,15.4,51,3.2,北,1.0,2.70,晴れ,20.0
2025528,12:00,0.0,24.5,14.9,16.9,55,4.2,北,1.0,3.27,晴れ,20.0
2025528,13:00,0.0,24.2,14.9,16.9,56,4.1,北,1.0,2.97,晴れ,20.0
2025528,14:00,0.0,23.7,14.4,16.4,56,4.0,北北西,0.8,2.31,曇,20.0
2025528,15:00,0.0,23.8,16.6,18.9,64,3.3,北北西,0.9,2.31,曇,16.1
2025528,16:00,0.0,22.5,16.1,18.3,67,5.0,北西,1.0,1.91,晴れ,20.0
2025528,17:00,0.0,21.7,16.0,18.2,70,3.2,北西,0.7,1.22,曇,20.0
2025528,18:00,0.0,21.7,12.6,14.5,56,2.7,北西,0.0,0.50,曇,20.0
2025528,19:00,0.0,21.4,12.3,14.3,56,2.7,西北西,0.0,0.14,曇,20.0
2025528,20:00,0.0,21.1,14.0,16.0,64,2.0,西北西,0.0,0.01,曇,20.0
2025528,21:00,0.0,21.2,14.6,16.6,66,1.2,西南西,0.0,0.0,曇,20.0
2025528,22:00,0.0,20.6,15.0,17.0,70,0.8,南東,0.0,0.0,曇,20.0
2025528,23:00,0.0,19.9,15.8,17.9,77,1.2,北北東,0.0,0.0,曇,20.0
2025528,24:00,0.0,19.7,14.7,16.8,73,0.3,北北西,0.0,0.0,曇,20.0
2025530,01:00,0.0,16.9,13.4,15.4,80,3.2,北北西,0.0,0.0,曇,20.0
2025530,02:00,0.0,16.5,13.6,15.6,83,3.2,北,0.0,0.0,曇,20.0
2025530,03:00,0.0,16.3,14.0,15.9,86,2.8,北,0.0,0.0,曇,20.0
2025530,04:00,0.0,16.3,14.0,15.9,86,2.6,北,0.0,0.00,曇,20.0
2025530,05:00,0.0,16.2,13.7,15.7,85,2.5,北,0.0,0.01,曇,20.0
2025530,06:00,0.0,16.3,13.4,15.4,83,3.1,北,0.0,0.10,曇,20.0
2025530,07:00,0.0,16.8,13.9,15.9,83,2.7,北北西,0.0,0.27,曇,20.0
2025530,08:00,0.0,17.2,14.3,16.3,83,2.1,北北東,0.0,0.24,曇,20.0
2025530,09:00,0.0,17.5,14.4,16.4,82,1.0,北東,0.0,0.52,曇,20.0
2025530,10:00,0.0,17.9,14.4,16.4,80,1.3,東北東,0.0,0.57,曇,20.0
2025530,11:00,0.0,18.6,14.3,16.3,76,2.1,北東,0.0,0.61,曇,20.0
2025530,12:00,0.0,18.4,14.5,16.5,78,2.6,東北東,0.0,0.66,雨,20.0
2025530,13:00,0.0,19.5,14.8,16.8,74,1.6,東北東,0.0,1.24,雨,20.0
2025530,14:00,0.0,19.3,14.4,16.3,73,2.1,東北東,0.0,0.89,曇,20.0
2025530,15:00,0.0,18.2,15.1,17.1,82,1.7,東,0.0,0.51,曇,20.0
2025530,16:00,0.0,18.3,14.6,16.6,79,1.3,東,0.0,0.43,雨,20.0
2025530,17:00,0.0,17.0,14.3,16.3,84,2.1,東南東,0.0,0.29,曇,20.0
2025530,18:00,0.0,16.9,13.6,15.6,81,2.5,南東,0.0,0.08,曇,20.0
2025530,19:00,0.0,16.3,14.1,16.1,87,2.4,南南東,0.0,0.01,雨,20.0
2025530,20:00,0.0,16.0,14.4,16.4,90,0.5,西南西,0.0,0.00,曇,20.0
2025530,21:00,0.0,15.8,15.0,17.1,95,0.7,南南東,0.0,0.0,雨,4.11
2025530,22:00,2.5,14.9,14.1,16.1,95,3.1,北東,0.0,0.0,雨,3.48
2025530,23:00,0.0,14.7,12.6,14.6,87,4.6,北,0.0,0.0,曇,20.0
2025530,24:00,0.0,14.1,12.7,14.6,91,3.4,北北東,0.0,0.0,雨,3.74
202561,01:00,0.0,13.2,11.4,13.5,89,5.8,北北西,0.0,0.0,曇,20.0
202561,02:00,0.0,13.0,11.7,13.8,92,4.9,北北西,0.0,0.0,雨,4.16
202561,03:00,1.0,12.8,12.2,14.2,96,4.9,北北西,0.0,0.0,雨,3.81
202561,04:00,0.5,12.7,12.2,14.2,97,3.3,北北西,0.0,0.00,雨,3.50
202561,05:00,1.0,12.7,12.2,14.2,97,4.6,北北西,0.0,0.01,雨,2.38
202561,06:00,0.0,13.1,12.3,14.3,95,5.3,北,0.0,0.08,雨,20.0
202561,07:00,0.5,12.4,11.6,13.7,95,5.8,北北東,0.0,0.22,雨,6.97
202561,08:00,0.0,12.7,10.6,12.8,87,6.1,北,0.0,0.91,曇,20.0
202561,09:00,0.0,12.9,9.9,12.2,82,7.0,北北西,0.0,1.14,曇,20.0
202561,10:00,0.0,14.8,10.8,13.0,77,4.9,北,0.2,1.84,曇,20.0
202561,11:00,0.0,15.5,11.1,13.2,75,3.6,北北東,0.1,2.06,曇,20.0
202561,12:00,0.0,17.2,12.3,14.3,73,1.5,東北東,0.0,1.83,曇,20.0
202561,13:00,0.0,18.3,12.3,14.3,68,1.1,北西,0.1,1.94,曇,20.0
202561,14:00,0.0,19.0,12.7,14.7,67,3.7,南南東,0.5,2.53,曇,20.0
202561,15:00,0.0,17.8,11.6,13.7,67,2.6,南東,0.3,2.04,曇,20.0
202561,16:00,0.0,18.1,12.6,14.5,70,3.1,南南東,0.1,0.96,曇,20.0
202561,17:00,0.0,17.1,12.0,14.0,72,3.9,南東,0.6,1.18,曇,20.0
202561,18:00,0.0,15.7,12.1,14.1,79,4.4,南東,0.4,0.42,晴れ,20.0
202561,19:00,0.0,13.9,12.0,14.0,88,4.9,南東,0.1,0.09,晴れ,20.0
202561,20:00,0.0,13.7,11.8,13.8,88,3.1,南東,0.0,0.00,晴れ,20.0
202561,21:00,0.0,14.1,12.0,14.0,87,4.1,南南東,0.0,0.0,晴れ,20.0
202561,22:00,0.0,13.8,11.7,13.7,87,3.5,南南東,0.0,0.0,晴れ,20.0
202561,23:00,0.0,13.1,11.8,13.9,92,2.2,南東,0.0,0.0,晴れ,20.0
202561,24:00,0.0,12.3,11.8,13.9,97,0.4,西北西,0.0,0.0,晴れ,15.8
202563,01:00,3.0,18.7,17.7,20.3,94,2.2,東,0.0,0.0,雨,7.79
202563,02:00,2.5,18.8,18.0,20.6,95,1.9,東南東,0.0,0.0,雨,8.48
202563,03:00,1.5,18.9,18.6,21.4,98,2.8,北,0.0,0.0,雨,3.73
202563,04:00,1.5,18.5,18.2,20.9,98,2.6,北,0.0,0.0,雨,3.56
202563,05:00,1.0,18.5,18.2,20.9,98,1.6,北北東,0.0,0.00,雨,4.00
202563,06:00,1.0,18.4,18.1,20.7,98,0.5,東南東,0.0,0.01,雨,2.75
202563,07:00,1.0,18.7,18.2,20.9,97,1.2,南,0.0,0.07,雨,3.08
202563,08:00,1.0,19.0,18.5,21.3,97,0.4,西,0.0,0.24,雨,3.74
202563,09:00,0.5,19.3,18.8,21.7,97,2.6,北西,0.0,0.29,雨,4.15
202563,10:00,1.0,19.7,18.9,21.8,95,2.5,北西,0.0,0.72,雨,4.55
202563,11:00,0.0,19.6,19.1,22.1,97,3.6,北北西,0.0,0.72,雨,1.62
202563,12:00,0.0,19.7,18.5,21.3,93,4.0,北北西,0.0,1.07,曇,20.0
202563,13:00,0.0,20.2,18.7,21.5,91,4.0,北西,0.0,1.09,曇,20.0
202563,14:00,0.0,20.9,18.1,20.8,84,3.6,北西,0.0,1.54,曇,20.0
202563,15:00,0.0,21.0,17.8,20.4,82,5.2,北西,0.0,1.66,曇,20.0
202563,16:00,0.0,22.0,17.0,19.3,73,4.2,北西,0.7,2.18,晴れ,20.0
202563,17:00,0.0,22.0,16.7,19.0,72,3.3,北,1.0,1.82,晴れ,20.0
202563,18:00,0.0,21.2,16.8,19.1,76,4.3,北北西,0.9,1.00,晴れ,20.0
202563,19:00,0.0,20.7,17.1,19.5,80,2.9,西南西,0.1,0.19,晴れ,20.0
202563,20:00,0.0,20.3,16.6,18.8,79,1.9,南南東,0.0,0.02,晴れ,20.0
202563,21:00,0.0,20.2,15.4,17.5,74,1.6,南西,0.0,0.0,晴れ,13.5
202563,22:00,0.0,19.5,15.6,17.7,78,1.4,南東,0.0,0.0,晴れ,14.0
202563,23:00,0.0,19.1,15.8,17.9,81,1.5,南東,0.0,0.0,晴れ,17.1
202563,24:00,0.0,19.3,15.4,17.5,78,1.3,南南東,0.0,0.0,晴れ,20.0
202564,01:00,0.0,19.2,15.5,17.6,79,1.5,南東,0.0,0.0,曇,20.0
202564,02:00,0.0,18.6,15.1,17.1,80,1.2,南,0.0,0.0,曇,18.0
202564,03:00,0.0,18.4,15.1,17.1,81,1.9,南東,0.0,0.0,曇,18.5
202564,04:00,0.0,18.0,14.7,16.7,81,1.3,南東,0.0,0.0,曇,18.7
202564,05:00,0.0,18.2,14.3,16.3,78,1.6,南東,0.0,0.00,晴れ,20.0
202564,06:00,0.0,17.8,14.1,16.1,79,1.5,南東,0.4,0.12,晴れ,20.0
202564,07:00,0.0,19.8,13.0,15.0,65,1.4,南東,1.0,0.72,晴れ,20.0
202564,08:00,0.0,23.1,9.2,11.6,41,2.4,西北西,1.0,1.45,晴れ,20.0
202564,09:00,0.0,23.9,10.6,12.8,43,3.1,西北西,1.0,2.18,晴れ,20.0
202564,10:00,0.0,25.0,9.7,12.0,38,3.9,西,1.0,2.81,晴れ,20.0
202564,11:00,0.0,25.7,8.2,10.9,33,3.4,西,1.0,3.28,晴れ,20.0
202564,12:00,0.0,26.1,7.2,10.1,30,3.2,西北西,1.0,3.55,晴れ,20.0
202564,13:00,0.0,26.9,4.0,8.2,23,4.0,西南西,1.0,3.64,晴れ,20.0
202564,14:00,0.0,27.7,5.3,8.9,24,3.1,西,1.0,3.47,晴れ,20.0
202564,15:00,0.0,28.4,4.7,8.5,22,3.4,西北西,1.0,3.10,晴れ,20.0
202564,16:00,0.0,28.6,4.8,8.6,22,4.5,西,1.0,2.51,晴れ,20.0
202564,17:00,0.0,28.1,6.3,9.5,25,4.1,西南西,1.0,1.70,晴れ,20.0
202564,18:00,0.0,26.7,7.2,10.2,29,4.3,南西,0.9,0.91,晴れ,20.0
202564,19:00,0.0,25.5,12.0,14.0,43,3.3,西南西,0.2,0.29,晴れ,20.0
202564,20:00,0.0,24.6,13.2,15.2,49,2.9,南西,0.0,0.02,晴れ,14.8
202564,21:00,0.0,23.6,12.3,14.3,49,3.0,西南西,0.0,0.0,晴れ,20.0
202564,22:00,0.0,23.0,12.0,14.1,50,3.3,南西,0.0,0.0,晴れ,20.0
202564,23:00,0.0,22.4,12.4,14.4,53,3.2,西南西,0.0,0.0,晴れ,20.0
202564,24:00,0.0,22.3,11.4,13.5,50,3.6,西南西,0.0,0.0,晴れ,20.0
202565,01:00,0.0,22.2,10.7,12.8,48,2.6,西南西,0.0,0.0,晴れ,20.0
202565,02:00,0.0,21.7,10.5,12.7,49,2.5,西南西,0.0,0.0,晴れ,20.0
202565,03:00,0.0,21.2,10.1,12.3,49,2.0,西南西,0.0,0.0,晴れ,20.0
202565,04:00,0.0,19.2,12.5,14.5,65,2.1,南東,0.0,0.0,晴れ,20.0
202565,05:00,0.0,18.5,12.9,14.9,70,1.9,南東,0.0,0.00,晴れ,20.0
202565,06:00,0.0,18.6,11.9,13.9,65,1.2,南東,0.5,0.13,晴れ,20.0
202565,07:00,0.0,19.8,13.3,15.2,66,1.1,東南東,1.0,0.71,晴れ,20.0
202565,08:00,0.0,22.1,12.9,14.9,56,0.8,南東,1.0,1.45,晴れ,20.0
202565,09:00,0.0,23.4,12.7,14.7,51,1.1,東南東,1.0,2.17,晴れ,20.0
202565,10:00,0.0,24.3,9.9,12.2,40,1.0,西北西,1.0,2.81,晴れ,20.0
202565,11:00,0.0,26.7,14.8,16.8,48,4.0,北北西,1.0,3.30,晴れ,20.0
202565,12:00,0.0,26.0,13.2,15.1,45,3.7,北北西,1.0,3.59,晴れ,20.0
202565,13:00,0.0,26.3,14.1,16.1,47,5.0,北北西,1.0,3.64,晴れ,20.0
202565,14:00,0.0,25.9,12.4,14.4,43,5.2,北北西,1.0,3.46,晴れ,20.0
202565,15:00,0.0,25.4,11.2,13.3,41,4.6,北北西,1.0,2.96,晴れ,20.0
202565,16:00,0.0,25.1,14.0,15.9,50,4.4,北北西,0.9,2.26,晴れ,20.0
202565,17:00,0.0,24.4,13.0,15.0,49,3.9,北,0.8,1.53,曇,20.0
202565,18:00,0.0,23.7,12.7,14.7,50,2.5,北,0.9,1.06,晴れ,20.0
202565,19:00,0.0,22.7,12.4,14.3,52,3.2,北,0.4,0.38,曇,20.0
202565,20:00,0.0,21.8,13.5,15.4,59,1.8,北北東,0.0,0.01,曇,20.0
202565,21:00,0.0,21.6,11.6,13.7,53,1.3,北東,0.0,0.0,曇,20.0
202565,22:00,0.0,21.7,12.8,14.8,57,0.6,東,0.0,0.0,曇,20.0
202565,23:00,0.0,20.5,13.2,15.2,63,0.8,北北東,0.0,0.0,晴れ,20.0
202565,24:00,0.0,19.6,12.6,14.6,64,0.7,南南西,0.0,0.0,晴れ,20.0
202566,01:00,0.0,19.3,16.9,19.3,86,1.2,南東,0.0,0.0,,
202566,02:00,0.0,19.1,17.3,19.7,89,1.9,南,0.0,0.0,,
202566,03:00,0.0,19.1,17.8,20.3,92,1.6,南,0.0,0.0,薄曇,30.0
202566,04:00,0.0,19.3,16.4,18.6,83,3.0,西北西,0.0,0.00,,
202566,05:00,0.0,18.5,15.0,17.0,80,2.3,西北西,0.0,0.04,,
202566,06:00,0.0,19.3,16.0,18.1,81,1.9,西北西,0.3,0.35,薄曇,20.0
202566,07:00,0.0,21.4,16.8,19.1,75,1.4,南西,0.7,0.94,,
202566,08:00,0.0,23.7,17.2,19.6,67,2.7,南,1.0,1.88,,
202566,09:00,0.0,25.3,16.2,18.4,57,2.8,南南東,1.0,2.52,薄曇,20.0
202566,10:00,0.0,27.5,14.9,16.9,46,4.1,南南東,1.0,3.06,,
202566,11:00,0.0,28.0,12.4,14.4,38,5.2,南南西,1.0,3.33,,
202566,12:00,0.0,27.9,14.2,16.2,43,5.3,南,1.0,2.82,薄曇,20.0
202566,13:00,0.0,27.8,15.8,17.9,48,6.7,南,0.8,2.84,,
202566,14:00,0.0,27.0,16.9,19.3,54,7.4,南南東,1.0,3.28,,
202566,15:00,0.0,26.3,16.8,19.2,56,4.7,南,0.9,2.30,薄曇,15.0
202566,16:00,0.0,25.5,17.7,20.2,62,6.1,南南東,0.5,1.39,,
202566,17:00,0.0,24.5,17.3,19.7,64,6.6,南南東,0.0,0.59,,
202566,18:00,0.0,24.0,16.3,18.5,62,5.5,南,0.0,0.28,曇,15.0
202566,19:00,0.0,23.6,16.2,18.4,63,7.2,南,0.0,0.05,,
202566,20:00,0.0,23.4,15.2,17.3,60,5.4,南,0.0,0.00,,
202566,21:00,0.0,23.2,13.4,15.4,54,5.4,南,0.0,0.0,薄曇,15.0
202566,22:00,0.0,22.6,13.7,15.6,57,5.1,南,0.0,0.0,,
202566,23:00,0.0,22.7,14.6,16.6,60,6.7,南南西,0.0,0.0,,
202566,24:00,0.0,22.4,15.8,17.9,66,4.5,南南西,0.0,0.0,,
202567,01:00,0.0,22.1,15.9,18.1,68,4.6,南南西,0.0,0.0,,
202567,02:00,0.0,21.9,15.3,17.3,66,3.1,南南西,0.0,0.0,,
202567,03:00,0.0,21.8,15.9,18.0,69,3.7,南南西,0.0,0.0,晴れ,15.0
202567,04:00,0.0,21.7,16.0,18.2,70,1.5,南西,0.0,0.00,,
202567,05:00,0.0,21.3,16.3,18.5,73,2.5,南南西,0.0,0.00,,
202567,06:00,0.0,21.7,16.7,19.0,73,2.3,南,0.0,0.18,曇,15.0
202567,07:00,0.0,22.7,17.2,19.6,71,4.0,南南西,0.0,0.66,,
202567,08:00,0.0,24.8,17.0,19.4,62,2.8,南,0.3,1.37,,
202567,09:00,0.0,26.0,16.0,18.2,54,2.9,西南西,1.0,2.47,晴れ,15.0
202567,10:00,0.0,27.0,15.1,17.1,48,1.3,東,1.0,3.06,,
202567,11:00,0.0,28.2,15.5,17.6,46,2.2,南,1.0,3.36,,
202567,12:00,0.0,28.6,17.8,20.4,52,5.3,南東,1.0,3.51,薄曇,15.0
202567,13:00,0.0,27.1,18.9,21.9,61,5.2,南南東,0.7,2.69,,
202567,14:00,0.0,26.3,19.2,22.2,65,5.4,南南東,0.9,2.55,,
202567,15:00,0.0,26.8,18.9,21.9,62,5.5,南南東,1.0,2.59,薄曇,20.0
202567,16:00,0.0,24.8,18.5,21.3,68,5.8,南東,0.2,1.09,,
202567,17:00,0.0,24.0,18.9,21.8,73,2.9,南南東,0.0,0.49,,
202567,18:00,0.0,23.4,18.7,21.6,75,3.9,南南東,0.0,0.18,曇,20.0
202567,19:00,0.0,22.4,18.4,21.1,78,4.1,南,0.0,0.03,,
202567,20:00,0.0,21.8,18.0,20.6,79,3.3,南南東,0.0,0.00,,
202567,21:00,0.0,21.3,17.9,20.5,81,4.3,南,0.0,0.0,曇,20.0
202567,22:00,0.0,20.8,18.0,20.6,84,1.5,南,0.0,0.0,,
202567,23:00,0.0,20.7,18.5,21.2,87,1.2,南東,0.0,0.0,,
202567,24:00,0.0,20.1,18.6,21.4,91,1.8,南南東,0.0,0.0,,
202568,01:00,0.0,19.9,18.7,21.6,93,0.6,南南東,0.0,0.0,,
202568,02:00,0.0,20.2,18.9,21.8,92,0.4,南,0.0,0.0,,
202568,03:00,0.0,20.6,19.1,22.1,91,1.5,南,0.0,0.0,曇,20.0
202568,04:00,0.0,20.3,19.5,22.6,95,0.5,南南西,0.0,0.00,,
202568,05:00,0.0,20.2,19.7,23.0,97,0.0,静穏,0.0,0.00,,
202568,06:00,0.0,21.1,20.1,23.5,94,0.4,北,0.0,0.10,雨,10.0
202568,07:00,0.0,22.2,20.7,24.4,91,1.3,南西,0.0,0.28,,
202568,08:00,0.0,23.2,20.9,24.7,87,0.7,南南西,0.0,0.51,,
202568,09:00,0.0,23.8,20.0,23.3,79,0.8,北北東,0.0,0.92,雨,9.00
202568,10:00,0.0,24.1,20.8,24.6,82,1.1,南,0.0,0.77,,
202568,11:00,0.0,24.8,19.0,21.9,70,1.1,南南東,0.0,0.95,,
202568,12:00,0.0,25.1,19.3,22.3,70,1.5,南南東,0.0,0.90,曇,8.00
202568,13:00,0.0,26.8,18.9,21.9,62,1.8,南,0.3,1.77,,
202568,14:00,0.0,27.9,16.2,18.4,49,4.0,南南東,0.5,2.29,,
202568,15:00,0.0,25.8,16.9,19.3,58,3.8,南南東,0.0,1.23,曇,15.0
202568,16:00,0.0,25.1,18.6,21.4,67,2.4,南,0.0,0.64,,
202568,17:00,0.0,24.7,17.7,20.2,65,2.9,南,0.0,0.29,,
202568,18:00,0.0,24.4,16.2,18.3,60,3.7,南南西,0.0,0.08,曇,15.0
202568,19:00,0.0,23.5,17.5,20.0,69,3.8,南,0.0,0.02,,
202568,20:00,0.0,23.1,18.0,20.6,73,1.5,南南東,0.0,0.00,,
202568,21:00,0.0,22.6,18.0,20.6,75,2.8,南南東,0.0,0.0,曇,15.0
202568,22:00,0.0,22.2,18.4,21.1,79,2.9,南,0.0,0.0,,
202568,23:00,0.0,22.1,18.9,21.8,82,2.1,南南東,0.0,0.0,,
202568,24:00,0.0,22.1,18.5,21.3,80,2.6,南,0.0,0.0,,
2025610,01:00,0.0,21.9,20.7,24.4,93,1.6,南東,0.0,0.0,曇,20.0
2025610,02:00,0.5,21.9,21.1,25.0,95,2.0,南南東,0.0,0.0,雨,5.29
2025610,03:00,14.5,21.4,21.2,25.2,99,1.1,北北西,0.0,0.0,雨,1.78
2025610,04:00,17.5,21.3,21.1,25.1,99,1.2,北北西,0.0,0.0,雨,1.09
2025610,05:00,17.0,21.2,21.0,24.9,99,0.4,西南西,0.0,0.00,雨,1.88
2025610,06:00,14.0,21.5,21.3,25.4,99,0.1,静穏,0.0,0.00,雷電,2.23
2025610,07:00,5.5,21.6,21.4,25.5,99,0.9,南南東,0.0,0.02,雷電,4.65
2025610,08:00,7.5,21.5,21.2,25.1,98,0.6,東南東,0.0,0.02,雨,2.46
2025610,09:00,18.5,20.7,20.2,23.7,97,0.6,北西,0.0,0.09,雨,0.72
2025610,10:00,4.5,21.4,20.6,24.2,95,1.6,南南西,0.0,0.59,雨,20.0
2025610,11:00,0.0,22.9,20.8,24.6,88,2.2,南南東,0.0,1.12,曇,20.0
2025610,12:00,0.0,24.1,21.0,24.9,83,1.4,東,0.1,1.74,曇,20.0
2025610,13:00,0.0,23.0,21.5,25.6,91,2.2,北,0.0,0.58,雨,12.9
2025610,14:00,0.5,23.1,21.4,25.4,90,2.3,西北西,0.0,0.42,雨,20.0
2025610,15:00,0.0,23.4,21.1,25.0,87,2.4,北北西,0.0,0.76,曇,20.0
2025610,16:00,0.0,22.2,20.5,24.1,90,3.1,北,0.0,0.74,雨,20.0
2025610,17:00,0.0,23.0,20.0,23.3,83,1.4,北西,0.0,0.46,曇,20.0
2025610,18:00,0.0,23.0,19.4,22.5,80,1.4,西北西,0.0,0.28,曇,20.0
2025610,19:00,0.5,21.8,20.3,23.8,91,1.2,北北西,0.0,0.07,雨,14.4
2025610,20:00,0.0,21.8,20.1,23.5,90,2.7,北西,0.0,0.00,曇,20.0
2025610,21:00,0.0,21.8,20.1,23.5,90,1.2,北北西,0.0,0.0,雨,20.0
2025610,22:00,0.0,21.5,20.5,24.1,94,0.7,東,0.0,0.0,雨,19.1
2025610,23:00,0.5,21.8,20.5,24.0,92,1.1,南南東,0.0,0.0,雨,8.75
2025610,24:00,0.5,21.4,20.9,24.7,97,0.9,南西,0.0,0.0,雨,5.37
2025611,01:00,1.5,21.2,20.2,23.7,94,1.1,南,0.0,0.0,雨,5.14
2025611,02:00,3.0,20.3,19.0,21.9,92,1.4,西南西,0.0,0.0,雨,4.81
2025611,03:00,6.5,19.6,18.8,21.7,95,0.6,南西,0.0,0.0,雨,5.78
2025611,04:00,1.0,19.8,18.8,21.7,94,1.6,南東,0.0,0.0,雨,20.0
2025611,05:00,0.5,19.8,18.6,21.5,93,2.6,南東,0.0,0.00,雨,20.0
2025611,06:00,0.0,20.0,18.7,21.5,92,1.5,南南東,0.0,0.01,曇,20.0
2025611,07:00,0.0,20.2,18.3,21.1,89,1.5,南東,0.0,0.14,雨,20.0
2025611,08:00,0.0,20.9,19.4,22.5,91,2.4,東南東,0.0,0.49,雨,20.0
2025611,09:00,0.0,21.4,19.5,22.7,89,2.7,南東,0.0,0.68,雨,20.0
2025611,10:00,0.0,22.5,19.7,22.9,84,2.2,東南東,0.0,0.80,曇,20.0
2025611,11:00,0.0,23.2,19.8,23.0,81,3.2,北,0.0,1.41,曇,20.0
2025611,12:00,0.0,23.6,19.3,22.4,77,3.2,北,0.0,1.34,曇,20.0
2025611,13:00,0.0,23.3,19.7,22.9,80,2.7,北,0.0,1.28,曇,17.9
2025611,14:00,0.0,23.0,19.6,22.8,81,2.4,北西,0.0,0.82,雨,19.9
2025611,15:00,0.0,23.0,19.8,23.0,82,2.3,北北西,0.0,0.66,曇,20.0
2025611,16:00,0.0,22.8,19.8,23.0,83,1.6,北,0.0,0.61,曇,17.7
2025611,17:00,0.0,23.1,20.1,23.5,83,1.9,北,0.0,0.53,曇,17.4
2025611,18:00,0.0,22.9,20.1,23.5,84,1.8,北,0.0,0.39,曇,15.3
2025611,19:00,0.0,22.3,20.2,23.7,88,1.0,北北東,0.1,0.19,曇,15.3
2025611,20:00,0.0,22.1,20.4,23.9,90,1.4,北北西,0.0,0.03,曇,13.3
2025611,21:00,0.0,21.7,20.0,23.4,90,0.6,東北東,0.0,0.0,曇,10.3
2025611,22:00,0.0,22.5,20.1,23.4,86,1.3,南南東,0.0,0.0,曇,14.1
2025611,23:00,0.0,22.0,20.3,23.8,90,0.8,東南東,0.0,0.0,曇,11.9
2025611,24:00,0.0,21.9,19.3,22.3,85,1.4,南南東,0.0,0.0,曇,19.5
2025612,01:00,0.0,21.7,19.5,22.6,87,0.9,南,0.0,0.0,曇,17.9
2025612,02:00,0.0,21.2,19.3,22.4,89,1.3,北北東,0.0,0.0,曇,19.0
2025612,03:00,0.0,20.8,19.6,22.8,93,3.2,北,0.0,0.0,曇,4.89
2025612,04:00,0.0,20.7,19.9,23.2,95,1.0,北北西,0.0,0.0,雨,3.10
2025612,05:00,0.0,20.6,20.0,23.3,96,0.2,静穏,0.0,0.00,雨,3.13
2025612,06:00,0.5,20.3,19.1,22.2,93,0.9,南東,0.0,0.01,雨,5.26
2025612,07:00,1.0,20.2,18.9,21.8,92,2.7,南東,0.0,0.06,雨,10.9
2025612,08:00,0.5,20.8,19.5,22.6,92,0.6,西南西,0.0,0.31,雨,15.2
2025612,09:00,0.5,20.7,19.0,22.0,90,0.4,北西,0.0,0.43,雨,10.8
2025612,10:00,0.0,21.6,18.6,21.4,83,2.9,南,0.0,0.90,雨,20.0
2025612,11:00,0.0,22.5,19.7,22.9,84,1.3,南東,0.0,0.88,雨,19.6
2025612,12:00,0.0,22.9,19.1,22.1,79,1.7,東南東,0.0,1.04,雨,13.8
2025612,13:00,1.5,21.8,18.6,21.4,82,1.6,東南東,0.0,0.56,雨,20.0
2025612,14:00,1.0,21.7,18.7,21.6,83,0.4,南東,0.0,0.52,雨,9.77
2025612,15:00,5.0,20.0,19.2,22.2,95,2.7,北西,0.0,0.26,雨,1.61
2025612,16:00,4.5,20.3,19.5,22.6,95,0.7,南西,0.0,0.37,雨,8.57
2025612,17:00,0.5,20.8,19.8,23.1,94,0.8,南東,0.0,0.29,雨,9.36
2025612,18:00,1.5,20.8,19.8,23.1,94,1.7,東南東,0.0,0.11,雨,11.2
2025612,19:00,1.0,20.8,20.3,23.8,97,1.2,北東,0.0,0.06,雨,7.71
2025612,20:00,0.0,21.5,21.0,24.9,97,0.8,北北西,0.0,0.01,雨,14.7
2025612,21:00,0.0,20.8,20.5,24.1,98,2.8,北,0.0,0.0,雨,2.01
2025612,22:00,0.0,20.9,20.4,24.0,97,0.6,南西,0.0,0.0,曇,3.65
2025612,23:00,2.0,20.9,20.6,24.2,98,0.8,北西,0.0,0.0,雨,1.50
2025612,24:00,0.5,20.8,20.6,24.3,99,0.7,北,0.0,0.0,雨,2.41
2025613,01:00,0.0,20.9,20.6,24.2,98,0.3,南南西,0.0,0.0,曇,2.73
2025613,02:00,0.0,21.1,20.9,24.8,99,0.9,西北西,0.0,0.0,雨,1.71
2025613,03:00,0.5,21.1,20.9,24.8,99,1.0,南南東,0.0,0.0,曇,2.87
2025613,04:00,0.0,21.2,20.9,24.7,98,1.2,南南西,0.0,0.0,雨,2.45
2025613,05:00,0.5,21.2,21.0,24.9,99,0.2,静穏,0.0,0.00,雨,1.76
2025613,06:00,0.0,21.5,21.0,24.9,97,1.5,南南東,0.0,0.02,雨,5.15
2025613,07:00,0.0,21.9,21.2,25.2,96,1.5,南東,0.0,0.10,雨,20.0
2025613,08:00,0.0,22.8,21.8,26.1,94,1.6,南東,0.0,0.33,曇,20.0
2025613,09:00,0.0,24.0,22.8,27.8,93,1.1,東南東,0.0,0.63,雨,20.0
2025613,10:00,0.0,25.9,23.6,29.1,87,0.6,東北東,0.1,1.37,曇,20.0
2025613,11:00,0.0,28.1,23.9,29.7,78,1.8,北,0.8,3.08,曇,20.0
2025613,12:00,0.0,27.4,23.4,28.8,79,2.9,北,0.1,1.81,曇,20.0
2025613,13:00,0.0,25.9,23.2,28.4,85,3.9,北,0.3,1.98,曇,20.0
2025613,14:00,0.0,25.4,23.1,28.2,87,2.2,北,0.0,0.88,曇,20.0
2025613,15:00,0.0,24.6,23.2,28.5,92,2.0,北北東,0.0,0.44,雨,5.25
2025613,16:00,0.0,25.5,23.4,28.7,88,2.8,北,0.1,1.25,曇,20.0
2025613,17:00,0.0,25.5,23.4,28.7,88,1.9,北,0.0,0.70,曇,20.0
2025613,18:00,0.0,25.5,23.7,29.4,90,2.0,北北西,0.0,0.43,曇,18.2
2025613,19:00,0.0,25.2,23.6,29.2,91,1.2,北,0.0,0.19,曇,20.0
2025613,20:00,0.0,25.1,23.7,29.3,92,0.6,東,0.0,0.01,曇,17.9
2025613,21:00,0.0,24.9,23.9,29.6,94,0.8,北北西,0.0,0.0,曇,15.9
2025613,22:00,0.0,25.3,23.7,29.4,91,0.8,北北東,0.0,0.0,曇,17.6
2025613,23:00,0.0,26.5,24.4,30.5,88,1.6,東南東,0.0,0.0,曇,12.7
2025613,24:00,0.0,25.9,24.0,29.8,89,1.8,南東,0.0,0.0,曇,10.9
2025614,01:00,0.0,27.4,23.6,29.2,80,4.8,南南東,0.0,0.0,曇,20.0
2025614,02:00,0.0,27.1,23.8,29.4,82,5.4,南南東,0.0,0.0,雨,10.6
2025614,03:00,0.0,27.1,23.8,29.4,82,4.7,南東,0.0,0.0,雨,17.2
2025614,04:00,1.0,26.6,23.7,29.3,84,4.3,南南東,0.0,0.0,雨,6.70
2025614,05:00,2.0,25.9,24.0,29.8,89,3.3,南東,0.0,0.00,雨,5.97
2025614,06:00,8.0,25.7,23.9,29.7,90,2.6,南東,0.0,0.01,雨,5.80
2025614,07:00,3.0,25.9,23.8,29.4,88,3.8,南,0.0,0.05,雨,12.4
2025614,08:00,1.0,25.8,23.9,29.6,89,2.7,南,0.0,0.15,雨,4.72
2025614,09:00,3.0,26.8,22.9,27.8,79,3.7,南南西,0.0,0.21,雨,12.4
2025614,10:00,0.0,26.0,23.7,29.3,87,2.6,南東,0.0,0.19,雨,20.0
2025614,11:00,0.5,26.4,24.3,30.3,88,1.7,南南東,0.0,0.31,雨,9.74
2025614,12:00,1.0,25.9,23.8,29.4,88,1.7,南東,0.0,0.28,雨,6.25
2025614,13:00,0.0,27.0,23.1,28.2,79,3.4,南南東,0.0,0.33,雨,20.0
2025614,14:00,0.0,27.1,23.1,28.3,79,3.7,南南東,0.0,0.32,雨,20.0
2025614,15:00,0.0,28.7,22.9,28.0,71,5.0,南南東,0.0,0.56,曇,20.0
2025614,16:00,0.0,27.6,24.3,30.3,82,2.4,南南東,0.0,0.29,雨,20.0
2025614,17:00,0.0,28.0,23.8,29.5,78,3.4,南,0.0,0.65,雨,20.0
2025614,18:00,0.0,26.7,24.4,30.5,87,1.0,南東,0.0,0.09,雨,9.43
2025614,19:00,0.0,26.4,24.8,31.3,91,1.0,東北東,0.0,0.14,雨,20.0
2025614,20:00,0.0,26.1,24.3,30.4,90,1.2,東,0.0,0.02,曇,20.0
2025614,21:00,0.0,27.5,23.1,28.3,77,4.4,南南西,0.0,0.0,曇,20.0
2025614,22:00,0.0,27.1,22.7,27.6,77,4.0,南南西,0.0,0.0,曇,20.0
2025614,23:00,0.0,25.5,22.8,27.7,85,1.5,北西,0.0,0.0,曇,20.0
2025614,24:00,0.0,25.0,22.1,26.6,84,2.3,北西,0.0,0.0,曇,20.0
2025615,01:00,0.0,24.4,22.1,26.6,87,0.8,北北西,0.0,0.0,曇,20.0
2025615,02:00,0.0,24.2,22.1,26.6,88,1.3,北西,0.0,0.0,雨,5.34
2025615,03:00,0.0,24.0,22.6,27.5,92,0.7,南東,0.0,0.0,曇,20.0
2025615,04:00,0.0,24.7,22.0,26.5,85,2.1,西,0.0,0.0,晴れ,20.0
2025615,05:00,0.0,24.2,21.7,26.0,86,1.3,西南西,0.0,0.00,曇,20.0
2025615,06:00,0.0,23.9,22.0,26.4,89,1.7,南南東,0.0,0.07,曇,20.0
2025615,07:00,0.0,24.7,21.6,25.8,83,2.2,南東,0.6,0.57,晴れ,20.0
2025615,08:00,0.0,26.3,21.3,25.3,74,2.2,南東,0.9,1.25,晴れ,20.0
2025615,09:00,0.0,27.0,21.3,25.3,71,2.3,南南東,0.3,1.48,曇,20.0
2025615,10:00,0.0,27.2,21.7,26.0,72,3.6,南東,0.2,1.57,曇,20.0
2025615,11:00,0.0,30.1,22.5,27.3,64,2.3,南南東,0.7,3.14,曇,20.0
2025615,12:00,0.0,30.7,22.6,27.4,62,3.6,南南西,0.3,2.48,曇,20.0
2025615,13:00,0.0,30.7,23.1,28.3,64,3.0,南,0.4,2.62,曇,20.0
2025615,14:00,0.0,29.6,22.8,27.8,67,3.2,南,0.0,0.95,曇,20.0
2025615,15:00,0.0,29.0,23.4,28.9,72,3.9,南,0.0,0.56,雨,20.0
2025615,16:00,0.0,28.7,23.2,28.4,72,2.7,南南西,0.0,0.60,雨,20.0
2025615,17:00,0.0,27.5,24.2,30.1,82,2.5,南,0.0,0.21,雨,6.42
2025615,18:00,1.0,26.5,24.7,31.2,90,1.0,東南東,0.0,0.19,雨,20.0
2025615,19:00,0.0,26.2,24.6,31.0,91,2.1,南南東,0.0,0.11,雨,16.6
2025615,20:00,0.0,26.4,24.4,30.6,89,2.1,南東,0.0,0.00,雨,20.0
2025615,21:00,0.0,26.3,24.3,30.5,89,2.1,南南東,0.0,0.0,雨,20.0
2025615,22:00,0.0,26.3,24.7,31.1,91,1.0,東,0.0,0.0,雨,20.0
2025615,23:00,0.0,28.3,23.9,29.6,77,4.7,南南西,0.0,0.0,曇,20.0
2025615,24:00,0.0,28.7,23.4,28.8,73,3.5,南,0.0,0.0,曇,20.0
2025617,01:00,0.0,24.5,19.1,22.1,72,1.8,南南東,0.0,0.0,晴れ,20.0
2025617,02:00,0.0,24.3,19.2,22.2,73,1.0,南,0.0,0.0,晴れ,20.0
2025617,03:00,0.0,22.8,20.2,23.6,85,2.0,北北西,0.0,0.0,曇,20.0
2025617,04:00,0.0,22.1,20.0,23.4,88,2.5,北,0.0,0.0,晴れ,20.0
2025617,05:00,0.0,21.9,19.7,22.9,87,3.7,北北東,0.0,0.00,晴れ,20.0
2025617,06:00,0.0,22.3,19.5,22.6,84,3.5,北北東,0.2,0.12,曇,20.0
2025617,07:00,0.0,23.1,19.5,22.6,80,1.5,北北東,0.0,0.43,曇,20.0
2025617,08:00,0.0,23.8,19.3,22.4,76,1.6,北,0.0,0.64,曇,20.0
2025617,09:00,0.0,24.2,19.3,22.4,74,1.5,北西,0.0,0.57,曇,20.0
2025617,10:00,0.0,25.8,19.0,21.9,66,2.4,南西,0.3,1.50,曇,20.0
2025617,11:00,0.0,27.8,19.1,22.1,59,3.2,南西,0.8,2.89,晴れ,20.0
2025617,12:00,0.0,29.3,17.5,20.0,49,3.7,南,1.0,3.62,晴れ,20.0
2025617,13:00,0.0,29.9,17.4,19.8,47,4.2,南南西,1.0,3.56,晴れ,20.0
2025617,14:00,0.0,30.4,17.5,20.0,46,3.6,南南西,1.0,3.41,晴れ,20.0
2025617,15:00,0.0,30.8,18.5,21.3,48,2.8,南西,1.0,2.95,晴れ,20.0
2025617,16:00,0.0,30.2,17.7,20.2,47,4.9,南西,0.8,2.20,晴れ,20.0
2025617,17:00,0.0,30.4,17.8,20.4,47,2.4,南南西,1.0,1.72,晴れ,20.0
2025617,18:00,0.0,29.6,17.4,19.9,48,2.0,南南西,1.0,1.04,晴れ,20.0
2025617,19:00,0.0,28.6,17.5,20.0,51,3.0,南,0.6,0.34,晴れ,20.0
2025617,20:00,0.0,27.8,17.7,20.2,54,1.9,南西,0.0,0.01,晴れ,20.0
2025617,21:00,0.0,27.8,17.4,19.8,53,2.3,南西,0.0,0.0,曇,20.0
2025617,22:00,0.0,27.1,18.1,20.8,58,0.8,北北東,0.0,0.0,曇,20.0
2025617,23:00,0.0,25.9,18.6,21.4,64,1.3,北,0.0,0.0,晴れ,20.0
2025617,24:00,0.0,25.3,18.5,21.3,66,2.2,北,0.0,0.0,晴れ,20.0
2025618,01:00,0.0,24.9,18.8,21.7,69,1.8,北,0.0,0.0,曇,20.0
2025618,02:00,0.0,24.5,18.7,21.5,70,3.0,北,0.0,0.0,曇,20.0
2025618,03:00,0.0,24.0,18.7,21.5,72,3.6,北,0.0,0.0,曇,20.0
2025618,04:00,0.0,24.0,18.9,21.8,73,3.0,北,0.0,0.0,曇,20.0
2025618,05:00,0.0,23.8,18.9,21.8,74,2.3,北,0.0,0.00,曇,20.0
2025618,06:00,0.0,23.9,19.0,22.0,74,2.0,北,0.0,0.06,曇,20.0
2025618,07:00,0.0,24.1,19.0,21.9,73,1.7,北,0.0,0.19,曇,20.0
2025618,08:00,0.0,25.0,19.2,22.2,70,1.1,北西,0.0,0.66,曇,20.0
2025618,09:00,0.0,26.3,19.0,21.9,64,0.6,南南東,0.0,0.98,曇,20.0
2025618,10:00,0.0,27.9,20.0,23.3,62,3.9,南南西,0.7,2.00,曇,20.0
2025618,11:00,0.0,29.1,19.7,23.0,57,3.9,南,0.8,2.88,曇,20.0
2025618,12:00,0.0,29.9,19.9,23.2,55,3.0,南,0.9,3.10,曇,20.0
2025618,13:00,0.0,30.8,19.2,22.2,50,5.8,南南西,1.0,3.23,晴れ,20.0
2025618,14:00,0.0,31.5,19.8,23.1,50,2.5,南西,1.0,2.94,晴れ,20.0
2025618,15:00,0.0,30.8,18.5,21.3,48,5.5,南,1.0,2.61,晴れ,20.0
2025618,16:00,0.0,31.0,17.7,20.2,45,5.2,南,0.8,2.02,曇,20.0
2025618,17:00,0.0,30.8,18.2,20.9,47,5.0,南南西,1.0,1.64,晴れ,20.0
2025618,18:00,0.0,29.8,18.3,21.0,50,2.2,西南西,1.0,0.99,晴れ,20.0
2025618,19:00,0.0,28.7,18.5,21.3,54,2.0,南西,0.6,0.30,晴れ,20.0
2025618,20:00,0.0,28.5,18.6,21.4,55,3.5,南南西,0.0,0.02,晴れ,20.0
2025618,21:00,0.0,27.5,18.5,21.3,58,2.7,南西,0.0,0.0,晴れ,20.0
2025618,22:00,0.0,27.6,17.8,20.3,55,3.6,南西,0.0,0.0,晴れ,20.0
2025618,23:00,0.0,26.7,18.0,20.7,59,2.6,南西,0.0,0.0,晴れ,20.0
2025618,24:00,0.0,26.2,18.6,21.4,63,1.6,北,0.0,0.0,晴れ,20.0
2025619,01:00,0.0,25.0,19.2,22.2,70,3.5,北,0.0,0.0,晴れ,20.0
2025619,02:00,0.0,24.2,19.1,22.1,73,4.6,北北東,0.0,0.0,曇,20.0
2025619,03:00,0.0,23.8,19.1,22.1,75,2.8,北,0.0,0.0,曇,20.0
2025619,04:00,0.0,23.3,19.1,22.0,77,3.0,北,0.0,0.0,曇,19.8
2025619,05:00,0.0,23.0,18.8,21.6,77,3.4,北北東,0.0,0.00,曇,20.0
2025619,06:00,0.0,22.8,18.6,21.4,77,3.6,北北東,0.0,0.12,曇,19.8
2025619,07:00,0.0,23.4,18.7,21.6,75,2.5,北,0.8,0.52,晴れ,20.0
2025619,08:00,0.0,24.8,18.7,21.6,69,1.0,北,1.0,1.37,晴れ,20.0
2025619,09:00,0.0,26.9,19.0,22.0,62,1.6,南,1.0,2.09,晴れ,20.0
2025619,10:00,0.0,27.1,18.1,20.8,58,4.0,南西,1.0,2.72,晴れ,20.0
2025619,11:00,0.0,29.5,17.4,19.8,48,2.3,南西,1.0,3.19,晴れ,20.0
2025619,12:00,0.0,30.2,16.3,18.5,43,3.3,南,1.0,3.47,晴れ,20.0
2025619,13:00,0.0,31.4,17.0,19.3,42,3.6,南西,1.0,3.50,晴れ,20.0
2025619,14:00,0.0,31.6,14.3,16.3,35,2.8,南,1.0,3.30,晴れ,20.0
2025619,15:00,0.0,31.4,15.8,17.9,39,3.4,南西,1.0,2.94,晴れ,20.0
2025619,16:00,0.0,31.1,15.1,17.2,38,5.7,南西,1.0,2.36,晴れ,20.0
2025619,17:00,0.0,31.3,12.7,14.6,32,3.2,南南西,0.9,1.57,晴れ,20.0
2025619,18:00,0.0,30.7,10.1,12.4,28,2.8,南西,0.1,0.54,晴れ,20.0
2025619,19:00,0.0,30.7,12.1,14.1,32,0.6,北北西,0.3,0.31,曇,20.0
2025619,20:00,0.0,29.9,12.8,14.8,35,1.8,北,0.0,0.03,晴れ,20.0
2025619,21:00,0.0,28.5,14.7,16.7,43,3.1,北北東,0.0,0.0,晴れ,20.0
2025619,22:00,0.0,27.6,15.3,17.4,47,4.5,北北東,0.0,0.0,晴れ,20.0
2025619,23:00,0.0,26.5,15.6,17.7,51,2.6,北北東,0.0,0.0,晴れ,20.0
2025619,24:00,0.0,25.6,16.2,18.4,56,3.7,北北東,0.0,0.0,晴れ,20.0
2025627,01:00,0.0,24.7,23.0,28.0,90,4.5,南西,0.0,0.0,曇,20.0
2025627,02:00,0.0,24.7,23.3,28.6,92,5.4,南西,0.0,0.0,曇,20.0
2025627,03:00,0.0,24.6,23.4,28.8,93,4.5,南西,0.0,0.0,晴れ,20.0
2025627,04:00,0.0,24.7,23.0,28.0,90,5.2,南西,0.0,0.0,曇,20.0
2025627,05:00,0.0,24.9,23.0,28.0,89,4.4,南西,0.0,0.0,曇,20.0
2025627,06:00,0.0,25.0,23.1,28.2,89,2.3,南西,0.1,0.0,曇,20.0
2025627,07:00,0.0,26.0,23.1,28.2,84,2.9,西南西,0.8,0.0,曇,20.0
2025627,08:00,0.0,26.9,23.0,28.0,79,2.5,西南西,1.0,0.0,晴れ,20.0
2025627,09:00,0.0,27.9,23.1,28.2,75,2.7,西,1.0,0.0,晴れ,20.0
2025627,10:00,0.0,29.0,23.4,28.9,72,2.3,西南西,1.0,0.0,晴れ,20.0
2025627,11:00,0.0,29.5,23.2,28.5,69,2.0,西南西,0.8,0.0,晴れ,20.0
2025627,12:00,0.0,29.5,24.2,30.1,73,1.2,西南西,0.0,0.0,曇,20.0
2025627,13:00,0.0,30.0,24.2,30.1,71,5.1,東南東,0.3,0.0,晴れ,20.0
2025627,14:00,0.0,32.1,23.6,29.2,61,3.0,東南東,0.5,0.0,晴れ,20.0
2025627,15:00,0.0,30.0,22.4,27.2,64,5.3,東南東,0.4,0.0,晴れ,20.0
2025627,16:00,0.0,29.4,23.1,28.3,69,5.3,東,0.1,0.0,曇,20.0
2025627,17:00,0.0,28.6,22.4,27.0,69,4.2,東,0.0,0.0,曇,20.0
2025627,18:00,0.0,28.0,22.0,26.5,70,4.7,東,0.4,0.0,晴れ,20.0
2025627,19:00,0.0,27.4,22.4,27.0,74,3.1,東,0.0,0.0,曇,20.0
2025627,20:00,0.0,26.7,22.5,27.3,78,3.1,東,0.0,0.0,曇,20.0
2025627,21:00,0.0,26.2,22.5,27.2,80,3.5,北東,0.0,0.0,曇,20.0
2025627,22:00,0.0,26.4,22.5,27.2,79,1.8,北東,0.0,0.0,曇,20.0
2025627,23:00,0.0,26.1,22.2,26.7,79,2.5,東,0.0,0.0,曇,20.0
2025627,24:00,0.0,26.2,22.3,26.9,79,1.4,北,0.0,0.0,曇,20.0
2025628,01:00,0.0,25.7,22.2,26.8,81,1.3,北北東,0.0,0.0,晴れ,20.0
2025628,02:00,0.0,25.3,21.4,25.5,79,1.3,北,0.0,0.0,晴れ,20.0
2025628,03:00,0.0,25.3,20.8,24.5,76,1.6,北,0.0,0.0,晴れ,20.0
2025628,04:00,0.0,25.1,20.8,24.5,77,1.5,北,0.0,0.0,晴れ,20.0
2025628,05:00,0.0,25.1,20.4,23.9,75,1.2,北,0.0,0.0,晴れ,20.0
2025628,06:00,0.0,26.1,20.2,23.7,70,1.3,北北西,0.5,0.0,曇,20.0
2025628,07:00,0.0,27.1,19.2,22.2,62,2.6,北北西,1.0,0.0,晴れ,20.0
2025628,08:00,0.0,28.4,18.2,20.9,54,4.5,北西,1.0,0.0,晴れ,20.0
2025628,09:00,0.0,29.0,18.2,20.8,52,3.1,北西,0.9,0.0,曇,20.0
2025628,10:00,0.0,29.4,18.2,20.9,51,1.9,北,1.0,0.0,晴れ,20.0
2025628,11:00,0.0,30.5,19.2,22.3,51,2.8,北北東,1.0,0.0,晴れ,20.0
2025628,12:00,0.0,31.5,16.3,18.5,40,3.3,北北東,1.0,0.0,晴れ,20.0
2025628,13:00,0.0,32.6,16.0,18.2,37,2.0,北北東,1.0,0.0,晴れ,20.0
2025628,14:00,0.0,32.3,15.8,17.9,37,3.2,東,1.0,0.0,晴れ,20.0
2025628,15:00,0.0,32.0,13.7,15.7,33,4.1,東北東,1.0,0.0,晴れ,20.0
2025628,16:00,0.0,31.3,17.2,19.7,43,5.9,南東,1.0,0.0,晴れ,20.0
2025628,17:00,0.0,29.7,16.5,18.8,45,6.4,南東,1.0,0.0,晴れ,20.0
2025628,18:00,0.0,28.3,16.3,18.5,48,5.2,東南東,0.4,0.0,晴れ,20.0
2025628,19:00,0.0,27.2,16.8,19.1,53,4.3,南東,0.3,0.0,晴れ,20.0
2025628,20:00,0.0,26.6,17.7,20.2,58,4.4,南東,0.0,0.0,晴れ,20.0
2025628,21:00,0.0,26.1,18.5,21.3,63,3.9,南南東,0.0,0.0,晴れ,20.0
2025628,22:00,0.0,25.6,18.5,21.3,65,3.1,南東,0.0,0.0,晴れ,20.0
2025628,23:00,0.0,25.1,19.3,22.3,70,4.0,南東,0.0,0.0,晴れ,20.0
2025628,24:00,0.0,25.1,19.7,23.0,72,3.0,東南東,0.0,0.0,晴れ,20.0
2025629,01:00,0.0,24.7,19.8,23.0,74,2.0,南東,0.0,0.0,晴れ,20.0
2025629,02:00,0.0,24.3,20.0,23.4,77,1.1,南南東,0.0,0.0,晴れ,20.0
2025629,03:00,0.0,24.0,20.3,23.9,80,1.1,南,0.0,0.0,晴れ,20.0
2025629,04:00,0.0,24.0,20.3,23.9,80,1.0,南南東,0.0,0.0,晴れ,14.2
2025629,05:00,0.0,24.0,20.3,23.9,80,1.1,南西,0.1,0.0,晴れ,18.5
2025629,06:00,0.0,25.4,21.7,26.0,80,1.6,南南西,1.0,0.0,晴れ,20.0
2025629,07:00,0.0,26.0,22.3,26.9,80,2.6,南西,1.0,0.0,晴れ,20.0
2025629,08:00,0.0,26.8,22.2,26.8,76,3.6,西南西,1.0,0.0,晴れ,20.0
2025629,09:00,0.0,26.7,21.0,24.9,71,4.0,西南西,1.0,0.0,晴れ,20.0
2025629,10:00,0.0,28.0,21.3,25.3,67,4.5,西南西,1.0,0.0,晴れ,20.0
2025629,11:00,0.0,28.6,22.1,26.6,68,5.0,西南西,1.0,0.0,晴れ,20.0
2025629,12:00,0.0,29.5,20.9,24.7,60,5.0,西南西,1.0,0.0,晴れ,20.0
2025629,13:00,0.0,30.4,20.4,23.9,55,5.6,西南西,1.0,0.0,晴れ,20.0
2025629,14:00,0.0,30.8,19.2,22.2,50,6.2,西南西,1.0,0.0,晴れ,20.0
2025629,15:00,0.0,29.9,21.0,24.9,59,6.4,西南西,1.0,0.0,晴れ,20.0
2025629,16:00,0.0,29.6,21.6,25.7,62,6.0,西南西,1.0,0.0,晴れ,20.0
2025629,17:00,0.0,28.9,20.1,23.5,59,6.7,西南西,1.0,0.0,晴れ,20.0
2025629,18:00,0.0,28.7,18.2,20.9,53,5.8,南西,0.5,0.0,晴れ,20.0
2025629,19:00,0.0,28.1,17.3,19.8,52,4.3,南西,0.4,0.0,晴れ,20.0
2025629,20:00,0.0,27.6,18.3,21.1,57,3.7,南西,0.0,0.0,曇,20.0
2025629,21:00,0.0,27.1,19.2,22.2,62,3.8,南西,0.0,0.0,曇,20.0
2025629,22:00,0.0,26.7,21.0,24.9,71,4.1,南西,0.0,0.0,曇,20.0
2025629,23:00,0.0,26.4,21.2,25.1,73,2.6,南,0.0,0.0,晴れ,20.0
2025629,24:00,0.0,26.2,21.4,25.5,75,3.9,南西,0.0,0.0,晴れ,20.0
202571,01:00,0.0,25.7,23.9,29.7,90,2.4,南,0.0,0.0,,
202571,02:00,0.0,25.6,23.7,29.2,89,2.2,南,0.0,0.0,,
202571,03:00,0.0,25.8,23.9,29.6,89,2.3,南南西,0.0,0.0,快晴,25.0
202571,04:00,0.0,25.7,23.8,29.4,89,1.7,南南西,0.0,0.00,,
202571,05:00,0.0,25.6,24.0,29.9,91,2.9,南,0.0,0.02,,
202571,06:00,0.0,26.5,24.2,30.1,87,2.8,南南西,0.8,0.37,晴れ,15.0
202571,07:00,0.0,28.0,24.0,29.9,79,2.1,南,1.0,0.96,,
202571,08:00,0.0,29.5,24.6,30.9,75,1.7,南南西,1.0,1.75,,
202571,09:00,0.0,30.1,23.8,29.5,69,1.5,南,1.0,2.10,薄曇,15.0
202571,10:00,0.0,31.5,25.1,31.9,69,2.9,南南東,1.0,2.70,,
202571,11:00,0.0,31.6,25.0,31.6,68,5.1,南東,1.0,3.15,,
202571,12:00,0.0,32.6,25.7,33.0,67,4.3,南南東,1.0,2.96,薄曇,15.0
202571,13:00,0.0,32.7,25.3,32.2,65,5.5,南東,0.9,2.59,,
202571,14:00,0.0,30.6,25.0,31.6,72,5.2,南南東,0.7,2.08,,
202571,15:00,0.0,29.8,24.7,31.1,74,3.9,南,0.0,0.53,雷電,15.0
202571,16:00,0.0,29.8,24.7,31.1,74,2.8,南,0.0,0.53,,
202571,17:00,0.0,30.1,24.5,30.7,72,1.8,南南東,0.7,1.18,,
202571,18:00,0.0,28.9,24.9,31.5,79,3.9,南南東,0.5,0.67,曇,15.0
202571,19:00,0.0,27.7,25.0,31.6,85,3.3,南,0.0,0.03,,
202571,20:00,0.5,26.1,25.6,32.8,97,2.3,南,0.0,0.00,,
202571,21:00,0.0,25.9,25.4,32.4,97,1.6,南東,0.0,0.0,曇,15.0
202571,22:00,0.0,25.8,25.5,32.6,98,1.0,西南西,0.0,0.0,,
202571,23:00,0.0,26.0,25.5,32.6,97,1.1,東南東,0.0,0.0,,
202571,24:00,0.0,26.1,25.1,31.8,94,1.4,北北西,0.0,0.0,,
202572,01:00,0.0,28.4,24.0,29.8,77,0.9,南南東,0.0,0.0,晴れ,16.9
202572,02:00,0.0,28.1,23.3,28.5,75,1.1,南西,0.0,0.0,晴れ,15.0
202572,03:00,0.0,28.2,23.6,29.1,76,1.6,北西,0.0,0.0,晴れ,20.0
202572,04:00,0.0,27.4,23.4,28.8,79,0.5,南南西,0.0,0.0,晴れ,13.7
202572,05:00,0.0,27.2,24.1,30.0,83,1.2,南南西,0.0,0.00,晴れ,14.4
202572,06:00,0.0,27.5,23.7,29.4,80,0.5,西,0.0,0.07,晴れ,11.8
202572,07:00,0.0,28.2,23.6,29.1,76,1.0,南南西,1.0,0.51,晴れ,13.0
202572,08:00,0.0,29.4,23.8,29.5,72,1.2,北,1.0,1.19,晴れ,13.9
202572,09:00,0.0,30.5,24.4,30.6,70,2.7,北,1.0,1.90,晴れ,15.1
202572,10:00,0.0,31.2,25.1,31.8,70,4.3,北,1.0,2.56,晴れ,15.7
202572,11:00,0.0,31.7,25.3,32.3,69,3.8,北,1.0,2.99,晴れ,17.4
202572,12:00,0.0,31.7,24.8,31.3,67,5.2,北北西,1.0,3.27,晴れ,18.5
202572,13:00,0.0,31.6,24.2,30.2,65,4.6,北北西,1.0,3.41,晴れ,18.9
202572,14:00,0.0,31.7,24.8,31.3,67,4.2,北,1.0,3.19,晴れ,14.7
202572,15:00,0.0,31.9,24.8,31.2,66,4.5,北,1.0,2.89,晴れ,14.3
202572,16:00,0.0,31.4,26.0,33.6,73,5.7,北,0.6,1.94,曇,13.1
202572,17:00,0.0,30.7,26.0,33.6,76,4.5,北,0.8,1.45,曇,12.4
202572,18:00,0.0,29.7,25.0,31.7,76,2.2,北北東,0.7,0.86,晴れ,11.2
202572,19:00,0.0,29.7,24.6,30.9,74,3.5,北,0.6,0.37,晴れ,12.0
202572,20:00,0.0,29.1,24.9,31.4,78,2.0,北,0.0,0.03,晴れ,12.2
202572,21:00,0.0,29.1,24.7,31.0,77,1.7,北北西,0.0,0.00,曇,12.0
202572,22:00,0.0,29.1,24.7,31.0,77,1.4,南,0.0,0.0,晴れ,11.4
202572,23:00,0.0,29.0,24.8,31.3,78,1.0,北北西,0.0,0.0,晴れ,9.84
202572,24:00,0.0,28.9,24.5,30.7,77,1.3,南西,0.0,0.0,晴れ,9.52
202573,01:00,0.0,28.4,24.2,30.2,78,1.2,西北西,0.0,0.0,晴れ,9.28
202573,02:00,0.0,27.7,24.8,31.2,84,1.4,北,0.0,0.0,晴れ,8.49
202573,03:00,0.0,27.9,24.1,30.1,80,2.6,北北西,0.0,0.0,晴れ,9.82
202573,04:00,0.0,27.6,23.4,28.8,78,1.6,北北西,0.0,0.0,晴れ,10.9
202573,05:00,0.0,27.5,22.7,27.5,75,1.4,西南西,0.0,0.00,晴れ,14.2
202573,06:00,0.0,27.7,23.1,28.2,76,1.6,南南西,0.0,0.05,晴れ,12.3
202573,07:00,0.0,28.0,23.2,28.4,75,1.8,南,0.3,0.43,晴れ,14.3
202573,08:00,0.0,29.5,23.2,28.5,69,0.5,南南西,1.0,1.15,晴れ,16.9
202573,09:00,0.0,30.2,23.4,28.8,67,1.8,北北東,1.0,1.83,晴れ,16.7
202573,10:00,0.0,31.9,24.8,31.2,66,3.7,北北西,1.0,2.43,晴れ,20.0
202573,11:00,0.0,31.6,24.7,31.2,67,4.4,北,1.0,2.88,晴れ,20.0
202573,12:00,0.0,31.6,24.0,29.8,64,3.8,北,1.0,3.18,晴れ,20.0
202573,13:00,0.0,33.2,24.4,30.5,60,3.3,北,1.0,3.29,晴れ,20.0
202573,14:00,0.0,33.1,22.9,27.8,55,5.1,北西,1.0,3.24,晴れ,20.0
202573,15:00,0.0,32.7,24.5,30.7,62,6.2,北北西,1.0,2.86,晴れ,20.0
202573,16:00,0.0,32.5,23.7,29.4,60,4.8,北北西,1.0,2.33,晴れ,20.0
202573,17:00,0.0,31.9,24.2,30.3,64,3.9,北北西,1.0,1.52,晴れ,20.0
202573,18:00,0.0,31.1,24.3,30.3,67,3.7,北北西,1.0,1.01,晴れ,19.2
202573,19:00,0.0,30.0,25.3,32.3,76,3.0,北,0.4,0.40,晴れ,18.0
202573,20:00,0.0,29.7,25.5,32.5,78,2.8,北,0.0,0.03,晴れ,16.7
202573,21:00,0.0,29.3,25.5,32.6,80,2.6,北北西,0.0,0.00,晴れ,15.4
202573,22:00,0.0,29.4,25.2,32.0,78,2.2,北西,0.0,0.0,晴れ,16.8
202573,23:00,0.0,29.2,25.0,31.6,78,2.7,北西,0.0,0.0,晴れ,18.2
202573,24:00,0.0,29.0,24.8,31.3,78,1.6,西南西,0.0,0.0,晴れ,17.5
202574,01:00,0.0,29.0,24.6,30.9,77,1.8,南南西,0.0,0.0,晴れ,17.0
202574,02:00,0.0,28.6,24.4,30.5,78,1.4,西南西,0.0,0.0,晴れ,16.5
202574,03:00,0.0,28.4,24.6,31.0,80,1.4,西,0.0,0.0,晴れ,17.7
202574,04:00,0.0,27.9,24.5,30.8,82,1.0,南南東,0.0,0.0,晴れ,15.2
202574,05:00,0.0,27.9,24.5,30.8,82,1.3,南南西,0.0,0.00,晴れ,13.1
202574,06:00,0.0,27.8,24.5,30.6,82,0.4,南南西,0.0,0.06,晴れ,12.4
202574,07:00,0.0,28.4,24.6,31.0,80,0.7,南,0.4,0.42,晴れ,11.7
202574,08:00,0.0,29.6,24.5,30.7,74,1.1,北北東,1.0,1.15,晴れ,12.6
202574,09:00,0.0,30.5,23.7,29.3,67,3.0,北北西,0.8,1.58,晴れ,16.5
202574,10:00,0.0,31.4,24.3,30.3,66,4.1,北北西,0.7,2.08,晴れ,17.3
202574,11:00,0.0,32.2,25.3,32.2,67,5.8,北,0.6,2.19,曇,15.2
202574,12:00,0.0,31.8,25.4,32.5,69,5.1,北,0.5,2.29,曇,16.5
202574,13:00,0.0,32.8,26.1,33.8,68,4.9,北,0.8,2.89,晴れ,16.7
202574,14:00,0.0,32.8,24.6,30.9,62,4.2,北北西,1.0,3.21,晴れ,20.0
202574,15:00,0.0,33.6,26.1,33.8,65,5.3,北,1.0,2.90,晴れ,19.5
202574,16:00,0.0,33.1,25.6,32.9,65,4.9,北,1.0,2.37,晴れ,16.6
202574,17:00,0.0,32.7,25.3,32.2,65,3.6,北西,1.0,1.72,晴れ,14.5
202574,18:00,0.0,31.4,25.0,31.7,69,2.8,北西,1.0,0.97,晴れ,15.1
202574,19:00,0.0,30.4,24.8,31.3,72,2.3,西,0.0,0.27,曇,15.5
202574,20:00,0.0,30.3,24.9,31.5,73,2.1,西南西,0.0,0.03,晴れ,12.7
202574,21:00,0.0,30.3,24.9,31.5,73,1.9,南西,0.0,0.00,晴れ,13.6
202574,22:00,0.0,29.9,25.0,31.7,75,1.6,西,0.0,0.0,晴れ,10.5
202574,23:00,0.0,29.4,25.0,31.6,77,1.3,西南西,0.0,0.0,晴れ,9.60
202574,24:00,0.0,29.1,24.7,31.0,77,1.7,南南西,0.0,0.0,晴れ,9.52
202575,01:00,0.0,28.8,24.8,31.3,79,0.5,南,0.0,0.0,晴れ,10.4
202575,02:00,0.0,28.5,24.1,30.0,77,1.4,南南西,0.0,0.0,晴れ,10.1
202575,03:00,0.0,28.2,24.4,30.6,80,1.4,南南東,0.0,0.0,曇,9.32
202575,04:00,0.0,28.1,24.3,30.4,80,1.0,南南西,0.0,0.0,曇,9.52
202575,05:00,0.0,27.8,23.2,28.4,76,1.3,南西,0.0,0.00,曇,9.90
202575,06:00,0.0,27.9,23.1,28.2,75,1.4,南南西,0.0,0.07,曇,9.59
202575,07:00,0.0,28.2,23.1,28.3,74,1.3,南東,0.3,0.37,曇,9.96
202575,08:00,0.0,30.0,22.4,27.2,64,1.8,南南東,1.0,1.20,晴れ,19.0
202575,09:00,0.0,30.5,22.9,28.0,64,2.0,西,0.4,1.38,曇,19.4
202575,10:00,0.0,31.6,23.4,28.8,62,2.1,西,0.3,1.69,曇,18.3
202575,11:00,0.0,33.5,23.5,29.0,56,2.4,西,0.9,2.82,晴れ,17.7
202575,12:00,0.0,33.6,25.0,31.8,61,4.4,北北西,0.8,2.97,晴れ,19.8
202575,13:00,0.0,33.5,26.0,33.6,65,5.6,北北西,1.0,3.48,晴れ,20.0
202575,14:00,0.0,32.2,24.0,29.8,62,5.4,北西,1.0,3.24,晴れ,20.0
202575,15:00,0.0,33.2,24.1,30.0,59,5.2,北西,1.0,2.93,晴れ,20.0
202575,16:00,0.0,32.6,24.4,30.5,62,5.0,北西,1.0,2.45,晴れ,20.0
202575,17:00,0.0,32.3,23.8,29.5,61,4.1,西北西,1.0,1.97,晴れ,20.0
202575,18:00,0.0,31.8,24.2,30.1,64,3.3,西南西,1.0,1.22,晴れ,20.0
202575,19:00,0.0,30.8,24.7,31.1,70,3.0,西北西,0.8,0.40,晴れ,20.0
202575,20:00,0.0,30.3,24.5,30.7,71,2.7,西南西,0.2,0.05,晴れ,20.0
202575,21:00,0.0,30.1,23.5,29.0,68,2.7,西南西,0.0,0.00,晴れ,20.0
202575,22:00,0.0,29.6,23.6,29.0,70,1.9,南西,0.0,0.0,晴れ,20.0
202575,23:00,0.0,29.3,23.0,28.1,69,2.2,南西,0.0,0.0,晴れ,20.0
202575,24:00,0.0,29.3,22.8,27.7,68,1.9,南西,0.0,0.0,晴れ,20.0
202576,01:00,0.0,29.0,22.7,27.7,69,2.0,南南西,0.0,0.0,晴れ,20.0
202576,02:00,0.0,28.6,22.8,27.8,71,2.0,南南西,0.0,0.0,晴れ,20.0
202576,03:00,0.0,28.3,22.8,27.7,72,1.7,南,0.0,0.0,晴れ,20.0
202576,04:00,0.0,27.5,22.7,27.5,75,1.0,南南東,0.0,0.0,晴れ,20.0
202576,05:00,0.0,27.7,22.6,27.5,74,0.8,南南東,0.0,0.00,晴れ,20.0
202576,06:00,0.0,27.4,22.8,27.7,76,1.9,南南東,0.1,0.07,晴れ,20.0
202576,07:00,0.0,28.9,22.4,27.1,68,1.4,南西,0.9,0.55,晴れ,20.0
202576,08:00,0.0,30.3,22.7,27.6,64,2.4,西,0.8,1.19,晴れ,20.0
202576,09:00,0.0,30.6,22.5,27.2,62,3.6,西南西,0.6,1.48,晴れ,20.0
202576,10:00,0.0,32.0,22.4,27.1,57,4.0,西,0.9,2.48,晴れ,20.0
202576,11:00,0.0,32.2,23.5,28.9,60,4.3,西,0.8,2.61,曇,20.0
202576,12:00,0.0,32.3,23.8,29.5,61,5.4,北西,1.0,3.11,晴れ,20.0
202576,13:00,0.0,32.8,24.3,30.4,61,5.3,北西,1.0,3.45,晴れ,20.0
202576,14:00,0.0,32.9,23.8,29.5,59,7.2,北西,1.0,3.28,晴れ,20.0
202576,15:00,0.0,32.9,23.8,29.5,59,5.0,西北西,1.0,2.80,晴れ,20.0
202576,16:00,0.0,32.9,24.9,31.5,63,4.7,北北西,1.0,2.46,晴れ,20.0
202576,17:00,0.0,32.4,24.7,31.1,64,3.6,北西,1.0,1.75,晴れ,20.0
202576,18:00,0.0,31.6,24.5,30.7,66,3.9,西北西,1.0,1.00,晴れ,20.0
202576,19:00,0.0,30.5,24.2,30.1,69,4.2,西,0.8,0.40,曇,20.0
202576,20:00,0.0,29.6,24.0,29.9,72,1.6,西北西,0.0,0.04,晴れ,20.0
202576,21:00,0.0,29.7,24.1,30.0,72,2.2,南西,0.0,0.00,曇,20.0
202576,22:00,0.0,29.4,23.4,28.7,70,1.9,南西,0.0,0.0,晴れ,20.0
202576,23:00,0.0,29.0,23.7,29.3,73,2.6,西,0.0,0.0,晴れ,20.0
202576,24:00,0.0,28.8,22.8,27.7,70,1.9,南南西,0.0,0.0,晴れ,20.0
202578,01:00,0.0,29.8,22.3,26.9,64,2.1,北東,0.0,0.0,,
202578,02:00,0.0,29.6,22.3,27.0,65,2.6,北北東,0.0,0.0,,
202578,03:00,0.0,29.3,22.8,27.7,68,2.1,北北東,0.0,0.0,曇,15.0
202578,04:00,0.0,29.3,23.5,29.0,71,2.3,北東,0.0,0.0,,
202578,05:00,0.0,29.0,23.2,28.5,71,3.2,北北東,0.0,0.00,,
202578,06:00,0.0,28.9,23.1,28.3,71,3.2,北北東,0.0,0.07,曇,15.0
202578,07:00,0.0,29.0,23.7,29.3,73,2.0,北北東,0.0,0.19,,
202578,08:00,0.0,29.3,23.7,29.4,72,2.0,北北東,0.0,0.57,,
202578,09:00,0.0,31.2,24.1,30.0,66,1.7,北,0.7,1.93,晴れ,15.0
202578,10:00,0.0,32.5,24.3,30.3,62,1.6,北,0.9,2.29,,
202578,11:00,0.0,33.3,24.2,30.2,59,2.3,東南東,0.8,2.80,,
202578,12:00,0.0,33.7,24.3,30.4,58,2.3,東,0.2,1.63,曇,10.0
202578,13:00,0.0,33.2,24.4,30.5,60,2.0,南西,0.0,0.81,,
202578,14:00,0.5,30.0,25.7,33.1,78,4.8,南西,0.0,0.59,,
202578,15:00,4.5,29.8,24.4,30.6,73,4.4,南,0.0,0.45,曇,15.0
202578,16:00,0.0,29.4,24.5,30.8,75,2.2,北西,0.0,0.35,,
202578,17:00,0.0,29.2,24.5,30.8,76,2.4,北西,0.0,0.65,,
202578,18:00,0.0,29.4,24.5,30.8,75,1.0,南西,0.0,0.39,晴れ,10.0
202578,19:00,0.0,29.4,24.7,31.2,76,0.7,北西,0.0,0.15,,
202578,20:00,0.0,29.0,24.3,30.5,76,1.5,西北西,0.0,0.00,,
202578,21:00,0.0,28.7,24.7,31.1,79,1.3,西北西,0.0,0.0,快晴,8.00
202578,22:00,0.0,28.6,24.6,30.9,79,1.6,北西,0.0,0.0,,
202578,23:00,0.0,28.7,24.3,30.3,77,0.6,西南西,0.0,0.0,,
202578,24:00,0.0,28.4,24.8,31.4,81,0.7,北北東,0.0,0.0,,
202579,01:00,0.0,28.3,24.7,31.2,81,0.9,北東,0.0,0.0,,
202579,02:00,0.0,28.3,24.7,31.2,81,1.3,北東,0.0,0.0,,
202579,03:00,0.0,27.7,24.6,30.8,83,1.7,東,0.0,0.0,晴れ,8.00
202579,04:00,0.0,27.4,24.3,30.3,83,1.4,北東,0.0,0.0,,
202579,05:00,0.0,27.2,23.7,29.2,81,1.6,北,0.0,0.00,,
202579,06:00,0.0,27.3,24.0,29.8,82,1.4,北北東,0.1,0.16,快晴,5.00
202579,07:00,0.0,28.0,23.8,29.5,78,1.5,北,1.0,0.67,,
202579,08:00,0.0,29.4,24.1,29.9,73,1.2,北西,1.0,1.37,,
202579,09:00,0.0,30.7,23.4,28.7,65,1.9,北,1.0,2.08,晴れ,8.00
202579,10:00,0.0,32.2,22.6,27.4,57,1.4,北,0.9,2.81,,
202579,11:00,0.0,33.4,23.1,28.3,55,2.4,北西,0.2,1.33,,
202579,12:00,0.0,33.5,21.3,25.4,49,2.0,北西,0.7,2.74,晴れ,10.0
202579,13:00,0.0,34.9,21.9,26.3,47,1.9,南西,0.8,3.07,,
202579,14:00,0.0,34.5,21.9,26.3,48,4.1,南西,1.0,3.24,,
202579,15:00,0.0,34.5,22.6,27.4,50,3.8,南西,1.0,2.96,晴れ,10.0
202579,16:00,0.0,33.2,22.0,26.5,52,4.2,南西,0.8,2.17,,
202579,17:00,0.0,32.1,22.2,26.8,56,3.1,西南西,0.4,1.07,,
202579,18:00,0.0,31.3,22.6,27.4,60,3.0,南南西,0.2,0.66,晴れ,10.0
202579,19:00,0.0,30.1,23.3,28.6,67,3.2,西南西,0.0,0.18,,
202579,20:00,0.0,29.5,23.9,29.7,72,2.6,西北西,0.0,0.01,,
202579,21:00,0.0,29.5,23.9,29.7,72,2.0,西南西,0.0,0.0,晴れ,10.0
202579,22:00,0.0,28.9,24.0,29.9,75,1.4,西北西,0.0,0.0,,
202579,23:00,0.0,28.6,24.4,30.5,78,1.5,北北西,0.0,0.0,,
202579,24:00,0.0,28.4,24.2,30.2,78,1.8,北北西,0.0,0.0,,
2025710,01:00,0.0,28.3,24.3,30.4,79,1.5,北,0.0,0.0,,
2025710,02:00,0.0,28.0,24.0,29.9,79,2.4,北,0.0,0.0,,
2025710,03:00,0.0,27.6,22.3,27.0,73,2.1,北北東,0.0,0.0,晴れ,10.0
2025710,04:00,0.0,27.0,22.4,27.1,76,2.5,北東,0.0,0.0,,
2025710,05:00,0.0,26.6,22.0,26.5,76,3.1,北東,0.0,0.00,,
2025710,06:00,0.0,27.1,22.1,26.5,74,2.3,北東,0.6,0.20,快晴,8.00
2025710,07:00,0.0,27.9,22.2,26.7,71,3.6,北東,1.0,0.81,,
2025710,08:00,0.0,29.5,22.0,26.4,64,2.5,北東,1.0,1.53,,
2025710,09:00,0.0,31.0,22.3,27.0,60,2.2,北東,1.0,2.21,晴れ,15.0
2025710,10:00,0.0,31.7,22.7,27.6,59,4.0,北東,1.0,2.84,,
2025710,11:00,0.0,32.7,22.2,26.7,54,2.8,北東,0.9,3.13,,
2025710,12:00,0.0,34.5,22.2,26.8,49,2.7,東,0.8,3.15,晴れ,40.0
2025710,13:00,0.0,33.6,21.7,26.0,50,2.3,東北東,0.6,2.56,,
2025710,14:00,0.0,34.9,21.9,26.3,47,3.3,北東,0.5,2.37,,
2025710,15:00,0.0,35.6,22.9,27.9,48,3.9,北東,0.4,1.74,晴れ,35.0
2025710,16:00,0.0,34.8,21.5,25.6,46,3.9,東北東,0.5,1.42,,
2025710,17:00,0.0,31.4,23.5,29.0,63,4.2,南,0.0,0.20,,
2025710,18:00,0.0,30.9,23.3,28.6,64,1.8,南南西,0.0,0.18,曇,35.0
2025710,19:00,0.0,31.1,23.5,28.9,64,1.6,南南西,0.0,0.16,,
2025710,20:00,0.0,31.1,24.0,29.8,66,2.0,南南西,0.0,0.01,,
2025710,21:00,0.0,31.0,23.1,28.3,63,2.4,南,0.0,0.0,晴れ,25.0
2025710,22:00,0.0,30.3,23.2,28.5,66,1.5,南南西,0.0,0.0,,
2025710,23:00,0.0,29.9,23.8,29.5,70,1.4,北西,0.0,0.0,,
2025710,24:00,0.0,29.4,24.3,30.3,74,2.1,北東,0.0,0.0,,
2025711,01:00,0.0,20.9,16.9,19.3,78,2.1,北,0.0,0.0,曇,20.0
2025711,02:00,0.0,20.4,16.5,18.7,78,4.1,北東,0.0,0.0,雨,16.4
2025711,03:00,0.0,19.7,16.9,19.3,84,3.7,北,0.0,0.0,曇,20.0
2025711,04:00,0.0,19.3,17.1,19.5,87,3.4,北北西,0.0,0.00,曇,13.9
2025711,05:00,0.0,20.0,16.7,18.9,81,0.9,北西,0.0,0.00,曇,20.0
2025711,06:00,0.0,20.3,16.4,18.6,78,1.2,北北東,0.0,0.04,雨,20.0
2025711,07:00,0.0,20.5,16.3,18.6,77,3.7,北北東,0.0,0.10,曇,20.0
2025711,08:00,0.0,20.2,16.8,19.2,81,2.1,北北東,0.0,0.24,曇,20.0
2025711,09:00,0.0,19.1,18.0,20.6,93,1.0,北北西,0.0,0.25,雨,3.28
2025711,10:00,0.0,19.2,18.2,20.9,94,2.4,北,0.0,0.33,雨,2.50
2025711,11:00,0.5,19.2,18.2,20.9,94,1.4,北北西,0.0,0.25,雨,5.13
2025711,12:00,0.0,19.9,18.4,21.1,91,1.0,北,0.0,0.22,雨,15.0
2025711,13:00,0.0,21.4,17.4,19.9,78,1.4,北東,0.0,0.56,曇,20.0
2025711,14:00,0.0,21.4,17.0,19.4,76,3.4,東南東,0.0,0.50,曇,20.0
2025711,15:00,0.0,21.7,17.1,19.5,75,3.0,東南東,0.0,0.56,曇,20.0
2025711,16:00,0.0,22.0,17.6,20.1,76,3.4,南東,0.0,0.63,曇,20.0
2025711,17:00,0.0,21.5,16.7,19.0,74,2.5,東南東,0.0,0.26,曇,20.0
2025711,18:00,0.0,21.1,16.5,18.8,75,2.5,東南東,0.0,0.09,曇,20.0
2025711,19:00,0.0,20.9,15.9,18.0,73,2.4,東,0.0,0.02,曇,20.0
2025711,20:00,0.0,20.4,16.0,18.2,76,3.6,東,0.0,0.00,曇,20.0
2025711,21:00,0.0,20.0,16.3,18.5,79,2.0,北東,0.0,0.0,曇,20.0
2025711,22:00,0.0,19.6,16.6,18.9,83,2.7,北北西,0.0,0.0,曇,20.0
2025711,23:00,0.0,19.4,16.6,18.9,84,1.5,北北西,0.0,0.0,曇,20.0
2025711,24:00,0.0,19.2,16.6,18.9,85,1.4,北北西,0.0,0.0,曇,20.0
2025712,01:00,0.0,19.2,16.6,18.9,85,1.7,北北西,0.0,0.0,曇,20.0
2025712,02:00,0.0,19.2,16.6,18.9,85,1.8,北北西,0.0,0.0,曇,20.0
2025712,03:00,0.0,19.2,16.4,18.7,84,1.0,北北東,0.0,0.0,雨,20.0
2025712,04:00,0.0,18.9,16.5,18.8,86,2.5,北北西,0.0,0.00,曇,20.0
2025712,05:00,0.0,18.7,16.7,19.0,88,2.6,北北西,0.0,0.02,曇,20.0
2025712,06:00,0.0,18.7,16.7,19.0,88,2.4,北,0.0,0.11,曇,20.0
2025712,07:00,0.0,19.2,17.2,19.6,88,1.4,北北東,0.0,0.24,雨,20.0
2025712,08:00,0.0,19.6,16.6,18.9,83,0.9,東北東,0.0,0.33,曇,20.0
2025712,09:00,0.0,19.1,16.7,19.0,86,1.6,北東,0.0,0.36,曇,20.0
2025712,10:00,0.0,20.1,16.0,18.1,77,2.2,東南東,0.0,0.43,雨,20.0
2025712,11:00,0.0,20.4,17.0,19.4,81,1.4,東南東,0.0,0.45,雨,20.0
2025712,12:00,0.0,20.2,17.0,19.4,82,2.2,南,0.0,0.62,曇,20.0
2025712,13:00,0.0,21.5,16.0,18.2,71,1.7,南東,0.0,1.15,曇,20.0
2025712,14:00,0.0,21.3,15.8,18.0,71,2.5,南南東,0.0,0.82,曇,20.0
2025712,15:00,0.0,21.7,16.0,18.2,70,3.2,南東,0.0,0.89,曇,20.0
2025712,16:00,0.0,21.1,16.1,18.3,73,4.3,南南東,0.0,0.56,曇,20.0
2025712,17:00,0.0,21.0,16.2,18.4,74,2.9,南東,0.0,0.25,曇,20.0
2025712,18:00,0.0,20.9,16.3,18.5,75,3.7,南東,0.0,0.17,曇,20.0
2025712,19:00,0.0,20.3,16.2,18.3,77,3.9,南南東,0.0,0.06,曇,20.0
2025712,20:00,0.0,20.7,16.7,19.0,78,3.0,南南東,0.0,0.00,曇,20.0
2025712,21:00,0.0,20.6,17.0,19.4,80,3.3,南南東,0.0,0.0,曇,20.0
2025712,22:00,0.0,20.3,17.1,19.5,82,4.0,南東,0.0,0.0,曇,20.0
2025712,23:00,0.0,20.2,17.4,19.9,84,1.7,南南東,0.0,0.0,曇,20.0
2025712,24:00,0.0,20.2,17.0,19.4,82,1.9,南,0.0,0.0,曇,20.0
2025713,01:00,0.0,20.1,17.1,19.5,83,1.6,南南東,0.0,0.0,曇,20.0
2025713,02:00,0.0,20.1,16.9,19.3,82,2.4,南,0.0,0.0,曇,20.0
2025713,03:00,0.0,20.2,17.0,19.4,82,2.1,南,0.0,0.0,曇,20.0
2025713,04:00,0.0,20.3,16.9,19.3,81,2.1,南,0.0,0.00,曇,20.0
2025713,05:00,0.0,20.2,16.8,19.2,81,1.2,南南東,0.0,0.02,曇,20.0
2025713,06:00,0.0,20.5,17.1,19.5,81,1.0,南,0.0,0.26,曇,20.0
2025713,07:00,0.0,21.2,17.6,20.1,80,1.4,南西,0.4,0.85,曇,20.0
2025713,08:00,0.0,22.4,16.9,19.2,71,1.5,南南西,0.3,1.19,曇,20.0
2025713,09:00,0.0,24.2,17.7,20.2,67,2.0,東,0.9,2.42,晴れ,20.0
2025713,10:00,0.0,26.0,19.2,22.2,66,3.5,南南東,0.7,2.39,曇,20.0
2025713,11:00,0.0,25.2,19.4,22.4,70,3.5,南南東,0.6,2.47,曇,20.0
2025713,12:00,0.0,25.3,19.4,22.6,70,4.6,南東,0.7,2.71,曇,20.0
2025713,13:00,0.0,27.1,20.0,23.3,65,5.6,南東,1.0,3.43,晴れ,20.0
2025713,14:00,0.0,25.8,19.2,22.3,67,5.0,南東,1.0,3.22,晴れ,20.0
2025713,15:00,0.0,26.5,19.9,23.2,67,4.2,南東,1.0,2.73,晴れ,20.0
2025713,16:00,0.0,26.2,19.8,23.1,68,4.6,南南東,1.0,2.07,晴れ,20.0
2025713,17:00,0.0,25.3,20.1,23.5,73,3.7,南東,1.0,1.36,晴れ,20.0
2025713,18:00,0.0,23.9,20.0,23.4,79,3.2,南東,1.0,0.65,晴れ,20.0
2025713,19:00,0.0,23.4,20.7,24.5,85,2.0,南東,0.1,0.13,晴れ,20.0
2025713,20:00,0.0,22.9,20.8,24.6,88,1.3,東,0.0,0.00,晴れ,20.0
2025713,21:00,0.0,22.7,21.0,24.8,90,0.7,東南東,0.0,0.0,晴れ,19.7
2025713,22:00,0.0,23.0,21.1,25.0,89,2.0,北,0.0,0.0,晴れ,15.7
2025713,23:00,0.0,22.6,20.7,24.4,89,1.7,北北西,0.0,0.0,晴れ,14.6
2025713,24:00,0.0,22.4,20.5,24.1,89,2.5,北北西,0.0,0.0,曇,14.2
2025715,01:00,0.0,25.4,20.7,24.3,75,2.5,南南東,0.0,0.0,晴れ,20.0
2025715,02:00,0.0,25.1,21.0,24.9,78,2.8,南東,0.0,0.0,晴れ,20.0
2025715,03:00,0.0,25.1,21.4,25.5,80,2.3,南東,0.0,0.0,晴れ,20.0
2025715,04:00,0.0,25.0,21.3,25.3,80,0.6,南東,0.0,0.0,晴れ,20.0
2025715,05:00,0.0,25.2,21.3,25.3,79,1.4,南東,0.0,0.00,晴れ,20.0
2025715,06:00,0.0,24.7,21.6,25.8,83,1.0,東南東,0.1,0.05,晴れ,20.0
2025715,07:00,0.0,26.3,19.9,23.3,68,3.9,南南西,1.0,0.53,晴れ,20.0
2025715,08:00,0.0,28.0,19.0,21.9,58,2.0,南東,1.0,1.27,晴れ,20.0
2025715,09:00,0.0,28.4,19.1,22.1,57,4.5,南,0.7,1.61,曇,20.0
2025715,10:00,0.0,28.4,18.8,21.7,56,4.2,南南西,0.0,0.97,曇,20.0
2025715,11:00,0.0,30.1,18.5,21.3,50,4.9,南,0.7,2.58,晴れ,20.0
2025715,12:00,0.0,30.3,18.7,21.6,50,4.2,南南西,0.3,1.92,晴れ,20.0
2025715,13:00,0.0,31.1,18.5,21.2,47,4.8,南南西,0.2,1.83,曇,20.0
2025715,14:00,0.0,31.2,19.6,22.7,50,5.8,南南西,0.7,2.79,晴れ,20.0
2025715,15:00,0.0,30.3,18.7,21.6,50,4.8,南,0.6,2.54,曇,20.0
2025715,16:00,0.0,30.3,20.3,23.8,55,4.1,南,0.2,1.20,曇,20.0
2025715,17:00,0.0,29.5,20.7,24.3,59,4.3,南南西,0.2,1.13,曇,20.0
2025715,18:00,0.0,29.9,20.5,24.1,57,3.6,南,0.6,1.06,晴れ,20.0
2025715,19:00,0.0,29.4,20.0,23.4,57,3.2,南南西,0.6,0.45,晴れ,20.0
2025715,20:00,0.0,28.7,20.2,23.6,60,2.9,南南西,0.1,0.04,晴れ,20.0
2025715,21:00,0.0,27.7,21.7,26.0,70,1.7,東南東,0.0,0.0,曇,20.0
2025715,22:00,0.0,27.9,21.0,24.8,66,2.8,南南東,0.0,0.0,晴れ,20.0
2025715,23:00,0.0,27.3,21.4,25.4,70,2.8,南,0.0,0.0,晴れ,20.0
2025715,24:00,0.0,26.9,21.4,25.5,72,1.8,南東,0.0,0.0,晴れ,20.0
2025716,01:00,0.0,26.6,21.6,25.8,74,1.6,南,0.0,0.0,曇,20.0
2025716,02:00,0.0,26.4,21.6,25.8,75,2.6,南東,0.0,0.0,曇,20.0
2025716,03:00,0.0,26.0,21.7,25.9,77,2.1,南東,0.0,0.0,曇,20.0
2025716,04:00,0.0,25.9,21.6,25.7,77,2.6,南東,0.0,0.0,晴れ,20.0
2025716,05:00,0.0,25.8,21.0,24.9,75,2.9,南東,0.0,0.00,曇,20.0
2025716,06:00,0.0,25.8,20.6,24.3,73,3.9,南東,0.3,0.10,曇,20.0
2025716,07:00,0.0,26.6,20.5,24.0,69,2.9,南東,0.9,0.56,晴れ,20.0
2025716,08:00,0.0,27.8,20.1,23.5,63,4.3,南南東,0.9,1.34,晴れ,20.0
2025716,09:00,0.0,28.8,19.2,22.2,56,4.8,南東,0.9,2.04,曇,20.0
2025716,10:00,0.0,28.9,19.3,22.3,56,3.5,南東,0.0,1.48,曇,20.0
2025716,11:00,0.0,30.7,19.4,22.5,51,4.1,南南東,0.6,2.26,曇,20.0
2025716,12:00,0.0,32.0,15.9,18.1,38,3.4,南南西,1.0,3.42,晴れ,20.0
2025716,13:00,0.0,33.0,15.5,17.6,35,3.8,南南東,1.0,3.26,晴れ,20.0
2025716,14:00,0.0,34.1,16.9,19.3,36,4.0,南,1.0,3.59,晴れ,20.0
2025716,15:00,0.0,33.7,19.4,22.5,43,5.9,南南西,0.8,2.82,晴れ,20.0
2025716,16:00,0.0,32.2,22.0,26.5,55,5.5,南,0.0,0.70,曇,18.1
2025716,17:00,0.0,30.0,21.9,26.3,62,1.9,北北東,0.1,0.62,曇,20.0
2025716,18:00,0.0,30.1,22.3,26.9,63,2.1,北,0.4,0.65,晴れ,20.0
2025716,19:00,0.0,30.8,23.2,28.4,64,3.7,南,0.2,0.29,晴れ,13.2
2025716,20:00,0.0,30.3,23.2,28.5,66,3.1,南東,0.0,0.01,晴れ,17.2
2025716,21:00,0.0,30.1,23.5,29.0,68,3.8,南南東,0.0,0.0,曇,16.4
2025716,22:00,0.0,29.1,23.5,29.0,72,3.4,南東,0.0,0.0,晴れ,14.7
2025716,23:00,0.0,29.1,23.5,29.0,72,3.0,南東,0.0,0.0,晴れ,17.7
2025716,24:00,0.0,28.9,23.3,28.7,72,2.5,東,0.0,0.0,晴れ,20.0
2025726,01:00,0.0,29.3,22.5,27.3,67,4.4,南東,0.0,0.0,晴れ,20.0
2025726,02:00,0.0,29.0,22.5,27.3,68,3.3,南,0.0,0.0,晴れ,20.0
2025726,03:00,0.0,28.6,22.6,27.4,70,2.2,南東,0.0,0.0,晴れ,20.0
2025726,04:00,0.0,28.5,22.5,27.3,70,1.6,南東,0.0,0.0,晴れ,20.0
2025726,05:00,0.0,28.4,22.6,27.5,71,2.0,南東,0.0,0.00,晴れ,20.0
2025726,06:00,0.0,28.4,22.6,27.5,71,1.2,南東,0.3,0.05,晴れ,20.0
2025726,07:00,0.0,29.3,23.0,28.1,69,2.0,東南東,1.0,0.51,晴れ,20.0
2025726,08:00,0.0,30.8,22.7,27.6,62,2.2,南東,1.0,1.25,晴れ,20.0
2025726,09:00,0.0,31.6,23.2,28.4,61,2.4,東,0.9,1.70,晴れ,20.0
2025726,10:00,0.0,32.7,23.4,28.7,58,2.9,東,0.8,2.15,晴れ,20.0
2025726,11:00,0.0,33.3,23.9,29.7,58,3.5,東北東,0.6,2.50,曇,20.0
2025726,12:00,0.0,34.0,23.4,28.7,54,3.1,東,0.8,2.88,曇,20.0
2025726,13:00,0.0,35.6,21.8,26.2,45,4.6,東南東,0.7,2.85,晴れ,20.0
2025726,14:00,0.0,34.9,21.2,25.2,45,5.1,東南東,1.0,3.53,晴れ,20.0
2025726,15:00,0.0,35.5,21.4,25.4,44,4.8,東,0.9,2.81,晴れ,20.0
2025726,16:00,0.0,34.9,23.3,28.5,51,3.6,東,0.8,2.17,晴れ,20.0
2025726,17:00,0.0,34.6,23.0,28.1,51,4.7,東,0.9,1.67,晴れ,20.0
2025726,18:00,0.0,33.8,21.6,25.8,49,5.9,東南東,1.0,1.18,晴れ,20.0
2025726,19:00,0.0,33.1,21.9,26.3,52,3.4,南東,1.0,0.42,晴れ,20.0
2025726,20:00,0.0,32.0,21.8,26.2,55,3.9,東南東,0.2,0.02,晴れ,20.0
2025726,21:00,0.0,30.9,22.5,27.3,61,3.4,東,0.0,0.0,晴れ,20.0
2025726,22:00,0.0,30.3,22.5,27.2,63,2.7,東南東,0.0,0.0,晴れ,20.0
2025726,23:00,0.0,30.4,22.0,26.5,61,4.0,東南東,0.0,0.0,晴れ,20.0
2025726,24:00,0.0,30.0,22.2,26.7,63,3.3,東,0.0,0.0,晴れ,20.0
2025727,01:00,0.0,30.0,22.2,26.7,63,3.0,東南東,0.0,0.0,晴れ,20.0
2025727,02:00,0.0,29.4,22.4,27.1,66,2.8,東南東,0.0,0.0,晴れ,20.0
2025727,03:00,0.0,29.1,22.6,27.4,68,1.4,東,0.0,0.0,晴れ,20.0
2025727,04:00,0.0,28.7,22.7,27.6,70,2.2,東南東,0.0,0.0,晴れ,20.0
2025727,05:00,0.0,28.6,22.6,27.4,70,2.0,南東,0.0,0.00,晴れ,20.0
2025727,06:00,0.0,28.3,22.8,27.7,72,2.6,東南東,0.2,0.04,晴れ,20.0
2025727,07:00,0.0,29.1,23.1,28.2,70,2.2,東北東,0.9,0.47,晴れ,20.0
2025727,08:00,0.0,30.7,23.4,28.7,65,2.8,東北東,1.0,1.21,晴れ,20.0
2025727,09:00,0.0,32.1,23.4,28.7,60,3.0,東北東,1.0,1.90,晴れ,20.0
2025727,10:00,0.0,33.2,23.2,28.5,56,3.2,東北東,1.0,2.55,晴れ,20.0
2025727,11:00,0.0,33.9,23.0,28.1,53,3.6,東南東,1.0,3.05,晴れ,20.0
2025727,12:00,0.0,35.2,23.5,29.0,51,3.0,東,0.9,3.33,晴れ,20.0
2025727,13:00,0.0,35.0,22.7,27.6,49,4.0,東,0.7,2.58,晴れ,20.0
2025727,14:00,0.0,35.8,22.0,26.5,45,5.5,東南東,0.9,3.12,晴れ,20.0
2025727,15:00,0.0,34.9,21.6,25.7,46,4.8,南東,0.8,2.80,曇,20.0
2025727,16:00,0.0,34.9,20.8,24.6,44,5.8,南東,0.3,1.31,晴れ,20.0
2025727,17:00,0.0,34.9,20.8,24.6,44,4.0,東南東,1.0,1.62,晴れ,20.0
2025727,18:00,0.0,33.9,20.7,24.3,46,4.5,東南東,1.0,1.06,晴れ,20.0
2025727,19:00,0.0,33.2,19.7,22.9,45,4.7,南東,1.0,0.39,晴れ,20.0
2025727,20:00,0.0,32.0,20.0,23.3,49,4.1,南東,0.2,0.02,晴れ,20.0
2025727,21:00,0.0,31.4,20.1,23.5,51,3.6,南東,0.0,0.0,晴れ,20.0
2025727,22:00,0.0,30.6,20.5,24.2,55,3.9,南東,0.0,0.0,晴れ,20.0
2025727,23:00,0.0,29.9,21.0,24.9,59,1.9,南東,0.0,0.0,晴れ,20.0
2025727,24:00,0.0,29.5,20.9,24.7,60,1.9,南,0.0,0.0,晴れ,20.0
2025729,01:00,0.0,23.7,22.7,27.6,94,0.2,静穏,0.0,0.0,曇,16.0
2025729,02:00,0.0,23.6,22.2,26.8,92,0.2,静穏,0.0,0.0,曇,20.0
2025729,03:00,0.0,22.9,22.4,27.1,97,0.3,北東,0.0,0.0,雨,6.73
2025729,04:00,0.0,23.2,22.7,27.6,97,0.9,南南西,0.0,0.00,雨,11.4
2025729,05:00,0.0,23.5,22.7,27.5,95,1.5,南南東,0.0,0.02,曇,20.0
2025729,06:00,0.0,24.2,22.8,27.8,92,0.1,静穏,0.0,0.17,曇,20.0
2025729,07:00,0.0,24.9,23.0,28.0,89,0.8,東,0.0,0.51,曇,20.0
2025729,08:00,0.0,26.3,22.8,27.7,81,1.3,北,0.3,1.26,曇,20.0
2025729,09:00,0.0,27.5,23.1,28.3,77,1.9,北北東,0.5,1.87,曇,20.0
2025729,10:00,0.0,28.0,23.4,28.7,76,1.2,北北東,0.0,1.18,曇,18.7
2025729,11:00,0.0,27.7,23.5,29.0,78,3.6,北,0.0,0.83,雨,19.2
2025729,12:00,0.0,27.0,24.1,30.0,84,3.4,北西,0.0,0.22,雨,14.6
2025729,13:00,0.0,27.4,23.6,29.2,80,2.0,北西,0.0,0.51,曇,20.0
2025729,14:00,0.0,28.4,23.3,28.6,74,2.5,北北西,0.0,1.05,曇,20.0
2025729,15:00,0.0,27.6,23.0,28.1,76,3.6,北北西,0.0,1.20,曇,20.0
2025729,16:00,0.0,28.6,23.1,28.2,72,3.8,北北西,0.7,1.53,曇,20.0
2025729,17:00,0.0,27.9,23.1,28.2,75,3.8,北北西,1.0,1.27,晴れ,20.0
2025729,18:00,0.0,26.5,23.6,29.1,84,3.6,北北西,0.8,0.54,晴れ,20.0
2025729,19:00,0.0,25.8,23.5,28.9,87,2.0,北北西,0.0,0.10,晴れ,20.0
2025729,20:00,0.0,25.2,23.6,29.2,91,0.7,北北東,0.0,0.00,晴れ,20.0
2025729,21:00,0.0,25.4,23.5,28.9,89,0.5,北西,0.0,0.0,晴れ,20.0
2025729,22:00,0.0,25.1,23.2,28.4,89,1.9,南東,0.0,0.0,晴れ,19.9
2025729,23:00,0.0,24.9,23.2,28.3,90,2.4,東南東,0.0,0.0,晴れ,20.0
2025729,24:00,0.0,24.6,22.3,26.9,87,1.6,東南東,0.0,0.0,晴れ,20.0
2025730,01:00,0.0,24.2,22.3,26.9,89,0.9,南南東,0.0,0.0,晴れ,20.0
2025730,02:00,0.0,24.1,22.0,26.4,88,1.6,南東,0.0,0.0,晴れ,20.0
2025730,03:00,0.0,24.1,22.0,26.4,88,1.6,南東,0.0,0.0,晴れ,20.0
2025730,04:00,0.0,24.0,21.9,26.3,88,1.0,南南東,0.0,0.00,晴れ,20.0
2025730,05:00,0.0,23.6,22.4,27.1,93,0.8,北西,0.1,0.05,曇,19.6
2025730,06:00,0.0,24.8,22.1,26.6,85,1.0,東南東,1.0,0.46,晴れ,20.0
2025730,07:00,0.0,26.7,21.9,26.3,75,2.3,南南東,0.7,0.79,晴れ,20.0
2025730,08:00,0.0,28.3,22.1,26.6,69,2.3,南東,1.0,1.69,晴れ,20.0
2025730,09:00,0.0,29.5,23.0,28.0,68,3.5,南東,1.0,2.29,晴れ,20.0
2025730,10:00,0.0,30.5,22.4,27.1,62,3.9,南東,1.0,2.87,晴れ,20.0
2025730,11:00,0.0,30.7,22.6,27.4,62,5.3,南東,0.9,2.74,晴れ,20.0
2025730,12:00,0.0,31.5,23.1,28.2,61,5.3,南南東,1.0,3.28,晴れ,20.0
2025730,13:00,0.0,32.5,22.3,26.9,55,5.4,南南東,0.9,3.07,晴れ,20.0
2025730,14:00,0.0,32.1,22.5,27.3,57,5.3,南南東,1.0,3.19,晴れ,20.0
2025730,15:00,0.0,31.3,22.6,27.4,60,4.7,南南東,0.4,1.85,曇,20.0
2025730,16:00,0.0,30.3,22.2,26.8,62,4.2,東南東,0.8,1.70,晴れ,20.0
2025730,17:00,0.0,29.2,21.4,25.5,63,4.6,南東,1.0,1.30,晴れ,20.0
2025730,18:00,0.0,27.6,21.4,25.5,69,4.0,南東,0.9,0.57,晴れ,20.0
2025730,19:00,0.0,26.5,21.0,24.9,72,3.8,東南東,0.0,0.07,晴れ,20.0
2025730,20:00,0.0,25.2,20.7,24.4,76,4.2,南東,0.0,0.00,晴れ,20.0
2025730,21:00,0.0,25.1,20.8,24.5,77,4.1,南東,0.0,0.0,晴れ,20.0
2025730,22:00,0.0,24.8,20.9,24.7,79,3.7,南南東,0.0,0.0,晴れ,20.0
2025730,23:00,0.0,24.0,21.1,25.1,84,4.3,南東,0.0,0.0,晴れ,20.0
2025730,24:00,0.0,23.8,21.5,25.7,87,3.5,南東,0.0,0.0,曇,20.0
2025731,01:00,0.0,23.7,21.4,25.5,87,3.7,南東,0.0,0.0,晴れ,20.0
2025731,02:00,0.0,23.7,21.6,25.8,88,3.1,南東,0.0,0.0,曇,20.0
2025731,03:00,0.0,23.6,21.3,25.3,87,4.0,南東,0.0,0.0,曇,20.0
2025731,04:00,0.0,23.6,21.3,25.3,87,3.6,南東,0.0,0.00,晴れ,20.0
2025731,05:00,0.0,23.5,21.0,24.9,86,4.4,南南東,0.0,0.03,曇,20.0
2025731,06:00,0.0,24.4,21.5,25.7,84,4.3,南南東,0.4,0.32,晴れ,20.0
2025731,07:00,0.0,25.8,22.1,26.6,80,2.6,南東,0.8,0.97,晴れ,20.0
2025731,08:00,0.0,26.3,21.5,25.7,75,3.8,南東,0.9,1.45,晴れ,20.0
2025731,09:00,0.0,27.2,21.9,26.3,73,4.7,南東,0.2,1.37,曇,20.0
2025731,10:00,0.0,26.5,22.1,26.7,77,4.4,南南東,0.1,0.71,曇,20.0
2025731,11:00,0.0,28.4,22.4,27.1,70,5.0,南東,0.3,1.97,曇,20.0
2025731,12:00,0.0,28.5,22.3,26.9,69,6.5,南南東,0.9,3.01,晴れ,20.0
2025731,13:00,0.0,29.2,22.4,27.2,67,6.9,南南東,1.0,3.01,晴れ,20.0
2025731,14:00,0.0,29.1,22.1,26.6,66,7.7,南南東,0.9,2.56,晴れ,20.0
2025731,15:00,0.0,29.5,22.0,26.4,64,8.3,南南東,1.0,2.45,晴れ,20.0
2025731,16:00,0.0,28.3,21.3,25.4,66,7.6,南南東,0.8,1.63,曇,20.0
2025731,17:00,0.0,27.8,21.4,25.4,68,5.0,南南東,0.0,0.42,曇,20.0
2025731,18:00,0.0,27.4,21.4,25.6,70,3.9,南南東,0.0,0.32,曇,20.0
2025731,19:00,0.0,26.7,21.0,24.9,71,3.3,南東,0.0,0.10,曇,20.0
2025731,20:00,0.0,26.0,21.0,24.9,74,4.2,南南東,0.0,0.00,曇,20.0
2025731,21:00,0.0,25.8,20.8,24.6,74,4.6,南南東,0.0,0.0,曇,20.0
2025731,22:00,0.0,25.7,20.7,24.4,74,4.6,南南東,0.0,0.0,曇,20.0
2025731,23:00,0.0,25.5,20.8,24.5,75,4.4,南南東,0.0,0.0,曇,20.0
2025731,24:00,0.0,25.1,20.4,23.9,75,4.5,南東,0.0,0.0,曇,20.0
202581,01:00,0.0,29.0,24.8,31.3,78,1.2,北東,0.0,0.0,晴れ,20.0
202581,02:00,0.0,29.6,21.8,26.1,63,2.0,南東,0.0,0.0,晴れ,20.0
202581,03:00,0.0,29.0,19.9,23.2,58,1.3,南東,0.0,0.0,晴れ,20.0
202581,04:00,0.0,28.7,19.1,22.1,56,1.1,東南東,0.0,0.0,晴れ,20.0
202581,05:00,0.0,28.9,19.8,23.1,58,1.2,南,0.0,0.00,晴れ,20.0
202581,06:00,0.0,28.1,20.4,24.0,63,0.3,南南西,0.2,0.03,晴れ,20.0
202581,07:00,0.0,29.1,20.0,23.4,58,0.7,南,1.0,0.43,晴れ,20.0
202581,08:00,0.0,30.9,21.1,25.0,56,0.7,北北東,1.0,1.13,晴れ,20.0
202581,09:00,0.0,31.9,24.2,30.3,64,3.3,北,1.0,1.86,晴れ,20.0
202581,10:00,0.0,32.2,24.8,31.3,65,3.6,北北西,1.0,2.51,晴れ,20.0
202581,11:00,0.0,32.9,23.3,28.5,57,4.9,北,1.0,3.02,晴れ,20.0
202581,12:00,0.0,32.6,23.3,28.5,58,5.3,北北西,1.0,3.34,晴れ,20.0
202581,13:00,0.0,33.7,24.6,30.9,59,4.9,北,1.0,3.41,晴れ,20.0
202581,14:00,0.0,33.7,24.6,30.9,59,4.8,北,1.0,3.29,晴れ,20.0
202581,15:00,0.0,32.6,23.8,29.5,60,6.2,北,1.0,2.93,晴れ,20.0
202581,16:00,0.0,31.4,25.7,33.1,72,5.4,北北西,1.0,2.40,晴れ,20.0
202581,17:00,0.0,31.6,25.9,33.5,72,5.6,北,0.7,1.42,晴れ,20.0
202581,18:00,0.0,29.4,25.8,33.2,81,4.8,北西,1.0,1.06,晴れ,20.0
202581,19:00,0.0,29.0,25.8,33.3,83,4.6,北北西,0.1,0.23,晴れ,20.0
202581,20:00,0.0,28.5,25.3,32.3,83,2.8,北北西,0.0,0.01,晴れ,20.0
202581,21:00,0.0,28.4,25.2,32.1,83,2.4,北北西,0.0,0.0,晴れ,20.0
202581,22:00,0.0,28.3,24.9,31.6,82,2.3,北西,0.0,0.0,晴れ,20.0
202581,23:00,0.0,28.1,24.9,31.6,83,2.6,北西,0.0,0.0,晴れ,20.0
202581,24:00,0.0,28.1,23.5,28.9,76,2.0,西南西,0.0,0.0,晴れ,20.0
202582,01:00,0.0,27.9,23.1,28.2,75,1.5,南西,0.0,0.0,晴れ,20.0
202582,02:00,0.0,27.8,22.7,27.7,74,1.4,西南西,0.0,0.0,晴れ,20.0
202582,03:00,0.0,27.7,23.3,28.6,77,2.4,南西,0.0,0.0,晴れ,20.0
202582,04:00,0.0,28.0,25.2,32.1,85,1.6,北西,0.0,0.0,晴れ,20.0
202582,05:00,0.0,27.7,25.2,32.0,86,2.6,北,0.0,0.00,晴れ,8.71
202582,06:00,0.0,27.6,25.1,31.8,86,2.5,北,0.0,0.03,晴れ,20.0
202582,07:00,0.0,28.3,25.1,31.9,83,1.9,北北東,0.4,0.37,晴れ,20.0
202582,08:00,0.0,29.7,25.2,32.1,77,3.3,北北西,0.9,1.18,晴れ,20.0
202582,09:00,0.0,30.4,24.1,30.0,69,3.1,北,0.9,1.94,晴れ,20.0
202582,10:00,0.0,29.8,24.2,30.2,72,3.6,北西,0.8,2.15,晴れ,20.0
202582,11:00,0.0,31.3,24.4,30.6,67,3.4,北北西,0.9,2.85,晴れ,20.0
202582,12:00,0.0,31.9,25.7,33.1,70,5.4,北北西,1.0,3.32,晴れ,20.0
202582,13:00,0.0,32.0,24.3,30.4,64,4.3,北北西,1.0,3.41,晴れ,20.0
202582,14:00,0.0,33.2,25.2,32.1,63,5.5,北,1.0,3.28,晴れ,20.0
202582,15:00,0.0,32.0,24.6,30.9,65,4.6,北北西,1.0,2.95,晴れ,20.0
202582,16:00,0.0,31.2,24.3,30.5,67,5.0,北北西,1.0,2.42,晴れ,20.0
202582,17:00,0.0,30.6,24.5,30.8,70,4.4,北西,1.0,1.77,晴れ,20.0
202582,18:00,0.0,29.8,24.7,31.1,74,3.5,北,1.0,1.04,晴れ,20.0
202582,19:00,0.0,28.8,24.8,31.3,79,3.8,北,0.9,0.35,晴れ,20.0
202582,20:00,0.0,28.2,24.8,31.4,82,2.4,北,0.0,0.01,晴れ,20.0
202582,21:00,0.0,28.0,25.0,31.8,84,2.9,北北西,0.0,0.0,晴れ,20.0
202582,22:00,0.0,28.0,25.2,32.1,85,1.9,北,0.0,0.0,晴れ,20.0
202582,23:00,0.0,27.6,24.9,31.4,85,2.5,北,0.0,0.0,晴れ,20.0
202582,24:00,0.0,27.6,24.7,31.0,84,1.9,北,0.0,0.0,晴れ,20.0
202583,01:00,0.0,27.2,24.5,30.7,85,0.6,北東,0.0,0.0,晴れ,20.0
202583,02:00,0.0,26.9,23.4,28.7,81,1.2,西南西,0.0,0.0,晴れ,20.0
202583,03:00,0.0,26.5,22.8,27.7,80,1.7,西南西,0.0,0.0,晴れ,20.0
202583,04:00,0.0,26.6,23.3,28.6,82,1.2,西南西,0.0,0.0,晴れ,20.0
202583,05:00,0.0,26.2,22.9,27.9,82,1.3,南西,0.0,0.0,曇,13.2
202583,06:00,0.0,26.4,23.1,28.2,82,1.1,南南西,0.0,0.04,曇,20.0
202583,07:00,0.0,26.8,23.7,29.3,83,0.4,南,0.4,0.28,曇,20.0
202583,08:00,0.0,28.1,23.9,29.7,78,1.5,南,0.6,0.78,曇,20.0
202583,09:00,0.0,29.4,23.6,29.1,71,0.7,南,0.8,1.53,曇,20.0
202583,10:00,0.0,30.8,23.5,28.9,65,1.3,東南東,0.5,1.66,曇,20.0
202583,11:00,0.0,32.4,23.1,28.2,58,3.1,北北西,1.0,2.36,晴れ,20.0
202583,12:00,0.0,33.6,24.2,30.2,58,3.6,北北西,1.0,2.63,晴れ,20.0
202583,13:00,0.0,34.5,24.7,31.2,57,4.2,北,1.0,3.31,晴れ,20.0
202583,14:00,0.0,33.6,24.5,30.7,59,6.3,北北西,1.0,3.20,晴れ,20.0
202583,15:00,0.0,34.3,25.1,31.9,59,3.8,北,1.0,2.84,晴れ,20.0
202583,16:00,0.0,33.3,24.2,30.2,59,5.4,北北西,1.0,2.30,晴れ,20.0
202583,17:00,0.0,31.9,24.8,31.2,66,6.1,北北西,1.0,1.65,晴れ,20.0
202583,18:00,0.0,30.8,25.4,32.4,73,4.9,北,1.0,0.88,晴れ,20.0
202583,19:00,0.0,30.1,25.0,31.6,74,1.9,北北東,0.5,0.26,晴れ,20.0
202583,20:00,0.0,29.8,24.2,30.2,72,0.9,北東,0.0,0.00,晴れ,20.0
202583,21:00,0.0,30.5,24.4,30.6,70,1.3,南東,0.0,0.0,晴れ,20.0
202583,22:00,0.0,30.5,22.4,27.1,62,3.0,南,0.0,0.0,晴れ,20.0
202583,23:00,0.0,30.2,22.6,27.5,64,2.4,南東,0.0,0.0,曇,20.0
202583,24:00,0.0,29.6,24.0,29.9,72,3.7,南東,0.0,0.0,曇,20.0
202585,01:00,0.0,28.6,24.2,30.2,77,7.4,南西,0.0,0.0,晴れ,19.8
202585,02:00,0.0,28.6,24.4,30.5,78,7.6,南西,0.0,0.0,晴れ,19.9
202585,03:00,0.0,28.5,24.9,31.5,81,6.2,南西,0.0,0.0,晴れ,20.0
202585,04:00,0.0,28.5,24.7,31.1,80,7.1,南西,0.0,0.0,晴れ,20.0
202585,05:00,0.0,28.6,24.4,30.5,78,7.1,南西,0.0,0.0,晴れ,20.0
202585,06:00,0.0,28.9,24.2,30.3,76,6.2,南西,0.5,0.0,晴れ,20.0
202585,07:00,0.0,30.0,25.1,31.8,75,5.3,南西,0.8,0.0,晴れ,20.0
202585,08:00,0.0,30.9,25.0,31.7,71,6.1,南西,1.0,0.0,晴れ,20.0
202585,09:00,0.0,31.6,25.2,32.1,69,6.4,南西,0.9,0.0,晴れ,19.9
202585,10:00,0.0,32.2,25.8,33.2,69,5.1,南西,1.0,0.0,晴れ,18.2
202585,11:00,0.0,33.6,25.6,32.8,63,5.6,南西,1.0,0.0,晴れ,15.7
202585,12:00,0.0,33.9,26.1,33.9,64,6.0,南西,1.0,0.0,晴れ,18.0
202585,13:00,0.0,33.5,26.5,34.7,67,6.9,南西,1.0,0.0,晴れ,17.7
202585,14:00,0.0,34.1,26.6,34.8,65,5.3,南西,1.0,0.0,晴れ,16.6
202585,15:00,0.0,33.8,26.0,33.7,64,5.8,南西,1.0,0.0,晴れ,20.0
202585,16:00,0.0,34.0,25.7,33.0,62,7.2,南西,1.0,0.0,晴れ,16.9
202585,17:00,0.0,33.3,26.1,33.8,66,5.8,南西,1.0,0.0,晴れ,20.0
202585,18:00,0.0,32.5,25.6,32.8,67,5.4,南,0.7,0.0,晴れ,20.0
202585,19:00,0.0,31.6,25.5,32.6,70,4.4,南南西,0.1,0.0,晴れ,20.0
202585,20:00,0.0,31.2,25.6,32.7,72,3.2,南南西,0.0,0.0,晴れ,20.0
202585,21:00,0.0,30.6,25.7,33.0,75,4.2,南西,0.0,0.0,晴れ,19.7
202585,22:00,0.0,30.2,25.5,32.6,76,5.1,南西,0.0,0.0,晴れ,20.0
202585,23:00,0.0,30.7,25.8,33.1,75,4.0,南西,0.0,0.0,晴れ,20.0
202585,24:00,0.0,29.6,26.0,33.6,81,3.3,南西,0.0,0.0,晴れ,19.9
202586,01:00,0.0,29.6,26.2,34.0,82,2.8,南南西,0.0,0.0,晴れ,15.8
202586,02:00,0.0,29.6,25.8,33.2,80,1.2,東南東,0.0,0.0,晴れ,20.0
202586,03:00,0.0,28.6,25.4,32.5,83,2.6,東南東,0.0,0.0,曇,19.6
202586,04:00,0.0,28.5,25.5,32.7,84,2.4,南東,0.0,0.0,曇,17.8
202586,05:00,0.0,28.7,25.5,32.7,83,1.0,東南東,0.0,0.0,晴れ,18.7
202586,06:00,0.0,29.1,25.5,32.6,81,2.1,東南東,0.5,0.0,晴れ,19.8
202586,07:00,0.0,30.3,26.3,34.1,79,0.7,東南東,1.0,0.0,晴れ,13.7
202586,08:00,0.0,31.1,26.6,34.8,77,1.1,南南西,0.9,0.0,晴れ,15.9
202586,09:00,0.0,31.8,26.6,34.8,74,1.7,南西,1.0,0.0,晴れ,15.6
202586,10:00,0.0,33.6,26.4,34.4,66,2.0,南西,1.0,0.0,晴れ,13.5
202586,11:00,0.0,33.3,26.3,34.3,67,3.3,西南西,1.0,0.0,晴れ,15.3
202586,12:00,0.0,33.8,27.1,35.8,68,4.6,西南西,1.0,0.0,晴れ,14.9
202586,13:00,0.0,34.6,26.8,35.2,64,2.6,西,1.0,0.0,晴れ,17.2
202586,14:00,0.0,35.0,26.6,34.9,62,2.0,西南西,0.8,0.0,曇,13.7
202586,15:00,0.0,34.4,25.8,33.2,61,4.0,西南西,0.9,0.0,曇,17.8
202586,16:00,0.0,33.2,26.2,34.1,67,2.7,西南西,0.5,0.0,曇,20.0
202586,17:00,0.0,33.3,26.6,34.8,68,3.3,東南東,0.0,0.0,曇,16.7
202586,18:00,0.0,32.8,26.4,34.3,69,2.3,東,0.3,0.0,曇,16.5
202586,19:00,0.0,32.1,26.6,34.9,73,3.5,北東,0.0,0.0,曇,15.3
202586,20:00,0.0,30.6,25.2,32.1,73,4.6,東北東,0.0,0.0,曇,19.4
202586,21:00,0.0,30.6,25.4,32.5,74,2.1,南南東,0.0,0.0,曇,14.9
202586,22:00,0.0,30.4,25.2,32.1,74,1.7,北東,0.0,0.0,曇,16.5
202586,23:00,0.0,29.7,25.0,31.7,76,2.3,東北東,0.0,0.0,晴れ,16.1
202586,24:00,0.0,29.7,24.8,31.3,75,1.9,北北東,0.0,0.0,晴れ,16.9
202587,01:00,0.0,29.1,24.2,30.2,75,2.1,東北東,0.0,0.0,晴れ,17.2
202587,02:00,0.0,28.4,25.0,31.7,82,2.6,東南東,0.0,0.0,晴れ,13.4
202587,03:00,0.0,28.3,25.9,33.5,87,4.0,南南東,0.0,0.0,晴れ,10.2
202587,04:00,0.0,29.0,25.6,32.9,82,2.6,南南西,0.0,0.0,晴れ,13.8
202587,05:00,0.0,29.7,25.5,32.5,78,6.3,南南西,0.0,0.0,曇,11.8
202587,06:00,0.0,29.1,26.1,33.9,84,5.7,南西,0.0,0.0,曇,11.9
202587,07:00,0.0,29.7,25.9,33.4,80,7.3,南西,0.3,0.0,曇,15.3
202587,08:00,0.0,30.4,25.9,33.4,77,6.2,南西,0.3,0.0,曇,17.4
202587,09:00,0.0,31.4,26.0,33.6,73,4.8,西南西,0.7,0.0,曇,19.5
202587,10:00,0.0,30.7,25.5,32.7,74,5.9,西南西,0.3,0.0,曇,18.7
202587,11:00,0.0,30.0,24.9,31.4,74,3.9,北北東,0.0,0.0,曇,14.0
202587,12:00,0.0,30.0,23.2,28.4,67,2.8,北東,0.2,0.0,雨,20.0
202587,13:00,0.0,31.2,24.1,30.0,66,3.0,東北東,0.2,0.0,曇,20.0
202587,14:00,0.0,31.9,25.5,32.6,69,3.7,南南東,0.0,0.0,曇,17.9
202587,15:00,0.0,31.7,25.6,32.7,70,4.2,南西,0.4,0.0,曇,19.4
202587,16:00,0.0,31.9,25.3,32.2,68,6.3,南西,0.8,0.0,曇,20.0
202587,17:00,0.0,31.8,24.9,31.5,67,3.8,南西,0.9,0.0,曇,20.0
202587,18:00,0.0,30.6,25.0,31.6,72,5.0,南西,0.2,0.0,曇,20.0
202587,19:00,0.0,29.7,24.8,31.3,75,5.5,南西,0.1,0.0,曇,20.0
202587,20:00,0.0,29.3,25.7,33.0,81,5.0,南西,0.0,0.0,曇,14.8
202587,21:00,0.0,29.2,25.4,32.4,80,3.6,南南西,0.0,0.0,曇,15.8
202587,22:00,0.0,29.1,25.5,32.6,81,1.5,南西,0.0,0.0,曇,16.9
202587,23:00,0.0,28.8,25.8,33.3,84,3.6,西南西,0.0,0.0,曇,14.2
202587,24:00,0.0,28.7,26.1,33.9,86,2.2,西南西,0.0,0.0,曇,16.7
202589,01:00,0.0,27.6,23.0,28.1,76,1.1,南東,0.0,0.0,曇,20.0
202589,02:00,0.0,27.4,23.0,28.1,77,1.8,南東,0.0,0.0,曇,20.0
202589,03:00,0.0,27.1,23.4,28.7,80,2.2,南東,0.0,0.0,雨,20.0
202589,04:00,0.0,26.9,23.4,28.7,81,1.9,東南東,0.0,0.0,曇,20.0
202589,05:00,0.0,26.8,23.5,28.9,82,1.7,南東,0.0,0.0,雨,20.0
202589,06:00,0.0,25.2,20.9,24.7,77,4.8,南,0.0,0.00,雨,10.8
202589,07:00,0.0,24.4,21.7,26.0,85,1.3,東南東,0.0,0.06,雨,20.0
202589,08:00,0.0,25.0,21.3,25.3,80,1.7,東南東,0.0,0.20,曇,20.0
202589,09:00,0.5,24.9,22.8,27.7,88,2.5,南,0.0,0.26,雨,6.89
202589,10:00,1.0,25.4,23.6,29.2,90,2.6,南南東,0.0,0.30,雨,9.70
202589,11:00,2.0,24.9,23.7,29.3,93,3.0,南東,0.0,0.21,雨,4.71
202589,12:00,8.0,24.4,23.2,28.4,93,1.4,東南東,0.0,0.26,雨,10.6
202589,13:00,1.0,25.1,23.3,28.7,90,3.4,南東,0.0,0.54,雨,20.0
202589,14:00,0.0,26.5,23.8,29.4,85,2.9,南東,0.0,1.21,曇,20.0
202589,15:00,0.0,26.4,24.4,30.6,89,2.3,東南東,0.0,0.63,雨,11.6
202589,16:00,0.5,26.7,24.7,31.2,89,2.7,南東,0.0,0.30,雨,14.6
202589,17:00,0.0,27.4,24.9,31.4,86,2.4,南南東,0.0,0.13,雨,20.0
202589,18:00,0.0,28.9,24.5,30.7,77,3.9,南,0.0,0.04,曇,20.0
202589,19:00,0.0,29.5,24.2,30.1,73,3.0,南南西,0.0,0.01,曇,20.0
202589,20:00,0.0,29.6,23.8,29.5,71,4.6,南,0.0,0.00,雨,20.0
202589,21:00,0.0,29.5,24.2,30.1,73,3.5,南,0.0,0.0,雷電,20.0
202589,22:00,0.0,28.8,24.8,31.3,79,1.4,西,0.0,0.0,雷電,20.0
202589,23:00,0.0,28.5,25.3,32.3,83,1.9,南南東,0.0,0.0,雷電,20.0
202589,24:00,1.5,26.5,25.6,32.9,95,5.7,北,0.0,0.0,雨,5.76
2025810,01:00,7.0,25.8,25.3,32.2,97,2.1,北北東,0.0,0.0,雷電,4.59
2025810,02:00,6.0,26.0,25.3,32.3,96,1.2,西,0.0,0.0,雷電,3.90
2025810,03:00,6.0,25.7,25.2,32.0,97,0.9,南西,0.0,0.0,雷電,2.05
2025810,04:00,2.5,25.8,25.3,32.2,97,2.5,南東,0.0,0.0,雨,10.9
2025810,05:00,0.0,25.9,25.2,32.1,96,1.5,東南東,0.0,0.0,雨,20.0
2025810,06:00,0.0,26.4,25.5,32.7,95,1.4,南南東,0.0,0.00,曇,20.0
2025810,07:00,1.5,28.0,25.2,32.1,85,4.6,南南西,0.0,0.02,雨,6.63
2025810,08:00,0.5,28.3,24.9,31.6,82,3.1,南,0.0,0.09,雨,20.0
2025810,09:00,0.0,28.2,25.2,32.1,84,1.5,南南西,0.0,0.23,雨,20.0
2025810,10:00,0.5,28.5,25.1,31.9,82,2.4,南,0.0,0.12,雨,14.1
2025810,11:00,1.5,27.9,25.2,32.0,85,1.8,南,0.0,0.03,雷電,13.6
2025810,12:00,10.5,26.4,25.9,33.4,97,1.7,東,0.0,0.04,雷電,5.69
2025810,13:00,4.0,27.3,25.7,33.0,91,2.3,南,0.0,0.08,雷電,2.13
2025810,14:00,27.0,26.5,26.2,33.9,98,1.6,北東,0.0,0.04,雷電,1.64
2025810,15:00,18.0,26.8,26.3,34.2,97,1.3,東南東,0.0,0.07,雨,11.1
2025810,16:00,0.5,28.5,25.7,33.1,85,3.3,南,0.0,0.25,雷電,20.0
2025810,17:00,0.0,29.0,25.8,33.3,83,2.2,西,0.0,0.07,雷電,14.4
2025810,18:00,32.5,26.7,26.0,33.6,96,5.1,北西,0.0,0.00,雷電,1.35
2025810,19:00,53.5,26.6,25.7,33.1,95,2.5,西北西,0.0,0.01,雷電,14.0
2025810,20:00,0.5,26.7,25.8,33.3,95,1.7,南西,0.0,0.00,雷電,12.3
2025810,21:00,0.0,26.5,25.5,32.6,94,1.3,西北西,0.0,0.0,雷電,20.0
2025810,22:00,0.5,26.4,25.7,33.1,96,0.7,南西,0.0,0.0,雨,20.0
2025810,23:00,0.0,26.4,25.7,33.1,96,1.5,南東,0.0,0.0,曇,20.0
2025810,24:00,0.0,26.2,25.5,32.7,96,2.1,南東,0.0,0.0,曇,20.0
2025811,01:00,0.0,25.9,25.0,31.8,95,1.7,東南東,0.0,0.0,曇,20.0
2025811,02:00,0.0,26.1,25.1,31.8,94,1.9,南東,0.0,0.0,曇,20.0
2025811,03:00,0.0,26.2,24.8,31.3,92,2.0,南東,0.0,0.0,曇,20.0
2025811,04:00,0.0,26.3,24.9,31.5,92,2.5,南東,0.0,0.0,雨,20.0
2025811,05:00,0.0,26.5,24.5,30.8,89,2.1,南東,0.0,0.0,雷電,20.0
2025811,06:00,0.5,26.3,24.7,31.1,91,2.0,南東,0.0,0.00,雨,17.2
2025811,07:00,1.0,25.9,24.9,31.4,94,1.7,南東,0.0,0.03,雨,9.83
2025811,08:00,3.0,25.6,24.7,31.2,95,1.3,東南東,0.0,0.06,雨,8.39
2025811,09:00,7.5,25.7,25.2,32.0,97,1.2,西南西,0.0,0.09,雨,2.20
2025811,10:00,2.0,26.2,25.3,32.3,95,0.9,南西,0.0,0.25,雨,20.0
2025811,11:00,5.5,26.3,25.6,32.9,96,2.0,南,0.0,0.42,雨,1.61
2025811,12:00,4.5,26.9,26.0,33.7,95,1.2,東,0.0,0.63,曇,20.0
2025811,13:00,11.5,26.7,25.8,33.3,95,2.8,南南東,0.0,0.52,雨,0.81
2025811,14:00,1.5,26.7,25.7,32.9,94,1.4,南東,0.0,0.16,雨,5.46
2025811,15:00,0.5,26.8,25.8,33.1,94,0.8,北北東,0.0,0.20,雨,6.80
2025811,16:00,29.5,25.7,25.0,31.7,96,1.2,南南西,0.0,0.03,雨,1.78
2025811,17:00,4.5,25.9,25.4,32.4,97,1.2,東南東,0.0,0.10,雨,3.32
2025811,18:00,6.0,26.2,25.5,32.7,96,2.4,南東,0.0,0.21,曇,20.0
2025811,19:00,0.0,26.8,25.8,33.1,94,2.7,南東,0.0,0.14,曇,20.0
2025811,20:00,0.0,28.7,24.7,31.1,79,3.6,南,0.0,0.00,曇,20.0
2025811,21:00,0.0,28.6,24.2,30.2,77,3.3,南,0.0,0.0,曇,20.0
2025811,22:00,0.0,29.3,24.0,29.8,73,5.1,南,0.0,0.0,曇,20.0
2025811,23:00,0.0,29.5,24.2,30.1,73,4.0,南南西,0.0,0.0,曇,20.0
2025811,24:00,0.0,29.4,23.8,29.5,72,3.1,南,0.0,0.0,曇,20.0
2025815,01:00,0.0,28.5,24.1,30.0,77,0.8,北西,0.0,0.0,晴れ,20.0
2025815,02:00,0.0,28.5,23.2,28.4,73,1.5,南西,0.0,0.0,晴れ,20.0
2025815,03:00,0.0,28.3,23.7,29.2,76,1.4,南西,0.0,0.0,晴れ,20.0
2025815,04:00,0.0,27.7,23.9,29.7,80,0.8,南南東,0.0,0.0,晴れ,20.0
2025815,05:00,0.0,27.1,24.2,30.1,84,0.5,南,0.0,0.0,晴れ,20.0
2025815,06:00,0.0,27.5,23.7,29.4,80,0.8,南南西,0.0,0.01,晴れ,20.0
2025815,07:00,0.0,28.2,24.2,30.2,79,1.2,南東,0.5,0.31,晴れ,20.0
2025815,08:00,0.0,29.4,24.3,30.3,74,1.0,西,1.0,1.07,晴れ,20.0
2025815,09:00,0.0,30.8,24.5,30.7,69,3.2,北,1.0,1.80,晴れ,20.0
2025815,10:00,0.0,32.3,25.9,33.4,69,3.4,北,1.0,2.45,晴れ,20.0
2025815,11:00,0.0,32.4,25.7,33.1,68,4.5,北,1.0,2.95,晴れ,20.0
2025815,12:00,0.0,33.2,24.9,31.6,62,3.9,北北西,1.0,3.27,晴れ,20.0
2025815,13:00,0.0,34.0,25.7,33.0,62,4.2,北,1.0,3.36,晴れ,20.0
2025815,14:00,0.0,33.8,27.1,35.8,68,5.5,北,1.0,3.22,晴れ,20.0
2025815,15:00,0.0,33.5,27.0,35.7,69,6.4,北,1.0,2.85,晴れ,20.0
2025815,16:00,0.0,33.1,27.1,35.9,71,4.1,北北西,1.0,2.31,晴れ,20.0
2025815,17:00,0.0,31.8,26.6,34.8,74,3.7,北北西,1.0,1.63,晴れ,20.0
2025815,18:00,0.0,31.1,25.9,33.5,74,3.7,北,1.0,0.90,晴れ,20.0
2025815,19:00,0.0,30.3,26.3,34.1,79,3.1,北,0.6,0.23,晴れ,20.0
2025815,20:00,0.0,29.9,26.3,34.2,81,2.7,北,0.0,0.00,晴れ,20.0
2025815,21:00,0.0,29.7,25.2,32.1,77,2.1,北,0.0,0.0,晴れ,20.0
2025815,22:00,0.0,29.6,25.4,32.4,78,1.3,北,0.0,0.0,晴れ,20.0
2025815,23:00,0.0,29.6,24.9,31.5,76,1.5,西南西,0.0,0.0,晴れ,20.0
2025815,24:00,0.0,29.4,25.0,31.6,77,0.1,静穏,0.0,0.0,晴れ,20.0
2025816,01:00,0.0,28.3,23.4,28.9,75,1.1,南南西,0.0,0.0,晴れ,20.0
2025816,02:00,0.0,28.3,23.0,28.1,73,1.3,南南西,0.0,0.0,晴れ,20.0
2025816,03:00,0.0,27.4,23.6,29.2,80,1.4,北,0.0,0.0,晴れ,20.0
2025816,04:00,0.0,27.8,21.8,26.2,70,1.3,南西,0.0,0.0,晴れ,20.0
2025816,05:00,0.0,26.9,23.0,28.0,79,0.7,南南東,0.0,0.0,晴れ,20.0
2025816,06:00,0.0,27.1,23.4,28.7,80,1.2,南南東,0.1,0.02,晴れ,20.0
2025816,07:00,0.0,28.1,22.4,27.0,71,1.3,南東,1.0,0.38,晴れ,20.0
2025816,08:00,0.0,29.2,23.2,28.4,70,1.6,南東,1.0,1.07,晴れ,20.0
2025816,09:00,0.0,31.1,24.0,29.8,66,0.6,東,1.0,1.79,晴れ,20.0
2025816,10:00,0.0,32.9,24.7,31.0,62,3.1,北,1.0,2.42,晴れ,20.0
2025816,11:00,0.0,33.4,25.4,32.4,63,3.7,北,1.0,2.92,晴れ,20.0
2025816,12:00,0.0,33.3,24.2,30.2,59,4.0,北,1.0,3.24,晴れ,20.0
2025816,13:00,0.0,33.7,25.1,31.9,61,5.2,北,1.0,3.32,晴れ,20.0
2025816,14:00,0.0,34.1,25.2,32.1,60,4.7,北北西,1.0,3.17,晴れ,20.0
2025816,15:00,0.0,34.0,25.4,32.5,61,4.7,北北西,1.0,2.80,晴れ,20.0
2025816,16:00,0.0,33.9,24.8,31.2,59,4.7,北北西,1.0,2.26,晴れ,20.0
2025816,17:00,0.0,32.0,24.3,30.4,64,4.4,北北西,1.0,1.61,晴れ,20.0
2025816,18:00,0.0,31.3,25.2,32.0,70,3.4,北北西,1.0,0.89,晴れ,20.0
2025816,19:00,0.0,30.8,25.6,32.9,74,2.3,北,0.6,0.22,晴れ,20.0
2025816,20:00,0.0,30.2,25.5,32.6,76,1.9,北,0.0,0.00,晴れ,20.0
2025816,21:00,0.0,30.1,25.4,32.4,76,0.9,北,0.0,0.0,晴れ,20.0
2025816,22:00,0.0,30.1,23.8,29.5,69,1.2,西南西,0.0,0.0,晴れ,20.0
2025816,23:00,0.0,29.8,23.0,28.1,67,1.7,西南西,0.0,0.0,晴れ,20.0
2025816,24:00,0.0,29.5,23.7,29.3,71,0.9,西南西,0.0,0.0,晴れ,20.0
2025817,01:00,0.0,29.1,23.3,28.6,71,1.4,南南西,0.0,0.0,晴れ,20.0
2025817,02:00,0.0,28.9,23.8,29.5,74,1.2,南南東,0.0,0.0,晴れ,20.0
2025817,03:00,0.0,28.5,24.3,30.4,78,1.9,南南東,0.0,0.0,晴れ,20.0
2025817,04:00,0.0,28.1,24.3,30.4,80,1.7,南東,0.0,0.0,晴れ,20.0
2025817,05:00,0.0,27.8,24.5,30.6,82,1.0,東南東,0.0,0.0,晴れ,20.0
2025817,06:00,0.0,27.8,24.2,30.3,81,1.2,南南東,0.0,0.01,晴れ,20.0
2025817,07:00,0.0,28.6,24.6,30.9,79,0.8,南東,0.9,0.32,晴れ,20.0
2025817,08:00,0.0,29.4,24.7,31.2,76,0.8,北北東,1.0,0.99,晴れ,20.0
2025817,09:00,0.0,31.2,26.0,33.6,74,2.1,北,1.0,1.78,晴れ,20.0
2025817,10:00,0.0,31.8,24.4,30.6,65,3.1,北,0.8,2.18,晴れ,20.0
2025817,11:00,0.0,33.5,24.7,31.1,60,4.8,北,0.9,2.83,晴れ,20.0
2025817,12:00,0.0,33.6,25.9,33.3,64,4.4,北北西,1.0,3.23,晴れ,20.0
2025817,13:00,0.0,33.5,24.7,31.1,60,4.6,北北西,1.0,3.31,雷電,20.0
2025817,14:00,0.0,33.4,25.4,32.4,63,6.0,北北西,0.9,3.04,雷電,20.0
2025817,15:00,0.0,32.8,25.4,32.4,65,5.0,北北西,1.0,2.87,晴れ,20.0
2025817,16:00,0.0,32.6,25.4,32.5,66,5.3,北,0.9,2.22,曇,20.0
2025817,17:00,0.0,32.1,25.0,31.6,66,3.6,北,1.0,1.75,晴れ,20.0
2025817,18:00,0.0,31.6,24.7,31.2,67,3.4,北,1.0,0.98,晴れ,20.0
2025817,19:00,0.0,30.8,25.2,32.0,72,2.1,北,0.6,0.23,晴れ,20.0
2025817,20:00,0.0,30.1,23.5,29.0,68,1.5,東北東,0.0,0.00,晴れ,20.0
2025817,21:00,0.0,30.2,23.6,29.2,68,1.5,南東,0.0,0.0,晴れ,20.0
2025817,22:00,0.0,29.2,23.6,29.2,72,1.6,南東,0.0,0.0,曇,20.0
2025817,23:00,0.0,28.4,23.8,29.4,76,2.2,南東,0.0,0.0,曇,20.0
2025817,24:00,0.0,27.9,24.1,30.1,80,2.6,南東,0.0,0.0,曇,20.0
2025819,01:00,0.0,29.4,24.3,30.3,74,1.8,南,0.0,0.0,晴れ,16.3
2025819,02:00,0.0,28.9,24.2,30.3,76,1.7,南東,0.0,0.0,晴れ,16.1
2025819,03:00,0.0,28.4,24.2,30.2,78,1.3,南東,0.0,0.0,晴れ,14.6
2025819,04:00,0.0,28.1,24.1,30.0,79,0.9,東南東,0.0,0.0,晴れ,13.4
2025819,05:00,0.0,27.8,24.2,30.3,81,2.6,南東,0.0,0.0,晴れ,12.7
2025819,06:00,0.0,27.6,24.5,30.7,83,1.8,南南東,0.0,0.01,晴れ,12.6
2025819,07:00,0.0,27.9,24.3,30.5,81,1.4,南東,0.5,0.24,晴れ,12.8
2025819,08:00,0.0,29.3,24.4,30.6,75,0.7,北東,1.0,0.86,晴れ,12.2
2025819,09:00,0.0,31.5,24.4,30.5,66,1.1,東北東,1.0,1.67,晴れ,17.3
2025819,10:00,0.0,32.1,23.1,28.2,59,2.2,南南西,1.0,2.52,晴れ,18.5
2025819,11:00,0.0,33.1,24.6,30.9,61,3.1,北,0.7,2.45,晴れ,15.5
2025819,12:00,0.0,32.6,24.6,31.0,63,4.9,北西,0.6,2.27,晴れ,13.6
2025819,13:00,0.0,33.2,26.0,33.6,66,5.6,北北西,1.0,3.28,晴れ,15.6
2025819,14:00,0.0,34.2,25.6,32.8,61,4.0,北北西,1.0,3.07,晴れ,18.1
2025819,15:00,0.0,33.1,25.4,32.4,64,5.1,北,1.0,2.67,晴れ,14.9
2025819,16:00,0.0,32.0,25.6,32.8,69,4.0,北,0.7,1.78,雷電,15.7
2025819,17:00,0.0,32.0,25.4,32.4,68,3.0,北北西,0.3,1.03,曇,16.4
2025819,18:00,0.0,31.3,24.7,31.1,68,4.3,北北西,0.7,0.76,晴れ,15.2
2025819,19:00,0.0,30.7,25.1,31.8,72,2.0,北,0.1,0.16,晴れ,12.1
2025819,20:00,0.0,30.0,24.9,31.4,74,0.7,北北東,0.0,0.00,晴れ,13.2
2025819,21:00,0.0,30.2,25.1,31.8,74,1.4,南南東,0.0,0.0,晴れ,13.4
2025819,22:00,0.0,30.2,24.8,31.3,73,1.3,南東,0.0,0.0,晴れ,13.7
2025819,23:00,0.0,29.6,25.6,32.8,79,0.8,北東,0.0,0.0,晴れ,11.2
2025819,24:00,0.0,29.4,24.7,31.2,76,1.6,南東,0.0,0.0,晴れ,14.0
2025820,01:00,0.0,29.0,24.6,30.9,77,0.9,南東,0.0,0.0,晴れ,17.9
2025820,02:00,0.0,28.6,24.4,30.5,78,1.5,東南東,0.0,0.0,晴れ,20.0
2025820,03:00,0.0,28.1,24.1,30.0,79,0.5,南南東,0.0,0.0,晴れ,20.0
2025820,04:00,0.0,28.2,24.2,30.2,79,1.4,南東,0.0,0.0,晴れ,20.0
2025820,05:00,0.0,28.2,24.4,30.6,80,1.3,東南東,0.0,0.0,晴れ,20.0
2025820,06:00,0.0,28.1,24.5,30.8,81,1.6,東南東,0.0,0.01,晴れ,20.0
2025820,07:00,0.0,28.7,24.5,30.7,78,1.2,南東,0.9,0.32,晴れ,20.0
2025820,08:00,0.0,29.8,24.2,30.2,72,1.9,南東,1.0,1.01,晴れ,20.0
2025820,09:00,0.0,30.7,23.4,28.7,65,1.7,東南東,1.0,1.74,晴れ,20.0
2025820,10:00,0.0,31.5,23.6,29.1,63,1.1,北東,0.9,2.24,晴れ,20.0
2025820,11:00,0.0,33.0,23.9,29.7,59,1.3,北北東,0.9,2.83,晴れ,20.0
2025820,12:00,0.0,33.2,23.5,29.0,57,2.8,北,0.6,2.24,晴れ,20.0
2025820,13:00,0.0,34.2,25.0,31.8,59,4.1,北北西,0.6,2.44,晴れ,20.0
2025820,14:00,0.0,33.2,24.1,30.0,59,4.2,北,0.6,2.22,晴れ,20.0
2025820,15:00,0.0,33.0,24.8,31.2,62,4.9,北,0.6,1.93,晴れ,20.0
2025820,16:00,0.0,32.0,24.9,31.4,66,2.6,北西,0.1,0.86,雷電,20.0
2025820,17:00,0.0,32.0,22.7,27.6,58,3.3,南南東,0.0,0.36,雷電,20.0
2025820,18:00,0.0,31.0,22.3,27.0,60,2.9,南東,0.0,0.37,雷電,20.0
2025820,19:00,0.0,29.7,22.7,27.5,66,1.9,南東,0.0,0.05,雷電,20.0
2025820,20:00,0.0,29.1,22.1,26.6,66,3.4,南東,0.0,0.00,曇,20.0
2025820,21:00,0.0,29.3,22.5,27.3,67,1.8,南東,0.0,0.0,曇,20.0
2025820,22:00,0.0,29.1,22.4,27.0,67,1.6,南東,0.0,0.0,曇,20.0
2025820,23:00,0.0,28.7,22.9,28.0,71,1.6,東南東,0.0,0.0,晴れ,20.0
2025820,24:00,0.0,28.0,22.9,28.0,74,1.4,南東,0.0,0.0,晴れ,20.0
2025822,01:00,0.0,21.7,18.3,21.0,81,0.8,南東,0.0,0.0,晴れ,20.0
2025822,02:00,0.0,20.9,17.9,20.5,83,1.6,南南東,0.0,0.0,晴れ,20.0
2025822,03:00,0.0,20.8,18.0,20.6,84,1.3,南,0.0,0.0,晴れ,20.0
2025822,04:00,0.0,20.2,18.0,20.6,87,0.7,南南東,0.0,0.0,曇,20.0
2025822,05:00,0.0,20.5,17.3,19.8,82,0.9,東南東,0.0,0.01,曇,20.0
2025822,06:00,0.0,20.3,17.1,19.5,82,1.4,南南東,0.5,0.24,曇,20.0
2025822,07:00,0.0,21.1,17.5,20.0,80,1.6,南東,0.1,0.49,曇,20.0
2025822,08:00,0.0,22.4,17.1,19.5,72,2.1,南東,0.0,0.84,曇,20.0
2025822,09:00,0.0,24.1,17.8,20.4,68,1.9,南東,0.6,1.61,曇,20.0
2025822,10:00,0.0,25.6,16.5,18.7,57,2.5,南東,0.8,2.35,曇,20.0
2025822,11:00,0.0,26.5,17.3,19.7,57,2.9,南東,0.4,2.15,曇,20.0
2025822,12:00,0.0,27.2,18.2,20.9,58,2.9,南東,0.9,2.72,晴れ,20.0
2025822,13:00,0.0,26.8,18.1,20.8,59,3.6,南東,0.2,1.80,曇,20.0
2025822,14:00,0.0,26.4,19.1,22.0,64,3.7,南東,0.0,1.09,曇,20.0
2025822,15:00,0.0,25.6,19.3,22.3,68,3.7,南南東,0.0,0.62,曇,20.0
2025822,16:00,0.0,25.2,18.9,21.8,68,5.0,南東,0.0,0.59,曇,20.0
2025822,17:00,0.0,24.9,18.4,21.1,67,4.1,南東,0.0,0.33,曇,20.0
2025822,18:00,0.0,24.3,18.3,21.0,69,3.4,南南東,0.0,0.08,雨,20.0
2025822,19:00,0.0,23.4,18.9,21.9,76,4.2,南東,0.0,0.00,雨,20.0
2025822,20:00,0.0,22.9,17.8,20.4,73,4.2,南東,0.0,0.0,雨,18.2
2025822,21:00,0.0,21.9,19.3,22.3,85,2.5,南東,0.0,0.0,雨,12.1
2025822,22:00,3.5,21.3,20.6,24.3,96,3.9,南南東,0.0,0.0,雨,4.93
2025822,23:00,1.5,20.9,19.2,22.2,90,6.7,南南東,0.0,0.0,雨,20.0
2025822,24:00,0.0,21.7,19.3,22.3,86,8.1,南南東,0.0,0.0,雨,20.0
2025823,01:00,0.0,21.9,18.5,21.3,81,5.6,南東,0.0,0.0,雨,20.0
2025823,02:00,0.0,21.2,19.0,21.9,87,6.3,南東,0.0,0.0,雨,20.0
2025823,03:00,0.5,21.3,19.2,22.3,88,5.5,南東,0.0,0.0,雨,20.0
2025823,04:00,0.0,21.8,19.6,22.7,87,6.2,南南東,0.0,0.0,曇,20.0
2025823,05:00,0.0,22.5,20.1,23.4,86,7.9,南南東,0.0,0.00,晴れ,20.0
2025823,06:00,0.0,23.4,20.9,24.8,86,6.4,南南東,0.1,0.11,晴れ,20.0
2025823,07:00,0.0,23.7,21.6,25.8,88,4.3,南東,0.1,0.34,雨,20.0
2025823,08:00,0.0,23.9,22.2,26.7,90,0.5,西北西,0.0,0.40,雨,20.0
2025823,09:00,0.0,24.2,22.6,27.5,91,1.2,北北西,0.0,0.25,雨,20.0
2025823,10:00,0.0,25.8,22.7,27.6,83,0.7,北,0.1,1.19,曇,20.0
2025823,11:00,0.0,27.9,23.1,28.2,75,0.5,南西,0.8,2.74,晴れ,20.0
2025823,12:00,0.0,29.6,22.6,27.4,66,1.5,北西,0.6,2.51,晴れ,20.0
2025823,13:00,0.0,27.7,22.2,26.8,72,6.0,北西,0.6,2.51,晴れ,20.0
2025823,14:00,0.0,27.4,21.4,25.6,70,6.4,北北西,0.8,2.58,晴れ,20.0
2025823,15:00,0.0,27.3,21.6,25.8,71,5.2,北北西,0.9,2.35,晴れ,20.0
2025823,16:00,0.0,26.0,21.7,25.9,77,6.1,北北西,0.7,1.55,晴れ,20.0
2025823,17:00,0.0,25.4,21.7,26.0,80,5.8,北北西,0.4,0.70,雨,20.0
2025823,18:00,0.0,24.8,21.5,25.7,82,5.2,北北西,0.1,0.25,曇,20.0
2025823,19:00,0.0,24.5,21.2,25.2,82,3.4,北北西,0.0,0.02,曇,20.0
2025823,20:00,0.0,24.3,21.2,25.2,83,4.1,北北西,0.0,0.0,晴れ,20.0
2025823,21:00,0.0,23.4,20.6,24.2,84,2.0,西北西,0.0,0.0,晴れ,20.0
2025823,22:00,0.0,23.0,19.8,23.0,82,3.8,北西,0.0,0.0,晴れ,20.0
2025823,23:00,0.0,22.7,18.9,21.8,79,1.9,西北西,0.0,0.0,晴れ,20.0
2025823,24:00,0.0,22.4,18.4,21.1,78,1.9,北西,0.0,0.0,晴れ,20.0
2025824,01:00,0.0,21.3,18.1,20.8,82,0.4,北西,0.0,0.0,晴れ,20.0
2025824,02:00,0.0,21.1,17.9,20.5,82,1.5,南,0.0,0.0,晴れ,20.0
2025824,03:00,0.0,21.1,18.1,20.8,83,1.3,南南東,0.0,0.0,晴れ,20.0
2025824,04:00,0.0,21.0,17.8,20.4,82,0.7,西北西,0.0,0.0,晴れ,20.0
2025824,05:00,0.0,20.9,17.7,20.3,82,1.1,南西,0.0,0.00,晴れ,20.0
2025824,06:00,0.0,21.8,18.0,20.6,79,0.7,南西,0.2,0.20,曇,20.0
2025824,07:00,0.0,25.2,19.1,22.1,69,2.8,北北西,1.0,0.87,晴れ,20.0
2025824,08:00,0.0,26.4,19.6,22.7,66,3.6,北北西,1.0,1.53,晴れ,20.0
2025824,09:00,0.0,27.2,19.8,23.1,64,3.3,北北西,1.0,2.15,晴れ,20.0
2025824,10:00,0.0,28.1,19.3,22.4,59,3.8,北北西,1.0,2.63,晴れ,20.0
2025824,11:00,0.0,28.2,20.2,23.7,62,4.3,北北西,1.0,2.95,晴れ,20.0
2025824,12:00,0.0,28.5,18.6,21.4,55,6.4,北西,1.0,3.04,晴れ,20.0
2025824,13:00,0.0,28.5,18.9,21.8,56,5.9,北北西,1.0,2.95,晴れ,20.0
2025824,14:00,0.0,27.9,19.7,22.9,61,6.4,北北西,1.0,2.67,晴れ,20.0
2025824,15:00,0.0,27.8,19.9,23.2,62,5.3,北北西,1.0,2.23,晴れ,20.0
2025824,16:00,0.0,26.9,19.8,23.0,65,5.3,北北西,1.0,1.65,晴れ,20.0
2025824,17:00,0.0,26.5,19.9,23.2,67,3.8,北北西,1.0,1.00,晴れ,20.0
2025824,18:00,0.0,25.7,20.5,24.1,73,3.9,北北西,0.9,0.35,晴れ,20.0
2025824,19:00,0.0,25.0,21.3,25.3,80,2.9,北西,0.0,0.01,晴れ,20.0
2025824,20:00,0.0,24.5,20.8,24.6,80,1.7,西,0.0,0.0,曇,20.0
2025824,21:00,0.0,24.3,21.0,24.9,82,0.7,西,0.0,0.0,晴れ,20.0
2025824,22:00,0.0,24.5,21.4,25.5,83,0.7,北西,0.0,0.0,曇,20.0
2025824,23:00,0.0,24.1,20.8,24.6,82,1.9,南南東,0.0,0.0,雨,20.0
2025824,24:00,0.0,24.3,20.6,24.3,80,2.7,南南東,0.0,0.0,雨,20.0
2025827,01:00,0.0,26.1,24.9,31.5,93,2.6,東南東,0.0,0.0,曇,15.6
2025827,02:00,0.0,26.1,24.9,31.5,93,3.5,南東,0.0,0.0,曇,14.9
2025827,03:00,0.0,25.9,24.9,31.4,94,4.8,南東,0.0,0.0,雷電,12.5
2025827,04:00,28.5,24.3,23.8,29.5,97,6.5,南南西,0.0,0.0,雷電,1.34
2025827,05:00,3.0,24.9,24.1,29.9,95,6.3,南南西,0.0,0.00,雷電,5.69
2025827,06:00,2.5,24.9,24.1,29.9,95,2.6,南,0.0,0.01,雷電,8.72
2025827,07:00,39.5,23.6,23.3,28.6,98,4.5,南南西,×,0.02,,×
2025827,08:00,7.0,24.0,23.7,29.2,98,3.0,南東,×,0.02,雷電,×
2025827,09:00,×,23.9,23.6,29.1,98,3.9,南東,×,0.05,,×
2025827,10:00,0.5,24.8,24.1,30.1,96,3.7,南東,×,0.30,,×
2025827,11:00,3.0,25.6,24.4,30.5,93,2.5,南南西,×,1.02,,×
2025827,12:00,×,28.7,23.8,29.5,75,5.4,西,×,1.88,,×
2025827,13:00,×,29.5,22.2,26.8,65,8.6,西,×,2.49,,×
2025827,14:00,×,29.1,20.8,24.6,61,8.2,西,×,2.33,,×
2025827,15:00,×,29.2,21.9,26.4,65,7.8,西,×,2.03,,×
2025827,16:00,×,28.5,21.0,24.9,64,7.3,西,×,1.58,,×
2025827,17:00,×,27.7,20.3,23.8,64,6.0,西,×,0.96,,×
2025827,18:00,×,26.9,20.3,23.8,67,5.4,西,×,0.29,,×
2025827,19:00,×,26.5,20.6,24.2,70,4.1,北西,×,0.01,,×
2025827,20:00,×,26.1,19.7,23.0,68,3.5,北北西,×,0.0,,×
2025827,21:00,×,25.2,20.2,23.7,74,2.0,北北西,×,0.0,,×
2025827,22:00,×,25.1,20.2,23.6,74,2.3,北北西,×,0.0,,×
2025827,23:00,×,25.6,19.7,23.0,70,2.8,北西,×,0.0,,×
2025827,24:00,×,24.4,20.3,23.8,78,3.1,北北西,×,0.0,,×
2025829,01:00,0.0,25.9,23.4,28.7,86,2.6,北北東,0.0,0.0,晴れ,20.0
2025829,02:00,0.0,25.8,23.7,29.2,88,2.3,北東,0.0,0.0,曇,20.0
2025829,03:00,0.0,25.7,23.6,29.1,88,2.2,北北東,0.0,0.0,曇,20.0
2025829,04:00,0.0,25.8,23.7,29.2,88,2.2,北北東,0.0,0.0,晴れ,20.0
2025829,05:00,0.0,25.7,23.6,29.1,88,1.2,北北東,0.0,0.0,曇,20.0
2025829,06:00,0.0,25.9,23.6,29.1,87,1.7,東北東,0.0,0.0,曇,20.0
2025829,07:00,0.0,27.0,23.5,28.9,81,0.7,南東,0.7,0.0,曇,20.0
2025829,08:00,0.0,27.7,23.9,29.7,80,1.0,西南西,0.4,0.0,晴れ,20.0
2025829,09:00,0.0,29.3,23.0,28.1,69,2.2,西南西,1.0,0.0,晴れ,20.0
2025829,10:00,0.0,30.2,22.6,27.5,64,2.6,西南西,1.0,0.0,晴れ,20.0
2025829,11:00,0.0,31.4,22.7,27.6,60,2.6,西,1.0,0.0,晴れ,20.0
2025829,12:00,0.0,32.1,23.9,29.7,62,2.9,西,1.0,0.0,晴れ,20.0
2025829,13:00,0.0,32.0,23.8,29.5,62,4.6,西南西,1.0,0.0,晴れ,20.0
2025829,14:00,0.0,32.3,22.7,27.6,57,3.7,西南西,1.0,0.0,晴れ,20.0
2025829,15:00,0.0,32.6,23.5,29.0,59,2.9,西,1.0,0.0,晴れ,20.0
2025829,16:00,0.0,31.2,24.8,31.4,69,5.9,西南西,1.0,0.0,晴れ,20.0
2025829,17:00,0.0,30.3,24.5,30.7,71,6.3,西南西,1.0,0.0,晴れ,20.0
2025829,18:00,0.0,29.8,24.4,30.6,73,5.8,南西,0.1,0.0,曇,20.0
2025829,19:00,0.0,30.3,23.7,29.4,68,4.7,南南西,0.0,0.0,晴れ,20.0
2025829,20:00,0.0,29.5,24.2,30.1,73,4.5,南南西,0.0,0.0,晴れ,17.9
2025829,21:00,0.0,28.7,24.7,31.1,79,5.2,南,0.0,0.0,晴れ,11.8
2025829,22:00,0.0,28.4,25.0,31.7,82,2.9,南,0.0,0.0,晴れ,9.06
2025829,23:00,0.0,28.2,25.0,31.8,83,4.1,南,0.0,0.0,晴れ,8.97
2025829,24:00,0.0,28.0,25.2,32.1,85,2.3,南南東,0.0,0.0,曇,8.47
2025830,01:00,0.0,28.2,25.2,32.1,84,2.2,南南東,0.0,0.0,曇,8.31
2025830,02:00,0.0,28.0,24.8,31.4,83,1.2,南南西,0.0,0.0,曇,9.40
2025830,03:00,0.0,28.0,25.2,32.1,85,2.7,西南西,0.0,0.0,曇,11.5
2025830,04:00,0.0,27.7,25.7,33.1,89,2.2,南西,0.0,0.0,曇,9.86
2025830,05:00,0.0,27.5,25.1,32.0,87,1.2,南,0.0,0.0,曇,8.49
2025830,06:00,0.0,28.2,25.2,32.1,84,1.6,北西,0.0,0.0,晴れ,9.62
2025830,07:00,0.0,29.1,25.3,32.2,80,3.2,北西,0.8,0.0,晴れ,10.3
2025830,08:00,0.0,30.3,25.2,32.0,74,1.7,北西,1.0,0.0,晴れ,14.1
2025830,09:00,0.0,30.9,25.3,32.2,72,2.7,西南西,1.0,0.0,晴れ,13.5
2025830,10:00,0.0,31.9,25.5,32.6,69,2.5,西南西,1.0,0.0,晴れ,14.6
2025830,11:00,0.0,33.1,25.9,33.4,66,3.3,西南西,1.0,0.0,晴れ,15.8
2025830,12:00,0.0,33.8,25.0,31.6,60,3.4,西南西,1.0,0.0,晴れ,19.1
2025830,13:00,0.0,34.8,25.0,31.7,57,3.8,西南西,1.0,0.0,晴れ,20.0
2025830,14:00,0.0,36.1,24.0,29.9,50,2.9,西南西,1.0,0.0,晴れ,20.0
2025830,15:00,0.0,36.3,25.8,33.2,55,4.8,南東,1.0,0.0,晴れ,19.2
2025830,16:00,0.0,35.0,25.2,32.1,57,5.1,東南東,0.4,0.0,晴れ,18.9
2025830,17:00,0.0,34.0,24.0,29.8,56,6.8,南東,1.0,0.0,晴れ,20.0
2025830,18:00,0.0,31.9,25.5,32.6,69,3.7,南,0.2,0.0,曇,17.5
2025830,19:00,0.0,30.7,24.8,31.4,71,5.1,西南西,0.0,0.0,晴れ,19.1
2025830,20:00,0.0,30.4,25.2,32.1,74,4.7,南西,0.0,0.0,晴れ,17.2
2025830,21:00,0.0,30.1,24.7,31.2,73,3.7,南西,0.0,0.0,晴れ,17.6
2025830,22:00,0.0,29.4,25.6,32.8,80,3.0,西南西,0.0,0.0,晴れ,14.0
2025830,23:00,0.0,28.9,26.3,34.3,86,3.1,南西,0.0,0.0,晴れ,10.6
2025830,24:00,0.0,28.9,25.9,33.5,84,1.4,南西,0.0,0.0,曇,10.9
2025831,01:00,0.0,28.6,25.8,33.3,85,0.9,南南東,0.0,0.0,晴れ,8.32
2025831,02:00,0.0,28.8,26.6,34.9,88,1.4,南西,0.0,0.0,晴れ,9.90
2025831,03:00,0.0,28.5,25.7,33.1,85,1.1,南東,0.0,0.0,晴れ,13.3
2025831,04:00,0.0,28.1,25.5,32.7,86,1.3,東,0.0,0.0,晴れ,14.6
2025831,05:00,0.0,27.8,25.2,32.1,86,1.3,東南東,0.0,0.0,晴れ,15.4
2025831,06:00,0.0,27.5,25.1,32.0,87,1.1,南東,0.1,0.0,晴れ,12.0
2025831,07:00,0.0,28.8,25.2,32.1,81,1.2,南東,0.6,0.0,晴れ,12.5
2025831,08:00,0.0,29.9,25.2,32.1,76,0.7,南南東,0.0,0.0,曇,12.6
2025831,09:00,0.0,31.6,23.2,28.4,61,2.8,東南東,0.7,0.0,晴れ,20.0
2025831,10:00,0.0,34.3,24.6,30.8,57,2.4,東北東,1.0,0.0,晴れ,20.0
2025831,11:00,0.0,35.3,23.0,28.0,49,4.7,南東,1.0,0.0,晴れ,20.0
2025831,12:00,0.0,35.9,21.7,26.0,44,5.7,南東,1.0,0.0,晴れ,20.0
2025831,13:00,0.0,36.4,22.2,26.7,44,5.1,東南東,1.0,0.0,晴れ,20.0
2025831,14:00,0.0,34.3,25.4,32.5,60,3.0,南南西,0.8,0.0,晴れ,20.0
2025831,15:00,0.0,33.2,25.2,32.1,63,5.8,西南西,1.0,0.0,晴れ,20.0
2025831,16:00,0.0,32.2,26.0,33.7,70,5.1,西南西,0.9,0.0,晴れ,20.0
2025831,17:00,0.0,31.8,25.7,32.9,70,4.4,西南西,0.8,0.0,晴れ,20.0
2025831,18:00,0.0,31.1,25.2,32.1,71,6.5,西南西,0.6,0.0,晴れ,20.0
2025831,19:00,0.0,30.2,25.5,32.6,76,5.3,南西,0.0,0.0,晴れ,20.0
2025831,20:00,0.0,30.0,25.5,32.7,77,4.1,南西,0.0,0.0,晴れ,20.0
2025831,21:00,0.0,30.1,25.2,32.0,75,3.3,南南東,0.0,0.0,晴れ,20.0
2025831,22:00,0.0,29.4,25.4,32.4,79,3.8,南南東,0.0,0.0,晴れ,20.0
2025831,23:00,0.0,28.4,25.4,32.5,84,3.2,南東,0.0,0.0,晴れ,20.0
2025831,24:00,0.0,28.2,25.6,32.9,86,3.2,南東,0.0,0.0,晴れ,20.0
202592,01:00,0.0,29.5,24.4,30.5,74,1.8,南南東,0.0,0.0,晴れ,20.0
202592,02:00,0.0,29.3,24.4,30.6,75,2.2,南南東,0.0,0.0,晴れ,20.0
202592,03:00,0.0,29.6,24.0,29.9,72,2.2,南南東,0.0,0.0,雷電,20.0
202592,04:00,0.5,28.4,24.4,30.6,79,1.7,南南東,0.0,0.0,曇,20.0
202592,05:00,0.0,27.7,24.8,31.2,84,0.8,東北東,0.0,0.0,曇,20.0
202592,06:00,0.0,28.3,24.3,30.4,79,1.2,東,0.0,0.02,曇,20.0
202592,07:00,0.0,29.0,23.9,29.7,74,1.8,南西,0.3,0.16,雷電,20.0
202592,08:00,6.0,23.3,21.6,25.8,90,3.6,南南西,0.0,0.07,雷電,3.74
202592,09:00,0.0,25.3,21.4,25.5,79,2.4,南,0.0,0.09,雷電,20.0
202592,10:00,0.0,27.0,21.3,25.3,71,4.1,南,0.0,0.14,曇,20.0
202592,11:00,0.0,26.4,22.3,26.9,78,2.0,南南東,0.0,0.38,雨,20.0
202592,12:00,0.0,27.1,22.5,27.3,76,3.2,南東,0.0,0.48,曇,20.0
202592,13:00,0.0,29.5,21.5,25.6,62,3.0,南東,0.0,1.01,曇,20.0
202592,14:00,0.0,31.4,21.9,26.2,57,3.8,北北西,1.0,2.43,晴れ,20.0
202592,15:00,0.0,30.5,22.7,27.5,63,2.4,北,0.8,2.29,曇,20.0
202592,16:00,0.0,30.7,23.4,28.7,65,3.0,北,0.9,2.07,晴れ,20.0
202592,17:00,0.0,30.0,23.7,29.3,69,3.3,北,0.9,1.21,晴れ,20.0
202592,18:00,0.0,29.3,23.5,29.0,71,3.5,北,0.5,0.45,晴れ,20.0
202592,19:00,0.0,28.9,23.6,29.1,73,0.8,北北西,0.0,0.05,晴れ,20.0
202592,20:00,0.0,29.2,23.9,29.6,73,1.2,西,0.0,0.00,晴れ,20.0
202592,21:00,0.0,28.0,24.4,30.6,81,0.8,南西,0.0,0.0,晴れ,20.0
202592,22:00,0.0,28.5,23.2,28.4,73,2.1,南南東,0.0,0.0,晴れ,20.0
202592,23:00,0.0,28.4,23.5,29.0,75,1.1,西南西,0.0,0.0,晴れ,20.0
202592,24:00,0.0,27.5,23.1,28.3,77,1.0,南南西,0.0,0.0,晴れ,20.0
202593,01:00,0.0,27.5,23.7,29.4,80,1.3,北西,0.0,0.0,晴れ,20.0
202593,02:00,0.0,27.6,23.0,28.1,76,2.0,南西,0.0,0.0,晴れ,20.0
202593,03:00,0.0,27.4,23.6,29.2,80,1.4,南南西,0.0,0.0,曇,20.0
202593,04:00,0.0,26.6,23.7,29.3,84,0.8,南西,0.0,0.0,晴れ,20.0
202593,05:00,0.0,26.4,23.7,29.3,85,0.6,東,0.0,0.0,晴れ,20.0
202593,06:00,0.0,26.5,23.4,28.7,83,1.4,南,0.0,0.00,晴れ,20.0
202593,07:00,0.0,27.6,23.8,29.6,80,0.3,西,0.8,0.23,晴れ,20.0
202593,08:00,0.0,29.2,24.3,30.4,75,0.8,南東,1.0,0.87,晴れ,20.0
202593,09:00,0.0,30.1,23.5,29.0,68,1.8,南東,1.0,1.58,晴れ,20.0
202593,10:00,0.0,32.1,24.7,31.1,65,3.3,北,1.0,2.25,晴れ,20.0
202593,11:00,0.0,32.7,25.3,32.2,65,3.8,北,1.0,2.74,晴れ,20.0
202593,12:00,0.0,32.7,25.0,31.7,64,5.1,北北西,1.0,2.93,晴れ,20.0
202593,13:00,0.0,32.7,25.3,32.2,65,5.2,北北西,0.6,2.25,晴れ,20.0
202593,14:00,0.0,34.4,25.2,32.1,59,3.6,北北西,0.7,2.00,曇,20.0
202593,15:00,0.0,34.2,23.3,28.5,53,2.6,東北東,0.7,1.93,曇,20.0
202593,16:00,0.0,34.3,23.3,28.7,53,4.5,東北東,0.9,2.00,曇,20.0
202593,17:00,0.0,33.8,22.6,27.4,52,3.4,東北東,1.0,1.33,晴れ,20.0
202593,18:00,0.0,32.6,21.5,25.6,52,4.8,北東,0.9,0.60,晴れ,20.0
202593,19:00,0.0,32.0,22.1,26.6,56,2.9,北東,0.3,0.08,晴れ,20.0
202593,20:00,0.0,31.6,22.0,26.5,57,3.6,北東,0.0,0.00,晴れ,20.0
202593,21:00,0.0,30.9,22.2,26.8,60,2.1,東北東,0.0,0.0,曇,20.0
202593,22:00,0.0,30.5,22.9,28.0,64,1.8,南東,0.0,0.0,晴れ,20.0
202593,23:00,0.0,29.8,23.0,28.1,67,2.2,南東,0.0,0.0,晴れ,20.0
202593,24:00,0.0,29.4,23.1,28.3,69,2.8,南東,0.0,0.0,晴れ,20.0
202594,01:00,0.0,29.5,22.7,27.6,67,2.1,南東,0.0,0.0,晴れ,20.0
202594,02:00,0.0,28.9,23.1,28.3,71,2.3,北東,0.0,0.0,晴れ,20.0
202594,03:00,0.0,28.5,23.0,28.0,72,1.2,東南東,0.0,0.0,晴れ,20.0
202594,04:00,0.0,27.7,22.9,27.9,75,1.9,南東,0.0,0.0,晴れ,20.0
202594,05:00,0.0,27.4,22.8,27.7,76,2.2,南東,0.0,0.0,晴れ,20.0
202594,06:00,0.0,27.2,22.6,27.4,76,2.1,南東,0.0,0.00,晴れ,20.0
202594,07:00,0.0,27.5,22.7,27.5,75,1.5,南東,0.5,0.17,晴れ,20.0
202594,08:00,0.0,27.9,23.1,28.2,75,2.4,南東,0.1,0.42,曇,20.0
202594,09:00,0.0,29.1,23.3,28.6,71,0.8,南東,0.1,0.88,曇,20.0
202594,10:00,0.0,30.0,23.7,29.3,69,2.0,北東,0.2,1.24,曇,20.0
202594,11:00,0.0,30.7,23.9,29.6,67,2.0,東南東,0.0,1.47,曇,20.0
202594,12:00,0.0,30.8,23.7,29.3,66,1.8,東,0.0,1.28,曇,20.0
202594,13:00,0.0,30.5,23.7,29.3,67,2.5,東,0.0,1.25,曇,20.0
202594,14:00,0.0,30.6,23.5,29.0,66,3.5,東北東,0.0,1.11,曇,20.0
202594,15:00,0.0,30.1,23.3,28.6,67,3.0,東,0.0,0.70,曇,20.0
202594,16:00,0.0,29.7,23.6,29.2,70,2.6,東北東,0.0,0.43,曇,20.0
202594,17:00,0.0,29.1,23.3,28.6,71,4.3,東北東,0.0,0.41,曇,20.0
202594,18:00,0.0,28.9,23.3,28.7,72,4.0,北東,0.1,0.27,曇,20.0
202594,19:00,0.0,28.5,23.2,28.4,73,3.9,北東,0.3,0.11,曇,20.0
202594,20:00,0.0,28.5,23.0,28.0,72,4.0,北東,0.0,0.00,曇,20.0
202594,21:00,0.0,28.5,23.6,29.2,75,1.5,北,0.0,0.0,曇,20.0
202594,22:00,0.0,28.2,23.4,28.7,75,1.1,東南東,0.0,0.0,曇,20.0
202594,23:00,0.0,27.9,23.5,28.9,77,0.8,南,0.0,0.0,曇,20.0
202594,24:00,0.0,27.8,23.6,29.2,78,1.5,西南西,0.0,0.0,曇,20.0
202595,01:00,0.0,27.7,23.5,29.0,78,1.9,西南西,0.0,0.0,曇,20.0
202595,02:00,0.0,27.7,23.1,28.2,76,1.2,西南西,0.0,0.0,曇,20.0
202595,03:00,0.0,26.8,24.1,30.0,85,1.0,南南東,0.0,0.0,雨,20.0
202595,04:00,0.0,27.7,24.6,30.8,83,1.8,西南西,0.0,0.0,曇,20.0
202595,05:00,2.0,27.1,25.3,32.3,90,2.1,南西,0.0,0.0,雨,3.17
202595,06:00,0.0,26.5,25.1,31.9,92,0.8,南南東,0.0,0.00,曇,20.0
202595,07:00,0.0,26.5,24.9,31.5,91,1.0,南南西,0.0,0.01,曇,20.0
202595,08:00,0.0,28.4,26.4,34.4,89,4.1,北北西,0.0,0.24,曇,20.0
202595,09:00,0.0,29.9,26.1,33.8,80,4.4,北北西,0.5,1.12,晴れ,20.0
202595,10:00,0.0,30.9,26.0,33.5,75,5.6,北,0.9,2.28,晴れ,20.0
202595,11:00,0.0,30.2,26.4,34.4,80,4.7,北北西,0.6,2.19,雨,20.0
202595,12:00,0.0,30.3,26.3,34.1,79,4.9,北,0.5,2.20,曇,20.0
202595,13:00,0.0,32.2,26.3,34.2,71,5.4,北,0.9,2.90,晴れ,20.0
202595,14:00,0.5,31.0,25.8,33.3,74,4.4,北,0.5,1.82,晴れ,20.0
202595,15:00,0.0,32.1,25.7,33.0,69,6.2,北,1.0,2.70,晴れ,20.0
202595,16:00,0.0,31.8,25.7,32.9,70,6.6,北,0.9,1.91,晴れ,20.0
202595,17:00,0.0,30.9,25.0,31.7,71,4.7,北,1.0,1.34,晴れ,20.0
202595,18:00,0.0,30.0,25.1,31.8,75,4.3,北,0.5,0.42,晴れ,20.0
202595,19:00,0.0,29.4,25.4,32.4,79,5.3,北,0.1,0.05,晴れ,20.0
202595,20:00,0.0,29.3,24.9,31.4,77,5.0,北,0.0,0.00,晴れ,20.0
202595,21:00,0.0,28.9,24.7,31.1,78,2.4,北北東,0.0,0.0,晴れ,20.0
202595,22:00,0.0,28.7,24.5,30.7,78,2.7,北北東,0.0,0.0,晴れ,20.0
202595,23:00,0.0,28.3,24.5,30.8,80,1.2,北,0.0,0.0,晴れ,20.0
202595,24:00,0.0,28.3,24.3,30.4,79,1.7,南南西,0.0,0.0,晴れ,20.0
202596,01:00,0.0,27.9,24.3,30.5,81,0.9,南南西,0.0,0.0,晴れ,20.0
202596,02:00,0.0,27.2,24.1,30.0,83,0.6,西南西,0.0,0.0,晴れ,20.0
202596,03:00,0.0,26.8,22.9,27.8,79,1.8,南南西,0.0,0.0,晴れ,20.0
202596,04:00,0.0,26.8,23.7,29.3,83,1.3,南南西,0.0,0.0,晴れ,20.0
202596,05:00,0.0,26.5,23.8,29.4,85,1.0,南南東,0.0,0.0,晴れ,20.0
202596,06:00,0.0,26.7,23.6,29.1,83,1.2,南南東,0.0,0.00,晴れ,20.0
202596,07:00,0.0,26.8,23.3,28.6,81,1.9,南南東,0.8,0.23,晴れ,20.0
202596,08:00,0.0,28.5,23.9,29.6,76,1.2,南東,1.0,0.90,晴れ,20.0
202596,09:00,0.0,29.9,24.1,30.0,71,0.7,南南東,1.0,1.63,晴れ,20.0
202596,10:00,0.0,31.3,24.2,30.2,66,1.1,東,1.0,2.22,晴れ,20.0
202596,11:00,0.0,33.0,25.0,31.7,63,3.3,北,1.0,2.68,晴れ,20.0
202596,12:00,0.0,34.2,25.3,32.3,60,3.5,北北西,1.0,3.08,晴れ,20.0
202596,13:00,0.0,32.9,25.2,32.0,64,4.3,北,1.0,3.14,晴れ,20.0
202596,14:00,0.0,34.0,23.7,29.3,55,4.3,北北西,1.0,3.03,晴れ,20.0
202596,15:00,0.0,33.0,24.5,30.7,61,4.9,北北西,1.0,2.64,晴れ,20.0
202596,16:00,0.0,32.3,25.6,32.9,68,4.2,北,0.5,1.48,晴れ,20.0
202596,17:00,0.0,31.7,25.3,32.3,69,4.2,北西,0.2,0.72,晴れ,20.0
202596,18:00,0.0,31.3,23.9,29.7,65,2.7,北西,1.0,0.68,晴れ,20.0
202596,19:00,0.0,30.7,24.4,30.5,69,2.4,北西,0.2,0.07,晴れ,20.0
202596,20:00,0.0,30.4,24.6,30.8,71,2.6,南南西,0.0,0.00,晴れ,20.0
202596,21:00,0.0,29.8,24.7,31.1,74,1.3,南東,0.0,0.0,晴れ,20.0
202596,22:00,0.0,29.2,25.0,31.6,78,1.4,南南東,0.0,0.0,晴れ,20.0
202596,23:00,0.0,28.5,24.3,30.4,78,1.8,南東,0.0,0.0,晴れ,20.0
202596,24:00,0.0,27.6,24.5,30.7,83,2.8,南南東,0.0,0.0,晴れ,20.0
202597,01:00,0.0,27.5,24.2,30.1,82,1.8,南東,0.0,0.0,晴れ,20.0
202597,02:00,0.0,27.5,23.3,28.6,78,1.9,南東,0.0,0.0,晴れ,20.0
202597,03:00,0.0,27.5,24.2,30.1,82,1.9,南東,0.0,0.0,晴れ,20.0
202597,04:00,0.0,27.3,24.2,30.1,83,2.1,南東,0.0,0.0,晴れ,20.0
202597,05:00,0.0,27.0,24.1,30.0,84,1.3,南南東,0.0,0.0,晴れ,20.0
202597,06:00,0.0,27.0,24.1,30.0,84,2.1,南東,0.0,0.00,晴れ,20.0
202597,07:00,0.0,27.8,24.2,30.3,81,1.1,東南東,0.8,0.28,曇,20.0
202597,08:00,0.0,29.5,23.9,29.7,72,1.4,南東,1.0,0.69,晴れ,20.0
202597,09:00,0.0,31.6,22.9,27.9,60,3.1,南南西,1.0,1.57,晴れ,20.0
202597,10:00,0.0,32.4,22.2,26.8,55,2.8,南南西,0.9,2.11,曇,20.0
202597,11:00,0.0,33.7,23.1,28.3,54,3.5,南南西,0.6,2.15,晴れ,20.0
202597,12:00,0.0,34.8,21.8,26.2,47,3.8,南西,0.5,2.04,晴れ,20.0
202597,13:00,0.0,35.4,21.7,25.9,45,2.6,西南西,0.9,2.99,晴れ,20.0
202597,14:00,0.0,33.9,22.0,26.5,50,3.8,西南西,0.2,1.31,曇,20.0
202597,15:00,0.0,33.6,22.7,27.6,53,4.8,南西,0.2,1.26,曇,20.0
202597,16:00,0.0,33.3,23.0,28.2,55,3.5,西,0.7,1.64,曇,20.0
202597,17:00,0.0,33.2,23.2,28.5,56,3.7,西南西,1.0,1.37,晴れ,20.0
202597,18:00,0.0,32.4,22.8,27.7,57,3.4,南西,1.0,0.60,晴れ,20.0
202597,19:00,0.0,31.8,23.9,29.6,63,3.7,南南西,0.1,0.05,晴れ,20.0
202597,20:00,0.0,31.1,24.0,29.8,66,2.7,南,0.0,0.00,晴れ,20.0
202597,21:00,0.0,30.4,24.1,30.0,69,2.2,南南東,0.0,0.0,晴れ,20.0
202597,22:00,0.0,30.1,24.5,30.7,72,1.2,南東,0.0,0.0,晴れ,20.0
202597,23:00,0.0,30.3,24.5,30.7,71,2.2,南,0.0,0.0,曇,20.0
202597,24:00,0.0,29.6,25.1,31.9,77,1.4,南東,0.0,0.0,晴れ,20.0
202599,01:00,0.0,20.5,16.3,18.6,77,2.2,南東,0.0,0.0,曇,20.0
202599,02:00,0.0,20.4,16.2,18.5,77,2.7,南東,0.0,0.0,曇,20.0
202599,03:00,0.0,20.6,16.0,18.2,75,2.2,南東,0.0,0.0,曇,20.0
202599,04:00,0.0,20.8,15.8,17.9,73,1.7,南東,0.0,0.0,曇,20.0
202599,05:00,0.0,21.1,16.7,19.0,76,4.4,南東,0.0,0.00,曇,20.0
202599,06:00,0.0,20.9,19.0,22.0,89,4.5,東南東,0.0,0.02,曇,20.0
202599,07:00,0.0,21.6,19.5,22.7,88,4.2,東,0.0,0.12,曇,20.0
202599,08:00,0.0,22.5,18.7,21.5,79,1.1,南西,0.0,0.29,曇,20.0
202599,09:00,0.0,23.3,20.5,24.0,84,2.0,南南東,0.0,0.65,曇,20.0
202599,10:00,0.0,24.1,19.8,23.1,77,0.7,南南東,0.0,0.59,曇,20.0
202599,11:00,0.0,25.1,19.3,22.3,70,4.3,南南東,0.0,0.73,曇,20.0
202599,12:00,0.0,25.8,19.5,22.6,68,3.2,南,0.0,0.97,曇,20.0
202599,13:00,0.0,26.4,19.1,22.0,64,5.6,南南東,0.0,1.10,曇,20.0
202599,14:00,0.0,26.1,19.0,22.0,65,4.6,南南東,0.0,0.92,曇,20.0
202599,15:00,0.0,25.7,19.8,23.1,70,2.8,南東,0.0,0.71,曇,20.0
202599,16:00,0.0,25.2,20.2,23.7,74,5.0,南南東,0.0,0.49,曇,20.0
202599,17:00,0.0,24.5,20.6,24.3,79,4.8,南南東,0.0,0.21,曇,20.0
202599,18:00,0.0,23.9,20.6,24.3,82,4.6,南,0.0,0.05,曇,20.0
202599,19:00,0.0,23.6,19.8,23.0,79,4.3,南,0.0,0.00,曇,20.0
202599,20:00,0.0,23.7,19.0,22.0,75,4.8,南,0.0,0.0,曇,20.0
202599,21:00,0.0,23.4,18.7,21.6,75,2.7,南南東,0.0,0.0,曇,20.0
202599,22:00,0.0,22.7,19.5,22.6,82,2.5,南東,0.0,0.0,曇,20.0
202599,23:00,0.0,23.0,19.2,22.2,79,3.9,南南東,0.0,0.0,曇,20.0
202599,24:00,0.0,22.6,19.6,22.8,83,2.3,南南西,0.0,0.0,曇,20.0
2025911,01:00,0.0,28.4,25.4,32.5,84,7.5,南西,0.0,0.0,晴れ,20.0
2025911,02:00,0.0,28.4,25.4,32.5,84,3.7,南南西,0.0,0.0,晴れ,20.0
2025911,03:00,0.0,28.4,25.0,31.7,82,5.6,南南西,0.0,0.0,晴れ,20.0
2025911,04:00,0.0,28.2,24.8,31.4,82,7.6,南西,0.0,0.0,曇,20.0
2025911,05:00,0.0,28.1,25.1,32.0,84,7.7,南西,0.0,0.0,曇,20.0
2025911,06:00,0.0,28.4,25.0,31.7,82,5.8,南南西,0.2,0.0,曇,20.0
2025911,07:00,0.0,28.4,25.0,31.7,82,6.6,南西,0.1,0.0,曇,20.0
2025911,08:00,0.0,28.6,25.2,32.1,82,6.0,南西,0.1,0.0,曇,20.0
2025911,09:00,0.0,29.5,24.2,30.1,73,5.9,西南西,0.8,0.0,曇,20.0
2025911,10:00,0.0,30.2,24.4,30.5,71,4.4,西南西,1.0,0.0,晴れ,20.0
2025911,11:00,0.0,30.5,24.2,30.1,69,4.6,西南西,1.0,0.0,晴れ,20.0
2025911,12:00,0.0,31.7,24.1,29.9,64,2.9,西南西,1.0,0.0,晴れ,20.0
2025911,13:00,0.0,31.4,24.5,30.8,67,4.9,北東,0.6,0.0,晴れ,20.0
2025911,14:00,0.0,30.0,24.4,30.6,72,6.1,北東,0.9,0.0,晴れ,20.0
2025911,15:00,0.0,28.5,23.9,29.6,76,5.1,東,0.5,0.0,曇,20.0
2025911,16:00,4.5,26.6,24.5,30.7,88,4.0,北北東,0.0,0.0,雨,2.98
2025911,17:00,10.0,25.7,24.7,31.1,94,3.5,東北東,0.0,0.0,雨,10.5
2025911,18:00,0.0,25.4,24.0,29.9,92,3.1,北東,0.0,0.0,曇,17.7
2025911,19:00,0.0,25.4,24.0,29.9,92,3.8,北東,0.0,0.0,曇,12.3
2025911,20:00,0.0,25.2,23.8,29.5,92,3.1,北東,0.0,0.0,曇,12.7
2025911,21:00,0.0,25.1,23.3,28.7,90,3.2,北東,0.0,0.0,曇,16.7
2025911,22:00,3.5,24.5,23.5,28.9,94,1.9,北,0.0,0.0,雨,3.12
2025911,23:00,2.0,24.2,23.5,29.0,96,2.2,北北東,0.0,0.0,雨,20.0
2025911,24:00,1.0,24.3,23.6,29.2,96,3.1,北北西,0.0,0.0,雨,11.6
2025913,01:00,0.0,25.5,24.3,30.4,93,1.7,北北東,0.0,0.0,,
2025913,02:00,0.0,25.5,23.9,29.7,91,0.9,北東,0.0,0.0,,
2025913,03:00,0.0,25.9,24.1,30.1,90,0.6,北北東,0.0,0.0,曇,25.0
2025913,04:00,0.0,26.0,23.7,29.3,87,0.6,東,0.0,0.0,,
2025913,05:00,0.0,25.8,23.7,29.2,88,0.8,南南東,0.0,0.0,,
2025913,06:00,0.0,26.4,22.3,26.9,78,1.1,南西,0.0,0.01,曇,30.0
2025913,07:00,0.0,26.8,22.2,26.8,76,1.1,南南西,0.0,0.12,,
2025913,08:00,0.0,28.1,22.4,27.0,71,0.7,南,0.5,0.87,,
2025913,09:00,0.0,29.7,23.2,28.4,68,2.0,南,0.9,1.56,曇,40.0
2025913,10:00,0.0,30.6,23.5,29.0,66,4.4,南南西,0.5,1.81,,
2025913,11:00,0.0,30.7,23.1,28.3,64,4.0,南南西,0.2,1.46,,
2025913,12:00,0.0,30.3,23.7,29.4,68,3.7,南西,0.1,1.04,曇,30.0
2025913,13:00,0.0,31.1,24.3,30.3,67,4.9,南南西,0.3,1.85,,
2025913,14:00,0.0,30.5,24.4,30.6,70,3.2,西南西,0.0,1.25,,
2025913,15:00,0.0,29.9,24.5,30.8,73,2.8,西北西,0.0,1.03,曇,35.0
2025913,16:00,0.0,30.3,24.2,30.2,70,2.6,南西,0.0,0.59,,
2025913,17:00,0.0,30.2,24.1,30.1,70,3.1,南西,0.0,0.40,,
2025913,18:00,0.0,29.8,23.5,29.0,69,2.8,西南西,0.0,0.16,曇,35.0
2025913,19:00,0.0,29.9,23.1,28.3,67,3.2,南南西,0.0,0.00,,
2025913,20:00,0.0,29.7,23.2,28.4,68,2.6,南西,0.0,0.0,,
2025913,21:00,0.0,29.6,23.8,29.5,71,3.7,南西,0.0,0.0,曇,25.0
2025913,22:00,0.0,29.5,23.7,29.3,71,3.2,南南西,0.0,0.0,,
2025913,23:00,0.0,29.5,23.5,28.9,70,1.4,南,0.0,0.0,,
2025913,24:00,0.0,29.4,23.6,29.1,71,1.6,南西,0.0,0.0,,
2025914,01:00,0.0,29.4,23.6,29.1,71,1.6,南西,0.0,0.0,,
2025914,02:00,0.0,29.4,23.6,29.1,71,2.5,南西,0.0,0.0,,
2025914,03:00,0.0,29.1,23.5,29.0,72,2.2,南南西,0.0,0.0,曇,15.0
2025914,04:00,0.0,28.7,24.5,30.7,78,2.1,西,0.0,0.0,,
2025914,05:00,0.0,28.2,24.8,31.4,82,1.1,西,0.0,0.0,,
2025914,06:00,0.0,28.3,25.1,31.9,83,1.4,西南西,0.0,0.01,曇,15.0
2025914,07:00,0.0,28.5,25.1,31.9,82,1.8,西南西,0.0,0.16,,
2025914,08:00,0.0,29.2,25.2,32.0,79,1.6,西,0.2,0.63,,
2025914,09:00,0.0,29.8,24.9,31.5,75,2.1,西南西,0.0,1.11,曇,15.0
2025914,10:00,0.0,30.3,25.2,32.0,74,1.7,南西,0.0,0.98,,
2025914,11:00,0.0,31.2,24.8,31.4,69,2.8,南西,0.1,1.58,,
2025914,12:00,0.0,31.1,24.7,31.2,69,2.5,南西,0.1,1.50,曇,20.0
2025914,13:00,0.0,32.3,23.3,28.5,59,3.0,南西,0.5,2.20,,
2025914,14:00,0.0,31.7,23.0,28.1,60,3.8,南西,0.3,1.59,,
2025914,15:00,0.0,32.1,23.6,29.2,61,3.1,南西,0.6,1.64,薄曇,20.0
2025914,16:00,0.0,31.5,23.6,29.1,63,3.1,南西,0.7,1.33,,
2025914,17:00,0.0,31.0,23.4,28.8,64,2.8,南西,0.3,0.62,,
2025914,18:00,0.0,30.5,23.7,29.3,67,2.7,西南西,0.2,0.22,薄曇,25.0
2025914,19:00,0.0,30.1,23.3,28.6,67,1.6,南西,0.0,0.01,,
2025914,20:00,0.0,29.6,24.3,30.3,73,1.7,西南西,0.0,0.0,,
2025914,21:00,0.0,28.9,24.9,31.5,79,1.5,西南西,0.0,0.0,薄曇,20.0
2025914,22:00,0.0,28.7,25.1,31.9,81,0.8,西南西,0.0,0.0,,
2025914,23:00,0.0,28.6,25.0,31.7,81,1.0,西南西,0.0,0.0,,
2025914,24:00,0.0,28.4,24.6,31.0,80,1.5,南西,0.0,0.0,,
2025915,01:00,0.0,28.2,24.8,31.4,82,1.5,西,0.0,0.0,,
2025915,02:00,0.0,28.2,24.8,31.4,82,0.7,北西,0.0,0.0,,
2025915,03:00,0.0,28.0,24.6,31.0,82,1.8,南西,0.0,0.0,晴れ,15.0
2025915,04:00,0.0,28.0,24.4,30.6,81,1.6,南南西,0.0,0.0,,
2025915,05:00,0.0,27.8,24.7,31.0,83,1.7,南,0.0,0.0,,
2025915,06:00,0.0,28.0,24.4,30.6,81,1.5,南南西,0.0,0.01,晴れ,15.0
2025915,07:00,0.0,28.6,24.6,30.9,79,1.6,南西,0.6,0.32,,
2025915,08:00,0.0,29.7,24.6,30.9,74,2.2,南西,1.0,1.00,,
2025915,09:00,0.0,29.7,24.3,30.5,73,2.3,南西,0.6,1.26,晴れ,15.0
2025915,10:00,0.0,31.5,23.6,29.1,63,2.5,南西,0.8,2.16,,
2025915,11:00,0.0,32.8,24.0,29.9,60,3.4,南南西,1.0,2.80,,
2025915,12:00,0.0,33.0,23.6,29.2,58,3.1,南西,1.0,3.01,晴れ,20.0
2025915,13:00,0.0,34.2,23.9,29.6,55,3.7,南南西,1.0,2.96,,
2025915,14:00,0.0,33.9,21.4,25.4,48,3.1,西南西,1.0,2.67,,
2025915,15:00,0.0,33.6,21.1,25.0,48,2.1,南南西,1.0,2.13,晴れ,20.0
2025915,16:00,0.0,33.2,22.0,26.5,52,2.0,南南西,1.0,1.63,,
2025915,17:00,0.0,32.7,21.2,25.2,51,2.8,南西,0.7,0.80,,
2025915,18:00,0.0,31.9,22.0,26.5,56,1.7,南南西,0.3,0.21,薄曇,30.0
2025915,19:00,0.0,31.8,22.5,27.3,58,1.9,北北西,0.0,0.00,,
2025915,20:00,0.0,30.5,22.7,27.5,63,3.4,北北東,0.0,0.0,,
2025915,21:00,0.0,29.8,22.8,27.7,66,2.5,北北東,0.0,0.0,薄曇,30.0
2025915,22:00,0.0,29.6,22.6,27.4,66,2.5,北北東,0.0,0.0,,
2025915,23:00,0.0,29.0,22.7,27.7,69,1.5,北北東,0.0,0.0,,
2025915,24:00,0.0,29.2,22.4,27.2,67,1.4,南南西,0.0,0.0,,
2025917,01:00,0.0,27.1,24.9,31.6,88,2.6,南東,0.0,0.0,晴れ,20.0
2025917,02:00,0.0,26.8,25.0,31.7,90,1.2,南東,0.0,0.0,晴れ,20.0
2025917,03:00,0.0,26.8,25.0,31.7,90,0.9,南南東,0.0,0.0,晴れ,20.0
2025917,04:00,0.0,26.8,24.8,31.4,89,1.5,南東,0.0,0.0,晴れ,20.0
2025917,05:00,0.0,26.8,24.8,31.4,89,0.9,南東,0.0,0.0,晴れ,20.0
2025917,06:00,0.0,26.8,24.8,31.4,89,1.8,南東,0.0,0.00,晴れ,20.0
2025917,07:00,0.0,27.6,24.9,31.4,85,1.0,東南東,0.7,0.20,晴れ,20.0
2025917,08:00,0.0,29.1,24.7,31.0,77,2.5,南東,1.0,0.86,晴れ,20.0
2025917,09:00,0.0,31.5,24.1,30.1,65,1.7,南,1.0,1.69,晴れ,20.0
2025917,10:00,0.0,31.7,23.8,29.5,63,2.4,南西,0.6,1.57,晴れ,20.0
2025917,11:00,0.0,31.7,23.3,28.5,61,0.9,南東,0.6,1.32,曇,20.0
2025917,12:00,0.0,32.1,23.6,29.2,61,3.5,北西,0.3,1.39,曇,20.0
2025917,13:00,0.0,32.5,23.2,28.4,58,1.7,西北西,0.5,1.94,曇,20.0
2025917,14:00,0.0,32.2,24.8,31.3,65,2.1,北北西,0.3,1.39,曇,20.0
2025917,15:00,0.5,32.3,23.5,29.0,60,2.3,西北西,0.2,1.04,曇,20.0
2025917,16:00,0.0,32.3,24.4,30.5,63,2.8,南南西,0.4,0.98,曇,20.0
2025917,17:00,0.0,29.4,24.3,30.3,74,4.9,北西,0.4,0.73,雷電,20.0
2025917,18:00,12.5,25.3,23.7,29.4,91,3.4,南,0.0,0.03,雷電,5.65
2025917,19:00,0.5,25.3,23.2,28.4,88,3.2,南南東,0.0,0.00,雷電,19.7
2025917,20:00,0.0,25.3,23.2,28.4,88,2.8,南東,0.0,0.0,雨,20.0
2025917,21:00,0.0,25.4,23.1,28.2,87,2.2,南東,0.0,0.0,曇,20.0
2025917,22:00,0.0,25.5,23.2,28.4,87,2.5,南東,0.0,0.0,曇,20.0
2025917,23:00,0.0,25.8,23.5,28.9,87,3.2,南東,0.0,0.0,曇,20.0
2025917,24:00,0.0,25.9,23.8,29.4,88,2.8,南東,0.0,0.0,晴れ,20.0
2025918,01:00,0.0,26.1,24.0,29.8,88,1.7,南東,0.0,0.0,晴れ,20.0
2025918,02:00,0.0,26.3,24.3,30.5,89,1.9,南南東,0.0,0.0,晴れ,20.0
2025918,03:00,0.0,26.3,24.5,30.8,90,1.3,南南東,0.0,0.0,曇,20.0
2025918,04:00,0.0,26.6,24.5,30.7,88,1.8,南南東,0.0,0.0,雷電,20.0
2025918,05:00,8.5,24.1,22.7,27.6,92,1.5,北西,0.0,0.0,雷電,20.0
2025918,06:00,0.0,25.0,22.7,27.6,87,1.5,南南東,0.0,0.00,曇,20.0
2025918,07:00,0.5,24.7,23.1,28.3,91,1.7,南東,0.0,0.02,雨,20.0
2025918,08:00,0.0,25.0,23.6,29.2,92,0.6,西,0.0,0.07,雷電,15.7
2025918,09:00,1.5,25.6,23.8,29.6,90,1.7,南東,0.0,0.31,雷電,20.0
2025918,10:00,0.0,27.0,23.3,28.5,80,1.6,東南東,0.1,1.00,雷電,20.0
2025918,11:00,6.5,24.7,23.9,29.6,95,0.9,北北西,0.0,0.20,雷電,20.0
2025918,12:00,0.0,25.5,23.4,28.7,88,1.2,南,0.0,0.35,曇,20.0
2025918,13:00,0.0,27.7,25.3,32.3,87,1.2,北,0.5,1.92,曇,20.0
2025918,14:00,0.0,28.5,25.1,31.9,82,1.9,北,0.6,2.12,晴れ,20.0
2025918,15:00,0.0,28.4,24.4,30.6,79,3.3,北北西,0.1,1.26,曇,20.0
2025918,16:00,0.0,27.4,24.3,30.3,83,5.5,北,0.2,0.96,雨,20.0
2025918,17:00,0.0,25.2,23.8,29.5,92,7.3,北,0.0,0.22,雷電,8.88
2025918,18:00,1.0,24.8,23.4,28.8,92,3.2,北,0.0,0.02,雨,17.4
2025918,19:00,0.0,25.2,22.9,27.9,87,2.8,北北東,0.0,0.00,曇,20.0
2025918,20:00,0.0,25.4,22.5,27.3,84,3.7,北北東,0.0,0.0,曇,20.0
2025918,21:00,0.0,25.5,22.2,26.8,82,3.1,北,0.0,0.0,曇,20.0
2025918,22:00,0.0,25.4,22.3,26.9,83,2.2,北北東,0.0,0.0,曇,20.0
2025918,23:00,0.0,25.4,21.5,25.6,79,2.9,北北東,0.0,0.0,曇,20.0
2025918,24:00,0.0,25.1,21.8,26.1,82,1.9,北北東,0.0,0.0,曇,20.0
2025920,01:00,0.0,25.9,21.8,26.1,78,1.9,南東,0.0,0.0,晴れ,20.0
2025920,02:00,0.0,25.7,21.8,26.1,79,2.0,南東,0.0,0.0,晴れ,20.0
2025920,03:00,0.0,26.1,22.0,26.4,78,1.8,南南東,0.0,0.0,晴れ,20.0
2025920,04:00,0.0,25.3,22.4,27.1,84,0.9,南南東,0.0,0.0,晴れ,20.0
2025920,05:00,0.0,26.5,22.6,27.4,79,2.0,南東,0.0,0.0,曇,20.0
2025920,06:00,0.0,26.3,23.0,28.1,82,2.0,南南東,0.0,0.00,曇,20.0
2025920,07:00,0.0,27.2,23.5,28.9,80,2.5,南,0.0,0.04,雨,20.0
2025920,08:00,0.0,27.6,23.6,29.2,79,2.4,南東,0.1,0.38,曇,20.0
2025920,09:00,0.0,28.7,23.6,29.1,74,2.0,南東,0.0,0.60,曇,20.0
2025920,10:00,0.0,30.1,23.1,28.2,66,3.9,南,0.4,1.46,雷電,20.0
2025920,11:00,0.0,29.8,23.0,28.1,67,3.7,南南西,0.1,1.09,曇,20.0
2025920,12:00,0.0,29.2,23.4,28.8,71,4.0,南,0.0,0.40,曇,20.0
2025920,13:00,0.0,26.6,22.7,27.5,79,4.3,西,0.0,0.22,雷電,20.0
2025920,14:00,1.0,26.2,23.7,29.3,86,2.4,南南西,0.0,0.12,雨,17.1
2025920,15:00,0.0,27.8,24.7,31.0,83,1.0,南東,0.2,1.11,曇,20.0
2025920,16:00,0.0,28.9,24.2,30.3,76,1.3,南,0.1,0.94,曇,20.0
2025920,17:00,0.0,29.7,23.4,28.8,69,3.5,西南西,0.1,0.56,曇,20.0
2025920,18:00,0.0,29.1,23.1,28.2,70,2.5,西南西,0.0,0.29,曇,20.0
2025920,19:00,0.0,27.6,23.8,29.6,80,3.9,西南西,0.0,0.01,曇,20.0
2025920,20:00,0.0,27.0,23.1,28.2,79,2.8,西南西,0.0,0.0,曇,20.0
2025920,21:00,0.0,26.8,22.2,26.8,76,2.2,西南西,0.0,0.0,曇,20.0
2025920,22:00,0.0,26.8,22.2,26.8,76,2.2,西南西,0.0,0.0,曇,20.0
2025920,23:00,0.0,26.7,22.1,26.6,76,2.7,西南西,0.0,0.0,曇,20.0
2025920,24:00,0.0,26.4,22.0,26.5,77,1.9,西北西,0.0,0.0,曇,20.0
2025921,01:00,0.0,26.3,21.9,26.4,77,1.8,西北西,0.0,0.0,晴れ,20.0
2025921,02:00,0.0,25.9,21.6,25.7,77,3.5,北北西,0.0,0.0,雨,20.0
2025921,03:00,1.0,24.3,22.2,26.7,88,1.9,北北東,0.0,0.0,雨,7.57
2025921,04:00,0.5,24.2,21.7,26.0,86,2.5,南南西,0.0,0.0,雨,20.0
2025921,05:00,0.0,23.8,21.7,26.0,88,0.7,東北東,0.0,0.0,雨,20.0
2025921,06:00,0.0,24.0,21.5,25.7,86,1.7,北北西,0.0,0.00,雨,20.0
2025921,07:00,0.5,24.7,21.0,24.9,80,2.6,北北東,0.4,0.15,晴れ,20.0
2025921,08:00,0.0,26.0,21.0,24.9,74,3.4,北,0.7,0.81,晴れ,20.0
2025921,09:00,0.0,26.5,21.0,24.9,72,5.6,北北東,0.7,1.61,晴れ,20.0
2025921,10:00,0.0,27.6,21.2,25.1,68,6.2,北北東,0.4,1.36,晴れ,20.0
2025921,11:00,0.0,28.3,20.1,23.5,61,7.1,北,1.0,2.68,晴れ,20.0
2025921,12:00,0.0,28.5,20.3,23.7,61,6.6,北,1.0,2.98,晴れ,20.0
2025921,13:00,0.0,27.5,20.6,24.2,66,5.9,北,0.8,2.47,曇,20.0
2025921,14:00,0.0,28.1,21.9,26.2,69,8.0,北,0.8,2.42,曇,20.0
2025921,15:00,0.0,27.2,21.3,25.3,70,7.0,北,0.8,2.16,曇,20.0
2025921,16:00,0.0,27.8,19.9,23.2,62,5.6,北北東,0.5,1.31,曇,20.0
2025921,17:00,0.0,26.8,20.2,23.6,67,4.7,北北東,0.3,0.71,曇,20.0
2025921,18:00,0.0,26.0,20.3,23.9,71,5.7,北北東,0.0,0.19,曇,20.0
2025921,19:00,0.0,25.5,20.3,23.8,73,4.5,北北東,0.0,0.01,晴れ,20.0
2025921,20:00,0.0,25.4,20.0,23.4,72,3.7,北北東,0.0,0.0,晴れ,20.0
2025921,21:00,0.0,25.4,19.3,22.4,69,2.6,北北東,0.0,0.0,晴れ,20.0
2025921,22:00,0.0,25.2,17.9,20.5,64,2.8,北東,0.0,0.0,曇,20.0
2025921,23:00,0.0,25.1,17.1,19.4,61,2.9,北東,0.0,0.0,晴れ,20.0
2025921,24:00,0.0,24.8,17.8,20.4,65,1.9,北北東,0.0,0.0,晴れ,20.0
2025922,01:00,0.0,24.4,17.4,19.9,65,2.1,北北東,0.0,0.0,晴れ,20.0
2025922,02:00,0.0,24.2,17.5,19.9,66,2.3,北北東,0.0,0.0,晴れ,20.0
2025922,03:00,0.0,23.3,18.4,21.2,74,0.9,南南西,0.0,0.0,晴れ,20.0
2025922,04:00,0.0,23.1,18.4,21.2,75,1.4,南西,0.0,0.0,晴れ,20.0
2025922,05:00,0.0,22.6,18.6,21.4,78,1.1,南東,0.0,0.0,晴れ,20.0
2025922,06:00,0.0,23.3,18.0,20.6,72,2.4,北東,0.0,0.00,晴れ,20.0
2025922,07:00,0.0,23.2,18.3,21.0,74,1.2,南,0.4,0.14,晴れ,20.0
2025922,08:00,0.0,24.6,17.8,20.4,66,1.4,南東,1.0,0.78,晴れ,20.0
2025922,09:00,0.0,26.3,17.7,20.2,59,1.9,東,1.0,1.52,晴れ,20.0
2025922,10:00,0.0,27.1,18.1,20.8,58,3.2,東北東,1.0,2.18,晴れ,20.0
2025922,11:00,0.0,28.4,18.2,20.9,54,2.9,東北東,1.0,2.70,晴れ,20.0
2025922,12:00,0.0,28.5,18.9,21.8,56,4.5,北北東,0.4,2.22,曇,20.0
2025922,13:00,0.0,29.1,17.9,20.6,51,2.8,北東,0.5,2.47,曇,20.0
2025922,14:00,0.0,29.7,18.2,20.9,50,2.2,東北東,0.6,2.40,晴れ,20.0
2025922,15:00,0.0,28.9,17.1,19.5,49,3.6,北東,0.4,1.56,曇,20.0
2025922,16:00,0.0,28.3,19.0,21.9,57,4.4,北北東,0.2,0.82,曇,20.0
2025922,17:00,0.0,27.6,18.6,21.4,58,4.2,北東,0.0,0.50,曇,20.0
2025922,18:00,0.0,27.0,18.3,21.0,59,3.8,東北東,0.0,0.13,曇,20.0
2025922,19:00,0.0,26.6,18.5,21.3,61,2.8,北東,0.0,0.00,曇,20.0
2025922,20:00,0.0,26.6,17.1,19.5,56,2.0,東北東,0.0,0.0,曇,20.0
2025922,21:00,0.0,25.8,16.7,18.9,57,1.6,北東,0.0,0.0,晴れ,20.0
2025922,22:00,0.0,25.4,17.3,19.8,61,1.5,北東,0.0,0.0,晴れ,20.0
2025922,23:00,0.0,25.6,18.0,20.7,63,0.9,北北東,0.0,0.0,曇,20.0
2025922,24:00,0.0,25.5,18.7,21.5,66,0.7,西南西,0.0,0.0,曇,20.0
2025923,01:00,0.0,25.3,19.0,21.9,68,1.4,南,0.0,0.0,曇,20.0
2025923,02:00,0.0,25.3,18.5,21.3,66,1.4,南西,0.0,0.0,曇,20.0
2025923,03:00,0.0,24.1,20.0,23.4,78,2.4,南西,0.0,0.0,雨,15.4
2025923,04:00,0.0,23.5,20.8,24.6,85,0.9,南南東,0.0,0.0,曇,20.0
2025923,05:00,1.0,22.8,20.7,24.4,88,2.1,西南西,0.0,0.0,雨,4.13
2025923,06:00,6.0,22.3,21.5,25.6,95,1.0,西,0.0,0.00,雨,1.60
2025923,07:00,2.5,22.2,21.4,25.4,95,0.2,静穏,0.0,0.01,雨,15.6
2025923,08:00,0.0,22.7,21.3,25.4,92,1.0,南西,0.0,0.23,雨,6.17
2025923,09:00,1.0,23.0,21.8,26.1,93,0.6,北北東,0.0,0.29,曇,20.0
2025923,10:00,0.0,24.2,22.8,27.8,92,1.2,北,0.0,0.63,雨,7.55
2025923,11:00,0.0,25.8,22.5,27.2,82,1.0,北北西,0.2,1.52,曇,20.0
2025923,12:00,0.0,27.7,23.3,28.6,77,2.6,北,0.3,2.23,曇,20.0
2025923,13:00,0.0,27.8,22.7,27.7,74,3.6,北東,0.3,2.09,晴れ,20.0
2025923,14:00,0.0,27.6,22.3,27.0,73,3.5,北東,0.0,1.42,曇,20.0
2025923,15:00,0.0,28.2,22.2,26.8,70,2.8,北東,0.2,1.65,曇,20.0
2025923,16:00,0.0,28.0,22.3,26.8,71,2.4,北北東,1.0,1.59,晴れ,20.0
2025923,17:00,0.0,27.4,22.6,27.4,75,3.1,北北東,0.8,0.86,晴れ,20.0
2025923,18:00,0.0,26.8,22.4,27.1,77,2.0,東北東,0.7,0.28,晴れ,20.0
2025923,19:00,0.0,26.5,22.1,26.7,77,1.9,東,0.0,0.01,晴れ,20.0
2025923,20:00,0.0,26.4,22.3,26.9,78,1.1,東南東,0.0,0.0,曇,20.0
2025923,21:00,0.0,26.6,22.2,26.8,77,1.7,東南東,0.0,0.0,曇,20.0
2025923,22:00,0.0,26.6,22.0,26.5,76,2.8,南東,0.0,0.0,曇,20.0
2025923,23:00,0.0,26.4,21.8,26.2,76,2.7,南東,0.0,0.0,曇,20.0
2025923,24:00,0.0,26.4,21.8,26.2,76,1.7,東南東,0.0,0.0,曇,20.0
2025924,01:00,0.0,18.7,15.4,17.5,81,1.6,北西,0.0,0.0,晴れ,20.0
2025924,02:00,0.0,18.4,15.5,17.6,83,1.5,北西,0.0,0.0,晴れ,20.0
2025924,03:00,0.0,17.6,15.1,17.1,85,2.6,北北西,0.0,0.0,晴れ,20.0
2025924,04:00,0.0,17.0,14.8,16.9,87,2.8,北北西,0.0,0.0,晴れ,20.0
2025924,05:00,0.0,17.1,14.2,16.2,83,3.4,北西,0.0,0.00,曇,20.0
2025924,06:00,0.0,17.5,14.2,16.2,81,2.7,北北西,0.0,0.02,曇,20.0
2025924,07:00,0.0,17.5,14.2,16.2,81,3.3,北,0.5,0.43,晴れ,20.0
2025924,08:00,0.0,18.9,14.4,16.4,75,1.1,北西,0.0,0.72,曇,20.0
2025924,09:00,0.0,21.0,14.9,16.9,68,1.2,北東,0.7,1.82,晴れ,20.0
2025924,10:00,0.0,22.6,14.7,16.7,61,3.7,南東,0.7,2.29,晴れ,20.0
2025924,11:00,0.0,23.2,13.4,15.4,54,4.2,南東,0.5,2.05,曇,20.0
2025924,12:00,0.0,23.2,13.1,15.1,53,5.0,南東,0.7,2.36,曇,20.0
2025924,13:00,0.0,23.1,14.1,16.1,57,6.1,南南東,0.4,1.91,曇,20.0
2025924,14:00,0.0,23.0,13.5,15.5,55,5.2,南東,0.0,0.79,曇,20.0
2025924,15:00,0.0,22.8,12.7,14.7,53,5.4,南東,0.8,1.76,晴れ,20.0
2025924,16:00,0.0,22.5,13.0,15.0,55,5.8,南東,0.7,1.01,晴れ,20.0
2025924,17:00,0.0,21.8,14.0,15.9,61,6.3,南南東,0.6,0.38,晴れ,20.0
2025924,18:00,0.0,21.8,13.7,15.7,60,4.6,南南東,0.0,0.03,曇,20.0
2025924,19:00,0.0,21.6,13.5,15.5,60,4.1,南南東,0.0,0.00,曇,20.0
2025924,20:00,0.0,21.5,13.2,15.1,59,3.6,南南東,0.0,0.0,曇,20.0
2025924,21:00,0.0,21.2,13.6,15.6,62,3.1,南,0.0,0.0,曇,20.0
2025924,22:00,0.0,20.6,14.3,16.3,67,2.3,南南西,0.0,0.0,曇,20.0
2025924,23:00,0.0,20.4,14.1,16.1,67,2.5,南南西,0.0,0.0,曇,20.0
2025924,24:00,0.0,20.1,13.8,15.8,67,2.6,南,0.0,0.0,曇,20.0
2025925,01:00,0.0,20.0,13.9,15.9,68,2.5,南南西,0.0,0.0,曇,20.0
2025925,02:00,0.0,19.7,13.9,15.8,69,2.8,南南西,0.0,0.0,曇,20.0
2025925,03:00,0.0,18.9,14.2,16.2,74,2.4,南南西,0.0,0.0,曇,20.0
2025925,04:00,0.0,18.6,14.5,16.5,77,2.2,南西,0.0,0.0,曇,20.0
2025925,05:00,0.0,18.6,14.1,16.1,75,2.9,南西,0.0,0.00,曇,20.0
2025925,06:00,0.0,18.6,14.1,16.1,75,2.1,南南西,0.0,0.05,曇,20.0
2025925,07:00,0.0,19.6,14.4,16.4,72,2.8,南西,0.5,0.39,晴れ,20.0
2025925,08:00,0.0,22.2,14.6,16.6,62,2.9,南南西,1.0,1.34,晴れ,20.0
2025925,09:00,0.0,21.2,16.2,18.4,73,5.5,南南西,0.1,0.86,雨,20.0
2025925,10:00,0.0,21.8,15.6,17.8,68,4.1,南,0.0,0.86,曇,20.0
2025925,11:00,0.0,21.5,15.8,18.0,70,3.2,南,0.0,0.36,曇,20.0
2025925,12:00,0.0,23.3,17.1,19.5,68,2.6,南南西,0.0,0.85,曇,20.0
2025925,13:00,0.0,23.7,17.5,19.9,68,2.0,南,0.1,0.90,曇,20.0
2025925,14:00,0.0,24.1,17.4,19.8,66,2.1,南,0.0,1.01,曇,20.0
2025925,15:00,0.0,24.4,17.4,19.9,65,3.0,南,0.0,0.71,曇,20.0
2025925,16:00,0.0,24.5,18.0,20.6,67,3.2,南南西,0.0,0.18,曇,20.0
2025925,17:00,0.0,24.4,18.6,21.4,70,2.2,南,0.0,0.14,曇,20.0
2025925,18:00,0.0,23.6,18.9,21.9,75,2.4,南,0.0,0.01,曇,18.5
2025925,19:00,0.0,23.6,18.9,21.9,75,2.5,南南西,0.0,0.0,曇,20.0
2025925,20:00,0.0,23.0,19.4,22.5,80,0.9,西,0.0,0.0,曇,20.0
2025925,21:00,0.0,21.9,19.5,22.6,86,1.4,北西,0.0,0.0,曇,20.0
2025925,22:00,0.0,21.6,19.4,22.5,87,1.8,西北西,0.0,0.0,曇,20.0
2025925,23:00,0.0,21.6,19.4,22.5,87,1.9,北北東,0.0,0.0,曇,20.0
2025925,24:00,0.0,21.3,19.4,22.5,89,1.9,北,0.0,0.0,雨,20.0
2025926,01:00,0.0,21.0,20.0,23.4,94,1.1,北西,0.0,0.0,雨,7.60
2025926,02:00,1.5,21.1,20.8,24.5,98,0.5,南,0.0,0.0,雨,3.34
2025926,03:00,0.0,21.0,20.8,24.6,99,1.7,北西,0.0,0.0,晴れ,15.3
2025926,04:00,0.0,21.3,20.8,24.6,97,2.2,西北西,0.0,0.0,曇,20.0
2025926,05:00,0.0,21.2,20.5,24.2,96,2.4,北北東,0.0,0.00,晴れ,20.0
2025926,06:00,0.0,20.6,20.4,24.0,99,0.5,北西,0.1,0.04,晴れ,14.8
2025926,07:00,0.0,21.3,18.9,21.8,86,1.5,北北西,1.0,0.54,晴れ,20.0
2025926,08:00,0.0,23.3,18.6,21.5,75,1.1,北東,1.0,1.25,晴れ,20.0
2025926,09:00,0.0,24.7,17.7,20.2,65,1.2,北西,1.0,1.90,晴れ,20.0
2025926,10:00,0.0,27.0,15.1,17.1,48,2.8,西,1.0,2.43,晴れ,20.0
2025926,11:00,0.0,28.1,15.1,17.1,45,3.0,西,1.0,2.76,晴れ,20.0
2025926,12:00,0.0,28.2,13.3,15.3,40,4.3,北西,1.0,2.86,晴れ,20.0
2025926,13:00,0.0,28.8,13.9,15.8,40,4.7,西北西,1.0,2.76,晴れ,20.0
2025926,14:00,0.0,29.2,13.8,15.8,39,3.8,北西,1.0,2.46,晴れ,20.0
2025926,15:00,0.0,28.6,14.8,16.8,43,2.3,北,1.0,1.92,晴れ,20.0
2025926,16:00,0.0,27.6,14.6,16.6,45,4.1,北北西,1.0,1.22,晴れ,20.0
2025926,17:00,0.0,25.9,13.4,15.4,46,4.0,北北西,1.0,0.50,晴れ,20.0
2025926,18:00,0.0,24.9,13.5,15.4,49,2.4,北北西,0.2,0.03,晴れ,20.0
2025926,19:00,0.0,23.8,13.4,15.3,52,2.0,北北西,0.0,0.0,晴れ,20.0
2025926,20:00,0.0,23.0,14.0,16.0,57,1.5,西北西,0.0,0.0,晴れ,20.0
2025926,21:00,0.0,21.9,14.3,16.3,62,2.2,西,0.0,0.0,晴れ,20.0
2025926,22:00,0.0,20.5,13.9,15.9,66,1.5,西,0.0,0.0,晴れ,20.0
2025926,23:00,0.0,19.3,13.5,15.4,69,2.7,西,0.0,0.0,晴れ,20.0
2025926,24:00,0.0,20.1,12.9,14.8,63,3.1,西,0.0,0.0,晴れ,20.0
2025930,01:00,0.0,23.2,17.7,20.2,71,1.0,東北東,0.0,0.0,晴れ,20.0
2025930,02:00,0.0,22.3,17.9,20.5,76,2.0,北北東,0.0,0.0,晴れ,20.0
2025930,03:00,0.0,22.2,18.6,21.4,80,1.2,南西,0.0,0.0,晴れ,20.0
2025930,04:00,0.0,22.0,18.4,21.2,80,1.1,南,0.0,0.0,晴れ,20.0
2025930,05:00,0.0,21.3,18.3,21.0,83,1.1,南東,0.0,0.0,晴れ,20.0
2025930,06:00,0.0,21.0,17.8,20.4,82,1.6,南東,0.0,0.00,曇,20.0
2025930,07:00,0.0,21.7,17.7,20.3,78,1.2,南南東,0.1,0.10,曇,20.0
2025930,08:00,0.0,22.8,17.1,19.4,70,1.4,東南東,0.5,0.58,曇,20.0
2025930,09:00,0.0,24.5,16.8,19.1,62,2.1,南東,0.5,1.06,晴れ,20.0
2025930,10:00,0.0,25.7,14.5,16.5,50,1.2,南南東,1.0,2.13,晴れ,20.0
2025930,11:00,0.0,27.3,15.7,17.8,49,1.5,東北東,1.0,2.59,晴れ,20.0
2025930,12:00,0.0,27.0,16.6,18.9,53,4.1,北北西,0.9,2.82,晴れ,20.0
2025930,13:00,0.0,27.6,16.9,19.2,52,4.7,北,0.2,2.12,曇,20.0
2025930,14:00,0.0,26.7,16.9,19.3,55,4.9,北,0.5,2.13,曇,20.0
2025930,15:00,0.0,27.1,18.1,20.8,58,4.7,北,0.1,1.12,曇,20.0
2025930,16:00,0.0,26.3,17.4,19.9,58,3.6,北,0.2,0.96,曇,20.0
2025930,17:00,0.0,25.8,16.9,19.3,58,2.9,北,0.0,0.38,曇,20.0
2025930,18:00,0.0,25.6,16.7,19.0,58,1.7,北,0.0,0.14,曇,20.0
2025930,19:00,0.0,25.4,16.8,19.1,59,2.2,北,0.0,0.00,曇,20.0
2025930,20:00,0.0,25.4,16.8,19.1,59,1.2,北西,0.0,0.0,曇,20.0
2025930,21:00,0.0,24.8,17.5,20.0,64,1.4,南西,0.0,0.0,晴れ,20.0
2025930,22:00,0.0,24.3,17.6,20.1,66,1.9,南西,0.0,0.0,晴れ,20.0
2025930,23:00,0.0,23.7,17.5,19.9,68,1.0,南西,0.0,0.0,晴れ,20.0
2025930,24:00,0.0,23.7,17.5,19.9,68,1.1,南東,0.0,0.0,曇,20.0
2025103,01:00,0.0,24.4,16.2,18.3,60,1.1,南東,0.0,0.0,曇,20.0
2025103,02:00,0.5,23.0,17.9,20.5,73,1.6,南東,0.0,0.0,雨,16.8
2025103,03:00,0.5,21.5,19.8,23.1,90,1.0,南南東,0.0,0.0,雨,12.7
2025103,04:00,0.5,21.5,18.3,21.0,82,1.1,南南東,0.0,0.0,雨,18.8
2025103,05:00,1.0,21.1,19.6,22.8,91,0.4,南,0.0,0.0,雨,9.40
2025103,06:00,1.5,20.4,18.5,21.3,89,1.6,南西,0.0,0.00,雨,8.88
2025103,07:00,2.0,20.1,18.4,21.2,90,1.7,南西,0.0,0.01,雨,8.72
2025103,08:00,2.0,19.9,18.0,20.7,89,1.7,西南西,0.0,0.05,雨,8.02
2025103,09:00,1.0,19.7,18.0,20.7,90,1.8,南東,0.0,0.12,雨,11.4
2025103,10:00,1.0,20.1,17.9,20.5,87,2.4,南東,0.0,0.23,雨,20.0
2025103,11:00,0.0,20.9,17.9,20.5,83,1.5,東南東,0.0,0.50,雨,20.0
2025103,12:00,0.0,22.0,18.8,21.7,82,2.8,東南東,0.0,0.70,雨,19.6
2025103,13:00,0.0,23.1,19.7,22.9,81,3.3,南南東,0.0,0.46,雨,20.0
2025103,14:00,0.0,23.9,19.8,23.1,78,4.1,南南東,0.0,0.72,雨,20.0
2025103,15:00,0.0,24.6,19.5,22.6,73,4.1,南東,0.0,0.66,曇,20.0
2025103,16:00,0.0,24.4,19.7,22.9,75,1.7,東南東,0.0,0.32,雨,20.0
2025103,17:00,0.0,25.1,18.3,21.0,66,4.0,南東,0.0,0.17,雨,20.0
2025103,18:00,0.0,24.4,18.8,21.7,71,5.8,南東,0.0,0.04,雨,20.0
2025103,19:00,0.0,24.9,19.1,22.0,70,5.7,南南東,0.0,0.00,曇,20.0
2025103,20:00,0.0,25.2,19.8,23.1,72,3.3,南東,0.0,0.0,曇,20.0
2025103,21:00,0.0,24.9,20.4,23.9,76,2.9,南東,0.0,0.0,雨,10.6
2025103,22:00,0.5,24.4,20.9,24.8,81,3.1,南東,0.0,0.0,雨,17.0
2025103,23:00,0.0,24.7,20.8,24.6,79,3.5,南東,0.0,0.0,雨,16.0
2025103,24:00,1.0,24.7,21.2,25.2,81,3.7,南東,0.0,0.0,雨,11.4
2025105,01:00,0.0,21.6,19.5,22.7,88,2.0,北,0.0,0.0,曇,20.0
2025105,02:00,0.0,21.3,19.6,22.8,90,1.9,北,0.0,0.0,晴れ,20.0
2025105,03:00,0.0,21.2,19.5,22.7,90,2.0,北西,0.0,0.0,曇,20.0
2025105,04:00,0.0,21.0,19.3,22.4,90,1.5,北,0.0,0.0,曇,20.0
2025105,05:00,0.0,20.8,19.3,22.4,91,1.8,北北東,0.0,0.0,晴れ,20.0
2025105,06:00,0.0,21.0,19.1,22.1,89,1.8,北,0.0,0.0,晴れ,20.0
2025105,07:00,0.0,21.9,19.5,22.6,86,1.1,北北東,0.3,0.0,晴れ,20.0
2025105,08:00,0.0,23.1,19.3,22.3,79,0.5,北北西,0.8,0.0,晴れ,20.0
2025105,09:00,0.0,25.1,19.7,23.0,72,1.6,北北西,1.0,0.0,晴れ,20.0
2025105,10:00,0.0,26.8,20.6,24.3,69,1.0,南南西,1.0,0.0,晴れ,18.5
2025105,11:00,0.0,26.8,20.9,24.7,70,2.4,西,1.0,0.0,晴れ,20.0
2025105,12:00,0.0,27.6,20.7,24.4,66,2.4,西,1.0,0.0,晴れ,20.0
2025105,13:00,0.0,28.0,20.1,23.4,62,3.0,西,1.0,0.0,晴れ,20.0
2025105,14:00,0.0,27.8,20.6,24.3,65,2.7,西,1.0,0.0,晴れ,20.0
2025105,15:00,0.0,27.7,20.5,24.2,65,2.1,西,0.9,0.0,曇,20.0
2025105,16:00,0.0,26.4,21.0,24.8,72,3.0,西南西,0.3,0.0,晴れ,20.0
2025105,17:00,0.0,26.6,22.0,26.5,76,1.9,南,0.0,0.0,曇,20.0
2025105,18:00,0.0,26.3,22.4,27.0,79,1.6,南東,0.0,0.0,曇,20.0
2025105,19:00,0.0,26.5,21.3,25.3,73,3.2,南,0.0,0.0,曇,20.0
2025105,20:00,0.0,26.1,22.0,26.4,78,4.5,南南東,0.0,0.0,曇,20.0
2025105,21:00,0.0,25.7,22.0,26.4,80,4.0,南南東,0.0,0.0,曇,20.0
2025105,22:00,0.0,25.3,22.2,26.8,83,3.7,南南東,0.0,0.0,曇,20.0
2025105,23:00,0.0,25.2,22.9,27.9,87,1.8,南西,0.0,0.0,曇,20.0
2025105,24:00,0.0,25.5,23.0,28.1,86,2.8,南南西,0.0,0.0,曇,20.0
20251015,01:00,0.0,24.0,21.3,25.4,85,1.6,西南西,0.0,0.0,曇,20.0
20251015,02:00,0.0,23.8,21.3,25.4,86,1.2,西,0.0,0.0,雨,20.0
20251015,03:00,0.0,23.7,21.4,25.5,87,1.4,西南西,0.0,0.0,雨,18.2
20251015,04:00,0.0,23.7,21.2,25.2,86,1.7,南西,0.0,0.0,雨,20.0
20251015,05:00,0.0,23.6,20.9,24.8,85,2.6,北北東,0.0,0.0,曇,20.0
20251015,06:00,0.0,23.5,21.4,25.5,88,3.2,北,0.0,0.00,晴れ,20.0
20251015,07:00,0.0,23.6,21.3,25.3,87,2.8,北北東,0.1,0.06,晴れ,20.0
20251015,08:00,0.0,23.7,21.0,24.9,85,4.4,北北東,0.2,0.34,曇,20.0
20251015,09:00,0.0,24.7,21.4,25.5,82,2.8,北,0.0,0.54,曇,20.0
20251015,10:00,0.0,25.2,20.9,24.7,77,1.0,北北西,0.0,0.91,曇,20.0
20251015,11:00,0.0,26.4,20.7,24.4,71,1.4,北,0.4,1.61,晴れ,20.0
20251015,12:00,0.0,26.8,20.9,24.7,70,1.8,北北西,0.4,1.59,晴れ,20.0
20251015,13:00,0.0,27.7,21.5,25.6,69,3.8,北,1.0,2.59,晴れ,20.0
20251015,14:00,0.0,27.1,21.6,25.8,72,5.3,北,0.8,1.84,曇,20.0
20251015,15:00,0.0,27.1,21.8,26.2,73,4.8,北,0.5,1.38,晴れ,20.0
20251015,16:00,0.0,26.4,21.0,24.8,72,5.7,北,0.6,1.12,晴れ,20.0
20251015,17:00,0.0,26.1,21.3,25.4,75,4.4,北,0.6,0.53,晴れ,20.0
20251015,18:00,0.0,25.3,21.2,25.2,78,4.1,北,0.2,0.09,晴れ,20.0
20251015,19:00,0.0,25.4,21.5,25.6,79,1.6,北西,0.0,0.00,晴れ,20.0
20251015,20:00,0.0,25.1,21.4,25.5,80,1.6,北北西,0.0,0.0,晴れ,20.0
20251015,21:00,0.0,24.8,21.3,25.4,81,1.5,南南西,0.0,0.0,晴れ,20.0
20251015,22:00,0.0,24.5,21.2,25.2,82,1.7,南東,0.0,0.0,晴れ,20.0
20251015,23:00,0.0,24.1,21.0,24.9,83,1.0,東南東,0.0,0.0,晴れ,20.0
20251015,24:00,0.0,24.2,21.1,25.1,83,1.9,南南東,0.0,0.0,晴れ,20.0
20251016,01:00,0.0,24.3,21.2,25.2,83,1.8,南東,0.0,0.0,晴れ,20.0
20251016,02:00,0.0,23.9,21.2,25.2,85,1.4,南南東,0.0,0.0,晴れ,20.0
20251016,03:00,0.0,24.5,21.2,25.2,82,1.8,東南東,0.0,0.0,晴れ,20.0
20251016,04:00,0.0,24.4,21.5,25.7,84,2.0,東南東,0.0,0.0,曇,20.0
20251016,05:00,0.0,24.3,21.6,25.8,85,1.5,東南東,0.0,0.0,曇,20.0
20251016,06:00,0.0,24.3,21.8,26.1,86,2.0,南東,0.0,0.00,晴れ,20.0
20251016,07:00,0.0,24.8,21.7,26.0,83,1.6,南東,0.0,0.06,曇,20.0
20251016,08:00,0.0,26.4,22.0,26.5,77,2.1,南南東,0.2,0.44,曇,20.0
20251016,09:00,0.0,27.5,21.8,26.1,71,2.4,南,0.0,0.57,曇,20.0
20251016,10:00,0.0,28.8,21.8,26.1,66,2.6,南西,0.4,1.19,曇,20.0
20251016,11:00,0.0,29.1,21.3,25.4,63,2.4,西南西,0.1,0.86,曇,20.0
20251016,12:00,0.0,28.4,22.2,26.7,69,2.6,西南西,0.0,0.48,雨,14.9
20251016,13:00,4.5,25.1,23.7,29.3,92,1.3,西,0.0,0.36,雨,7.66
20251016,14:00,0.5,25.2,22.9,27.9,87,2.7,西,0.0,0.38,雨,20.0
20251016,15:00,0.0,25.9,22.8,27.7,83,1.6,西,0.1,0.85,曇,20.0
20251016,16:00,0.0,25.9,23.2,28.4,85,2.2,北西,0.0,0.35,曇,20.0
20251016,17:00,0.0,25.8,23.3,28.6,86,1.7,北北西,0.0,0.12,雨,20.0
20251016,18:00,0.0,24.1,22.4,27.0,90,6.7,北,0.0,0.02,雨,12.6
20251016,19:00,0.5,23.8,21.3,25.4,86,5.0,北北東,0.0,0.00,曇,20.0
20251016,20:00,0.0,23.8,20.9,24.8,84,3.2,北北東,0.0,0.0,雨,20.0
20251016,21:00,0.0,23.9,21.0,24.9,84,2.8,北北東,0.0,0.0,雨,20.0
20251016,22:00,0.0,23.9,20.6,24.3,82,2.2,北北東,0.0,0.0,曇,20.0
20251016,23:00,0.0,23.8,20.6,24.2,82,2.4,北,0.0,0.0,雨,20.0
20251016,24:00,0.0,23.5,20.3,23.7,82,4.0,北,0.0,0.0,曇,20.0
20251017,01:00,0.0,23.1,20.3,23.7,84,3.7,北北東,0.0,0.0,晴れ,20.0
20251017,02:00,0.0,22.9,19.9,23.2,83,2.3,北北東,0.0,0.0,晴れ,20.0
20251017,03:00,0.0,22.4,19.4,22.5,83,2.2,北北東,0.0,0.0,晴れ,20.0
20251017,04:00,0.0,22.1,18.9,21.8,82,2.4,北北東,0.0,0.0,晴れ,20.0
20251017,05:00,0.0,21.8,18.6,21.4,82,2.7,北北東,0.0,0.0,晴れ,20.0
20251017,06:00,0.0,21.2,18.6,21.4,85,1.3,北北東,0.0,0.00,晴れ,20.0
20251017,07:00,0.0,21.4,17.8,20.4,80,1.8,北東,0.1,0.06,曇,20.0
20251017,08:00,0.0,22.9,18.0,20.7,74,1.3,東北東,0.8,0.53,晴れ,20.0
20251017,09:00,0.0,24.2,18.4,21.1,70,1.1,東南東,1.0,1.32,晴れ,20.0
20251017,10:00,0.0,25.9,17.8,20.4,61,2.1,南南東,1.0,1.94,晴れ,20.0
20251017,11:00,0.0,26.5,18.4,21.1,61,1.4,南南西,1.0,2.40,晴れ,20.0
20251017,12:00,0.0,27.8,18.2,20.9,56,2.3,北東,1.0,2.64,晴れ,20.0
20251017,13:00,0.0,28.1,18.2,20.9,55,2.9,北北東,1.0,2.65,晴れ,20.0
20251017,14:00,0.0,28.6,17.2,19.6,50,2.2,東北東,1.0,2.42,晴れ,20.0
20251017,15:00,0.0,29.2,18.6,21.5,53,3.2,北北東,1.0,1.98,晴れ,20.0
20251017,16:00,0.0,29.1,18.9,21.8,54,2.9,北西,1.0,1.35,晴れ,20.0
20251017,17:00,0.0,27.1,19.5,22.6,63,2.8,北北西,0.8,0.60,晴れ,20.0
20251017,18:00,0.0,26.1,19.0,22.0,65,1.8,北,0.3,0.09,晴れ,20.0
20251017,19:00,0.0,25.7,19.1,22.1,67,2.0,南西,0.0,0.00,曇,20.0
20251017,20:00,0.0,25.1,18.6,21.4,67,1.5,南南東,0.0,0.0,晴れ,20.0
20251017,21:00,0.0,24.8,18.3,21.0,67,1.6,南東,0.0,0.0,晴れ,20.0
20251017,22:00,0.0,24.6,18.8,21.7,70,3.3,南東,0.0,0.0,晴れ,20.0
20251017,23:00,0.0,24.6,19.0,22.0,71,3.1,東南東,0.0,0.0,晴れ,20.0
20251017,24:00,0.0,24.8,19.4,22.5,72,4.5,南南東,0.0,0.0,晴れ,20.0
20251018,01:00,0.0,24.8,19.9,23.2,74,3.9,南東,0.0,0.0,晴れ,19.1
20251018,02:00,0.0,24.5,20.0,23.4,76,3.2,南東,0.0,0.0,晴れ,20.0
20251018,03:00,0.0,24.4,20.1,23.5,77,4.9,南東,0.0,0.0,晴れ,20.0
20251018,04:00,0.0,24.4,19.9,23.2,76,3.8,南東,0.0,0.0,晴れ,20.0
20251018,05:00,0.0,24.7,19.5,22.7,73,4.8,南東,0.0,0.0,曇,20.0
20251018,06:00,0.0,24.1,18.7,21.6,72,2.6,東南東,0.0,0.00,晴れ,20.0
20251018,07:00,0.0,23.8,18.7,21.5,73,1.5,東南東,0.1,0.05,晴れ,20.0
20251018,08:00,0.0,24.7,18.9,21.8,70,1.5,東南東,0.4,0.36,雨,20.0
20251018,09:00,1.0,23.6,20.4,23.9,82,1.9,南東,0.0,0.11,雨,13.4
20251018,10:00,0.5,23.6,20.9,24.8,85,1.9,南,0.0,0.30,雨,10.9
20251018,11:00,0.0,24.3,20.8,24.6,81,1.5,南東,0.0,0.45,曇,20.0
20251018,12:00,0.0,27.2,20.8,24.5,68,1.8,南東,0.6,2.01,晴れ,20.0
20251018,13:00,0.0,28.3,21.3,25.4,66,2.7,南南西,0.0,1.11,雨,20.0
20251018,14:00,0.0,29.3,21.5,25.7,63,2.2,南,0.2,1.32,曇,20.0
20251018,15:00,0.0,28.3,21.6,25.8,67,2.5,北,0.2,1.00,曇,20.0
20251018,16:00,0.0,27.7,22.0,26.4,71,2.7,北西,0.1,0.53,晴れ,20.0
20251018,17:00,0.0,25.9,20.7,24.4,73,5.1,北北西,0.2,0.38,曇,20.0
20251018,18:00,0.0,24.2,21.5,25.7,85,5.6,北,0.0,0.04,晴れ,20.0
20251018,19:00,0.0,23.8,20.7,24.5,83,4.4,北北東,0.0,0.00,曇,20.0
20251018,20:00,0.0,23.4,20.6,24.2,84,5.0,北,0.0,0.0,雨,12.1
20251018,21:00,0.0,23.4,20.4,23.9,83,4.3,北北東,0.0,0.0,曇,20.0
20251018,22:00,0.0,22.4,20.0,23.3,86,6.2,北,0.0,0.0,雨,20.0
20251018,23:00,0.0,21.6,19.4,22.5,87,3.2,北,0.0,0.0,雨,20.0
20251018,24:00,0.0,21.3,20.0,23.3,92,1.1,西北西,0.0,0.0,雨,3.48
20251019,01:00,1.5,21.2,20.4,23.9,95,1.3,南西,0.0,0.0,雨,6.74
20251019,02:00,0.0,21.4,20.6,24.2,95,2.3,北,0.0,0.0,曇,20.0
20251019,03:00,0.0,21.5,20.5,24.1,94,3.2,北,0.0,0.0,曇,20.0
20251019,04:00,0.0,21.6,20.4,24.0,93,3.8,北北東,0.0,0.0,曇,20.0
20251019,05:00,0.0,21.6,19.7,23.0,89,4.2,北北東,0.0,0.0,曇,20.0
20251019,06:00,0.0,21.6,19.0,21.9,85,2.6,北北東,0.0,0.00,雨,20.0
20251019,07:00,0.0,21.4,17.4,19.9,78,3.3,北東,0.0,0.03,曇,20.0
20251019,08:00,0.0,21.4,17.4,19.9,78,3.4,北北東,0.0,0.18,曇,20.0
20251019,09:00,0.0,21.8,17.8,20.4,78,0.6,南東,0.0,0.55,曇,20.0
20251019,10:00,0.0,22.8,19.2,22.2,80,1.9,北,0.0,0.59,曇,20.0
20251019,11:00,0.0,22.9,19.1,22.1,79,4.4,北,0.0,0.81,曇,20.0
20251019,12:00,0.0,22.3,18.7,21.5,80,4.9,北,0.0,0.62,曇,20.0
20251019,13:00,0.0,23.1,19.3,22.3,79,2.7,北北東,0.0,0.73,曇,20.0
20251019,14:00,0.0,22.9,18.9,21.8,78,3.0,北,0.0,0.51,曇,20.0
20251019,15:00,0.0,22.7,18.7,21.5,78,4.7,北,0.0,0.25,曇,20.0
20251019,16:00,0.0,23.0,18.8,21.6,77,3.4,北,0.0,0.32,曇,20.0
20251019,17:00,0.5,21.6,19.2,22.2,86,3.1,北北東,0.0,0.09,雨,7.28
20251019,18:00,2.0,20.9,19.4,22.5,91,2.1,北北東,0.0,0.00,雨,9.96
20251019,19:00,2.0,21.0,20.0,23.4,94,1.0,北,0.0,0.00,雨,7.56
20251019,20:00,0.5,20.9,19.4,22.5,91,2.5,北,0.0,0.0,雨,12.2
20251019,21:00,1.0,20.7,19.2,22.2,91,3.4,北,0.0,0.0,雨,12.2
20251019,22:00,1.0,20.4,19.2,22.3,93,1.7,北北東,0.0,0.0,雨,9.37
20251019,23:00,0.5,20.4,18.9,21.8,91,2.6,北,0.0,0.0,曇,20.0
20251019,24:00,0.0,20.3,18.4,21.2,89,1.0,北,0.0,0.0,曇,20.0
20251020,01:00,0.5,20.2,18.3,21.1,89,1.1,北,0.0,0.0,曇,20.0
20251020,02:00,0.0,20.6,18.2,20.9,86,1.5,北西,0.0,0.0,曇,20.0
20251020,03:00,0.0,20.7,18.1,20.8,85,3.3,北北東,0.0,0.0,曇,20.0
20251020,04:00,0.0,20.5,17.9,20.5,85,2.0,北北東,0.0,0.0,曇,20.0
20251020,05:00,0.0,21.0,15.8,17.9,72,3.4,北北東,0.0,0.0,曇,20.0
20251020,06:00,0.0,20.6,15.4,17.5,72,2.5,北北東,0.0,0.00,曇,20.0
20251020,07:00,0.0,20.6,15.2,17.2,71,2.0,北北東,0.0,0.00,曇,20.0
20251020,08:00,0.0,20.9,15.5,17.6,71,1.7,北北東,0.0,0.10,雨,20.0
20251020,09:00,0.0,21.6,15.0,17.0,66,2.3,北東,0.0,0.47,曇,20.0
20251020,10:00,0.0,23.3,15.6,17.7,62,1.9,北東,0.2,1.23,曇,20.0
20251020,11:00,0.0,23.4,16.0,18.1,63,4.7,北北東,0.3,1.60,曇,20.0
20251020,12:00,0.0,24.4,15.4,17.4,57,5.9,北,0.7,2.21,晴れ,20.0
20251020,13:00,0.0,24.9,16.9,19.2,61,6.5,北,0.6,2.00,晴れ,20.0
20251020,14:00,0.0,24.6,17.1,19.5,63,8.5,北,1.0,2.38,晴れ,20.0
20251020,15:00,0.0,24.0,17.0,19.4,65,8.3,北,1.0,1.93,晴れ,20.0
20251020,16:00,0.0,23.0,16.1,18.3,65,5.8,北北東,0.8,1.09,晴れ,20.0
20251020,17:00,0.0,21.8,15.9,18.0,69,4.9,北北東,0.5,0.46,晴れ,20.0
20251020,18:00,0.0,21.3,15.8,18.0,71,5.5,北北東,0.0,0.04,曇,20.0
20251020,19:00,0.0,20.9,15.9,18.0,73,4.3,北東,0.0,0.00,晴れ,20.0
20251020,20:00,0.0,20.6,15.6,17.7,73,3.9,北北東,0.0,0.0,晴れ,20.0
20251020,21:00,0.0,20.4,16.0,18.2,76,4.1,北北東,0.0,0.0,曇,20.0
20251020,22:00,0.0,20.3,15.5,17.6,74,4.7,北,0.0,0.0,曇,20.0
20251020,23:00,0.0,19.9,15.1,17.2,74,3.9,北北東,0.0,0.0,晴れ,20.0
20251020,24:00,0.0,19.5,14.8,16.8,74,3.3,北北東,0.0,0.0,曇,20.0
20251025,01:00,0.0,17.5,10.9,13.0,65,1.4,南南西,0.0,0.0,晴れ,20.0
20251025,02:00,0.0,17.8,10.7,12.8,63,1.7,南西,0.0,0.0,曇,20.0
20251025,03:00,0.0,17.7,11.1,13.2,65,0.7,南西,0.0,0.0,晴れ,20.0
20251025,04:00,0.0,17.3,11.6,13.6,69,0.7,南西,0.0,0.0,晴れ,20.0
20251025,05:00,0.0,18.1,11.7,13.7,66,1.3,南南西,0.0,0.0,晴れ,20.0
20251025,06:00,0.0,18.2,12.4,14.4,69,1.4,南南西,0.0,0.00,曇,20.0
20251025,07:00,0.0,18.3,12.5,14.5,69,0.9,南南東,0.0,0.02,曇,20.0
20251025,08:00,0.0,18.5,13.6,15.5,73,1.2,南,0.0,0.10,雨,20.0
20251025,09:00,0.0,18.3,15.9,18.1,86,1.3,南東,0.0,0.27,雨,20.0
20251025,10:00,0.0,18.6,16.2,18.4,86,0.9,南東,0.0,0.43,雨,16.7
20251025,11:00,0.5,18.7,16.3,18.5,86,1.2,東南東,0.0,0.68,曇,20.0
20251025,12:00,0.0,19.7,16.6,18.8,82,0.7,東南東,0.0,0.72,曇,20.0
20251025,13:00,0.0,20.8,16.4,18.7,76,0.9,北北西,0.1,1.24,曇,20.0
20251025,14:00,0.0,21.1,16.7,19.0,76,0.9,南東,0.3,1.18,曇,20.0
20251025,15:00,0.0,21.5,16.0,18.2,71,2.5,北西,0.3,1.18,曇,20.0
20251025,16:00,0.0,21.1,16.7,19.0,76,3.6,北北西,0.1,0.57,曇,20.0
20251025,17:00,0.0,20.9,16.9,19.3,78,2.6,北北西,0.0,0.25,曇,20.0
20251025,18:00,0.0,20.7,15.7,17.8,73,4.2,北,0.0,0.02,曇,20.0
20251025,19:00,0.0,20.5,15.1,17.1,71,2.7,北北東,0.0,0.00,曇,20.0
20251025,20:00,0.0,19.8,15.5,17.6,76,1.6,北東,0.0,0.0,曇,20.0
20251025,21:00,0.0,19.6,14.6,16.7,73,1.5,北東,0.0,0.0,晴れ,20.0
20251025,22:00,0.0,18.6,14.9,16.9,79,1.6,北北東,0.0,0.0,晴れ,20.0
20251025,23:00,0.0,18.5,15.4,17.5,82,1.3,南南西,0.0,0.0,晴れ,20.0
20251025,24:00,0.0,17.9,14.8,16.8,82,1.3,南西,0.0,0.0,晴れ,20.0
20251026,01:00,0.0,17.5,14.4,16.4,82,1.3,南西,0.0,0.0,晴れ,20.0
20251026,02:00,0.0,17.0,14.1,16.1,83,1.0,西南西,0.0,0.0,晴れ,20.0
20251026,03:00,0.0,17.1,14.0,16.0,82,1.7,西南西,0.0,0.0,曇,20.0
20251026,04:00,0.0,16.6,14.1,16.1,85,1.0,南西,0.0,0.0,曇,20.0
20251026,05:00,0.0,16.3,14.5,16.5,89,1.3,南南西,0.0,0.0,晴れ,20.0
20251026,06:00,0.0,16.7,14.5,16.5,87,1.0,南西,0.0,0.0,曇,20.0
20251026,07:00,0.0,17.1,14.6,16.6,85,0.9,南西,0.0,0.03,曇,20.0
20251026,08:00,0.0,18.1,14.6,16.6,80,0.8,南西,0.4,0.36,曇,20.0
20251026,09:00,0.0,21.1,14.8,16.8,67,1.4,西南西,0.9,1.19,晴れ,20.0
20251026,10:00,0.0,22.4,15.0,17.1,63,2.0,北,0.9,1.58,晴れ,20.0
20251026,11:00,0.0,22.9,15.0,17.0,61,2.5,北,0.8,2.20,曇,20.0
20251026,12:00,0.0,22.2,15.1,17.1,64,3.4,北北西,0.6,2.08,曇,20.0
20251026,13:00,0.0,21.8,15.2,17.2,66,2.3,北西,0.0,0.71,曇,20.0
20251026,14:00,0.0,20.4,16.5,18.7,78,5.1,北,0.0,0.31,雨,20.0
20251026,15:00,3.5,18.4,17.4,19.9,94,1.7,北西,0.0,0.16,雨,3.74
20251026,16:00,0.0,19.3,16.7,19.0,85,5.8,北,0.0,0.05,雨,20.0
20251026,17:00,2.5,18.8,14.9,16.9,78,4.4,北西,0.0,0.02,雨,20.0
20251026,18:00,0.0,19.3,14.1,16.1,72,4.7,北西,0.0,0.00,曇,20.0
20251026,19:00,0.0,19.6,13.1,15.1,66,3.6,北西,0.0,0.00,晴れ,20.0
20251026,20:00,0.0,19.1,12.6,14.6,66,2.0,西北西,0.0,0.0,晴れ,20.0
20251026,21:00,0.0,17.7,13.6,15.6,77,1.6,南西,0.0,0.0,晴れ,20.0
20251026,22:00,0.0,19.0,12.7,14.7,67,4.4,北西,0.0,0.0,晴れ,20.0
20251026,23:00,0.0,19.2,10.5,12.7,57,4.1,北北西,0.0,0.0,晴れ,20.0
20251026,24:00,0.0,18.6,10.5,12.6,59,3.5,北北西,0.0,0.0,晴れ,20.0
