日付,時刻,降水量(mm),気温(°C),露点温度(°C),蒸気圧(hPa),湿度(%),風速(m/s),風向,日照時間(h),全天日射量(MJ/㎡),天気,視程(km)
2025328,01:00,6.0,17.4,15.9,18.1,91,2.2,北東,0.0,0.0,雨,5.94
2025328,02:00,0.0,17.4,15.8,17.9,90,1.1,東,0.0,0.0,曇,20.0
2025328,03:00,0.0,17.3,15.8,18.0,91,1.0,北西,0.0,0.0,曇,20.0
2025328,04:00,0.0,16.6,13.7,15.7,83,3.9,北北西,0.0,0.0,曇,20.0
2025328,05:00,0.0,15.3,9.0,11.5,66,8.1,北北西,0.0,0.0,曇,20.0
2025328,06:00,0.0,14.7,7.7,10.5,63,4.1,北,0.0,0.00,曇,20.0
2025328,07:00,0.0,14.6,7.7,10.5,63,1.9,北北東,0.0,0.12,曇,20.0
2025328,08:00,0.0,15.2,7.5,10.4,60,4.9,北,0.2,0.63,曇,20.0
2025328,09:00,0.0,15.7,7.5,10.3,58,5.2,北,0.5,1.05,曇,20.0
2025328,10:00,0.0,16.9,7.3,10.2,53,3.2,北北西,0.2,1.16,曇,20.0
2025328,11:00,0.0,16.3,6.4,9.6,52,4.2,北北東,0.2,1.65,曇,20.0
2025328,12:00,0.0,16.4,7.1,10.1,54,3.4,北,0.0,0.88,雨,20.0
2025328,13:00,0.0,15.8,6.3,9.5,53,3.9,北北東,0.0,0.56,曇,20.0
2025328,14:00,0.0,15.7,6.4,9.6,54,6.1,北北西,0.0,0.45,曇,14.1
2025328,15:00,0.0,15.3,5.8,9.2,53,5.9,北,0.0,0.39,曇,20.0
2025328,16:00,0.0,14.5,5.9,9.2,56,4.7,北,0.0,0.13,曇,20.0
2025328,17:00,0.0,14.0,4.9,8.6,54,6.5,北,0.0,0.17,曇,20.0
2025328,18:00,0.0,12.6,3.3,7.7,53,5.1,北,0.0,0.14,曇,20.0
2025328,19:00,0.0,12.4,3.1,7.6,53,3.9,北北東,0.0,0.01,曇,20.0
2025328,20:00,0.0,12.0,3.5,7.9,56,5.8,北,0.0,0.0,曇,20.0
2025328,21:00,0.0,11.6,2.6,7.4,54,6.6,北,0.0,0.0,曇,20.0
2025328,22:00,0.0,11.4,3.0,7.5,56,4.6,北,0.0,0.0,曇,20.0
2025328,23:00,0.0,10.6,2.9,7.5,59,7.6,北北西,0.0,0.0,曇,20.0
2025328,24:00,0.0,10.1,2.0,7.0,57,6.7,北,0.0,0.0,曇,20.0
2025329,01:00,0.0,9.7,2.1,7.1,59,6.9,北,0.0,0.0,雨,20.0
2025329,02:00,0.0,9.3,1.9,7.0,60,4.7,北,0.0,0.0,曇,20.0
2025329,03:00,0.0,9.1,1.3,6.7,58,3.7,北北東,0.0,0.0,曇,20.0
2025329,04:00,0.0,8.9,0.6,6.4,56,4.3,北,0.0,0.0,曇,20.0
2025329,05:00,0.0,8.8,-0.5,5.9,52,3.3,北,0.0,0.0,曇,20.0
2025329,06:00,0.0,8.4,-1.7,5.4,49,3.3,北,0.0,0.00,晴れ,20.0
2025329,07:00,0.0,8.0,-1.8,5.4,50,2.8,北,0.2,0.12,晴れ,20.0
2025329,08:00,0.0,8.7,-2.0,5.3,47,3.7,北北東,0.9,0.84,晴れ,20.0
2025329,09:00,0.0,9.7,-2.6,5.1,42,4.3,北北東,1.0,1.66,晴れ,20.0
2025329,10:00,0.0,12.1,-2.5,5.1,36,3.5,北北東,1.0,2.31,晴れ,20.0
2025329,11:00,0.0,13.0,-6.0,3.9,26,2.5,北,0.9,2.74,晴れ,20.0
2025329,12:00,0.0,12.8,-6.2,3.8,26,1.1,東南東,0.2,1.49,曇,20.0
2025329,13:00,0.0,12.9,-6.1,3.9,26,2.9,南南西,0.0,0.96,曇,20.0
2025329,14:00,0.0,12.7,-4.0,4.6,31,5.5,西,0.0,0.81,雨,20.0
2025329,15:00,0.0,12.5,-3.3,4.8,33,3.2,北,0.3,1.28,曇,20.0
2025329,16:00,0.0,12.3,-2.7,5.0,35,2.8,南西,0.0,0.61,曇,20.0
2025329,17:00,0.0,12.6,-6.9,3.6,25,6.1,西北西,0.0,0.51,曇,20.0
2025329,18:00,0.0,11.9,-9.1,3.1,22,6.0,西北西,0.0,0.29,曇,20.0
2025329,19:00,0.0,11.5,-10.7,2.7,20,5.9,西北西,0.0,0.02,曇,20.0
2025329,20:00,0.0,10.9,-9.4,3.0,23,3.6,西北西,0.0,0.0,曇,20.0
2025329,21:00,0.0,10.5,-8.7,3.2,25,2.7,北西,0.0,0.0,曇,20.0
2025329,22:00,0.0,9.9,-7.3,3.5,29,3.6,西,0.0,0.0,曇,20.0
2025329,23:00,0.0,9.7,-7.0,3.6,30,2.5,西南西,0.0,0.0,曇,20.0
2025329,24:00,0.0,9.6,-6.7,3.7,31,4.4,南南西,0.0,0.0,曇,20.0
2025330,01:00,0.0,9.4,-5.3,4.1,35,3.4,西北西,0.0,0.0,曇,20.0
2025330,02:00,0.0,7.9,-1.1,5.6,53,5.5,北北西,0.0,0.0,雨,20.0
2025330,03:00,0.0,7.5,-2.0,5.3,51,5.5,北,0.0,0.0,曇,20.0
2025330,04:00,0.0,6.9,-2.8,5.0,50,4.2,北,0.0,0.0,曇,20.0
2025330,05:00,0.0,6.4,-4.4,4.4,46,6.2,北,0.0,0.0,曇,20.0
2025330,06:00,0.0,6.6,-7.4,3.5,36,7.6,北,0.0,0.00,曇,20.0
2025330,07:00,0.0,6.5,-8.6,3.2,33,5.1,北,0.0,0.14,曇,20.0
2025330,08:00,0.0,6.5,-9.0,3.1,32,8.5,北北西,0.6,0.68,晴れ,20.0
2025330,09:00,0.0,7.4,-9.0,3.1,30,7.2,北北西,0.6,1.32,晴れ,20.0
2025330,10:00,0.0,7.5,-9.8,2.9,28,5.1,北,0.6,1.75,晴れ,20.0
2025330,11:00,0.0,8.6,-7.6,3.5,31,7.0,北北西,0.7,2.56,晴れ,20.0
2025330,12:00,0.0,8.9,-6.1,3.9,34,8.5,北北西,0.7,2.68,曇,20.0
2025330,13:00,0.0,9.3,-6.5,3.7,32,4.9,北北西,0.8,2.72,曇,20.0
2025330,14:00,0.0,9.1,-4.1,4.5,39,5.1,北北西,0.5,1.93,曇,20.0
2025330,15:00,0.0,8.4,-4.1,4.5,41,5.6,北北東,0.6,2.04,曇,20.0
2025330,16:00,0.0,8.1,-4.3,4.4,41,6.6,北,0.5,1.36,雨,20.0
2025330,17:00,0.0,7.5,-5.2,4.1,40,5.5,北,0.3,0.81,曇,20.0
2025330,18:00,0.0,6.3,-6.3,3.8,40,5.7,北北東,0.0,0.27,曇,20.0
2025330,19:00,0.0,5.6,-6.6,3.7,41,5.4,北北東,0.0,0.02,曇,20.0
2025330,20:00,0.0,5.3,-5.4,4.1,46,4.5,北北東,0.0,0.0,曇,20.0
2025330,21:00,0.0,5.1,-5.5,4.0,46,4.4,北北東,0.0,0.0,曇,20.0
2025330,22:00,0.0,4.9,-5.2,4.2,48,3.4,北北東,0.0,0.0,曇,20.0
2025330,23:00,0.0,4.5,-4.7,4.3,51,3.0,北北東,0.0,0.0,曇,20.0
2025330,24:00,0.0,4.2,-4.5,4.4,53,2.9,北北東,0.0,0.0,曇,20.0
202541,01:00,0.0,7.2,-1.0,5.7,56,3.3,北北東,0.0,0.0,,
202541,02:00,0.0,7.3,-0.6,5.8,57,3.2,北北東,0.0,0.0,,
202541,03:00,0.0,7.2,-0.5,5.9,58,4.4,北北東,0.0,0.0,曇,25.0
202541,04:00,0.0,7.4,-0.1,6.1,59,3.4,北北東,0.0,0.0,,
202541,05:00,0.0,7.4,0.2,6.2,60,3.6,北北東,0.0,0.0,,
202541,06:00,0.0,7.6,0.4,6.3,60,4.2,北北東,0.0,0.00,曇,30.0
202541,07:00,0.0,7.8,0.3,6.2,59,4.0,北北東,0.0,0.20,,
202541,08:00,0.0,8.5,0.7,6.4,58,3.3,北北東,0.0,0.57,,
202541,09:00,0.0,9.9,1.8,7.0,57,3.9,北北東,0.0,0.93,曇,25.0
202541,10:00,0.0,10.9,2.7,7.4,57,3.3,北北東,0.0,1.34,,
202541,11:00,0.0,12.3,3.5,7.9,55,2.3,北北東,0.0,1.65,,
202541,12:00,0.0,13.8,4.1,8.2,52,2.5,北,0.0,1.67,薄曇,25.0
202541,13:00,0.0,15.2,5.4,9.0,52,1.7,北北東,0.0,1.64,,
202541,14:00,0.0,15.3,6.1,9.4,54,3.8,北,0.1,1.62,,
202541,15:00,0.0,15.1,5.9,9.3,54,4.4,北北東,0.0,1.38,曇,25.0
202541,16:00,0.0,14.6,5.9,9.3,56,4.7,北北東,0.0,0.90,,
202541,17:00,0.0,14.0,6.1,9.4,59,4.1,北北東,0.0,0.44,,
202541,18:00,0.0,13.2,6.1,9.4,62,4.9,北北東,0.0,0.12,曇,25.0
202541,19:00,0.0,12.7,6.1,9.4,64,3.6,北北東,0.0,0.00,,
202541,20:00,0.0,12.3,5.9,9.3,65,2.8,北北東,0.0,0.0,,
202541,21:00,0.0,12.0,6.1,9.4,67,3.7,北北東,0.0,0.0,薄曇,20.0
202541,22:00,0.0,11.9,6.4,9.6,69,3.5,北北東,0.0,0.0,,
202541,23:00,0.0,11.9,6.6,9.8,70,3.2,北北東,0.0,0.0,,
202541,24:00,0.0,11.8,6.7,9.8,71,3.3,北北東,0.0,0.0,,
202542,01:00,0.0,12.0,6.9,10.0,71,3.2,北北東,0.0,0.0,,
202542,02:00,0.0,12.0,6.9,10.0,71,3.7,北北東,0.0,0.0,,
202542,03:00,0.0,11.8,7.3,10.2,74,2.9,北,0.0,0.0,雨,20.0
202542,04:00,0.0,11.3,7.2,10.2,76,2.9,北北東,0.0,0.0,,
202542,05:00,0.0,10.9,6.3,9.5,73,2.6,北,0.0,0.0,,
202542,06:00,0.0,10.8,6.0,9.3,72,1.7,北,0.0,0.01,曇,25.0
202542,07:00,0.0,11.2,6.0,9.3,70,1.3,北,0.0,0.22,,
202542,08:00,0.0,11.7,6.0,9.3,68,1.4,東南東,0.2,0.62,,
202542,09:00,0.0,13.7,6.8,9.9,63,0.9,東北東,0.5,1.50,薄曇,15.0
202542,10:00,0.0,13.8,6.7,9.8,62,1.8,北,0.3,1.28,,
202542,11:00,0.0,16.0,7.5,10.4,57,1.9,西,0.7,2.25,,
202542,12:00,0.0,16.0,7.5,10.4,57,1.8,西,0.1,1.56,曇,15.0
202542,13:00,0.0,14.5,7.6,10.4,63,2.9,南西,0.0,1.00,,
202542,14:00,0.0,13.8,8.4,11.0,70,1.0,西南西,0.0,0.53,,
202542,15:00,0.0,13.6,8.2,10.9,70,1.4,南南西,0.0,0.70,雨,10.0
202542,16:00,0.0,14.5,7.6,10.4,63,2.5,北,0.0,0.75,,
202542,17:00,0.0,14.7,7.0,10.0,60,1.4,北北東,0.2,0.57,,
202542,18:00,0.0,13.9,8.9,11.4,72,1.7,南南西,0.1,0.30,曇,10.0
202542,19:00,0.0,13.3,8.6,11.1,73,1.6,南西,0.0,0.01,,
202542,20:00,0.0,13.4,8.7,11.2,73,0.5,南南西,0.0,0.0,,
202542,21:00,0.0,13.1,7.3,10.3,68,3.0,北東,0.0,0.0,曇,15.0
202542,22:00,0.0,12.6,6.9,9.9,68,2.9,北北東,0.0,0.0,,
202542,23:00,0.0,12.1,6.8,9.9,70,3.2,北北東,0.0,0.0,,
202542,24:00,0.0,11.8,6.9,10.0,72,2.6,北北東,0.0,0.0,,
202543,01:00,0.0,11.4,6.9,10.0,74,3.0,北,0.0,0.0,,
202543,02:00,0.0,11.1,7.0,10.0,76,2.7,北,0.0,0.0,,
202543,03:00,0.0,10.9,6.9,9.9,76,1.9,北北東,0.0,0.0,曇,15.0
202543,04:00,0.5,10.0,8.3,10.9,89,2.6,北北東,0.0,0.0,,
202543,05:00,0.0,9.9,6.4,9.6,79,2.6,北北東,0.0,0.0,,
202543,06:00,0.0,10.3,5.3,8.9,71,1.1,北北東,0.0,0.01,曇,25.0
202543,07:00,0.0,10.8,3.8,8.0,62,1.8,北北東,0.0,0.11,,
202543,08:00,0.0,11.0,3.6,7.9,60,1.4,北,0.0,0.37,,
202543,09:00,0.0,13.6,5.5,9.0,58,1.9,北西,0.9,1.81,晴れ,30.0
202543,10:00,0.0,13.8,4.7,8.5,54,2.0,西北西,0.6,1.94,,
202543,11:00,0.0,13.8,4.4,8.4,53,2.9,南西,0.9,2.89,,
202543,12:00,0.0,14.7,5.0,8.7,52,4.6,南西,0.8,2.91,晴れ,35.0
202543,13:00,0.0,15.0,3.8,8.0,47,4.2,南西,0.7,2.85,,
202543,14:00,0.0,15.0,5.0,8.7,51,3.4,南西,0.3,1.90,,
202543,15:00,0.0,15.0,3.8,8.0,47,3.4,北西,0.5,1.81,晴れ,20.0
202543,16:00,0.0,15.6,2.8,7.4,42,5.2,北北東,1.0,2.34,,
202543,17:00,0.0,13.7,4.3,8.3,53,4.1,北北東,0.7,1.10,,
202543,18:00,0.0,13.1,2.4,7.2,48,4.8,北北西,0.8,0.38,晴れ,25.0
202543,19:00,0.0,11.9,2.4,7.2,52,3.9,北北西,0.0,0.02,,
202543,20:00,0.0,11.1,2.9,7.5,57,2.9,北,0.0,0.0,,
202543,21:00,0.0,10.3,3.6,7.9,63,2.4,北北西,0.0,0.0,快晴,20.0
202543,22:00,0.0,10.0,3.3,7.7,63,3.0,北北西,0.0,0.0,,
202543,23:00,0.0,9.7,3.2,7.7,64,2.2,北北西,0.0,0.0,,
202543,24:00,0.0,9.4,2.9,7.5,64,2.2,北北西,0.0,0.0,,
202544,01:00,0.0,6.1,6.0,9.3,99,1.4,北北西,0.0,0.0,,
202544,02:00,0.0,5.9,5.8,9.2,99,1.0,北西,0.0,0.0,,
202544,03:00,0.0,6.1,5.8,9.2,98,1.6,北西,0.0,0.0,薄曇,15.0
202544,04:00,0.0,5.7,5.6,9.1,99,0.6,北西,0.0,0.0,,
202544,05:00,0.0,5.6,5.5,9.0,99,1.0,北西,0.0,0.00,,
202544,06:00,0.0,5.8,5.8,9.2,100,1.2,西北西,0.0,0.04,晴れ,10.0
202544,07:00,0.0,7.8,6.8,9.8,93,1.3,北東,0.9,0.56,,
202544,08:00,0.0,10.8,7.1,10.1,78,2.4,北西,1.0,1.36,,
202544,09:00,0.0,11.9,5.1,8.8,63,2.5,西北西,1.0,2.09,快晴,15.0
202544,10:00,0.0,14.3,4.0,8.1,50,2.5,北西,1.0,2.70,,
202544,11:00,0.0,14.9,2.5,7.3,43,2.2,南南東,1.0,3.12,,
202544,12:00,0.0,17.1,2.3,7.2,37,4.2,北北西,1.0,3.33,快晴,30.0
202544,13:00,0.0,17.8,2.2,7.1,35,3.7,北西,1.0,3.28,,
202544,14:00,0.0,17.5,0.2,6.2,31,5.3,北西,1.0,2.99,,
202544,15:00,0.0,17.6,-0.1,6.0,30,2.3,北北西,0.8,2.07,晴れ,30.0
202544,16:00,0.0,16.5,0.2,6.2,33,2.8,北西,1.0,1.79,,
202544,17:00,0.0,14.9,-1.2,5.6,33,6.3,北西,0.8,0.88,,
202544,18:00,0.0,13.7,-2.7,5.0,32,4.5,北西,0.7,0.26,晴れ,25.0
202544,19:00,0.0,12.5,0.3,6.2,43,2.3,北北西,0.0,0.00,,
202544,20:00,0.0,11.2,2.5,7.3,55,2.4,北西,0.0,0.0,,
202544,21:00,0.0,10.8,-1.3,5.6,43,2.9,北西,0.0,0.0,快晴,30.0
202544,22:00,0.0,10.4,-1.3,5.5,44,2.9,北西,0.0,0.0,,
202544,23:00,0.0,9.7,-0.5,5.9,49,1.3,北西,0.0,0.0,,
202544,24:00,0.0,9.4,-0.8,5.8,49,3.3,北西,0.0,0.0,,
202545,01:00,0.0,8.7,-0.3,6.0,53,2.0,北北西,0.0,0.0,,
202545,02:00,0.0,8.6,-0.7,5.8,52,2.5,北北西,0.0,0.0,,
202545,03:00,0.0,7.9,-0.3,6.0,56,2.4,北北西,0.0,0.0,快晴,30.0
202545,04:00,0.0,7.8,-0.4,5.9,56,3.7,北西,0.0,0.0,,
202545,05:00,0.0,7.3,-0.2,6.0,59,1.9,北,0.0,0.00,,
202545,06:00,0.0,6.4,0.5,6.3,66,2.4,北,0.2,0.06,快晴,25.0
202545,07:00,0.0,8.0,1.6,6.9,64,1.4,北,1.0,0.61,,
202545,08:00,0.0,10.1,0.7,6.4,52,1.0,東,1.0,1.38,,
202545,09:00,0.0,11.6,0.7,6.4,47,1.7,北,1.0,2.10,快晴,30.0
202545,10:00,0.0,12.9,0.6,6.4,43,2.6,南東,1.0,2.68,,
202545,11:00,0.0,14.5,2.1,7.1,43,2.5,南,1.0,3.05,,
202545,12:00,0.0,15.9,2.7,7.4,41,4.1,南東,0.9,3.04,晴れ,30.0
202545,13:00,0.0,15.7,4.4,8.4,47,5.4,南東,0.9,3.06,,
202545,14:00,0.0,16.3,5.9,9.3,50,5.2,南南東,1.0,2.76,,
202545,15:00,0.0,15.4,5.1,8.7,50,4.6,南南東,1.0,1.95,薄曇,30.0
202545,16:00,0.0,15.3,6.3,9.6,55,6.3,南南東,0.9,1.54,,
202545,17:00,0.0,14.3,6.9,9.9,61,4.4,南東,0.3,0.54,,
202545,18:00,0.0,14.2,6.6,9.7,60,5.4,南東,0.0,0.14,薄曇,30.0
202545,19:00,0.0,13.4,8.1,10.8,70,5.4,南南東,0.0,0.00,,
202545,20:00,0.0,12.8,8.9,11.4,77,3.7,南東,0.0,0.0,,
202545,21:00,0.0,12.2,9.4,11.8,83,2.9,南南東,0.0,0.0,薄曇,30.0
202545,22:00,0.0,12.6,9.8,12.1,83,2.2,南東,0.0,0.0,,
202545,23:00,0.0,12.7,10.3,12.5,85,2.0,南,0.0,0.0,,
202545,24:00,0.0,12.5,10.2,12.5,86,1.2,南西,0.0,0.0,,
202546,01:00,0.0,11.5,10.9,13.0,96,1.8,南,0.0,0.0,,
202546,02:00,0.0,12.1,10.7,12.8,91,2.9,南南東,0.0,0.0,,
202546,03:00,0.0,13.4,10.2,12.5,81,3.5,南南西,0.0,0.0,曇,25.0
202546,04:00,0.0,12.8,8.5,11.1,75,3.0,南南西,0.0,0.0,,
202546,05:00,0.0,12.3,9.1,11.6,81,1.9,南南東,0.0,0.00,,
202546,06:00,0.0,10.9,8.7,11.2,86,2.3,南,0.0,0.03,晴れ,30.0
202546,07:00,0.0,14.4,7.0,10.0,61,2.2,南南西,0.7,0.48,,
202546,08:00,0.0,16.5,6.1,9.4,50,3.2,南南西,1.0,1.46,,
202546,09:00,0.0,18.1,6.9,10.0,48,2.7,南南西,0.9,1.90,薄曇,30.0
202546,10:00,0.0,18.5,7.3,10.2,48,5.2,南,0.9,2.47,,
202546,11:00,0.0,17.8,7.5,10.4,51,6.1,南南西,0.0,1.46,,
202546,12:00,0.0,17.5,9.2,11.6,58,5.5,南,0.0,1.01,曇,30.0
202546,13:00,0.0,16.2,8.9,11.4,62,5.4,南南西,0.0,0.93,,
202546,14:00,0.0,15.1,10.7,12.9,75,5.7,南,0.0,0.68,,
202546,15:00,0.0,17.7,9.9,12.2,60,5.1,南,0.3,1.66,晴れ,30.0
202546,16:00,0.0,17.0,11.1,13.2,68,6.2,南,0.7,1.35,,
202546,17:00,0.0,16.1,11.9,13.9,76,5.4,南,1.0,1.03,,
202546,18:00,0.0,15.2,11.8,13.8,80,4.1,南,0.8,0.32,晴れ,25.0
202546,19:00,0.0,15.0,12.0,14.0,82,5.0,南,0.0,0.00,,
202546,20:00,0.0,15.2,12.3,14.3,83,3.9,南南西,0.0,0.0,,
202546,21:00,0.0,15.2,12.7,14.7,85,4.5,南,0.0,0.0,曇,20.0
202546,22:00,0.0,15.2,12.7,14.7,85,3.5,南南西,0.0,0.0,,
202546,23:00,0.0,14.7,12.6,14.6,87,4.1,南南西,0.0,0.0,,
202546,24:00,0.0,13.5,12.6,14.5,94,1.5,西,0.0,0.0,,
2025415,01:00,0.0,11.3,7.8,10.6,79,5.8,西北西,0.0,0.0,雨,15.6
2025415,02:00,0.5,9.9,6.1,9.4,77,4.0,西,0.0,0.0,雨,20.0
2025415,03:00,0.0,10.5,5.7,9.1,72,4.4,南西,0.0,0.0,曇,20.0
2025415,04:00,0.0,10.2,4.6,8.5,68,5.0,西,0.0,0.0,曇,20.0
2025415,05:00,0.5,9.3,5.3,8.9,76,4.2,西,0.0,0.0,雨,20.0
2025415,06:00,0.0,9.3,4.3,8.3,71,2.4,西南西,0.0,0.01,曇,20.0
2025415,07:00,0.0,9.5,4.1,8.2,69,4.0,西南西,0.0,0.09,曇,20.0
2025415,08:00,0.0,9.4,4.2,8.3,70,4.3,西北西,0.1,0.33,雨,20.0
2025415,09:00,0.0,9.5,4.1,8.2,69,3.3,西北西,0.0,0.32,雨,20.0
2025415,10:00,0.0,9.7,3.9,8.1,67,3.8,西,0.0,0.58,曇,20.0
2025415,11:00,0.0,11.6,4.8,8.6,63,3.0,西北西,0.2,1.11,曇,20.0
2025415,12:00,0.0,10.2,5.0,8.7,70,2.8,北西,0.2,1.43,雨,20.0
2025415,13:00,0.5,12.1,5.5,9.0,64,1.8,北,0.4,2.02,曇,20.0
2025415,14:00,0.0,11.7,3.2,7.7,56,3.4,西,0.4,1.92,曇,20.0
2025415,15:00,0.0,11.5,5.6,9.1,67,3.4,北西,0.2,1.35,晴れ,20.0
2025415,16:00,0.0,12.8,3.5,7.8,53,5.2,西,0.3,1.30,晴れ,20.0
2025415,17:00,0.0,12.3,2.7,7.4,52,5.3,西,0.8,1.37,晴れ,20.0
2025415,18:00,0.0,12.0,2.5,7.3,52,5.0,西南西,0.9,0.59,晴れ,20.0
2025415,19:00,0.0,11.5,2.5,7.3,54,3.5,西南西,0.2,0.08,晴れ,20.0
2025415,20:00,0.0,11.4,3.0,7.5,56,2.8,西南西,0.0,0.00,晴れ,20.0
2025415,21:00,0.0,11.0,3.1,7.6,58,1.7,北北東,0.0,0.0,晴れ,20.0
2025415,22:00,0.0,8.1,4.3,8.3,77,2.2,北東,0.0,0.0,晴れ,20.0
2025415,23:00,0.0,7.1,3.9,8.1,80,1.5,北東,0.0,0.0,晴れ,20.0
2025415,24:00,0.0,7.3,3.4,7.8,76,3.0,東北東,0.0,0.0,晴れ,20.0
2025417,01:00,0.0,12.0,-4.2,4.5,32,1.4,北北西,0.0,0.0,,
2025417,02:00,0.0,12.5,-2.9,4.9,34,1.4,北,0.0,0.0,,
2025417,03:00,0.0,11.9,-2.7,5.0,36,1.3,北北東,0.0,0.0,快晴,30.0
2025417,04:00,0.0,10.7,1.0,6.6,51,1.6,南南東,0.0,0.0,,
2025417,05:00,0.0,10.6,-0.8,5.8,45,1.4,西北西,0.0,0.00,,
2025417,06:00,0.0,12.2,0.6,6.4,45,1.9,北西,0.2,0.14,晴れ,20.0
2025417,07:00,0.0,14.3,0.2,6.2,38,1.8,北北西,0.9,0.67,,
2025417,08:00,0.0,15.6,2.4,7.3,41,1.8,北北西,1.0,1.11,,
2025417,09:00,0.0,17.5,5.5,9.0,45,1.7,南,1.0,1.81,薄曇,15.0
2025417,10:00,0.0,18.7,6.2,9.5,44,2.7,南南東,1.0,2.18,,
2025417,11:00,0.0,20.2,5.1,8.8,37,2.6,南東,1.0,3.06,,
2025417,12:00,0.0,21.2,7.1,10.1,40,2.9,南南東,1.0,3.21,晴れ,15.0
2025417,13:00,0.0,20.8,7.8,10.6,43,4.9,南南東,1.0,3.06,,
2025417,14:00,0.0,22.0,10.2,12.4,47,4.3,南南東,1.0,2.36,,
2025417,15:00,0.0,24.6,10.9,13.0,42,4.8,南,0.6,1.78,薄曇,20.0
2025417,16:00,0.0,24.4,9.2,11.6,38,4.5,南南西,1.0,1.75,,
2025417,17:00,0.0,22.8,8.5,11.1,40,5.2,南南西,1.0,0.98,,
2025417,18:00,0.0,21.4,8.0,10.7,42,4.4,南南西,0.7,0.30,晴れ,20.0
2025417,19:00,0.0,20.8,9.4,11.8,48,4.9,南西,0.0,0.01,,
2025417,20:00,0.0,19.7,10.7,12.9,56,3.5,南西,0.0,0.0,,
2025417,21:00,0.0,18.9,11.7,13.8,63,3.0,南西,0.0,0.0,晴れ,20.0
2025417,22:00,0.0,19.0,12.0,14.1,64,3.7,南南西,0.0,0.0,,
2025417,23:00,0.0,17.9,12.1,14.2,69,3.2,南西,0.0,0.0,,
2025417,24:00,0.0,16.8,12.4,14.3,75,2.3,南南西,0.0,0.0,,
2025422,01:00,0.0,15.2,10.4,12.6,73,2.9,南南東,0.0,0.0,晴れ,20.0
2025422,02:00,0.0,14.8,11.2,13.3,79,2.0,南南東,0.0,0.0,晴れ,20.0
2025422,03:00,0.0,14.5,12.0,14.0,85,1.6,南南東,0.0,0.0,晴れ,20.0
2025422,04:00,0.0,14.4,12.3,14.3,87,1.1,南,0.0,0.0,晴れ,20.0
2025422,05:00,0.0,14.2,12.4,14.4,89,1.5,南,0.0,0.0,晴れ,20.0
2025422,06:00,0.0,14.6,12.6,14.6,88,1.6,西南西,0.5,0.0,晴れ,19.4
2025422,07:00,0.0,16.0,12.0,14.0,77,1.1,北,0.9,0.0,晴れ,20.0
2025422,08:00,0.0,18.1,13.2,15.2,73,1.7,南西,0.3,0.0,晴れ,20.0
2025422,09:00,0.0,19.5,13.5,15.4,68,4.9,南西,0.3,0.0,晴れ,20.0
2025422,10:00,0.0,20.6,12.8,14.8,61,5.8,南南西,0.8,0.0,晴れ,20.0
2025422,11:00,0.0,21.6,13.3,15.2,59,6.4,南西,0.8,0.0,曇,20.0
2025422,12:00,0.0,21.0,12.2,14.2,57,6.8,南,0.6,0.0,曇,20.0
2025422,13:00,0.0,21.7,13.6,15.6,60,6.8,南,1.0,0.0,晴れ,20.0
2025422,14:00,0.0,21.5,13.4,15.4,60,7.9,南南西,1.0,0.0,晴れ,20.0
2025422,15:00,0.0,22.0,13.4,15.3,58,6.7,南南西,1.0,0.0,晴れ,20.0
2025422,16:00,0.0,20.6,12.3,14.3,59,6.1,南南西,0.5,0.0,曇,20.0
2025422,17:00,0.0,19.5,11.5,13.6,60,7.3,南南西,0.0,0.0,曇,20.0
2025422,18:00,0.0,18.7,13.8,15.7,73,6.5,南南西,0.0,0.0,曇,20.0
2025422,19:00,0.0,18.4,14.3,16.3,77,7.4,南南西,0.0,0.0,曇,20.0
2025422,20:00,0.0,18.5,14.4,16.4,77,6.4,南南西,0.0,0.0,曇,20.0
2025422,21:00,0.0,18.4,14.1,16.1,76,5.3,南南西,0.0,0.0,曇,20.0
2025422,22:00,0.0,18.6,13.9,15.9,74,5.3,南南西,0.0,0.0,曇,20.0
2025422,23:00,0.0,18.5,14.4,16.4,77,5.5,南南西,0.0,0.0,曇,20.0
2025422,24:00,0.0,18.2,14.9,16.9,81,4.9,南南西,0.0,0.0,曇,20.0
2025423,01:00,0.0,18.1,14.4,16.4,79,4.9,南南西,0.0,0.0,曇,20.0
2025423,02:00,0.0,17.7,14.0,16.0,79,4.1,南南西,0.0,0.0,雨,12.2
2025423,03:00,0.0,17.2,14.5,16.5,84,4.1,南南西,0.0,0.0,雨,12.9
2025423,04:00,0.0,16.6,10.7,12.8,68,6.2,南南西,0.0,0.0,雨,20.0
2025423,05:00,0.0,15.3,12.8,14.8,85,3.9,南,0.0,0.0,雨,20.0
2025423,06:00,0.5,15.4,13.8,15.7,90,4.1,南,0.0,0.0,雨,13.7
2025423,07:00,0.0,16.1,14.6,16.7,91,5.4,南南東,0.0,0.0,雨,15.1
2025423,08:00,0.5,16.4,15.6,17.7,95,5.8,南南東,0.0,0.0,雨,2.72
2025423,09:00,2.5,16.8,16.3,18.6,97,4.4,南南東,0.0,0.0,雨,1.71
2025423,10:00,4.0,17.3,17.0,19.4,98,5.3,南南東,0.0,0.0,雨,1.80
2025423,11:00,3.0,17.7,17.4,19.8,98,7.0,南南東,0.0,0.0,雨,2.31
2025423,12:00,3.5,18.1,17.9,20.6,99,5.5,南南東,0.0,0.0,雨,2.23
2025423,13:00,4.5,18.5,18.3,21.1,99,5.1,南南東,0.0,0.0,雨,2.33
2025423,14:00,2.5,19.0,18.7,21.5,98,4.6,南西,0.0,0.0,雨,2.54
2025423,15:00,1.0,19.6,19.3,22.4,98,1.5,南南西,0.0,0.0,雨,1.53
2025423,16:00,0.5,17.8,17.5,20.0,98,4.5,北北西,0.0,0.0,雨,0.94
2025423,17:00,0.5,17.4,17.1,19.5,98,3.9,北北西,0.0,0.0,雨,7.31
2025423,18:00,0.0,17.4,16.9,19.3,97,3.9,北北西,0.0,0.0,曇,14.6
2025423,19:00,0.0,17.6,17.0,19.3,96,3.4,北北西,0.0,0.0,曇,20.0
2025423,20:00,0.0,17.8,16.8,19.2,94,3.3,北,0.0,0.0,曇,20.0
2025423,21:00,0.0,17.9,16.9,19.3,94,2.4,北,0.0,0.0,曇,20.0
2025423,22:00,0.0,17.8,16.5,18.8,92,3.7,北,0.0,0.0,曇,16.9
2025423,23:00,0.0,17.4,16.4,18.7,94,2.0,北,0.0,0.0,曇,12.6
2025423,24:00,0.0,17.8,16.5,18.8,92,1.7,北北西,0.0,0.0,曇,15.8
2025424,01:00,0.0,17.4,16.4,18.7,94,1.6,北,0.0,0.0,曇,10.9
2025424,02:00,0.0,17.4,16.4,18.7,94,0.4,北東,0.0,0.0,曇,6.32
2025424,03:00,0.0,17.7,16.7,19.0,94,1.0,東北東,0.0,0.0,曇,6.98
2025424,04:00,0.0,17.7,16.9,19.2,95,1.5,北北西,0.0,0.0,曇,7.55
2025424,05:00,0.0,17.4,16.4,18.7,94,1.4,北,0.0,0.0,曇,6.88
2025424,06:00,0.0,18.0,16.7,19.0,92,1.8,北,0.0,0.0,曇,7.83
2025424,07:00,0.0,18.5,16.7,19.0,89,0.3,南南東,0.0,0.0,曇,8.61
2025424,08:00,0.0,18.4,16.7,19.0,90,1.7,東,0.0,0.0,曇,7.31
2025424,09:00,0.0,19.3,16.7,19.0,85,2.4,東南東,0.1,0.0,曇,7.43
2025424,10:00,0.0,20.3,16.9,19.3,81,3.3,東南東,0.5,0.0,曇,7.88
2025424,11:00,0.0,21.2,16.4,18.6,74,3.0,東,0.6,0.0,晴れ,10.8
2025424,12:00,0.0,21.8,15.9,18.0,69,2.8,東南東,0.7,0.0,晴れ,14.2
2025424,13:00,0.0,22.6,16.9,19.2,70,2.6,東南東,0.0,0.0,曇,12.2
2025424,14:00,0.0,22.7,17.4,19.9,72,3.9,南南東,0.5,0.0,曇,11.8
2025424,15:00,0.0,22.7,16.7,19.0,69,4.2,南南西,1.0,0.0,晴れ,19.8
2025424,16:00,0.0,20.9,16.3,18.5,75,4.1,南南西,0.2,0.0,曇,20.0
2025424,17:00,0.0,19.8,15.7,17.8,77,3.1,南,0.0,0.0,曇,20.0
2025424,18:00,0.0,19.0,15.7,17.8,81,3.0,南西,0.0,0.0,曇,20.0
2025424,19:00,0.0,18.5,15.6,17.7,83,2.9,南西,0.0,0.0,曇,18.9
2025424,20:00,0.0,17.9,15.4,17.4,85,2.9,南西,0.0,0.0,曇,15.0
2025424,21:00,0.0,17.9,15.0,17.0,83,3.4,南南東,0.0,0.0,曇,14.5
2025424,22:00,0.0,17.4,14.9,16.9,85,3.0,南南東,0.0,0.0,曇,20.0
2025424,23:00,0.0,17.3,14.8,16.8,85,2.8,南,0.0,0.0,雨,15.1
2025424,24:00,0.0,16.9,15.3,17.3,90,2.6,南南東,0.0,0.0,雨,16.7
2025429,01:00,0.0,12.1,10.9,13.0,92,2.8,北北西,0.0,0.0,晴れ,19.9
2025429,02:00,0.0,11.9,11.3,13.4,96,2.4,北北西,0.0,0.0,晴れ,11.6
2025429,03:00,0.0,11.7,10.6,12.8,93,1.7,北北東,0.0,0.0,晴れ,14.8
2025429,04:00,0.0,12.2,10.5,12.6,89,4.2,北西,0.0,0.0,晴れ,16.5
2025429,05:00,0.0,12.3,8.4,11.0,77,5.7,西北西,0.0,0.00,晴れ,15.1
2025429,06:00,0.0,12.3,8.6,11.2,78,2.2,北北西,0.4,0.15,晴れ,16.0
2025429,07:00,0.0,13.3,6.0,9.3,61,4.7,北西,1.0,0.77,晴れ,18.1
2025429,08:00,0.0,14.9,4.6,8.5,50,6.0,北北西,0.9,1.68,晴れ,20.0
2025429,09:00,0.0,16.0,5.0,8.7,48,6.1,西北西,0.8,2.16,晴れ,20.0
2025429,10:00,0.0,16.6,3.0,7.6,40,6.8,北北西,1.0,2.92,晴れ,20.0
2025429,11:00,0.0,17.6,2.8,7.4,37,7.1,北西,0.9,3.32,晴れ,20.0
2025429,12:00,0.0,17.7,2.1,7.1,35,6.4,北西,0.8,3.03,晴れ,20.0
2025429,13:00,0.0,18.1,4.3,8.3,40,7.9,北西,0.8,3.04,晴れ,20.0
2025429,14:00,0.0,18.0,2.7,7.4,36,5.8,北西,0.9,2.93,晴れ,19.7
2025429,15:00,0.0,17.8,0.0,6.1,30,6.2,北北西,1.0,2.66,晴れ,20.0
2025429,16:00,0.0,16.5,0.2,6.2,33,8.3,北北西,0.8,1.65,晴れ,19.1
2025429,17:00,0.0,15.8,0.4,6.3,35,8.0,北西,0.8,1.02,晴れ,17.6
2025429,18:00,0.0,14.8,0.3,6.2,37,7.3,北北西,0.9,0.48,晴れ,17.4
2025429,19:00,0.0,13.9,0.5,6.4,40,7.4,北北西,0.2,0.05,晴れ,16.0
2025429,20:00,0.0,13.4,0.8,6.5,42,6.0,北西,0.0,0.00,晴れ,15.7
2025429,21:00,0.0,12.8,0.6,6.4,43,5.9,北北西,0.0,0.0,晴れ,15.3
2025429,22:00,0.0,12.3,0.7,6.4,45,4.9,北北西,0.0,0.0,晴れ,14.8
2025429,23:00,0.0,11.9,1.0,6.5,47,4.5,北西,0.0,0.0,晴れ,15.1
2025429,24:00,0.0,11.6,1.0,6.6,48,3.7,北西,0.0,0.0,晴れ,14.3
2025430,01:00,0.0,10.9,2.0,7.0,54,3.8,北北西,0.0,0.0,晴れ,13.8
2025430,02:00,0.0,10.3,1.9,7.0,56,2.7,北北西,0.0,0.0,晴れ,12.8
2025430,03:00,0.0,9.8,2.6,7.4,61,2.5,北西,0.0,0.0,晴れ,13.3
2025430,04:00,0.0,9.5,3.7,8.0,67,2.8,北西,0.0,0.0,晴れ,12.7
2025430,05:00,0.0,9.0,3.6,7.9,69,3.3,北北西,0.0,0.00,晴れ,12.1
2025430,06:00,0.0,9.8,3.3,7.8,64,2.9,北西,0.7,0.18,晴れ,12.3
2025430,07:00,0.0,11.5,2.8,7.5,55,2.8,北北西,1.0,0.81,晴れ,12.0
2025430,08:00,0.0,13.6,0.3,6.2,40,5.2,北北西,1.0,1.61,晴れ,12.8
2025430,09:00,0.0,16.2,-0.9,5.7,31,4.1,北北西,1.0,2.34,晴れ,16.0
2025430,10:00,0.0,17.8,-3.0,4.9,24,5.1,北西,1.0,2.94,晴れ,17.2
2025430,11:00,0.0,20.2,-1.6,5.4,23,4.5,北西,1.0,3.35,晴れ,19.2
2025430,12:00,0.0,22.0,0.0,6.1,23,3.3,北北西,1.0,3.54,晴れ,19.4
2025430,13:00,0.0,23.7,2.0,7.0,24,3.2,北西,1.0,3.50,晴れ,20.0
2025430,14:00,0.0,25.3,3.9,8.1,25,3.4,西,1.0,3.21,晴れ,19.8
2025430,15:00,0.0,25.4,4.0,8.1,25,3.6,西北西,1.0,2.71,晴れ,18.3
2025430,16:00,0.0,24.9,3.0,7.6,24,3.1,西北西,1.0,2.04,晴れ,18.1
2025430,17:00,0.0,24.6,3.9,8.0,26,3.4,西,1.0,1.28,晴れ,17.6
2025430,18:00,0.0,23.0,4.0,8.1,29,3.0,西南西,1.0,0.56,晴れ,17.9
2025430,19:00,0.0,21.6,3.3,7.7,30,1.3,北北西,0.1,0.07,,×
2025430,20:00,0.0,18.9,3.9,8.1,37,3.9,南東,0.0,0.00,晴れ,18.1
2025430,21:00,0.0,18.1,3.6,7.9,38,4.2,南東,0.0,0.0,晴れ,20.0
2025430,22:00,0.0,17.3,4.3,8.3,42,3.2,南南東,0.0,0.0,晴れ,19.6
2025430,23:00,0.0,16.5,5.2,8.8,47,2.8,南南東,0.0,0.0,晴れ,18.5
2025430,24:00,0.0,16.0,5.9,9.3,51,1.2,東北東,0.0,0.0,晴れ,17.6
202551,01:00,0.0,14.7,6.5,9.7,58,1.0,北北西,0.0,0.0,晴れ,16.8
202551,02:00,0.0,14.2,6.8,9.9,61,1.6,北,0.0,0.0,晴れ,15.9
202551,03:00,0.0,13.4,7.2,10.1,66,1.2,東南東,0.0,0.0,晴れ,16.5
202551,04:00,0.0,12.6,7.3,10.2,70,1.8,南東,0.0,0.0,晴れ,15.8
202551,05:00,0.0,12.5,7.0,10.0,69,1.5,南東,0.0,0.00,晴れ,16.7
202551,06:00,0.0,13.2,6.1,9.4,62,0.3,南南東,0.6,0.16,晴れ,17.8
202551,07:00,0.0,15.3,6.9,9.9,57,0.3,西南西,1.0,0.78,晴れ,15.9
202551,08:00,0.0,17.9,7.4,10.3,50,1.3,南西,1.0,1.58,晴れ,15.9
202551,09:00,0.0,20.6,9.8,12.1,50,2.7,南南東,1.0,2.36,晴れ,19.1
202551,10:00,0.0,22.4,11.2,13.3,49,4.0,南,1.0,3.03,晴れ,17.6
202551,11:00,0.0,22.1,10.9,13.0,49,5.1,南南東,0.7,2.53,曇,20.0
202551,12:00,0.0,23.1,10.5,12.7,45,4.9,南南東,1.0,3.11,晴れ,19.4
202551,13:00,0.0,23.2,10.6,12.8,45,6.8,南南東,1.0,3.18,晴れ,20.0
202551,14:00,0.0,23.2,10.6,12.8,45,6.2,南南東,1.0,2.86,晴れ,20.0
202551,15:00,0.0,22.0,11.4,13.5,51,4.9,南南東,0.5,1.66,曇,20.0
202551,16:00,0.0,21.8,11.2,13.3,51,6.8,南南東,0.8,1.56,曇,20.0
202551,17:00,0.0,20.9,12.6,14.6,59,7.9,南南東,0.9,1.46,晴れ,18.9
202551,18:00,0.0,20.5,12.5,14.5,60,6.1,南南東,0.5,0.59,曇,20.0
202551,19:00,0.0,19.7,10.2,12.4,54,5.3,南東,0.0,0.04,曇,20.0
202551,20:00,0.0,19.4,10.7,12.8,57,4.1,南東,0.0,0.00,曇,20.0
202551,21:00,0.0,18.5,11.6,13.6,64,3.9,南東,0.0,0.0,曇,20.0
202551,22:00,0.0,18.1,11.9,13.9,67,3.6,南東,0.0,0.0,曇,19.8
202551,23:00,0.0,18.1,11.7,13.7,66,3.3,南東,0.0,0.0,曇,20.0
202551,24:00,0.0,18.3,10.2,12.4,59,4.0,南東,0.0,0.0,曇,20.0
202555,01:00,0.0,14.2,10.6,12.8,79,1.6,北東,0.0,0.0,,
202555,02:00,0.0,14.0,9.5,11.8,74,0.8,北,0.0,0.0,,
202555,03:00,0.0,13.3,7.3,10.2,67,2.1,北西,0.0,0.0,晴れ,25.0
202555,04:00,0.0,12.4,7.3,10.2,71,0.9,西,0.0,0.0,,
202555,05:00,0.0,12.0,6.1,9.4,67,1.1,北北東,0.0,0.01,,
202555,06:00,0.0,13.8,6.9,9.9,63,1.7,北西,0.0,0.24,薄曇,25.0
202555,07:00,0.0,16.1,5.7,9.1,50,1.0,西北西,0.7,0.81,,
202555,08:00,0.0,17.0,4.4,8.3,43,0.9,西南西,0.9,1.46,,
202555,09:00,0.0,18.0,7.4,10.3,50,2.5,南南東,0.6,1.70,晴れ,30.0
202555,10:00,0.0,19.8,11.3,13.4,58,2.7,東南東,1.0,2.78,,
202555,11:00,0.0,20.5,11.4,13.5,56,2.0,南東,1.0,3.28,,
202555,12:00,0.0,21.3,7.5,10.4,41,4.4,南南東,1.0,3.52,晴れ,30.0
202555,13:00,0.0,21.8,9.7,12.0,46,4.9,南南東,1.0,3.40,,
202555,14:00,0.0,22.6,9.4,11.8,43,5.2,南南東,1.0,3.07,,
202555,15:00,0.0,22.2,11.3,13.4,50,4.8,南南東,0.9,2.44,晴れ,30.0
202555,16:00,0.0,21.4,11.2,13.3,52,5.1,南南東,0.8,1.55,,
202555,17:00,0.0,20.2,10.6,12.8,54,6.7,南南東,0.8,0.93,,
202555,18:00,0.0,19.4,11.9,14.0,62,4.7,南南東,0.2,0.32,薄曇,35.0
202555,19:00,0.0,18.6,10.5,12.6,59,5.9,南南東,0.0,0.02,,
202555,20:00,0.0,17.6,8.5,11.1,55,3.9,南,0.0,0.0,,
202555,21:00,0.0,17.4,9.3,11.7,59,3.8,南,0.0,0.0,薄曇,30.0
202555,22:00,0.0,17.1,9.5,11.9,61,4.7,南,0.0,0.0,,
202555,23:00,0.0,17.5,10.6,12.8,64,3.7,南,0.0,0.0,,
202555,24:00,0.0,17.3,10.9,13.0,66,4.4,南南東,0.0,0.0,,
202556,01:00,0.0,17.7,10.3,12.6,62,3.3,南,0.0,0.0,,
202556,02:00,0.0,17.8,9.4,11.8,58,3.4,南,0.0,0.0,,
202556,03:00,0.0,17.3,10.0,12.2,62,1.8,南,0.0,0.0,曇,30.0
202556,04:00,0.0,17.6,9.5,11.9,59,2.9,南,0.0,0.0,,
202556,05:00,0.0,17.7,9.9,12.2,60,2.9,南,0.0,0.00,,
202556,06:00,0.0,17.2,10.6,12.8,65,3.1,南南西,0.0,0.07,雨,25.0
202556,07:00,0.0,15.3,12.3,14.3,82,3.2,南,0.0,0.11,,
202556,08:00,1.0,14.0,13.2,15.2,95,2.1,南西,0.0,0.11,,
202556,09:00,3.5,13.6,13.3,15.3,98,1.5,西南西,0.0,0.13,雨,9.00
202556,10:00,3.5,13.4,13.1,15.1,98,1.5,西北西,0.0,0.17,,
202556,11:00,3.5,13.0,12.7,14.7,98,2.2,北東,0.0,0.17,,
202556,12:00,2.5,13.8,13.2,15.1,96,3.2,北北東,0.0,0.38,雨,7.00
202556,13:00,2.0,13.8,13.3,15.3,97,1.5,北,0.0,0.30,,
202556,14:00,2.0,14.2,13.7,15.7,97,1.7,北,0.0,0.44,,
202556,15:00,4.0,14.5,14.4,16.3,99,3.1,北北東,0.0,0.37,雨,3.00
202556,16:00,1.0,14.2,13.7,15.7,97,2.8,北北東,0.0,0.42,,
202556,17:00,0.5,14.1,13.6,15.6,97,2.8,北北東,0.0,0.25,,
202556,18:00,0.0,14.3,14.0,16.0,98,1.8,北北東,0.0,0.04,雨,15.0
202556,19:00,0.0,14.0,13.7,15.7,98,1.8,北北西,0.0,0.00,,
202556,20:00,0.0,13.7,13.6,15.5,99,3.0,北西,0.0,0.0,,
202556,21:00,0.5,13.5,13.4,15.3,99,3.1,北北西,0.0,0.0,雨,3.00
202556,22:00,0.0,13.6,13.5,15.4,99,2.6,北西,0.0,0.0,,
202556,23:00,0.5,13.6,13.6,15.6,100,1.6,北北西,0.0,0.0,,
202556,24:00,0.0,13.6,13.5,15.4,99,2.8,北西,0.0,0.0,,
202557,01:00,0.0,12.9,12.8,14.7,99,2.5,北西,0.0,0.0,,
202557,02:00,0.0,13.4,13.4,15.4,100,2.0,北西,0.0,0.0,,
202557,03:00,2.5,13.5,13.4,15.3,99,2.7,西北西,0.0,0.0,雨,4.00
202557,04:00,1.0,13.1,13.1,15.1,100,1.1,西北西,0.0,0.0,,
202557,05:00,0.0,13.6,13.6,15.6,100,4.8,西北西,0.0,0.00,,
202557,06:00,0.0,14.1,14.1,16.1,100,1.7,西南西,0.1,0.20,晴れ,25.0
202557,07:00,0.0,15.4,14.6,16.6,95,3.0,北西,1.0,1.06,,
202557,08:00,0.0,17.4,10.1,12.3,62,5.3,北西,1.0,1.81,,
202557,09:00,0.0,20.0,12.3,14.3,61,4.9,北西,1.0,2.50,快晴,40.0
202557,10:00,0.0,20.9,10.1,12.4,50,6.4,北西,1.0,3.02,,
202557,11:00,0.0,22.0,9.5,11.9,45,6.0,北西,1.0,3.40,,
202557,12:00,0.0,22.1,9.0,11.4,43,4.8,北西,1.0,3.49,晴れ,40.0
202557,13:00,0.0,21.7,8.2,10.9,42,5.5,北北西,1.0,3.44,,
202557,14:00,0.0,22.3,6.9,10.0,37,5.0,北北西,1.0,3.07,,
202557,15:00,0.0,22.2,6.8,9.9,37,3.7,北西,1.0,2.56,薄曇,30.0
202557,16:00,0.0,21.5,6.6,9.7,38,3.2,北西,0.8,1.77,,
202557,17:00,0.0,20.9,5.7,9.1,37,3.0,北北西,0.0,0.49,,
202557,18:00,0.0,19.9,4.4,8.4,36,1.8,東北東,0.0,0.11,曇,30.0
202557,19:00,0.0,17.9,11.7,13.7,67,3.8,南南東,0.0,0.01,,
202557,20:00,0.0,17.8,11.6,13.7,67,3.3,南南東,0.0,0.00,,
202557,21:00,0.0,17.3,11.4,13.4,68,2.5,南東,0.0,0.0,雨,30.0
202557,22:00,0.0,16.9,11.8,13.9,72,2.8,南南東,0.0,0.0,,
202557,23:00,0.0,16.5,5.8,9.2,49,3.1,西北西,0.0,0.0,,
202557,24:00,0.0,16.0,6.7,9.8,54,1.5,西北西,0.0,0.0,,
2025513,01:00,0.0,14.6,13.2,15.1,91,2.4,南,0.0,0.0,曇,11.8
2025513,02:00,0.0,14.3,13.0,15.0,92,2.4,南,0.0,0.0,曇,9.43
2025513,03:00,0.0,14.3,12.9,14.8,91,2.4,南西,0.0,0.0,曇,13.9
2025513,04:00,0.0,14.1,12.8,14.8,92,2.2,南,0.0,0.0,曇,12.7
2025513,05:00,0.0,14.0,12.7,14.7,92,2.0,南南西,0.0,0.02,曇,13.8
2025513,06:00,0.0,14.2,12.6,14.6,90,1.8,南南西,0.0,0.19,曇,13.1
2025513,07:00,0.0,15.8,12.6,14.5,81,2.6,南南西,0.9,0.96,晴れ,17.8
2025513,08:00,0.0,16.9,12.2,14.2,74,2.5,南西,1.0,1.72,晴れ,20.0
2025513,09:00,0.0,18.0,12.0,14.0,68,3.0,南南西,1.0,2.43,晴れ,20.0
2025513,10:00,0.0,19.6,12.1,14.1,62,3.0,南南西,1.0,2.96,晴れ,20.0
2025513,11:00,0.0,20.8,10.3,12.5,51,2.9,南西,1.0,3.30,晴れ,20.0
2025513,12:00,0.0,21.3,9.2,11.7,46,1.9,西南西,1.0,3.47,晴れ,20.0
2025513,13:00,0.0,21.9,9.1,11.6,44,3.3,西北西,1.0,3.41,晴れ,20.0
2025513,14:00,0.0,21.9,7.7,10.5,40,3.3,西北西,1.0,3.16,晴れ,20.0
2025513,15:00,0.0,22.7,6.5,9.7,35,3.1,西南西,1.0,2.69,晴れ,20.0
2025513,16:00,0.0,22.2,6.4,9.6,36,3.0,西北西,1.0,2.04,晴れ,20.0
2025513,17:00,0.0,19.4,11.2,13.3,59,3.5,北西,1.0,1.28,晴れ,20.0
2025513,18:00,0.0,18.1,9.7,12.0,58,1.2,北,1.0,0.57,晴れ,20.0
2025513,19:00,0.0,16.7,9.6,12.0,63,1.0,北西,0.1,0.08,晴れ,20.0
2025513,20:00,0.0,16.6,10.2,12.5,66,1.5,東北東,0.0,0.00,晴れ,20.0
2025513,21:00,0.0,16.7,8.9,11.4,60,1.2,北北東,0.0,0.0,曇,20.0
2025513,22:00,0.0,15.1,8.8,11.3,66,1.0,東,0.0,0.0,曇,20.0
2025513,23:00,0.0,15.1,9.3,11.7,68,0.8,東南東,0.0,0.0,曇,20.0
2025513,24:00,0.0,14.2,10.1,12.3,76,1.3,南南東,0.0,0.0,曇,16.1
2025515,01:00,0.0,17.9,17.1,19.5,95,1.4,南南西,0.0,0.0,晴れ,9.83
2025515,02:00,0.0,17.8,17.2,19.6,96,1.5,南西,0.0,0.0,晴れ,7.26
2025515,03:00,0.0,17.2,16.9,19.2,98,1.0,西南西,0.0,0.0,晴れ,4.43
2025515,04:00,0.0,17.0,16.7,19.0,98,1.9,南西,0.0,0.0,晴れ,4.42
2025515,05:00,0.0,16.9,16.6,18.9,98,1.2,南西,0.0,0.0,晴れ,3.26
2025515,06:00,0.0,17.8,17.2,19.6,96,0.7,南東,0.0,0.0,曇,5.97
2025515,07:00,0.0,18.5,17.0,19.4,91,1.3,北,0.7,0.0,晴れ,9.76
2025515,08:00,0.0,20.5,16.9,19.3,80,1.4,東北東,1.0,0.0,晴れ,13.7
2025515,09:00,0.0,21.3,16.3,18.5,73,2.2,南南東,0.8,0.0,曇,17.3
2025515,10:00,0.0,22.9,15.3,17.3,62,2.1,東南東,0.8,0.0,曇,20.0
2025515,11:00,0.0,24.2,14.3,16.3,54,2.6,南南東,0.9,0.0,曇,20.0
2025515,12:00,0.0,24.6,15.3,17.3,56,3.1,南南東,0.7,0.0,曇,20.0
2025515,13:00,0.0,24.8,12.7,14.7,47,4.0,南南東,0.9,0.0,曇,20.0
2025515,14:00,0.0,24.8,13.7,15.7,50,3.7,南,0.6,0.0,曇,20.0
2025515,15:00,0.0,23.7,14.4,16.4,56,3.3,南南西,0.3,0.0,曇,20.0
2025515,16:00,0.0,22.7,14.6,16.6,60,4.4,南南西,0.4,0.0,曇,20.0
2025515,17:00,0.0,21.5,14.7,16.7,65,4.5,南南西,0.4,0.0,曇,20.0
2025515,18:00,0.0,21.1,15.9,18.0,72,3.3,南,0.0,0.0,曇,20.0
2025515,19:00,0.0,20.6,16.6,18.9,78,4.1,南,0.0,0.0,曇,20.0
2025515,20:00,0.0,20.1,17.1,19.5,83,2.9,南南西,0.0,0.0,曇,20.0
2025515,21:00,0.0,20.1,17.3,19.8,84,4.1,南南西,0.0,0.0,曇,20.0
2025515,22:00,0.0,19.7,17.3,19.7,86,3.6,南南西,0.0,0.0,曇,20.0
2025515,23:00,0.0,19.3,17.1,19.5,87,3.3,南南西,0.0,0.0,曇,20.0
2025515,24:00,0.0,19.2,16.6,18.9,85,1.9,南南西,0.0,0.0,曇,20.0
2025523,01:00,0.0,20.1,14.7,16.7,71,4.2,北西,0.0,0.0,晴れ,20.0
2025523,02:00,0.0,19.7,14.3,16.3,71,3.9,北北西,0.0,0.0,晴れ,20.0
2025523,03:00,0.0,19.3,14.1,16.1,72,4.2,北北西,0.0,0.0,曇,20.0
2025523,04:00,0.0,19.1,13.9,15.9,72,3.7,北北西,0.0,0.0,晴れ,20.0
2025523,05:00,0.0,18.9,13.3,15.3,70,3.9,北北西,0.0,0.01,曇,20.0
2025523,06:00,0.0,19.1,13.3,15.3,69,4.0,北北西,0.0,0.21,曇,20.0
2025523,07:00,0.0,19.8,13.0,15.0,65,3.5,北西,0.1,0.54,曇,20.0
2025523,08:00,0.0,21.0,12.4,14.4,58,2.8,北西,0.0,0.66,曇,20.0
2025523,09:00,0.0,21.8,11.8,13.8,53,2.3,北北東,0.0,1.05,曇,20.0
2025523,10:00,0.0,22.2,13.0,15.0,56,2.2,南東,0.0,1.16,曇,20.0
2025523,11:00,0.0,23.5,14.0,15.9,55,3.2,南南東,0.2,1.99,曇,20.0
2025523,12:00,0.0,23.7,15.5,17.6,60,3.8,南南東,0.0,1.44,曇,20.0
2025523,13:00,0.0,23.3,15.6,17.7,62,4.6,南,0.0,1.39,曇,20.0
2025523,14:00,0.0,23.9,15.4,17.5,59,4.1,南,0.5,2.25,曇,19.4
2025523,15:00,0.0,23.5,15.3,17.4,60,4.3,南南東,0.4,1.77,曇,20.0
2025523,16:00,0.0,23.0,14.8,16.9,60,4.3,南南東,0.2,1.26,曇,19.9
2025523,17:00,0.0,22.4,15.5,17.6,65,3.9,南南東,0.0,0.57,曇,18.3
2025523,18:00,0.0,21.5,15.1,17.2,67,3.4,南南東,0.1,0.43,曇,20.0
2025523,19:00,0.0,21.1,14.8,16.8,67,5.0,南南西,0.0,0.07,曇,18.3
2025523,20:00,0.0,21.2,14.4,16.4,65,3.9,南,0.0,0.00,曇,18.4
2025523,21:00,0.0,21.3,14.2,16.2,64,3.1,南南西,0.0,0.0,曇,18.0
2025523,22:00,0.0,21.0,13.9,15.9,64,3.4,南,0.0,0.0,曇,17.5
2025523,23:00,0.0,20.9,12.9,14.8,60,2.6,南,0.0,0.0,曇,19.5
2025523,24:00,0.0,20.7,12.9,14.9,61,3.1,南,0.0,0.0,曇,19.1
2025524,01:00,0.0,20.4,12.4,14.4,60,3.2,南,0.0,0.0,曇,19.5
2025524,02:00,0.0,20.2,11.7,13.7,58,2.6,南,0.0,0.0,曇,19.9
2025524,03:00,0.0,19.7,9.6,11.9,52,2.8,南南東,0.0,0.0,曇,20.0
2025524,04:00,0.0,19.6,9.8,12.1,53,2.6,南,0.0,0.0,曇,20.0
2025524,05:00,0.0,19.4,10.2,12.4,55,2.8,南,0.0,0.00,曇,20.0
2025524,06:00,0.0,19.4,10.7,12.8,57,1.8,南,0.0,0.05,曇,20.0
2025524,07:00,0.0,19.4,10.9,13.1,58,1.9,南南東,0.0,0.21,曇,20.0
2025524,08:00,0.0,19.6,11.6,13.7,60,2.5,南南東,0.0,0.33,曇,20.0
2025524,09:00,0.0,20.0,12.5,14.5,62,1.7,南西,0.0,0.46,雨,20.0
2025524,10:00,0.0,19.9,12.7,14.6,63,2.6,南南西,0.0,0.37,曇,19.0
2025524,11:00,0.0,20.5,12.7,14.7,61,1.8,東,0.0,0.77,曇,18.1
2025524,12:00,0.0,20.6,12.6,14.6,60,1.4,南東,0.0,0.71,曇,17.7
2025524,13:00,0.0,20.8,13.0,15.0,61,1.2,西北西,0.0,0.73,雨,17.3
2025524,14:00,0.0,19.9,14.3,16.3,70,1.0,東,0.0,0.48,雨,10.9
2025524,15:00,0.0,18.9,15.2,17.3,79,2.6,北北東,0.0,0.42,雨,8.10
2025524,16:00,1.0,17.9,15.4,17.4,85,1.9,東北東,0.0,0.34,雨,5.44
2025524,17:00,3.0,17.3,15.5,17.6,89,0.7,東北東,0.0,0.18,雨,6.88
2025524,18:00,0.0,17.1,16.0,18.1,93,1.1,南東,0.0,0.07,雨,5.53
2025524,19:00,0.5,17.4,16.1,18.3,92,0.5,北北西,0.0,0.00,雨,7.92
2025524,20:00,0.0,17.3,16.5,18.8,95,1.5,西南西,0.0,0.00,雨,4.38
2025524,21:00,2.0,17.1,16.8,19.1,98,2.6,北北西,0.0,0.0,雨,2.12
2025524,22:00,2.5,16.8,16.7,18.9,99,1.9,北西,0.0,0.0,雨,1.73
2025524,23:00,4.5,16.7,16.7,19.0,100,1.9,北北西,0.0,0.0,雨,1.55
2025524,24:00,6.5,16.8,16.7,18.9,99,2.4,北北東,0.0,0.0,雨,1.74
2025525,01:00,12.5,16.7,16.7,19.0,100,3.2,北西,0.0,0.0,雨,1.35
2025525,02:00,3.5,16.6,16.6,18.9,100,2.9,西北西,0.0,0.0,雨,2.85
2025525,03:00,1.5,17.0,17.0,19.4,100,2.5,北北西,0.0,0.0,雨,2.48
2025525,04:00,1.0,17.0,17.0,19.4,100,2.5,北北西,0.0,0.0,雨,1.61
2025525,05:00,0.0,17.3,17.3,19.7,100,1.6,北,0.0,0.00,雨,1.49
2025525,06:00,0.0,17.7,17.7,20.3,100,2.2,北西,0.0,0.03,雨,3.86
2025525,07:00,0.0,18.5,18.3,21.1,99,0.5,東,0.0,0.24,曇,4.29
2025525,08:00,0.0,19.3,18.7,21.5,96,0.2,静穏,0.0,0.51,曇,20.0
2025525,09:00,0.0,20.4,18.7,21.6,90,2.3,西,0.0,0.76,曇,20.0
2025525,10:00,0.0,21.2,16.4,18.6,74,6.4,西北西,0.1,1.39,曇,20.0
2025525,11:00,0.0,21.8,15.9,18.0,69,5.8,西北西,0.2,1.75,曇,20.0
2025525,12:00,0.0,23.1,15.9,18.1,64,5.6,北西,0.5,2.76,曇,20.0
2025525,13:00,0.0,21.2,14.4,16.4,65,5.7,西北西,0.0,1.32,曇,20.0
2025525,14:00,0.0,21.7,14.1,16.1,62,5.9,西北西,0.0,1.08,曇,20.0
2025525,15:00,0.0,22.0,13.9,15.9,60,8.3,西北西,0.5,2.03,曇,20.0
2025525,16:00,0.0,21.9,13.5,15.5,59,8.0,西北西,0.9,2.19,晴れ,20.0
2025525,17:00,0.0,21.1,13.3,15.3,61,5.1,西北西,1.0,1.52,晴れ,20.0
2025525,18:00,0.0,19.1,12.6,14.6,66,5.1,西北西,0.9,0.68,晴れ,20.0
2025525,19:00,0.0,18.2,12.2,14.2,68,7.3,西北西,0.4,0.10,晴れ,20.0
2025525,20:00,0.0,17.7,12.0,14.0,69,6.0,西北西,0.0,0.00,曇,20.0
2025525,21:00,0.0,17.3,11.8,13.8,70,5.8,西北西,0.0,0.0,晴れ,20.0
2025525,22:00,0.0,16.7,11.8,13.9,73,6.1,北西,0.0,0.0,曇,20.0
2025525,23:00,0.0,16.4,10.9,13.1,70,4.9,西北西,0.0,0.0,晴れ,20.0
2025525,24:00,0.0,16.1,10.9,13.0,71,6.4,西北西,0.0,0.0,晴れ,20.0
2025530,01:00,0.0,19.7,13.4,15.4,67,2.9,北北東,0.0,0.0,曇,20.0
2025530,02:00,0.0,19.6,13.3,15.3,67,3.3,北北東,0.0,0.0,曇,20.0
2025530,03:00,0.0,19.2,13.2,15.1,68,3.9,北北東,0.0,0.0,晴れ,20.0
2025530,04:00,0.0,18.9,12.7,14.6,67,3.9,北北東,0.0,0.0,曇,20.0
2025530,05:00,0.0,19.2,12.2,14.2,64,4.1,北北東,0.0,0.00,曇,20.0
2025530,06:00,0.0,19.1,11.9,13.9,63,3.2,北北東,0.0,0.03,曇,20.0
2025530,07:00,0.0,19.1,12.1,14.2,64,3.4,北,0.0,0.15,曇,20.0
2025530,08:00,0.0,19.5,12.3,14.3,63,3.6,北北東,0.0,0.25,曇,20.0
2025530,09:00,0.0,19.9,11.9,13.9,60,2.6,北,0.0,0.45,曇,20.0
2025530,10:00,0.0,20.6,12.1,14.1,58,1.1,北北東,0.0,0.51,曇,20.0
2025530,11:00,0.0,21.8,12.1,14.1,54,4.0,北北東,0.0,1.25,曇,20.0
2025530,12:00,0.0,23.2,11.6,13.7,48,4.1,北北東,0.0,1.46,曇,20.0
2025530,13:00,0.0,23.9,10.9,13.1,44,5.1,北東,0.0,1.30,曇,20.0
2025530,14:00,0.0,24.7,9.8,12.1,39,4.5,北北東,0.0,1.48,曇,20.0
2025530,15:00,0.0,24.5,11.1,13.2,43,5.4,北,0.0,1.05,曇,20.0
2025530,16:00,0.0,25.2,11.0,13.1,41,7.3,北,0.2,1.44,曇,20.0
2025530,17:00,0.0,24.5,7.6,10.5,34,6.3,北北東,0.4,1.23,曇,20.0
2025530,18:00,0.0,23.8,7.4,10.3,35,7.8,北,0.0,0.59,曇,20.0
2025530,19:00,0.0,22.8,5.3,8.9,32,7.9,北,0.0,0.13,曇,20.0
2025530,20:00,0.0,21.8,6.9,9.9,38,7.2,北,0.0,0.01,晴れ,20.0
2025530,21:00,0.0,20.8,6.7,9.8,40,4.9,北,0.0,0.0,晴れ,20.0
2025530,22:00,0.0,20.2,7.2,10.2,43,6.8,北,0.0,0.0,曇,20.0
2025530,23:00,0.0,19.5,8.5,11.1,49,6.6,北北東,0.0,0.0,曇,20.0
2025530,24:00,0.0,18.8,8.8,11.3,52,6.4,北北東,0.0,0.0,曇,20.0
2025531,01:00,0.0,18.6,8.3,10.9,51,4.7,北北東,0.0,0.0,晴れ,20.0
2025531,02:00,0.0,18.4,6.6,9.7,46,6.9,北北東,0.0,0.0,晴れ,20.0
2025531,03:00,0.0,18.0,6.2,9.5,46,5.7,北東,0.0,0.0,晴れ,20.0
2025531,04:00,0.0,18.0,5.3,8.9,43,4.9,北北東,0.0,0.0,晴れ,20.0
2025531,05:00,0.0,17.9,5.2,8.8,43,2.7,北東,0.0,0.00,晴れ,20.0
2025531,06:00,0.0,17.3,5.6,9.1,46,1.9,北東,0.5,0.16,晴れ,20.0
2025531,07:00,0.0,17.9,5.8,9.2,45,1.4,北北西,1.0,0.76,晴れ,20.0
2025531,08:00,0.0,19.8,5.5,9.0,39,1.5,北北東,1.0,1.51,晴れ,20.0
2025531,09:00,0.0,22.6,6.4,9.6,35,5.5,北,1.0,2.20,晴れ,20.0
2025531,10:00,0.0,23.7,5.1,8.8,30,2.9,北,1.0,2.75,晴れ,20.0
2025531,11:00,0.0,23.9,3.8,8.0,27,5.3,北北東,1.0,3.24,晴れ,20.0
2025531,12:00,0.0,25.3,3.9,8.1,25,6.8,北,1.0,3.51,晴れ,20.0
2025531,13:00,0.0,25.6,2.3,7.2,22,6.7,北北西,1.0,3.56,晴れ,20.0
2025531,14:00,0.0,26.2,1.5,6.8,20,8.5,北,1.0,3.41,晴れ,20.0
2025531,15:00,0.0,26.6,1.8,7.0,20,6.6,北,1.0,3.02,晴れ,20.0
2025531,16:00,0.0,25.2,1.3,6.7,21,7.4,北,1.0,2.45,晴れ,20.0
2025531,17:00,0.0,23.4,1.1,6.6,23,9.3,北北西,1.0,1.74,晴れ,20.0
2025531,18:00,0.0,22.3,1.3,6.7,25,8.1,北北西,1.0,0.85,晴れ,20.0
2025531,19:00,0.0,20.9,4.5,8.4,34,3.7,北,0.6,0.28,晴れ,20.0
2025531,20:00,0.0,19.8,6.2,9.5,41,4.7,北北東,0.0,0.01,晴れ,20.0
2025531,21:00,0.0,19.2,7.6,10.5,47,3.5,北,0.0,0.0,晴れ,20.0
2025531,22:00,0.0,19.0,8.1,10.8,49,3.4,北北東,0.0,0.0,晴れ,20.0
2025531,23:00,0.0,18.7,8.4,11.0,51,2.3,東北東,0.0,0.0,晴れ,20.0
2025531,24:00,0.0,18.3,8.6,11.1,53,1.2,北北東,0.0,0.0,晴れ,20.0
202561,01:00,0.0,17.6,9.0,11.5,57,1.5,北北東,0.0,0.0,晴れ,20.0
202561,02:00,0.0,17.5,8.9,11.4,57,2.0,北北東,0.0,0.0,晴れ,20.0
202561,03:00,0.0,16.1,9.1,11.5,63,2.9,北北東,0.0,0.0,晴れ,20.0
202561,04:00,0.0,15.4,9.3,11.7,67,2.6,北,0.0,0.0,晴れ,20.0
202561,05:00,0.0,15.2,9.3,11.7,68,2.0,北,0.0,0.00,晴れ,20.0
202561,06:00,0.0,15.5,9.2,11.6,66,1.5,北北東,0.5,0.16,晴れ,20.0
202561,07:00,0.0,15.9,9.3,11.7,65,2.1,北北東,1.0,0.68,晴れ,20.0
202561,08:00,0.0,17.6,8.7,11.3,56,0.5,北,1.0,1.37,晴れ,20.0
202561,09:00,0.0,20.4,8.7,11.3,47,1.8,西,1.0,2.08,晴れ,20.0
202561,10:00,0.0,21.3,7.2,10.1,40,2.9,南西,1.0,2.68,晴れ,20.0
202561,11:00,0.0,23.6,9.6,11.9,41,2.8,南西,1.0,3.09,晴れ,20.0
202561,12:00,0.0,22.8,7.4,10.3,37,4.0,南南西,1.0,3.35,晴れ,20.0
202561,13:00,0.0,23.4,7.5,10.4,36,3.4,南南西,1.0,3.39,晴れ,20.0
202561,14:00,0.0,24.4,8.4,11.0,36,4.2,南南西,1.0,3.23,晴れ,20.0
202561,15:00,0.0,24.2,7.8,10.6,35,5.0,南西,1.0,2.84,晴れ,20.0
202561,16:00,0.0,24.5,10.0,12.3,40,4.0,南南西,1.0,2.29,晴れ,20.0
202561,17:00,0.0,24.3,10.9,13.1,43,2.7,南西,1.0,1.51,晴れ,20.0
202561,18:00,0.0,24.2,11.2,13.3,44,1.9,南南西,1.0,0.91,晴れ,20.0
202561,19:00,0.0,23.6,11.0,13.1,45,1.5,西,0.4,0.27,晴れ,20.0
202561,20:00,0.0,23.3,11.7,13.7,48,1.3,西,0.0,0.01,晴れ,20.0
202561,21:00,0.0,22.9,11.6,13.7,49,0.7,南西,0.0,0.0,晴れ,20.0
202561,22:00,0.0,21.9,11.3,13.4,51,1.6,北北東,0.0,0.0,晴れ,20.0
202561,23:00,0.0,20.8,10.3,12.5,51,3.0,北北東,0.0,0.0,晴れ,20.0
202561,24:00,0.0,20.1,9.7,12.0,51,2.7,北,0.0,0.0,晴れ,20.0
202563,01:00,0.0,12.9,12.0,14.0,94,0.7,西北西,0.0,0.0,雨,4.28
202563,02:00,0.0,13.1,11.8,13.9,92,0.5,西南西,0.0,0.0,曇,12.5
202563,03:00,0.0,13.9,10.9,13.0,82,1.4,南南東,0.0,0.0,曇,20.0
202563,04:00,0.0,13.7,11.1,13.2,84,1.9,南,0.0,0.00,曇,20.0
202563,05:00,0.0,13.9,10.9,13.0,82,1.7,東南東,0.0,0.04,曇,20.0
202563,06:00,0.0,13.8,8.9,11.4,72,2.3,東,0.0,0.12,曇,20.0
202563,07:00,0.0,14.1,9.6,11.9,74,1.8,東北東,0.0,0.20,曇,20.0
202563,08:00,0.0,14.5,9.3,11.7,71,1.6,南東,0.0,0.44,曇,20.0
202563,09:00,0.0,15.7,10.3,12.5,70,2.1,東,0.0,1.19,曇,20.0
202563,10:00,0.0,17.2,10.6,12.8,65,2.5,東,0.1,1.62,曇,20.0
202563,11:00,0.0,17.7,10.6,12.8,63,1.2,南南東,0.2,1.78,曇,20.0
202563,12:00,0.0,18.4,11.2,13.3,63,1.6,南南東,0.0,1.33,曇,20.0
202563,13:00,0.0,18.7,12.0,14.0,65,1.9,南南東,0.0,0.85,曇,20.0
202563,14:00,0.0,19.5,12.5,14.5,64,3.2,南南東,0.0,1.19,曇,20.0
202563,15:00,0.0,20.0,11.8,13.8,59,5.8,南南東,0.0,0.82,曇,20.0
202563,16:00,0.0,20.5,10.9,13.0,54,5.6,南南東,0.5,1.53,曇,20.0
202563,17:00,0.0,18.5,11.6,13.6,64,5.6,東南東,1.0,1.20,晴れ,20.0
202563,18:00,0.0,16.9,10.8,12.9,67,4.5,東南東,0.8,0.69,晴れ,20.0
202563,19:00,0.0,16.1,10.0,12.3,67,4.3,南東,0.0,0.07,曇,20.0
202563,20:00,0.0,15.7,9.4,11.8,66,4.2,南東,0.0,0.00,曇,20.0
202563,21:00,0.0,16.7,9.4,11.8,62,3.2,南東,0.0,0.0,曇,20.0
202563,22:00,0.0,16.9,10.1,12.3,64,3.5,東南東,0.0,0.0,曇,20.0
202563,23:00,0.0,16.3,11.3,13.3,72,2.5,東南東,0.0,0.0,雨,16.4
202563,24:00,0.0,15.2,12.7,14.7,85,1.9,東北東,0.0,0.0,雨,17.5
202564,01:00,1.0,14.5,13.6,15.5,94,2.8,東南東,0.0,0.0,雨,9.40
202564,02:00,2.0,13.6,12.8,14.8,95,2.3,東南東,0.0,0.0,雨,6.84
202564,03:00,2.5,13.2,12.7,14.7,97,2.8,東,0.0,0.0,雨,3.67
202564,04:00,0.5,13.0,12.5,14.5,97,1.4,東南東,0.0,0.00,雨,4.67
202564,05:00,0.5,13.0,12.5,14.5,97,2.1,南東,0.0,0.01,雨,5.73
202564,06:00,0.5,13.2,12.9,14.9,98,2.4,東南東,0.0,0.06,雨,2.71
202564,07:00,0.0,13.9,13.3,15.2,96,3.4,東南東,0.0,0.28,雨,14.9
202564,08:00,0.0,16.2,13.3,15.3,83,5.0,南南東,0.0,0.50,曇,20.0
202564,09:00,0.0,17.1,12.8,14.8,76,7.2,南南東,0.1,1.10,曇,20.0
202564,10:00,0.0,17.4,12.3,14.3,72,6.6,南南東,0.0,1.02,雨,20.0
202564,11:00,0.0,18.0,12.5,14.4,70,5.1,南南東,0.0,1.10,曇,20.0
202564,12:00,0.0,17.8,12.9,14.9,73,5.4,南南東,0.0,0.49,曇,20.0
202564,13:00,0.0,19.5,13.0,15.0,66,2.5,南,0.0,0.85,曇,20.0
202564,14:00,0.0,20.6,12.3,14.3,59,2.8,南南西,0.0,0.96,曇,20.0
202564,15:00,0.0,20.6,12.3,14.3,59,4.7,南西,0.3,1.57,雨,20.0
202564,16:00,0.0,19.4,11.2,13.3,59,5.5,南南西,0.1,0.91,晴れ,20.0
202564,17:00,0.0,18.7,11.5,13.6,63,4.6,南南西,0.2,0.70,曇,20.0
202564,18:00,0.0,18.1,11.9,13.9,67,3.8,南,0.1,0.30,雨,20.0
202564,19:00,0.0,17.7,10.8,13.0,64,3.8,南,0.0,0.07,雨,20.0
202564,20:00,0.0,16.6,13.0,14.9,79,2.7,北,0.0,0.00,曇,20.0
202564,21:00,0.0,16.2,12.6,14.5,79,1.3,北北東,0.0,0.0,曇,20.0
202564,22:00,0.0,15.5,12.3,14.3,81,2.3,北東,0.0,0.0,雨,20.0
202564,23:00,0.0,13.7,12.3,14.3,91,3.8,北北西,0.0,0.0,雨,9.03
202564,24:00,0.0,12.9,11.5,13.5,91,2.9,北,0.0,0.0,雨,20.0
202565,01:00,0.0,12.8,10.9,13.0,88,0.9,東北東,0.0,0.0,曇,20.0
202565,02:00,0.0,13.7,10.0,12.2,78,2.9,南西,0.0,0.0,曇,20.0
202565,03:00,0.0,13.2,8.3,10.9,72,2.2,西,0.0,0.0,曇,20.0
202565,04:00,0.0,12.9,8.0,10.7,72,0.8,西,0.0,0.00,曇,20.0
202565,05:00,0.0,13.1,6.7,9.8,65,4.5,北西,0.0,0.09,曇,20.0
202565,06:00,0.0,12.7,7.6,10.4,71,1.7,北北東,0.1,0.28,曇,20.0
202565,07:00,0.0,13.3,7.3,10.2,67,1.9,東北東,0.0,0.52,曇,20.0
202565,08:00,0.0,15.0,8.0,10.7,63,2.4,南南東,0.5,1.56,曇,20.0
202565,09:00,0.0,15.7,8.7,11.2,63,3.6,南,0.0,1.21,曇,20.0
202565,10:00,0.0,15.2,7.7,10.5,61,4.4,南南西,0.0,0.97,曇,20.0
202565,11:00,0.0,16.0,9.0,11.5,63,2.3,南,0.0,1.26,曇,20.0
202565,12:00,0.0,16.6,9.1,11.5,61,3.1,南南西,0.0,0.86,曇,20.0
202565,13:00,0.0,16.8,10.2,12.4,65,2.9,南南東,0.0,0.96,曇,20.0
202565,14:00,0.0,16.7,9.6,12.0,63,2.4,北北東,0.0,0.88,雨,20.0
202565,15:00,0.0,16.8,10.2,12.4,65,2.1,北北東,0.0,0.55,雨,20.0
202565,16:00,0.0,17.2,9.4,11.8,60,1.7,南,0.0,0.80,曇,20.0
202565,17:00,0.0,18.1,8.7,11.2,54,4.6,西南西,0.8,1.37,晴れ,20.0
202565,18:00,0.0,17.7,8.6,11.1,55,3.5,西南西,0.4,0.41,曇,20.0
202565,19:00,0.0,17.1,8.0,10.7,55,3.0,南西,0.3,0.19,晴れ,20.0
202565,20:00,0.0,16.6,7.5,10.4,55,1.4,南南西,0.0,0.00,晴れ,20.0
202565,21:00,0.0,15.9,7.9,10.7,59,4.0,南南東,0.0,0.0,晴れ,20.0
202565,22:00,0.0,15.4,8.4,11.0,63,1.5,南南東,0.0,0.0,曇,20.0
202565,23:00,0.0,14.9,8.8,11.4,67,0.8,東,0.0,0.0,曇,20.0
202565,24:00,0.0,15.2,8.7,11.2,65,1.4,東南東,0.0,0.0,曇,20.0
2025613,01:00,0.0,17.4,13.3,15.3,77,1.4,西南西,0.0,0.0,晴れ,20.0
2025613,02:00,0.0,17.0,13.0,14.9,77,1.8,北,0.0,0.0,晴れ,20.0
2025613,03:00,0.0,16.3,12.9,14.8,80,1.6,北,0.0,0.0,晴れ,20.0
2025613,04:00,0.0,16.0,12.6,14.5,80,1.7,北北西,0.0,0.00,晴れ,20.0
2025613,05:00,0.0,15.9,12.8,14.8,82,1.3,北北西,0.5,0.09,晴れ,20.0
2025613,06:00,0.0,16.6,13.1,15.1,80,1.9,北北西,1.0,0.54,晴れ,20.0
2025613,07:00,0.0,17.8,12.9,14.9,73,1.0,北,1.0,1.24,晴れ,20.0
2025613,08:00,0.0,20.2,12.9,14.9,63,1.5,東,1.0,1.95,晴れ,20.0
2025613,09:00,0.0,21.2,13.6,15.6,62,3.1,東南東,0.9,2.54,晴れ,20.0
2025613,10:00,0.0,21.4,13.6,15.5,61,4.1,南東,0.9,2.87,晴れ,20.0
2025613,11:00,0.0,20.4,14.3,16.3,68,4.0,東南東,1.0,3.53,晴れ,20.0
2025613,12:00,0.0,20.3,14.4,16.4,69,6.3,南東,1.0,3.47,晴れ,20.0
2025613,13:00,0.0,21.0,15.1,17.2,69,5.5,南東,0.9,3.35,晴れ,20.0
2025613,14:00,0.0,21.6,15.7,17.8,69,5.2,南東,1.0,3.19,晴れ,20.0
2025613,15:00,0.0,21.0,15.6,17.7,71,6.3,南東,0.9,2.56,晴れ,20.0
2025613,16:00,0.0,20.2,15.4,17.5,74,5.6,南東,0.7,1.57,晴れ,20.0
2025613,17:00,0.0,20.1,16.0,18.1,77,4.5,南東,0.5,0.95,晴れ,20.0
2025613,18:00,0.0,19.3,16.0,18.1,81,3.9,南東,0.0,0.36,曇,20.0
2025613,19:00,0.0,19.3,16.7,19.0,85,4.0,南東,0.0,0.07,晴れ,20.0
2025613,20:00,0.0,19.1,16.5,18.8,85,3.0,南南東,0.0,0.00,曇,20.0
2025613,21:00,0.0,19.4,16.6,18.9,84,3.4,南南東,0.0,0.0,曇,20.0
2025613,22:00,0.0,19.4,17.2,19.6,87,3.6,南南東,0.0,0.0,曇,20.0
2025613,23:00,0.0,18.4,17.1,19.5,92,1.9,南南東,0.0,0.0,曇,19.6
2025613,24:00,0.0,18.2,17.2,19.6,94,1.5,南東,0.0,0.0,曇,16.3
2025614,01:00,0.0,18.3,17.3,19.8,94,1.0,南東,0.0,0.0,曇,15.5
2025614,02:00,0.0,18.1,17.3,19.7,95,0.8,南南東,0.0,0.0,曇,13.9
2025614,03:00,0.0,17.8,17.2,19.6,96,1.3,南,0.0,0.0,曇,12.2
2025614,04:00,0.0,18.1,16.8,19.1,92,1.3,南,0.0,0.00,曇,16.1
2025614,05:00,0.0,18.4,16.7,19.0,90,0.9,南,0.0,0.02,曇,16.1
2025614,06:00,0.0,18.9,16.7,19.0,87,1.0,南東,0.0,0.10,曇,20.0
2025614,07:00,0.0,19.3,16.7,19.0,85,1.3,南南東,0.0,0.21,曇,20.0
2025614,08:00,0.0,19.6,16.5,18.7,82,1.3,南南東,0.0,0.37,曇,20.0
2025614,09:00,0.0,20.2,16.7,18.9,80,2.0,南東,0.0,0.40,曇,20.0
2025614,10:00,0.0,20.5,17.1,19.5,81,1.4,東南東,0.0,0.42,曇,19.4
2025614,11:00,0.0,20.6,18.4,21.1,87,1.3,南東,0.0,0.36,雨,11.8
2025614,12:00,0.0,21.4,19.5,22.7,89,2.3,南東,0.0,0.69,雨,10.6
2025614,13:00,0.0,21.0,19.3,22.4,90,2.2,南南東,0.0,0.91,雨,7.70
2025614,14:00,0.5,21.2,19.9,23.2,92,1.8,南東,0.0,0.64,雨,8.11
2025614,15:00,0.5,20.8,19.5,22.6,92,3.5,南南東,0.0,0.79,雨,8.38
2025614,16:00,0.0,20.2,19.2,22.3,94,4.0,南東,0.0,0.45,雨,7.12
2025614,17:00,1.5,19.7,19.2,22.3,97,7.8,南南東,0.0,0.15,雨,4.32
2025614,18:00,1.0,19.0,18.5,21.3,97,7.4,南南東,0.0,0.08,雨,7.07
2025614,19:00,1.0,18.6,18.4,21.2,99,6.5,南南東,0.0,0.02,雨,4.90
2025614,20:00,3.0,18.8,18.6,21.5,99,5.7,南南東,0.0,0.00,雨,2.76
2025614,21:00,5.5,18.9,18.9,21.8,100,6.2,南南東,0.0,0.0,雨,1.57
2025614,22:00,5.5,18.7,18.7,21.6,100,6.2,南,0.0,0.0,雨,3.18
2025614,23:00,2.5,18.5,18.3,21.1,99,6.0,南,0.0,0.0,雨,5.59
2025614,24:00,1.0,18.3,18.3,21.0,100,5.6,南,0.0,0.0,雨,3.08
2025615,01:00,1.5,18.3,18.3,21.0,100,3.5,南南東,0.0,0.0,雨,3.53
2025615,02:00,1.5,18.5,18.5,21.3,100,3.3,南南東,0.0,0.0,雨,2.57
2025615,03:00,1.5,18.4,18.4,21.2,100,3.3,南南東,0.0,0.0,雨,4.40
2025615,04:00,0.0,18.1,18.1,20.8,100,1.3,南,0.0,0.00,雨,7.09
2025615,05:00,0.0,18.8,18.8,21.7,100,1.8,北北西,0.0,0.07,曇,18.7
2025615,06:00,0.0,19.4,18.9,21.9,97,0.8,西北西,0.0,0.18,曇,20.0
2025615,07:00,0.0,19.9,19.3,22.3,96,2.0,北,0.0,0.31,曇,20.0
2025615,08:00,0.0,20.5,19.3,22.4,93,2.7,北北西,0.0,0.55,曇,20.0
2025615,09:00,0.0,21.8,19.6,22.7,87,2.4,北,0.3,1.53,曇,20.0
2025615,10:00,0.0,23.5,19.2,22.3,77,0.5,北北西,0.6,2.51,曇,20.0
2025615,11:00,0.0,26.1,21.3,25.4,75,1.9,南,1.0,3.24,晴れ,20.0
2025615,12:00,0.0,27.6,22.3,27.0,73,2.4,南東,0.6,2.64,曇,20.0
2025615,13:00,0.0,26.3,21.1,25.0,73,3.1,南東,0.8,3.08,晴れ,20.0
2025615,14:00,0.0,26.4,21.0,24.8,72,1.7,東南東,0.3,1.82,晴れ,20.0
2025615,15:00,0.0,26.9,21.2,25.2,71,3.5,南東,0.8,2.36,晴れ,20.0
2025615,16:00,0.0,26.2,20.8,24.5,72,2.4,南東,0.9,1.90,晴れ,20.0
2025615,17:00,0.0,25.3,20.8,24.5,76,3.3,南南東,0.4,0.88,晴れ,20.0
2025615,18:00,0.0,23.7,19.9,23.2,79,2.8,南東,0.4,0.48,晴れ,20.0
2025615,19:00,0.0,22.8,20.0,23.3,84,1.3,東南東,0.4,0.14,晴れ,20.0
2025615,20:00,0.0,22.4,19.8,23.0,85,1.8,東南東,0.0,0.00,晴れ,20.0
2025615,21:00,0.0,21.7,19.8,23.1,89,1.1,南南東,0.0,0.0,晴れ,20.0
2025615,22:00,0.0,21.6,19.7,23.0,89,1.0,西,0.0,0.0,晴れ,20.0
2025615,23:00,0.0,22.5,20.1,23.4,86,1.8,北北西,0.0,0.0,晴れ,20.0
2025615,24:00,0.0,22.3,19.9,23.2,86,2.8,北北西,0.0,0.0,晴れ,20.0
2025627,01:00,0.0,24.4,22.7,27.5,90,2.3,南南西,0.0,0.0,,
2025627,02:00,0.0,24.3,22.6,27.3,90,3.0,南南西,0.0,0.0,,
2025627,03:00,0.0,23.7,22.5,27.3,93,2.5,南西,0.0,0.0,曇,20.0
2025627,04:00,0.0,23.9,22.7,27.6,93,1.7,南,0.0,0.00,,
2025627,05:00,0.0,24.0,22.6,27.5,92,0.8,南,0.0,0.02,,
2025627,06:00,0.0,24.4,23.6,29.0,95,1.2,西,0.0,0.24,薄曇,25.0
2025627,07:00,0.0,25.7,23.2,28.4,86,1.8,西北西,0.8,0.81,,
2025627,08:00,0.0,27.7,22.2,26.8,72,1.0,南,1.0,1.69,,
2025627,09:00,0.0,28.8,23.9,29.7,75,1.6,北,0.4,1.39,晴れ,25.0
2025627,10:00,0.0,29.2,21.9,26.4,65,2.0,北北東,0.6,1.97,,
2025627,11:00,0.0,29.1,23.3,28.6,71,1.3,北西,0.5,2.01,,
2025627,12:00,0.0,30.7,24.4,30.5,69,2.1,東南東,0.2,1.20,晴れ,20.0
2025627,13:00,0.0,31.0,23.9,29.7,66,2.0,南東,0.6,2.56,,
2025627,14:00,0.0,29.6,23.3,28.6,69,3.9,南,0.0,0.73,,
2025627,15:00,0.0,29.3,23.0,28.1,69,2.9,南東,0.1,0.82,曇,20.0
2025627,16:00,0.0,30.9,23.8,29.5,66,3.1,南南東,0.3,1.11,,
2025627,17:00,0.0,29.1,23.3,28.6,71,4.4,南東,0.5,1.01,,
2025627,18:00,0.0,28.8,23.5,28.9,73,2.6,南東,0.0,0.20,晴れ,15.0
2025627,19:00,0.0,26.1,23.0,28.1,83,2.4,東南東,0.0,0.02,,
2025627,20:00,0.5,25.0,23.4,28.8,91,1.9,東,0.0,0.00,,
2025627,21:00,0.0,24.9,23.2,28.3,90,1.1,東北東,0.0,0.0,曇,15.0
2025627,22:00,0.0,26.0,22.3,26.9,80,2.4,北,0.0,0.0,,
2025627,23:00,0.0,27.2,22.6,27.4,76,1.5,北北東,0.0,0.0,,
2025627,24:00,0.0,25.6,22.3,26.9,82,1.6,北,0.0,0.0,,
2025628,01:00,0.0,26.0,21.4,25.6,76,1.4,北,0.0,0.0,,
2025628,02:00,0.0,25.4,22.7,27.6,85,0.9,北北東,0.0,0.0,,
2025628,03:00,0.0,24.5,22.0,26.4,86,0.8,北,0.0,0.0,晴れ,20.0
2025628,04:00,0.0,24.8,22.5,27.2,87,1.3,北西,0.0,0.00,,
2025628,05:00,0.0,24.1,21.0,24.9,83,0.6,北,0.0,0.03,,
2025628,06:00,0.0,25.8,19.9,23.3,70,2.2,北北東,0.9,0.45,薄曇,20.0
2025628,07:00,0.0,26.2,20.1,23.5,69,1.8,北北西,1.0,0.96,,
2025628,08:00,0.0,28.0,19.3,22.3,59,2.7,北西,1.0,1.61,,
2025628,09:00,0.0,29.2,20.4,23.9,59,3.6,北西,1.0,2.10,薄曇,20.0
2025628,10:00,0.0,30.6,20.0,23.3,53,3.1,北,1.0,2.60,,
2025628,11:00,0.0,31.6,18.2,20.9,45,3.5,北東,1.0,3.24,,
2025628,12:00,0.0,31.8,16.5,18.8,40,2.8,北北東,1.0,3.53,晴れ,30.0
2025628,13:00,0.0,33.4,17.6,20.1,39,2.2,北東,1.0,3.51,,
2025628,14:00,0.0,32.9,17.1,19.5,39,2.9,東南東,1.0,3.27,,
2025628,15:00,0.0,32.2,16.5,18.8,39,4.8,南南東,1.0,2.76,晴れ,40.0
2025628,16:00,0.0,32.2,16.9,19.2,40,3.1,南,1.0,2.16,,
2025628,17:00,0.0,30.8,17.5,20.0,45,4.5,南東,1.0,1.49,,
2025628,18:00,0.0,29.1,19.4,22.6,56,3.8,南南東,1.0,0.76,晴れ,30.0
2025628,19:00,0.0,28.1,20.1,23.6,62,4.3,南南西,0.4,0.15,,
2025628,20:00,0.0,27.3,19.7,22.9,63,3.6,南,0.0,0.00,,
2025628,21:00,0.0,26.4,19.6,22.7,66,4.1,南南東,0.0,0.0,晴れ,30.0
2025628,22:00,0.0,25.3,19.4,22.6,70,2.3,南,0.0,0.0,,
2025628,23:00,0.0,25.3,19.7,22.9,71,2.9,南東,0.0,0.0,,
2025628,24:00,0.0,25.0,18.9,21.9,69,3.2,南東,0.0,0.0,,
2025629,01:00,0.0,24.5,19.1,22.1,72,2.2,南南東,0.0,0.0,,
2025629,02:00,0.0,23.4,19.8,23.0,80,0.5,南南東,0.0,0.0,,
2025629,03:00,0.0,23.1,20.1,23.5,83,0.3,南西,0.0,0.0,晴れ,25.0
2025629,04:00,0.0,23.4,18.9,21.9,76,1.6,南西,0.0,0.00,,
2025629,05:00,0.0,23.6,18.9,21.9,75,1.5,西南西,0.0,0.03,,
2025629,06:00,0.0,24.9,20.6,24.3,77,1.3,南,1.0,0.40,快晴,15.0
2025629,07:00,0.0,26.3,20.9,24.6,72,1.5,南西,1.0,1.04,,
2025629,08:00,0.0,28.0,21.3,25.3,67,0.7,東南東,1.0,1.75,,
2025629,09:00,0.0,29.5,20.7,24.3,59,1.1,西北西,1.0,2.40,快晴,15.0
2025629,10:00,0.0,30.8,20.4,24.0,54,1.7,北西,1.0,2.92,,
2025629,11:00,0.0,31.6,23.7,29.3,63,4.3,南南東,1.0,3.24,,
2025629,12:00,0.0,31.9,23.2,28.4,60,4.7,南東,1.0,3.35,薄曇,20.0
2025629,13:00,0.0,32.3,21.5,25.6,53,5.2,南東,1.0,3.35,,
2025629,14:00,0.0,31.5,21.4,25.4,55,5.1,南南東,1.0,3.01,,
2025629,15:00,0.0,30.9,22.0,26.4,59,4.5,南南東,1.0,2.64,薄曇,25.0
2025629,16:00,0.0,30.6,21.4,25.5,58,4.1,南,0.9,1.67,,
2025629,17:00,0.0,29.2,19.2,22.3,55,4.3,南,0.6,0.91,,
2025629,18:00,0.0,28.3,20.1,23.5,61,3.3,南南東,0.8,0.59,薄曇,30.0
2025629,19:00,0.0,27.6,20.2,23.6,64,2.2,南,0.2,0.11,,
2025629,20:00,0.0,27.3,20.4,24.0,66,3.8,南,0.0,0.00,,
2025629,21:00,0.0,26.6,20.7,24.4,70,3.4,南,0.0,0.0,薄曇,25.0
2025629,22:00,0.0,26.5,21.0,24.9,72,2.6,南,0.0,0.0,,
2025629,23:00,0.0,25.5,21.2,25.1,77,2.1,南,0.0,0.0,,
2025629,24:00,0.0,24.8,21.9,26.3,84,1.9,南南東,0.0,0.0,,
202574,01:00,0.0,25.5,23.2,28.4,87,2.6,南,0.0,0.0,曇,20.0
202574,02:00,0.0,25.5,23.2,28.4,87,2.4,南,0.0,0.0,晴れ,20.0
202574,03:00,0.0,25.2,22.9,27.9,87,2.8,南,0.0,0.0,晴れ,20.0
202574,04:00,0.0,25.2,23.1,28.2,88,2.8,南南東,0.0,0.0,晴れ,20.0
202574,05:00,0.0,25.4,22.9,27.9,86,2.6,南,0.0,0.0,晴れ,20.0
202574,06:00,0.0,25.8,23.1,28.2,85,2.7,南,0.2,0.0,晴れ,20.0
202574,07:00,0.0,26.9,23.6,29.1,82,3.0,南西,0.9,0.0,晴れ,20.0
202574,08:00,0.0,27.7,23.3,28.6,77,3.9,南南東,0.6,0.0,晴れ,20.0
202574,09:00,0.0,28.9,23.6,29.1,73,4.8,南南東,1.0,0.0,晴れ,20.0
202574,10:00,0.0,29.8,24.2,30.2,72,4.4,南南東,0.3,0.0,晴れ,18.5
202574,11:00,0.0,30.2,23.4,28.8,67,4.4,南南東,0.9,0.0,晴れ,19.2
202574,12:00,0.0,30.9,23.3,28.6,64,3.4,南南東,1.0,0.0,晴れ,19.3
202574,13:00,0.0,31.6,23.4,28.8,62,5.6,南南東,1.0,0.0,晴れ,20.0
202574,14:00,0.0,31.7,23.3,28.5,61,5.4,南南東,1.0,0.0,晴れ,20.0
202574,15:00,0.0,31.6,23.4,28.8,62,4.2,南,1.0,0.0,晴れ,20.0
202574,16:00,0.0,30.5,23.2,28.4,65,4.7,南南西,1.0,0.0,晴れ,14.3
202574,17:00,0.0,28.8,22.3,26.9,68,4.0,南西,0.6,0.0,曇,17.4
202574,18:00,0.0,28.3,23.2,28.5,74,4.1,南,0.3,0.0,曇,20.0
202574,19:00,0.0,27.5,23.5,29.0,79,3.7,南南東,0.0,0.0,曇,20.0
202574,20:00,0.0,27.4,23.4,28.8,79,2.7,南西,0.0,0.0,曇,20.0
202574,21:00,0.0,27.2,23.9,29.6,82,3.2,南,0.0,0.0,曇,20.0
202574,22:00,0.0,26.6,23.9,29.6,85,2.6,南西,0.0,0.0,雨,14.6
202574,23:00,0.0,26.0,24.4,30.6,91,2.9,南西,0.0,0.0,雨,15.5
202574,24:00,0.0,25.9,24.1,30.1,90,1.0,南西,0.0,0.0,曇,16.5
202575,01:00,0.0,25.8,24.0,29.9,90,1.3,西南西,0.0,0.0,晴れ,20.0
202575,02:00,0.0,25.4,23.6,29.2,90,2.4,西南西,0.0,0.0,晴れ,19.4
202575,03:00,0.0,25.7,23.2,28.4,86,1.8,南,0.0,0.0,晴れ,20.0
202575,04:00,0.0,25.2,23.4,28.9,90,1.9,南西,0.0,0.0,曇,15.6
202575,05:00,0.0,25.4,23.8,29.5,91,1.2,南西,0.0,0.0,曇,15.2
202575,06:00,0.0,25.8,23.7,29.2,88,2.0,西南西,0.0,0.0,曇,17.7
202575,07:00,0.0,26.7,23.4,28.7,82,2.1,西,0.4,0.0,曇,20.0
202575,08:00,0.0,28.2,23.1,28.3,74,0.9,北,0.8,0.0,曇,20.0
202575,09:00,0.0,29.7,24.1,30.0,72,1.9,北,1.0,0.0,晴れ,20.0
202575,10:00,0.0,31.1,24.0,29.8,66,1.9,東南東,1.0,0.0,晴れ,19.1
202575,11:00,0.0,30.2,23.9,29.6,69,3.7,東南東,0.5,0.0,曇,19.8
202575,12:00,0.0,30.0,24.4,30.6,72,3.2,南東,0.0,0.0,雨,14.5
202575,13:00,0.0,30.5,24.2,30.1,69,2.6,南東,0.0,0.0,雨,16.9
202575,14:00,0.0,31.3,24.9,31.5,69,2.0,南,0.0,0.0,曇,14.7
202575,15:00,0.0,32.0,24.1,30.0,63,2.1,南,0.8,0.0,晴れ,13.0
202575,16:00,0.0,31.9,23.7,29.3,62,2.7,東南東,1.0,0.0,晴れ,16.0
202575,17:00,0.0,31.7,23.5,29.0,62,2.7,東南東,1.0,0.0,晴れ,17.4
202575,18:00,0.0,30.7,24.4,30.5,69,3.0,南南東,0.3,0.0,晴れ,12.6
202575,19:00,0.0,29.7,23.2,28.4,68,3.2,南南西,0.0,0.0,曇,12.5
202575,20:00,0.0,28.6,25.0,31.7,81,2.5,南西,0.0,0.0,曇,8.30
202575,21:00,0.0,28.6,24.8,31.3,80,2.2,西,0.0,0.0,雨,8.07
202575,22:00,0.0,28.1,24.1,30.0,79,2.4,西,0.0,0.0,雨,11.6
202575,23:00,0.0,27.7,24.6,30.8,83,1.4,西,0.0,0.0,雨,8.99
202575,24:00,0.0,27.3,24.2,30.1,83,1.5,南西,0.0,0.0,雨,12.2
202576,01:00,0.0,27.2,24.1,30.0,83,2.1,北,0.0,0.0,曇,12.9
202576,02:00,0.0,27.5,24.2,30.1,82,1.7,北北西,0.0,0.0,曇,13.8
202576,03:00,0.0,27.5,24.2,30.1,82,2.1,北,0.0,0.0,曇,12.5
202576,04:00,0.0,27.2,24.1,30.0,83,1.8,北北西,0.0,0.0,曇,15.4
202576,05:00,0.0,27.0,24.3,30.3,85,3.1,北北西,0.0,0.0,晴れ,16.0
202576,06:00,0.0,27.3,24.4,30.5,84,2.5,北北西,0.0,0.0,曇,13.0
202576,07:00,0.0,28.3,24.3,30.4,79,2.8,北,0.3,0.0,晴れ,11.0
202576,08:00,0.0,28.8,24.2,30.1,76,2.4,北北西,0.4,0.0,晴れ,10.6
202576,09:00,0.0,30.2,25.1,31.8,74,2.7,東,1.0,0.0,晴れ,7.36
202576,10:00,0.0,31.5,25.8,33.3,72,3.0,東,0.9,0.0,曇,7.05
202576,11:00,0.0,32.4,26.0,33.6,69,2.7,東,1.0,0.0,晴れ,6.81
202576,12:00,0.0,32.5,25.8,33.3,68,3.2,東北東,0.7,0.0,晴れ,7.02
202576,13:00,0.0,33.4,24.6,30.9,60,3.0,東,1.0,0.0,晴れ,8.37
202576,14:00,0.0,33.5,24.4,30.5,59,3.5,東,1.0,0.0,晴れ,8.51
202576,15:00,0.0,33.3,23.9,29.7,58,4.2,東,1.0,0.0,晴れ,8.91
202576,16:00,0.0,32.8,26.1,33.8,68,3.4,東南東,1.0,0.0,晴れ,6.81
202576,17:00,0.0,32.1,25.2,32.1,67,1.8,南,1.0,0.0,晴れ,7.28
202576,18:00,0.0,31.1,25.2,32.1,71,2.5,南西,0.2,0.0,曇,7.71
202576,19:00,0.0,29.9,25.4,32.5,77,3.0,南南西,0.0,0.0,曇,6.83
202576,20:00,0.0,28.8,25.0,31.7,80,3.1,南西,0.0,0.0,曇,6.03
202576,21:00,0.0,28.8,24.8,31.3,79,2.1,南西,0.0,0.0,曇,5.18
202576,22:00,0.0,28.4,25.0,31.7,82,2.0,南,0.0,0.0,曇,4.83
202576,23:00,0.0,28.0,24.8,31.4,83,1.3,南,0.0,0.0,晴れ,5.12
202576,24:00,0.0,27.7,25.3,32.3,87,1.6,南南東,0.0,0.0,曇,4.53
202578,01:00,0.0,29.6,22.6,27.4,66,2.5,北北東,0.0,0.0,晴れ,20.0
202578,02:00,0.0,29.7,22.9,28.0,67,1.7,北北東,0.0,0.0,晴れ,19.4
202578,03:00,0.0,29.1,23.1,28.2,70,1.6,北北西,0.0,0.0,晴れ,19.0
202578,04:00,0.0,29.0,23.2,28.5,71,2.4,北北東,0.0,0.0,晴れ,19.1
202578,05:00,0.0,28.7,22.9,28.0,71,4.3,北東,0.0,0.00,晴れ,18.4
202578,06:00,0.0,28.7,22.9,28.0,71,3.2,北北東,0.0,0.08,晴れ,19.4
202578,07:00,0.0,29.1,23.1,28.2,70,2.0,北,0.0,0.25,曇,19.5
202578,08:00,0.0,30.5,22.9,28.0,64,3.1,北,0.6,1.01,晴れ,19.1
202578,09:00,0.0,31.2,22.2,26.8,59,1.6,北北東,0.8,1.94,晴れ,16.8
202578,10:00,0.0,33.2,22.6,27.5,54,1.4,北北東,1.0,2.58,晴れ,15.5
202578,11:00,0.0,33.4,22.2,26.8,52,3.6,南南西,0.7,2.51,晴れ,16.2
202578,12:00,0.0,34.5,23.2,28.5,52,4.5,南南西,1.0,3.28,晴れ,15.2
202578,13:00,0.0,34.9,22.6,27.4,49,4.3,南,1.0,3.24,晴れ,14.5
202578,14:00,0.0,33.7,22.2,26.7,51,6.7,南西,1.0,3.20,晴れ,18.5
202578,15:00,0.0,32.9,21.7,26.0,52,6.1,南西,0.4,1.61,晴れ,19.3
202578,16:00,0.0,34.2,20.2,23.7,44,3.9,南西,1.0,2.28,晴れ,20.0
202578,17:00,0.0,34.2,20.2,23.7,44,2.4,南西,1.0,1.71,晴れ,20.0
202578,18:00,0.0,34.0,21.4,25.5,48,2.6,南南東,0.8,0.95,雷電,19.6
202578,19:00,0.0,32.2,22.0,26.5,55,2.5,南南西,0.0,0.11,曇,19.7
202578,20:00,0.0,31.1,21.0,24.9,55,2.7,南南西,0.0,0.00,曇,17.8
202578,21:00,0.0,30.8,21.6,25.8,58,1.4,西北西,0.0,0.0,曇,16.1
202578,22:00,0.0,30.2,22.1,26.6,62,2.5,南西,0.0,0.0,曇,18.1
202578,23:00,0.0,30.0,21.9,26.3,62,2.0,北北西,0.0,0.0,曇,20.0
202578,24:00,0.0,29.4,22.1,26.7,65,2.1,北,0.0,0.0,曇,20.0
202579,01:00,0.0,29.0,22.0,26.4,66,2.2,北,0.0,0.0,曇,20.0
202579,02:00,0.0,28.9,21.9,26.3,66,2.0,北,0.0,0.0,曇,20.0
202579,03:00,0.0,28.5,21.8,26.1,67,1.7,北北東,0.0,0.0,曇,20.0
202579,04:00,0.0,28.3,22.1,26.6,69,2.8,北北東,0.0,0.0,曇,20.0
202579,05:00,0.0,28.2,22.0,26.4,69,1.9,北東,0.0,0.00,曇,10.1
202579,06:00,0.0,28.2,22.0,26.4,69,2.8,北,0.0,0.05,曇,20.0
202579,07:00,0.0,28.6,22.1,26.6,68,2.1,北,0.0,0.23,曇,20.0
202579,08:00,0.0,29.9,22.4,27.0,64,2.1,北,0.5,0.96,晴れ,20.0
202579,09:00,0.0,30.1,22.0,26.5,62,1.3,西北西,0.3,1.06,曇,16.6
202579,10:00,0.0,30.7,22.9,27.8,63,1.8,西南西,0.2,0.88,雨,15.3
202579,11:00,0.0,31.8,21.9,26.3,56,2.2,南南西,0.2,1.50,晴れ,13.5
202579,12:00,0.0,32.5,21.1,25.0,51,1.8,南西,0.1,1.16,晴れ,12.5
202579,13:00,0.0,34.0,21.4,25.5,48,4.1,南西,0.8,3.08,晴れ,15.8
202579,14:00,0.0,34.2,20.9,24.8,46,3.7,南西,1.0,3.30,晴れ,13.4
202579,15:00,0.0,34.0,20.8,24.5,46,3.9,南,0.6,2.22,晴れ,13.3
202579,16:00,0.0,34.1,19.8,23.0,43,3.1,南西,1.0,2.30,晴れ,14.4
202579,17:00,0.0,34.2,20.2,23.7,44,3.2,南,1.0,1.71,晴れ,12.5
202579,18:00,1.0,30.4,22.3,26.9,62,4.3,南東,0.7,1.27,雨,7.60
202579,19:00,0.0,29.8,22.8,27.7,66,3.8,北,0.2,0.35,雷電,9.52
202579,20:00,0.0,28.8,21.3,25.4,64,2.7,北北東,0.0,0.02,晴れ,13.6
202579,21:00,0.0,28.0,22.3,26.8,71,3.8,北北東,0.0,0.0,晴れ,12.7
202579,22:00,0.0,27.5,21.8,26.1,71,4.6,北北東,0.0,0.0,晴れ,13.2
202579,23:00,0.0,27.6,22.1,26.6,72,3.7,北北東,0.0,0.0,晴れ,12.1
202579,24:00,0.0,27.0,22.0,26.4,74,3.4,北北東,0.0,0.0,晴れ,11.3
2025710,01:00,0.0,27.0,21.8,26.0,73,4.1,北北東,0.0,0.0,晴れ,11.8
2025710,02:00,0.0,26.9,21.9,26.2,74,4.3,北北東,0.0,0.0,晴れ,11.6
2025710,03:00,0.0,26.5,21.9,26.3,76,4.6,北北東,0.0,0.0,晴れ,11.5
2025710,04:00,0.0,26.4,21.4,25.5,74,3.6,北北東,0.0,0.0,晴れ,11.9
2025710,05:00,0.0,26.2,21.4,25.5,75,3.3,北,0.0,0.00,晴れ,11.9
2025710,06:00,0.0,26.3,21.7,26.0,76,3.2,北北東,0.0,0.10,晴れ,12.0
2025710,07:00,0.0,26.7,21.5,25.6,73,3.9,北北東,0.8,0.52,晴れ,11.2
2025710,08:00,0.0,28.3,21.3,25.4,66,3.9,北北東,1.0,1.17,晴れ,6.83
2025710,09:00,0.0,30.3,21.9,26.3,61,3.3,北,1.0,1.91,晴れ,8.59
2025710,10:00,0.0,31.7,21.3,25.3,54,2.9,北東,0.9,2.33,晴れ,8.13
2025710,11:00,0.0,33.1,20.3,23.8,47,2.1,東,0.5,2.04,晴れ,7.77
2025710,12:00,0.0,33.2,19.3,22.4,44,3.4,北東,0.6,2.35,曇,7.61
2025710,13:00,0.0,35.3,18.0,20.6,36,3.2,東北東,0.7,2.91,晴れ,8.01
2025710,14:00,0.0,34.6,19.8,23.1,42,2.8,南東,0.9,3.00,晴れ,7.65
2025710,15:00,0.0,34.4,20.8,24.5,45,3.8,西南西,0.8,2.50,晴れ,7.14
2025710,16:00,0.0,35.8,20.9,24.7,42,2.9,西南西,1.0,2.32,晴れ,7.90
2025710,17:00,0.0,33.9,20.3,23.8,45,4.7,南西,1.0,1.70,晴れ,7.52
2025710,18:00,0.0,33.1,21.0,24.8,49,4.0,南西,1.0,0.90,晴れ,8.26
2025710,19:00,0.0,32.6,20.5,24.1,49,3.9,南西,0.4,0.28,晴れ,8.70
2025710,20:00,0.0,32.1,20.1,23.4,49,2.8,南西,0.0,0.02,晴れ,9.58
2025710,21:00,0.0,31.8,20.1,23.5,50,2.9,南西,0.0,0.0,晴れ,9.80
2025710,22:00,0.0,31.4,20.7,24.4,53,1.1,西,0.0,0.0,晴れ,9.35
2025710,23:00,0.0,30.4,20.9,24.8,57,2.6,北北西,0.0,0.0,晴れ,9.16
2025710,24:00,0.0,29.8,20.9,24.8,59,3.9,北北東,0.0,0.0,晴れ,8.35
2025719,01:00,0.0,25.2,22.7,27.6,86,3.0,南,0.0,0.0,,
2025719,02:00,0.0,25.2,22.7,27.6,86,2.5,南,0.0,0.0,,
2025719,03:00,0.0,24.8,22.1,26.6,85,3.0,南,0.0,0.0,晴れ,30.0
2025719,04:00,0.0,24.9,22.2,26.8,85,2.5,南,0.0,0.0,,
2025719,05:00,0.0,25.3,22.6,27.4,85,1.9,南南西,0.0,0.01,,
2025719,06:00,0.0,25.6,22.3,26.9,82,2.5,南,0.9,0.35,快晴,30.0
2025719,07:00,0.0,27.0,22.2,26.8,75,2.5,南南西,1.0,1.02,,
2025719,08:00,0.0,29.0,22.5,27.3,68,3.4,南南西,1.0,1.66,,
2025719,09:00,0.0,30.6,23.3,28.6,65,2.5,南,1.0,2.30,薄曇,40.0
2025719,10:00,0.0,31.3,23.4,28.8,63,3.7,南南東,1.0,3.08,,
2025719,11:00,0.0,31.6,23.2,28.4,61,3.6,南東,1.0,3.41,,
2025719,12:00,0.0,32.8,22.9,27.9,56,4.5,南,0.9,3.18,晴れ,40.0
2025719,13:00,0.0,32.5,22.3,26.9,55,5.0,南東,1.0,3.52,,
2025719,14:00,0.0,31.7,22.7,27.6,59,7.1,南東,1.0,2.84,,
2025719,15:00,0.0,30.7,22.9,27.8,63,4.9,南南東,0.8,1.71,晴れ,30.0
2025719,16:00,0.0,30.0,23.5,28.9,68,5.7,南南東,0.5,1.35,,
2025719,17:00,0.0,29.6,23.3,28.6,69,4.1,南南東,0.1,0.85,,
2025719,18:00,0.0,28.8,23.3,28.5,72,4.9,南,0.7,0.69,薄曇,40.0
2025719,19:00,0.0,27.9,23.7,29.3,78,3.9,南,0.4,0.17,,
2025719,20:00,0.0,27.7,23.3,28.6,77,3.5,南,0.0,0.00,,
2025719,21:00,0.0,27.3,23.8,29.4,81,5.0,南,0.0,0.0,薄曇,30.0
2025719,22:00,0.0,27.1,23.4,28.7,80,4.9,南,0.0,0.0,,
2025719,23:00,0.0,26.7,23.6,29.1,83,3.1,南,0.0,0.0,,
2025719,24:00,0.0,26.5,23.2,28.4,82,3.8,南,0.0,0.0,,
2025720,01:00,0.0,26.5,23.4,28.7,83,4.2,南,0.0,0.0,,
2025720,02:00,0.0,26.3,23.2,28.4,83,3.3,南,0.0,0.0,,
2025720,03:00,0.0,25.8,22.9,27.9,84,4.0,南,0.0,0.0,薄曇,30.0
2025720,04:00,0.0,25.4,23.3,28.6,88,3.2,南,0.0,0.0,,
2025720,05:00,0.0,25.5,23.4,28.7,88,3.2,南南西,0.0,0.01,,
2025720,06:00,0.0,25.4,23.6,29.2,90,2.4,南,0.0,0.12,晴れ,20.0
2025720,07:00,0.0,27.5,22.9,27.9,76,2.1,南南西,1.0,1.04,,
2025720,08:00,0.0,28.9,22.9,27.9,70,3.0,南南西,0.8,1.53,,
2025720,09:00,0.0,30.4,23.1,28.2,65,2.3,南,0.9,2.18,晴れ,30.0
2025720,10:00,0.0,31.6,23.4,28.8,62,3.5,南南西,0.9,2.77,,
2025720,11:00,0.0,32.9,25.2,32.0,64,4.6,南南東,1.0,3.28,,
2025720,12:00,0.0,31.8,24.4,30.6,65,4.9,南南東,1.0,3.48,晴れ,35.0
2025720,13:00,0.0,32.1,25.0,31.6,66,5.9,南東,1.0,3.48,,
2025720,14:00,0.0,31.8,24.2,30.1,64,6.5,南東,1.0,3.24,,
2025720,15:00,0.0,32.3,25.6,32.9,68,5.3,南東,1.0,2.62,晴れ,30.0
2025720,16:00,0.0,31.1,23.2,28.5,63,4.0,南南東,1.0,2.07,,
2025720,17:00,0.0,30.2,24.1,30.1,70,4.1,南南東,1.0,1.42,,
2025720,18:00,0.0,29.1,23.8,29.4,73,3.9,南南東,1.0,0.70,晴れ,30.0
2025720,19:00,0.0,28.0,23.6,29.1,77,4.1,南南東,0.5,0.13,,
2025720,20:00,0.0,27.7,24.1,30.1,81,3.5,南南東,0.0,0.00,,
2025720,21:00,0.0,27.3,24.6,30.9,85,4.2,南南東,0.0,0.0,晴れ,30.0
2025720,22:00,0.0,26.9,24.8,31.2,88,2.1,南南東,0.0,0.0,,
2025720,23:00,0.0,26.8,24.8,31.4,89,2.1,南南東,0.0,0.0,,
2025720,24:00,0.0,26.7,24.4,30.5,87,2.3,南南東,0.0,0.0,,
2025721,01:00,0.0,26.9,24.2,30.1,85,2.5,南,0.0,0.0,,
2025721,02:00,0.0,26.7,24.0,29.8,85,2.1,南南西,0.0,0.0,,
2025721,03:00,0.0,26.2,23.9,29.6,87,1.9,南南西,0.0,0.0,快晴,30.0
2025721,04:00,0.0,26.3,24.0,29.8,87,2.1,南南西,0.0,0.0,,
2025721,05:00,0.0,25.8,24.0,29.9,90,1.4,南,0.0,0.01,,
2025721,06:00,0.0,27.2,24.5,30.7,85,0.9,南南西,0.8,0.31,快晴,30.0
2025721,07:00,0.0,28.9,25.1,31.9,80,1.8,南南西,1.0,0.96,,
2025721,08:00,0.0,30.3,25.4,32.4,75,0.8,東北東,1.0,1.67,,
2025721,09:00,0.0,30.6,23.8,29.4,67,1.6,西南西,1.0,2.39,晴れ,30.0
2025721,10:00,0.0,33.1,25.9,33.4,66,2.1,南南東,1.0,2.78,,
2025721,11:00,0.0,33.4,26.4,34.5,67,3.6,南東,1.0,3.28,,
2025721,12:00,0.0,33.6,25.6,32.8,63,4.6,南東,1.0,3.36,晴れ,30.0
2025721,13:00,0.0,33.6,25.9,33.3,64,5.9,南東,1.0,3.33,,
2025721,14:00,0.0,33.8,25.0,31.6,60,5.4,南東,1.0,3.10,,
2025721,15:00,0.0,33.2,24.9,31.6,62,4.8,南南東,1.0,2.67,晴れ,30.0
2025721,16:00,0.0,33.4,25.4,32.4,63,4.9,南東,1.0,2.07,,
2025721,17:00,0.0,32.2,24.8,31.3,65,3.5,南,1.0,1.37,,
2025721,18:00,0.0,30.2,25.1,31.8,74,4.3,南,0.8,0.60,晴れ,30.0
2025721,19:00,0.0,29.0,25.0,31.7,79,2.6,南南東,0.0,0.04,,
2025721,20:00,0.0,28.4,25.0,31.7,82,2.6,南南東,0.0,0.00,,
2025721,21:00,0.0,27.8,25.1,31.8,85,3.8,南南東,0.0,0.0,晴れ,30.0
2025721,22:00,0.0,27.6,25.1,31.8,86,4.2,南,0.0,0.0,,
2025721,23:00,0.0,27.4,24.9,31.4,86,2.5,南,0.0,0.0,,
2025721,24:00,0.0,27.2,24.7,31.0,86,3.0,南,0.0,0.0,,
202581,01:00,0.0,25.2,20.9,24.7,77,3.3,北,0.0,0.0,,
202581,02:00,0.0,25.7,20.5,24.1,73,2.0,北,0.0,0.0,,
202581,03:00,0.0,25.9,20.2,23.7,71,2.0,北,0.0,0.0,曇,30.0
202581,04:00,0.0,25.7,20.3,23.8,72,2.9,北,0.0,0.0,,
202581,05:00,0.0,25.3,20.8,24.5,76,2.2,北,0.0,0.00,,
202581,06:00,0.0,24.9,21.2,25.2,80,2.6,北,0.0,0.09,雨,30.0
202581,07:00,0.0,23.8,21.7,26.0,88,2.5,北,0.0,0.29,,
202581,08:00,0.0,24.7,21.8,26.1,84,3.1,北,0.0,0.44,,
202581,09:00,0.0,24.1,22.2,26.7,89,2.7,北北西,0.0,0.52,雨,6.00
202581,10:00,0.0,25.7,22.2,26.8,81,3.7,北北西,0.0,0.65,,
202581,11:00,0.0,28.2,22.4,27.2,71,2.6,北北西,0.3,2.19,,
202581,12:00,0.0,29.0,23.2,28.5,71,2.4,北,0.3,1.69,曇,15.0
202581,13:00,0.0,29.5,23.5,28.9,70,4.1,北北東,0.0,0.91,,
202581,14:00,4.5,26.7,26.2,34.0,97,3.9,北北東,0.0,0.48,,
202581,15:00,0.0,27.1,25.5,32.6,91,4.2,北,0.0,0.97,雨,10.0
202581,16:00,1.5,26.2,25.5,32.7,96,3.1,北,0.0,0.39,,
202581,17:00,0.0,26.9,25.7,33.0,93,3.2,北北東,0.0,0.38,,
202581,18:00,0.0,26.9,25.5,32.6,92,3.7,北,0.0,0.11,雨,25.0
202581,19:00,0.0,27.2,25.2,32.1,89,3.7,北,0.0,0.05,,
202581,20:00,0.0,27.2,25.0,31.8,88,3.4,北北西,0.0,0.00,,
202581,21:00,0.0,27.4,24.7,31.0,85,3.8,北北西,0.0,0.0,曇,30.0
202581,22:00,0.0,26.8,24.3,30.3,86,4.3,北北西,0.0,0.0,,
202581,23:00,0.0,26.7,24.0,29.8,85,4.4,北北西,0.0,0.0,,
202581,24:00,0.0,27.4,23.6,29.2,80,4.4,北北西,0.0,0.0,,
202582,01:00,2.5,25.9,24.1,30.1,90,4.2,北北西,0.0,0.0,,
202582,02:00,4.0,25.4,24.5,30.8,95,4.9,北西,0.0,0.0,,
202582,03:00,0.5,25.4,24.7,31.2,96,4.2,北西,0.0,0.0,雨,20.0
202582,04:00,3.0,25.1,24.6,30.9,97,4.6,北西,0.0,0.0,,
202582,05:00,9.0,25.1,24.8,31.2,98,4.1,北北西,0.0,0.00,,
202582,06:00,1.0,25.2,24.3,30.5,95,3.5,北,0.0,0.10,雨,20.0
202582,07:00,0.0,25.8,24.9,31.6,95,3.0,北西,0.0,0.20,,
202582,08:00,0.5,26.9,25.9,33.3,94,1.9,南西,0.0,0.67,,
202582,09:00,0.0,27.9,26.8,35.3,94,1.0,西,0.0,0.81,曇,40.0
202582,10:00,0.0,30.2,26.4,34.4,80,2.4,南,0.0,1.33,,
202582,11:00,0.0,32.5,25.8,33.3,68,2.8,南,0.5,2.49,,
202582,12:00,0.0,34.4,25.5,32.7,60,4.0,南,0.6,2.76,晴れ,25.0
202582,13:00,0.0,34.1,26.6,34.8,65,5.1,南南東,1.0,3.17,,
202582,14:00,0.0,34.1,26.6,34.8,65,4.9,南南東,1.0,3.21,,
202582,15:00,0.0,33.7,27.0,35.6,68,4.8,南南東,0.7,2.18,晴れ,15.0
202582,16:00,0.0,31.5,26.5,34.7,75,4.3,南南東,0.6,1.86,,
202582,17:00,0.0,30.7,26.2,34.0,77,4.0,南南東,0.8,1.24,,
202582,18:00,0.0,29.8,26.2,34.0,81,3.4,南東,0.2,0.24,晴れ,15.0
202582,19:00,0.0,28.8,25.8,33.3,84,2.8,南南東,0.1,0.08,,
202582,20:00,0.0,28.6,26.0,33.7,86,4.4,南南東,0.0,0.00,,
202582,21:00,0.0,28.0,26.0,33.7,89,4.2,南東,0.0,0.0,曇,15.0
202582,22:00,0.0,28.1,25.9,33.5,88,2.4,南,0.0,0.0,,
202582,23:00,0.0,27.9,25.9,33.5,89,3.8,南東,0.0,0.0,,
202582,24:00,0.0,27.4,25.6,32.9,90,3.8,南南東,0.0,0.0,,
202583,01:00,0.0,27.6,25.6,32.9,89,1.7,南東,0.0,0.0,,
202583,02:00,0.0,27.2,25.8,33.2,92,1.8,南南東,0.0,0.0,,
202583,03:00,0.0,27.1,25.7,33.0,92,2.1,南南東,0.0,0.0,曇,15.0
202583,04:00,0.0,26.3,25.4,32.5,95,1.6,南,0.0,0.0,,
202583,05:00,0.0,26.5,25.5,32.6,94,1.4,東北東,0.0,0.00,,
202583,06:00,0.0,27.5,25.7,33.1,90,1.0,北,0.4,0.21,晴れ,15.0
202583,07:00,0.0,28.4,25.4,32.5,84,2.4,北,0.4,0.63,,
202583,08:00,0.0,29.8,24.7,31.1,74,3.3,北北東,0.6,1.30,,
202583,09:00,0.0,30.0,25.3,32.3,76,2.4,北北西,0.4,1.29,曇,15.0
202583,10:00,0.0,31.7,25.3,32.3,69,2.4,北,0.4,1.71,,
202583,11:00,0.0,34.5,25.9,33.4,61,3.0,北北東,0.7,2.62,,
202583,12:00,0.0,33.5,24.7,31.1,60,2.2,北北西,0.7,2.89,晴れ,15.0
202583,13:00,0.0,33.3,25.0,31.7,62,3.0,東北東,0.6,2.38,,
202583,14:00,0.0,35.1,24.4,30.6,54,2.3,北東,0.9,2.82,,
202583,15:00,0.0,36.1,26.5,34.7,58,3.8,北東,0.9,2.55,晴れ,30.0
202583,16:00,0.0,34.3,26.0,33.6,62,2.8,東北東,0.7,1.66,,
202583,17:00,0.0,32.3,24.9,31.5,65,2.4,南南東,0.4,0.85,,
202583,18:00,0.0,31.6,25.2,32.1,69,3.5,南南東,0.0,0.16,曇,25.0
202583,19:00,0.0,31.1,25.2,32.1,71,2.9,南南東,0.0,0.03,,
202583,20:00,0.0,30.0,25.7,33.1,78,3.7,南南東,0.0,0.00,,
202583,21:00,0.0,29.5,26.5,34.6,84,4.6,南南東,0.0,0.0,薄曇,25.0
202583,22:00,0.0,29.2,26.4,34.5,85,2.8,南東,0.0,0.0,,
202583,23:00,0.0,28.8,26.4,34.5,87,2.4,南南東,0.0,0.0,,
202583,24:00,0.0,28.6,26.2,34.1,87,2.2,南南東,0.0,0.0,,
202585,01:00,0.0,29.1,24.0,29.8,74,1.6,南東,0.0,0.0,曇,12.7
202585,02:00,0.0,29.0,23.7,29.3,73,2.2,南東,0.0,0.0,曇,11.0
202585,03:00,0.0,28.9,24.0,29.9,75,1.2,東南東,0.0,0.0,曇,11.4
202585,04:00,0.0,28.8,23.7,29.3,74,1.0,東北東,0.0,0.0,曇,10.6
202585,05:00,0.0,28.5,23.9,29.6,76,0.7,東南東,0.0,0.00,曇,11.0
202585,06:00,0.0,28.8,23.5,28.9,73,2.3,南東,0.0,0.10,曇,9.65
202585,07:00,0.0,29.1,23.3,28.6,71,1.6,東南東,0.6,0.49,晴れ,9.49
202585,08:00,0.0,29.9,23.6,29.1,69,1.9,南東,0.2,0.89,曇,10.6
202585,09:00,0.0,31.8,23.9,29.6,63,1.2,東北東,0.5,1.60,晴れ,11.0
202585,10:00,0.0,33.3,23.9,29.7,58,2.1,西,0.7,2.39,晴れ,11.9
202585,11:00,0.0,33.3,24.2,30.2,59,2.1,北西,0.4,1.91,曇,11.2
202585,12:00,0.0,34.5,23.8,29.6,54,2.5,北西,0.3,1.90,曇,14.2
202585,13:00,0.0,35.7,23.7,29.2,50,3.3,北,0.3,2.21,曇,14.1
202585,14:00,0.0,35.5,23.5,28.9,50,2.5,北西,0.3,1.80,曇,17.0
202585,15:00,0.0,36.5,23.7,29.3,48,1.4,南,0.5,1.95,曇,16.5
202585,16:00,0.0,36.2,24.5,30.7,51,1.4,東南東,0.4,1.38,晴れ,15.4
202585,17:00,0.0,35.6,23.9,29.7,51,4.0,西南西,0.2,0.76,晴れ,16.2
202585,18:00,0.0,33.9,25.0,31.8,60,4.2,西南西,0.3,0.32,晴れ,12.9
202585,19:00,0.0,33.2,24.7,31.0,61,3.2,南南西,0.0,0.06,曇,13.2
202585,20:00,0.0,33.2,24.9,31.6,62,2.6,西南西,0.0,0.00,曇,13.1
202585,21:00,0.0,32.4,25.2,32.1,66,2.0,西南西,0.0,0.0,曇,13.3
202585,22:00,0.0,32.1,23.9,29.7,62,2.9,北西,0.0,0.0,曇,16.4
202585,23:00,0.0,30.8,24.5,30.7,69,5.1,西北西,0.0,0.0,曇,16.6
202585,24:00,0.0,29.4,23.4,28.7,70,6.6,北北西,0.0,0.0,曇,20.0
202586,01:00,0.0,28.6,23.5,29.0,74,4.2,北,0.0,0.0,曇,20.0
202586,02:00,0.0,28.4,23.8,29.4,76,2.8,北北東,0.0,0.0,曇,20.0
202586,03:00,0.0,28.6,23.7,29.4,75,1.6,北北東,0.0,0.0,曇,20.0
202586,04:00,0.0,28.2,23.6,29.1,76,1.5,北西,0.0,0.0,晴れ,20.0
202586,05:00,0.0,28.3,23.2,28.5,74,1.0,北,0.0,0.00,曇,20.0
202586,06:00,0.0,28.6,23.5,29.0,74,0.8,東北東,0.4,0.12,晴れ,20.0
202586,07:00,0.0,29.4,23.8,29.5,72,0.8,東,1.0,0.65,晴れ,19.8
202586,08:00,0.0,31.8,24.2,30.1,64,0.7,南,1.0,1.38,晴れ,19.4
202586,09:00,0.0,32.7,23.9,29.7,60,0.7,北,0.8,1.92,晴れ,19.4
202586,10:00,0.0,33.2,24.7,31.0,61,3.1,西北西,0.1,1.23,曇,16.9
202586,11:00,0.0,35.1,23.4,28.9,51,4.4,北西,0.6,2.38,晴れ,19.1
202586,12:00,0.0,35.3,22.3,26.9,47,5.7,西北西,0.9,3.23,晴れ,20.0
202586,13:00,0.0,36.0,22.6,27.3,46,5.5,北西,1.0,3.23,晴れ,20.0
202586,14:00,0.0,36.0,22.9,27.9,47,4.5,北北西,0.9,2.87,晴れ,20.0
202586,15:00,0.0,37.7,23.0,28.0,43,4.2,北西,0.8,2.25,晴れ,20.0
202586,16:00,0.0,36.3,22.8,27.8,46,3.7,西,0.8,1.91,晴れ,20.0
202586,17:00,0.0,36.5,23.4,28.7,47,3.8,西,0.7,1.19,晴れ,20.0
202586,18:00,0.0,35.7,23.0,28.1,48,3.1,西北西,0.3,0.33,晴れ,20.0
202586,19:00,0.0,34.2,23.3,28.5,53,2.9,東北東,0.0,0.02,曇,20.0
202586,20:00,0.0,32.8,23.7,29.4,59,2.1,東,0.0,0.00,雷電,20.0
202586,21:00,0.0,29.9,23.8,29.5,70,3.8,北北東,0.0,0.0,雷電,20.0
202586,22:00,0.0,28.6,24.6,30.9,79,3.5,北東,0.0,0.0,曇,20.0
202586,23:00,0.0,29.1,24.2,30.2,75,1.9,東北東,0.0,0.0,曇,20.0
202586,24:00,0.0,29.3,24.4,30.6,75,0.7,東北東,0.0,0.0,曇,20.0
202587,01:00,0.0,28.7,24.5,30.7,78,1.3,北北東,0.0,0.0,晴れ,20.0
202587,02:00,0.0,28.9,24.7,31.1,78,0.8,南東,0.0,0.0,曇,20.0
202587,03:00,0.0,28.9,23.6,29.1,73,2.7,南東,0.0,0.0,曇,20.0
202587,04:00,0.0,28.7,23.8,29.5,75,1.4,東北東,0.0,0.0,曇,20.0
202587,05:00,0.0,29.0,23.9,29.7,74,1.8,南東,0.0,0.00,曇,20.0
202587,06:00,0.0,29.3,24.0,29.8,73,2.3,南南東,0.0,0.03,曇,20.0
202587,07:00,0.0,28.7,25.1,31.9,81,3.2,南東,0.0,0.11,曇,18.4
202587,08:00,0.0,29.7,25.2,32.1,77,2.0,南西,0.0,0.17,曇,17.4
202587,09:00,0.0,29.9,24.5,30.8,73,4.9,南西,0.0,0.42,雨,8.67
202587,10:00,0.5,28.2,24.6,31.0,81,3.3,南南西,0.0,0.19,雨,13.2
202587,11:00,0.5,28.7,25.3,32.3,82,1.2,西北西,0.0,0.33,雨,12.1
202587,12:00,0.0,29.4,24.5,30.8,75,2.7,北,0.0,0.99,曇,20.0
202587,13:00,0.0,32.4,23.9,29.7,61,2.7,西北西,0.4,2.44,曇,20.0
202587,14:00,0.0,33.9,21.7,25.9,49,3.4,西北西,0.6,2.39,晴れ,20.0
202587,15:00,0.0,34.2,21.6,25.8,48,4.9,西,1.0,2.49,晴れ,20.0
202587,16:00,0.0,33.0,20.5,24.2,48,6.4,西北西,0.9,2.19,曇,20.0
202587,17:00,0.0,32.6,20.5,24.1,49,4.8,西北西,0.9,1.30,晴れ,20.0
202587,18:00,0.0,31.9,20.2,23.7,50,4.1,西北西,0.3,0.42,曇,20.0
202587,19:00,0.0,31.2,18.2,20.9,46,5.0,北西,0.3,0.12,曇,20.0
202587,20:00,0.0,30.8,18.5,21.3,48,5.7,北西,0.0,0.00,曇,20.0
202587,21:00,0.0,29.8,19.8,23.1,55,3.9,北西,0.0,0.0,曇,20.0
202587,22:00,0.0,29.3,20.5,24.1,59,2.4,西北西,0.0,0.0,晴れ,20.0
202587,23:00,0.0,28.9,21.2,25.1,63,3.0,西北西,0.0,0.0,曇,20.0
202587,24:00,0.0,28.4,21.4,25.5,66,3.3,西北西,0.0,0.0,曇,20.0
202588,01:00,0.0,25.7,22.2,26.8,81,1.6,北北東,0.0,0.0,,
202588,02:00,0.0,26.0,22.5,27.2,81,0.8,北,0.0,0.0,,
202588,03:00,0.0,26.0,22.7,27.6,82,1.0,北北東,0.0,0.0,曇,15.0
202588,04:00,0.0,25.9,23.2,28.4,85,1.9,北東,0.0,0.0,,
202588,05:00,0.0,25.7,23.4,28.7,87,1.6,北北東,0.0,0.00,,
202588,06:00,0.0,25.9,23.0,28.1,84,1.0,東北東,0.1,0.09,薄曇,15.0
202588,07:00,0.0,26.6,23.1,28.2,81,1.1,北北東,0.4,0.46,,
202588,08:00,0.0,27.7,22.9,27.9,75,1.2,北北東,0.4,0.85,,
202588,09:00,0.0,28.4,22.6,27.5,71,1.4,東北東,0.6,1.39,曇,25.0
202588,10:00,0.0,28.9,22.2,26.7,67,0.9,北西,0.1,0.79,,
202588,11:00,0.0,30.6,21.7,25.9,59,1.9,南南西,0.1,1.14,,
202588,12:00,0.0,31.1,20.1,23.5,52,2.2,西,0.3,1.93,曇,30.0
202588,13:00,0.0,32.6,19.8,23.1,47,1.8,西南西,0.9,3.14,,
202588,14:00,0.0,33.4,20.9,24.7,48,2.2,西,0.9,3.14,,
202588,15:00,0.0,33.4,20.9,24.7,48,3.1,西南西,0.8,2.43,晴れ,30.0
202588,16:00,0.0,32.5,20.4,24.0,49,2.1,南西,1.0,2.13,,
202588,17:00,0.0,31.9,20.2,23.7,50,3.5,西南西,0.5,0.98,,
202588,18:00,0.0,28.8,21.8,26.1,66,3.1,北西,0.0,0.16,雨,10.0
202588,19:00,0.0,28.5,21.3,25.3,65,2.5,北東,0.0,0.03,,
202588,20:00,0.0,28.4,21.7,25.9,67,2.8,北北東,0.0,0.00,,
202588,21:00,0.0,27.9,21.5,25.6,68,3.8,北北東,0.0,0.0,曇,15.0
202588,22:00,0.0,27.2,21.3,25.3,70,1.4,東北東,0.0,0.0,,
202588,23:00,0.0,27.0,21.8,26.0,73,1.6,北北東,0.0,0.0,,
202588,24:00,0.0,26.9,21.7,25.9,73,1.7,北北東,0.0,0.0,,
202589,01:00,0.0,26.8,22.0,26.4,75,1.7,北北東,0.0,0.0,,
202589,02:00,0.0,26.6,21.8,26.1,75,2.7,北北東,0.0,0.0,,
202589,03:00,0.0,26.1,22.4,27.1,80,2.0,北,0.0,0.0,曇,20.0
202589,04:00,0.0,25.8,22.7,27.6,83,1.8,北北東,0.0,0.0,,
202589,05:00,0.0,25.4,22.3,26.9,83,2.2,北北東,0.0,0.00,,
202589,06:00,0.0,25.3,22.2,26.8,83,2.1,北北東,0.0,0.06,薄曇,15.0
202589,07:00,0.0,25.9,20.9,24.7,74,2.0,北北東,0.0,0.43,,
202589,08:00,0.0,27.3,21.8,26.1,72,1.6,北,0.4,1.06,,
202589,09:00,0.0,28.0,21.5,25.7,68,1.6,北北東,0.5,1.46,曇,20.0
202589,10:00,0.0,28.9,22.2,26.7,67,1.2,南南西,0.0,1.12,,
202589,11:00,0.0,30.4,22.3,26.9,62,1.6,北,0.1,1.50,,
202589,12:00,0.0,30.6,21.7,25.9,59,1.3,西北西,0.3,1.82,曇,20.0
202589,13:00,0.0,32.4,21.3,25.3,52,2.4,西南西,0.4,2.15,,
202589,14:00,0.0,32.2,20.1,23.6,49,3.3,西南西,0.8,2.75,,
202589,15:00,0.0,32.3,21.8,26.1,54,3.9,南南西,0.5,1.98,晴れ,25.0
202589,16:00,0.0,31.0,22.1,26.5,59,4.7,西南西,0.7,1.88,,
202589,17:00,0.0,29.6,23.3,28.6,69,5.3,南西,0.1,0.68,,
202589,18:00,0.0,28.9,22.9,27.9,70,3.4,南西,0.0,0.13,曇,25.0
202589,19:00,0.0,28.6,23.1,28.2,72,3.6,南西,0.0,0.03,,
202589,20:00,0.0,27.7,23.5,29.0,78,3.0,南西,0.0,0.00,,
202589,21:00,0.0,28.0,22.5,27.2,72,2.3,南西,0.0,0.0,曇,25.0
202589,22:00,0.0,28.3,22.3,26.9,70,3.0,南西,0.0,0.0,,
202589,23:00,0.0,28.5,21.0,24.9,64,1.4,南西,0.0,0.0,,
202589,24:00,0.0,28.5,20.8,24.5,63,1.9,南西,0.0,0.0,,
2025810,01:00,0.0,28.3,21.1,25.0,65,1.5,南南東,0.0,0.0,,
2025810,02:00,0.0,28.3,20.3,23.9,62,1.2,南南西,0.0,0.0,,
2025810,03:00,0.0,28.8,21.1,25.0,63,0.3,東,0.0,0.0,曇,25.0
2025810,04:00,0.0,28.9,22.4,27.1,68,0.5,南南東,0.0,0.0,,
2025810,05:00,0.0,29.1,23.5,29.0,72,1.3,南西,0.0,0.00,,
2025810,06:00,0.0,29.5,23.9,29.7,72,2.1,南南西,0.0,0.01,曇,25.0
2025810,07:00,0.0,30.0,23.7,29.3,69,3.8,南南西,0.0,0.26,,
2025810,08:00,0.0,30.6,23.3,28.6,65,3.5,南南西,0.0,0.63,,
2025810,09:00,0.0,30.6,23.3,28.6,65,5.2,南南西,0.0,0.58,曇,30.0
2025810,10:00,0.0,30.7,23.6,29.2,66,5.3,南南西,0.0,0.41,,
2025810,11:00,0.0,30.9,23.6,29.1,65,6.9,南南西,0.0,0.67,,
2025810,12:00,0.0,29.9,24.1,30.0,71,6.5,南南西,0.0,0.55,雨,15.0
2025810,13:00,0.0,30.0,24.9,31.4,74,4.9,南南西,0.0,0.70,,
2025810,14:00,0.0,30.7,24.1,30.0,68,6.2,南南西,0.0,0.76,,
2025810,15:00,0.0,30.7,24.1,30.0,68,5.7,南南西,0.0,0.52,雨,15.0
2025810,16:00,0.0,30.8,24.2,30.2,68,5.6,南南西,0.0,0.46,,
2025810,17:00,1.0,29.2,24.8,31.2,77,5.0,南南西,0.0,0.17,,
2025810,18:00,0.5,28.2,24.6,31.0,81,5.0,南南西,0.0,0.06,雨,10.0
2025810,19:00,1.0,28.2,24.8,31.4,82,3.9,南南西,0.0,0.00,,
2025810,20:00,2.0,27.8,25.6,32.9,88,3.0,南西,0.0,0.00,,
2025810,21:00,1.0,27.7,25.3,32.3,87,4.8,南南西,0.0,0.0,雨,10.0
2025810,22:00,0.0,27.2,24.3,30.3,84,3.1,南西,0.0,0.0,,
2025810,23:00,0.5,27.6,23.8,29.6,80,2.1,南南西,0.0,0.0,,
2025810,24:00,0.0,28.7,22.7,27.6,70,4.3,南南西,0.0,0.0,,
2025812,01:00,0.0,25.8,23.5,28.9,87,2.2,南南西,0.0,0.0,曇,18.8
2025812,02:00,0.0,26.2,23.9,29.6,87,2.9,南南西,0.0,0.0,雨,14.3
2025812,03:00,0.0,26.5,23.8,29.4,85,4.2,南西,0.0,0.0,曇,14.1
2025812,04:00,0.0,26.6,23.7,29.3,84,4.5,南南西,0.0,0.0,曇,14.6
2025812,05:00,0.0,26.7,23.6,29.1,83,4.4,南南西,0.0,0.00,曇,17.1
2025812,06:00,0.0,26.7,23.6,29.1,83,5.3,南西,0.0,0.00,曇,16.4
2025812,07:00,1.0,26.4,24.1,30.0,87,3.0,南南西,0.0,0.06,雨,3.57
2025812,08:00,0.5,27.1,23.8,29.4,82,4.2,南南西,0.0,0.34,曇,17.6
2025812,09:00,0.0,27.8,24.0,29.9,80,1.7,南西,0.0,0.72,曇,17.5
2025812,10:00,0.0,28.0,23.6,29.1,77,3.5,南,0.0,0.76,雨,20.0
2025812,11:00,0.0,28.5,23.6,29.2,75,3.7,南西,0.0,1.33,曇,20.0
2025812,12:00,0.0,29.4,22.9,27.9,68,4.9,南南西,0.2,1.94,曇,20.0
2025812,13:00,0.0,29.9,23.4,28.7,68,4.0,南南西,0.2,1.80,曇,20.0
2025812,14:00,0.0,29.4,22.9,27.9,68,3.9,南,0.0,1.00,曇,20.0
2025812,15:00,0.0,30.0,23.0,28.0,66,2.2,南南西,0.0,1.21,曇,20.0
2025812,16:00,0.0,29.7,23.4,28.8,69,3.0,南南東,0.0,0.84,雷電,20.0
2025812,17:00,0.0,29.8,23.0,28.1,67,2.0,南西,0.0,0.63,雨,20.0
2025812,18:00,0.5,27.3,23.8,29.4,81,3.0,北,0.0,0.18,雨,8.55
2025812,19:00,0.0,27.2,23.9,29.6,82,2.0,北,0.0,0.06,曇,20.0
2025812,20:00,0.0,27.1,24.0,29.8,83,2.3,北,0.0,0.00,曇,20.0
2025812,21:00,0.0,26.8,24.1,30.0,85,1.7,北,0.0,0.0,曇,20.0
2025812,22:00,0.0,26.7,24.0,29.8,85,2.9,北,0.0,0.0,曇,20.0
2025812,23:00,0.0,26.4,23.7,29.3,85,2.2,北北東,0.0,0.0,曇,20.0
2025812,24:00,0.0,26.3,23.8,29.4,86,1.9,北,0.0,0.0,曇,20.0
2025813,01:00,0.0,26.0,23.5,28.9,86,2.2,北,0.0,0.0,曇,20.0
2025813,02:00,0.0,25.9,23.4,28.7,86,3.0,北北東,0.0,0.0,曇,20.0
2025813,03:00,0.0,25.9,23.4,28.7,86,1.9,北北東,0.0,0.0,曇,20.0
2025813,04:00,0.0,25.9,23.4,28.7,86,2.1,北,0.0,0.0,曇,20.0
2025813,05:00,0.0,25.9,23.2,28.4,85,2.1,北北東,0.0,0.00,曇,20.0
2025813,06:00,0.0,26.0,23.3,28.6,85,2.4,北北東,0.0,0.00,雨,20.0
2025813,07:00,0.0,26.1,23.2,28.4,84,2.5,北北東,0.0,0.08,曇,20.0
2025813,08:00,0.0,26.6,23.5,28.9,83,1.3,北北東,0.0,0.23,雨,20.0
2025813,09:00,0.0,28.3,23.7,29.2,76,1.1,北北西,0.3,1.33,雨,20.0
2025813,10:00,0.0,29.4,23.8,29.5,72,0.7,西北西,0.1,0.90,曇,20.0
2025813,11:00,0.0,30.8,23.2,28.4,64,2.7,南南西,0.8,2.72,曇,20.0
2025813,12:00,0.0,31.1,23.2,28.5,63,4.6,南西,0.8,2.83,曇,20.0
2025813,13:00,0.0,32.4,23.9,29.7,61,4.7,南西,1.0,3.19,晴れ,18.4
2025813,14:00,0.0,32.2,22.3,26.9,56,4.1,南南西,1.0,3.07,晴れ,20.0
2025813,15:00,0.0,32.0,22.1,26.6,56,2.7,南,1.0,2.78,晴れ,20.0
2025813,16:00,0.0,31.9,22.9,27.9,59,3.2,南南西,0.7,1.70,晴れ,20.0
2025813,17:00,0.0,32.0,22.4,27.1,57,3.5,南西,0.8,1.21,晴れ,20.0
2025813,18:00,0.0,31.7,22.4,27.1,58,2.1,西,1.0,0.70,雷電,20.0
2025813,19:00,0.0,30.7,22.3,27.0,61,2.3,西北西,0.0,0.10,晴れ,20.0
2025813,20:00,0.0,30.1,23.3,28.6,67,2.8,北,0.0,0.00,晴れ,20.0
2025813,21:00,0.0,29.4,23.4,28.7,70,2.2,北北東,0.0,0.0,晴れ,20.0
2025813,22:00,0.0,28.8,23.3,28.5,72,1.6,北東,0.0,0.0,晴れ,20.0
2025813,23:00,0.0,28.2,23.6,29.1,76,1.6,北,0.0,0.0,晴れ,20.0
2025813,24:00,0.0,27.8,23.6,29.2,78,2.0,北,0.0,0.0,晴れ,19.0
2025815,01:00,0.0,25.9,22.4,27.1,81,3.2,南,0.0,0.0,,
2025815,02:00,0.0,25.5,22.0,26.4,81,2.8,南,0.0,0.0,,
2025815,03:00,0.0,25.3,22.4,27.1,84,1.9,南,0.0,0.0,快晴,30.0
2025815,04:00,0.0,24.9,22.6,27.4,87,1.6,南,0.0,0.0,,
2025815,05:00,0.0,25.4,22.5,27.3,84,1.6,西南西,0.0,0.00,,
2025815,06:00,0.0,25.4,22.9,27.9,86,1.6,南,0.4,0.17,晴れ,25.0
2025815,07:00,0.0,26.9,22.7,27.7,78,1.6,西南西,1.0,0.80,,
2025815,08:00,0.0,28.8,22.3,26.9,68,1.8,西,1.0,1.50,,
2025815,09:00,0.0,30.2,22.1,26.6,62,1.0,西,1.0,2.18,晴れ,30.0
2025815,10:00,0.0,32.1,23.1,28.2,59,1.0,東南東,1.0,2.72,,
2025815,11:00,0.0,32.5,24.5,30.8,63,4.1,南南東,1.0,3.09,,
2025815,12:00,0.0,32.9,24.9,31.5,63,4.9,南南東,1.0,3.23,晴れ,30.0
2025815,13:00,0.0,32.3,23.5,29.0,60,4.0,南南東,1.0,3.19,,
2025815,14:00,0.0,33.0,23.1,28.2,56,5.2,南南東,1.0,2.95,,
2025815,15:00,0.0,31.2,23.3,28.6,63,4.5,南,0.7,1.95,晴れ,35.0
2025815,16:00,0.0,31.4,22.4,27.1,59,4.4,南,0.4,1.27,,
2025815,17:00,0.0,30.2,23.1,28.3,66,4.1,南,0.8,0.95,,
2025815,18:00,0.0,29.1,22.6,27.4,68,4.4,南南東,0.4,0.40,晴れ,30.0
2025815,19:00,0.0,28.4,23.3,28.6,74,1.6,南,0.0,0.02,,
2025815,20:00,0.0,27.9,23.7,29.3,78,4.2,南東,0.0,0.00,,
2025815,21:00,0.0,27.4,24.5,30.7,84,3.4,南南東,0.0,0.0,曇,30.0
2025815,22:00,0.0,27.2,24.5,30.7,85,1.7,南,0.0,0.0,,
2025815,23:00,0.0,27.2,24.7,31.0,86,1.1,南,0.0,0.0,,
2025815,24:00,0.0,27.0,24.5,30.7,86,1.6,南,0.0,0.0,,
2025816,01:00,0.0,27.0,24.5,30.7,86,1.8,南,0.0,0.0,,
2025816,02:00,0.0,27.1,24.4,30.5,85,1.9,南南西,0.0,0.0,,
2025816,03:00,0.0,27.2,24.3,30.3,84,1.2,西南西,0.0,0.0,曇,30.0
2025816,04:00,0.0,26.8,24.1,30.0,85,1.3,西,0.0,0.0,,
2025816,05:00,0.0,26.8,24.1,30.0,85,1.6,南南西,0.0,0.00,,
2025816,06:00,0.0,26.9,24.6,30.8,87,0.5,南西,0.0,0.06,曇,20.0
2025816,07:00,0.0,27.6,24.9,31.4,85,1.3,南,0.0,0.26,,
2025816,08:00,0.0,28.9,25.1,31.9,80,1.2,南,0.0,0.79,,
2025816,09:00,0.0,30.2,24.8,31.3,73,1.5,南東,0.5,1.67,晴れ,20.0
2025816,10:00,0.0,31.4,24.8,31.3,68,2.8,南南東,0.4,1.98,,
2025816,11:00,1.0,27.8,27.1,35.9,96,4.5,南南東,0.5,1.96,,
2025816,12:00,0.0,31.2,25.8,33.2,73,3.9,南南東,0.8,3.19,晴れ,30.0
2025816,13:00,0.0,32.6,26.4,34.4,70,5.4,南東,0.6,2.64,,
2025816,14:00,0.0,30.8,25.6,32.9,74,3.9,南南東,0.2,1.20,,
2025816,15:00,0.0,32.4,26.0,33.6,69,3.7,南南東,0.7,2.17,晴れ,30.0
2025816,16:00,0.0,31.0,25.4,32.4,72,5.5,南南東,0.5,1.70,,
2025816,17:00,0.0,29.8,25.1,31.9,76,4.8,南南東,0.9,1.08,,
2025816,18:00,0.0,29.3,24.6,31.0,76,3.8,南,0.4,0.36,晴れ,30.0
2025816,19:00,0.0,28.6,24.6,30.9,79,3.7,南,0.0,0.02,,
2025816,20:00,0.0,27.9,24.8,31.2,83,3.3,南南東,0.0,0.00,,
2025816,21:00,0.0,27.6,25.2,32.1,87,4.1,南,0.0,0.0,晴れ,30.0
2025816,22:00,0.0,27.7,25.2,32.0,86,4.2,南,0.0,0.0,,
2025816,23:00,0.0,27.4,24.7,31.0,85,4.1,南,0.0,0.0,,
2025816,24:00,0.0,27.9,24.8,31.2,83,3.3,南,0.0,0.0,,
2025817,01:00,0.0,27.2,25.2,32.1,89,2.7,南南東,0.0,0.0,,
2025817,02:00,0.0,26.7,25.5,32.6,93,2.6,南南東,0.0,0.0,,
2025817,03:00,0.0,27.0,24.8,31.4,88,2.5,南,0.0,0.0,曇,30.0
2025817,04:00,0.0,27.0,24.5,30.7,86,3.2,南,0.0,0.0,,
2025817,05:00,0.0,26.8,24.7,31.0,88,2.5,南,0.0,0.00,,
2025817,06:00,0.0,27.3,24.8,31.2,86,2.8,南南西,0.3,0.16,晴れ,20.0
2025817,07:00,0.0,28.1,25.3,32.3,85,3.6,南,0.4,0.51,,
2025817,08:00,0.0,30.1,25.2,32.0,75,2.1,南,0.9,1.41,,
2025817,09:00,0.0,31.0,24.9,31.5,70,3.2,南,0.8,1.96,晴れ,20.0
2025817,10:00,0.0,31.6,24.5,30.7,66,1.7,南西,0.7,2.39,,
2025817,11:00,0.0,33.3,26.6,34.8,68,3.2,南,0.6,2.38,,
2025817,12:00,0.0,33.4,24.9,31.4,61,3.8,南南東,0.9,3.09,晴れ,25.0
2025817,13:00,0.0,33.8,25.5,32.6,62,4.5,南南東,0.8,2.68,,
2025817,14:00,0.0,34.0,25.1,31.9,60,5.7,南東,0.9,2.64,,
2025817,15:00,0.0,33.4,25.1,31.9,62,4.9,南南東,1.0,2.35,晴れ,30.0
2025817,16:00,0.0,33.0,25.0,31.7,63,4.8,南東,1.0,1.82,,
2025817,17:00,0.0,31.9,25.3,32.2,68,3.5,南南東,1.0,1.05,,
2025817,18:00,0.0,30.7,25.3,32.3,73,3.3,南南東,0.6,0.33,晴れ,25.0
2025817,19:00,0.0,29.7,25.2,32.1,77,2.6,南南東,0.0,0.02,,
2025817,20:00,0.0,29.1,25.3,32.2,80,3.4,南東,0.0,0.0,,
2025817,21:00,0.0,28.6,25.2,32.1,82,2.9,南東,0.0,0.0,快晴,20.0
2025817,22:00,0.0,28.0,25.0,31.8,84,2.4,南,0.0,0.0,,
2025817,23:00,0.0,27.4,25.2,32.1,88,1.8,南南東,0.0,0.0,,
2025817,24:00,0.0,27.2,25.2,32.1,89,0.6,南東,0.0,0.0,,
2025819,01:00,0.0,29.0,24.3,30.5,76,2.5,西南西,0.0,0.0,,
2025819,02:00,0.0,28.9,23.6,29.1,73,2.3,西,0.0,0.0,,
2025819,03:00,0.0,28.8,22.8,27.7,70,2.0,西,0.0,0.0,晴れ,25.0
2025819,04:00,0.0,28.6,22.8,27.8,71,1.5,南西,0.0,0.0,,
2025819,05:00,0.0,28.6,22.8,27.8,71,1.7,西南西,0.0,0.00,,
2025819,06:00,0.0,28.6,22.4,27.0,69,1.8,西南西,0.1,0.05,晴れ,30.0
2025819,07:00,0.0,29.4,22.6,27.5,67,2.0,南南西,1.0,0.52,,
2025819,08:00,0.0,30.0,22.2,26.7,63,2.7,南南西,0.8,1.02,,
2025819,09:00,0.0,31.9,21.7,26.0,55,2.0,西南西,0.9,1.84,晴れ,30.0
2025819,10:00,0.0,32.0,23.3,28.5,60,2.6,南西,1.0,2.58,,
2025819,11:00,0.0,32.5,23.2,28.4,58,2.9,南西,1.0,2.93,,
2025819,12:00,0.0,33.9,23.3,28.6,54,3.1,南西,1.0,3.25,晴れ,35.0
2025819,13:00,0.0,34.3,22.4,27.1,50,3.5,南西,1.0,3.28,,
2025819,14:00,0.0,35.4,21.3,25.3,44,4.1,西南西,1.0,3.09,,
2025819,15:00,0.0,35.4,20.5,24.2,42,3.8,南西,1.0,2.69,晴れ,35.0
2025819,16:00,0.0,33.9,21.0,24.9,47,3.4,南西,1.0,2.09,,
2025819,17:00,0.0,33.1,21.9,26.3,52,3.8,西南西,1.0,1.37,,
2025819,18:00,0.0,31.6,22.0,26.5,57,3.2,西南西,0.9,0.59,晴れ,40.0
2025819,19:00,0.0,30.6,23.5,29.0,66,4.4,南西,0.3,0.06,,
2025819,20:00,0.0,30.3,23.0,28.1,65,3.3,南西,0.0,0.00,,
2025819,21:00,0.0,29.9,23.1,28.3,67,2.9,西南西,0.0,0.0,快晴,25.0
2025819,22:00,0.0,29.6,23.6,29.0,70,2.1,西南西,0.0,0.0,,
2025819,23:00,0.0,29.3,23.7,29.4,72,2.7,西,0.0,0.0,,
2025819,24:00,0.0,29.4,22.9,27.9,68,2.2,南西,0.0,0.0,,
2025820,01:00,0.0,29.4,22.4,27.1,66,1.2,南西,0.0,0.0,,
2025820,02:00,0.0,29.1,21.9,26.2,65,0.9,南,0.0,0.0,,
2025820,03:00,0.0,29.2,22.4,27.2,67,1.6,南,0.0,0.0,快晴,25.0
2025820,04:00,0.0,28.8,22.5,27.3,69,1.7,南南西,0.0,0.0,,
2025820,05:00,0.0,28.4,23.3,28.6,74,1.4,南西,0.0,0.00,,
2025820,06:00,0.0,28.6,23.7,29.4,75,1.5,南,0.4,0.07,晴れ,35.0
2025820,07:00,0.0,29.4,23.6,29.1,71,1.2,南南東,0.8,0.49,,
2025820,08:00,0.0,30.9,22.8,27.7,62,1.7,南西,1.0,1.20,,
2025820,09:00,0.0,31.7,23.3,28.5,61,1.8,南西,1.0,1.95,晴れ,35.0
2025820,10:00,0.0,32.1,23.6,29.2,61,1.9,西,0.8,2.17,,
2025820,11:00,0.0,31.8,23.4,28.7,61,3.1,西南西,0.7,2.20,,
2025820,12:00,0.0,34.5,24.1,30.1,55,2.8,南南西,1.0,3.24,晴れ,20.0
2025820,13:00,0.0,34.3,23.0,28.1,52,3.1,南西,0.9,3.07,,
2025820,14:00,0.0,35.9,23.2,28.4,48,3.2,南西,1.0,3.03,,
2025820,15:00,0.0,35.5,22.1,26.6,46,3.0,西,1.0,2.64,快晴,25.0
2025820,16:00,0.0,34.0,21.8,26.1,49,3.9,西南西,1.0,2.05,,
2025820,17:00,0.0,32.1,23.6,29.2,61,4.2,南西,1.0,1.33,,
2025820,18:00,0.0,31.8,23.4,28.7,61,4.6,西南西,1.0,0.57,晴れ,25.0
2025820,19:00,0.0,31.1,22.7,27.6,61,4.2,西南西,0.2,0.06,,
2025820,20:00,0.0,30.5,23.4,28.8,66,3.8,西南西,0.0,0.00,,
2025820,21:00,0.0,29.8,23.5,29.0,69,2.7,南西,0.0,0.0,快晴,25.0
2025820,22:00,0.0,29.6,23.6,29.0,70,2.6,西南西,0.0,0.0,,
2025820,23:00,0.0,29.5,23.5,28.9,70,2.3,南西,0.0,0.0,,
2025820,24:00,0.0,29.5,23.9,29.7,72,1.1,西,0.0,0.0,,
2025822,01:00,0.0,27.8,24.7,31.0,83,1.4,南,0.0,0.0,,
2025822,02:00,0.0,27.8,24.7,31.0,83,1.1,東南東,0.0,0.0,,
2025822,03:00,0.0,28.7,24.3,30.3,77,1.1,北東,0.0,0.0,薄曇,20.0
2025822,04:00,0.0,28.3,24.1,30.0,78,1.9,北,0.0,0.0,,
2025822,05:00,0.0,27.8,24.5,30.6,82,2.6,北北東,0.0,0.00,,
2025822,06:00,0.0,27.9,24.1,30.1,80,1.6,北北東,0.0,0.11,薄曇,15.0
2025822,07:00,0.0,28.7,24.1,29.9,76,1.8,北東,0.3,0.46,,
2025822,08:00,0.0,30.1,24.3,30.3,71,2.3,北,0.9,1.21,,
2025822,09:00,0.0,30.8,23.2,28.4,64,1.4,北西,0.5,1.49,薄曇,10.0
2025822,10:00,0.0,31.0,23.9,29.7,66,1.9,西北西,0.0,1.09,,
2025822,11:00,0.0,32.1,24.2,30.1,63,1.3,北東,0.0,1.16,,
2025822,12:00,0.0,32.8,24.8,31.4,63,2.1,南,0.1,1.02,薄曇,10.0
2025822,13:00,0.0,33.7,23.7,29.3,56,1.6,南西,0.5,2.05,,
2025822,14:00,0.0,34.3,23.0,28.1,52,2.4,南南東,0.8,2.20,,
2025822,15:00,0.0,34.6,23.9,29.7,54,3.9,南東,1.0,2.14,薄曇,15.0
2025822,16:00,0.0,33.5,23.2,28.5,55,3.5,南南東,0.9,1.57,,
2025822,17:00,0.0,32.6,23.5,29.0,59,4.4,南東,0.5,0.76,,
2025822,18:00,0.0,31.4,23.8,29.4,64,4.3,南南西,0.0,0.27,薄曇,15.0
2025822,19:00,0.0,30.6,24.0,29.9,68,3.6,南南西,0.0,0.02,,
2025822,20:00,0.0,29.7,24.1,30.0,72,0.9,南南西,0.0,0.0,,
2025822,21:00,0.0,29.1,24.9,31.4,78,2.8,南南東,0.0,0.0,薄曇,15.0
2025822,22:00,0.0,28.3,25.5,32.7,85,2.2,南南東,0.0,0.0,,
2025822,23:00,0.0,28.1,25.5,32.7,86,1.7,南南東,0.0,0.0,,
2025822,24:00,0.0,27.8,24.7,31.0,83,1.6,南東,0.0,0.0,,
2025823,01:00,0.0,27.3,24.8,31.2,86,1.2,南南東,0.0,0.0,,
2025823,02:00,0.0,27.9,23.9,29.7,79,2.7,南南西,0.0,0.0,,
2025823,03:00,0.0,27.4,23.9,29.6,81,2.0,南南西,0.0,0.0,薄曇,15.0
2025823,04:00,0.0,26.9,24.0,29.8,84,1.2,南南西,0.0,0.0,,
2025823,05:00,0.0,27.0,24.1,30.0,84,1.3,西,0.0,0.00,,
2025823,06:00,0.0,27.5,24.8,31.2,85,1.2,南西,0.0,0.11,薄曇,20.0
2025823,07:00,0.0,29.1,25.9,33.5,83,2.7,西北西,0.6,0.56,,
2025823,08:00,0.0,30.2,25.5,32.6,76,1.9,西北西,0.7,1.14,,
2025823,09:00,0.0,31.5,25.8,33.3,72,1.4,南南東,0.8,1.66,曇,20.0
2025823,10:00,0.0,32.2,25.0,31.8,66,0.8,西北西,0.8,2.36,,
2025823,11:00,0.0,33.3,24.5,30.7,60,2.9,南南東,0.6,2.21,,
2025823,12:00,0.0,34.4,24.1,29.9,55,3.9,南南東,0.9,2.90,薄曇,20.0
2025823,13:00,0.0,34.9,24.2,30.2,54,4.3,南南東,1.0,3.03,,
2025823,14:00,0.0,35.0,24.6,30.9,55,5.7,南東,1.0,2.74,,
2025823,15:00,0.0,34.4,24.4,30.5,56,4.7,南東,1.0,2.23,薄曇,30.0
2025823,16:00,0.0,33.7,24.6,30.9,59,4.4,南南東,1.0,1.66,,
2025823,17:00,0.0,32.8,24.6,30.9,62,3.3,南東,1.0,0.88,,
2025823,18:00,0.0,31.3,25.4,32.5,71,3.3,南南東,0.5,0.28,晴れ,30.0
2025823,19:00,0.0,29.8,25.6,32.7,78,2.6,南南東,0.0,0.01,,
2025823,20:00,0.0,29.3,25.3,32.2,79,3.0,南南東,0.0,0.0,,
2025823,21:00,0.0,28.8,25.6,32.9,83,1.8,南南東,0.0,0.0,快晴,25.0
2025823,22:00,0.0,28.5,25.3,32.3,83,2.1,南東,0.0,0.0,,
2025823,23:00,0.0,27.9,25.0,31.6,84,1.9,南南東,0.0,0.0,,
2025823,24:00,0.0,28.2,24.6,31.0,81,1.4,南,0.0,0.0,,
2025824,01:00,0.0,27.8,24.7,31.0,83,1.8,南,0.0,0.0,,
2025824,02:00,0.0,27.9,25.0,31.6,84,1.2,南西,0.0,0.0,,
2025824,03:00,0.0,27.4,25.1,31.8,87,1.2,南西,0.0,0.0,快晴,20.0
2025824,04:00,0.0,27.4,25.2,32.1,88,1.8,西南西,0.0,0.0,,
2025824,05:00,0.0,27.2,25.0,31.8,88,1.6,西,0.0,0.00,,
2025824,06:00,0.0,28.4,25.4,32.5,84,1.8,北北西,0.3,0.15,薄曇,20.0
2025824,07:00,0.0,29.5,25.3,32.2,78,1.5,北北西,1.0,0.74,,
2025824,08:00,0.0,31.9,26.0,33.6,71,2.4,北西,1.0,1.41,,
2025824,09:00,0.0,32.5,24.5,30.8,63,1.8,北東,1.0,2.06,晴れ,20.0
2025824,10:00,0.0,33.8,24.7,31.1,59,1.2,北東,1.0,2.55,,
2025824,11:00,0.0,35.2,23.5,29.0,51,1.9,北東,0.9,2.70,,
2025824,12:00,0.0,35.6,22.9,27.9,48,1.0,北,0.7,2.70,晴れ,15.0
2025824,13:00,0.0,36.3,25.5,32.6,54,4.1,南,0.9,2.94,,
2025824,14:00,0.0,35.7,24.6,31.0,53,5.5,南東,1.0,2.76,,
2025824,15:00,0.0,35.5,24.8,31.2,54,4.2,南南東,1.0,2.27,快晴,20.0
2025824,16:00,0.0,35.2,23.5,29.0,51,3.1,南南東,1.0,1.63,,
2025824,17:00,0.0,33.9,24.5,30.7,58,2.2,南,1.0,0.88,,
2025824,18:00,0.0,32.2,24.8,31.3,65,2.7,南東,0.5,0.25,晴れ,20.0
2025824,19:00,0.0,31.3,24.9,31.5,69,3.4,南東,0.0,0.01,,
2025824,20:00,0.0,30.3,24.9,31.5,73,3.3,南東,0.0,0.0,,
2025824,21:00,0.0,29.3,25.5,32.6,80,1.7,南南東,0.0,0.0,薄曇,20.0
2025824,22:00,0.0,29.4,26.0,33.6,82,1.6,南南東,0.0,0.0,,
2025824,23:00,0.0,29.5,25.9,33.4,81,2.3,北東,0.0,0.0,,
2025824,24:00,0.0,29.0,25.0,31.7,79,2.5,北東,0.0,0.0,,
2025826,01:00,0.0,28.1,25.5,32.7,86,1.9,南南東,0.0,0.0,晴れ,9.56
2025826,02:00,0.0,27.5,25.5,32.7,89,1.1,西南西,0.0,0.0,晴れ,8.27
2025826,03:00,0.0,27.3,25.5,32.7,90,0.7,南西,0.0,0.0,晴れ,7.81
2025826,04:00,0.0,27.3,25.5,32.7,90,2.3,南南東,0.0,0.0,晴れ,7.88
2025826,05:00,0.0,26.9,25.5,32.6,92,0.8,南,0.0,0.0,晴れ,6.25
2025826,06:00,0.0,27.2,25.4,32.5,90,1.1,西南西,0.1,0.0,晴れ,7.22
2025826,07:00,0.0,28.1,25.1,32.0,84,1.8,南西,1.0,0.0,晴れ,9.52
2025826,08:00,0.0,29.8,24.9,31.5,75,2.3,西南西,1.0,0.0,晴れ,11.0
2025826,09:00,0.0,30.7,25.1,31.8,72,2.6,南西,0.7,0.0,晴れ,12.0
2025826,10:00,0.0,31.2,24.1,30.0,66,4.8,南南西,0.6,0.0,晴れ,17.3
2025826,11:00,0.0,32.7,23.1,28.2,57,4.7,南南西,0.2,0.0,晴れ,20.0
2025826,12:00,0.0,32.9,23.0,28.0,56,5.2,南南西,1.0,0.0,晴れ,20.0
2025826,13:00,0.0,34.0,24.3,30.3,57,5.5,南西,1.0,0.0,晴れ,20.0
2025826,14:00,0.0,34.0,23.7,29.3,55,5.0,南南西,1.0,0.0,晴れ,20.0
2025826,15:00,0.0,32.5,24.0,29.9,61,6.0,南,1.0,0.0,晴れ,20.0
2025826,16:00,0.0,31.7,24.1,29.9,64,6.7,南西,1.0,0.0,晴れ,20.0
2025826,17:00,0.0,30.9,24.6,30.8,69,5.3,南南西,1.0,0.0,晴れ,20.0
2025826,18:00,0.0,29.7,23.9,29.6,71,5.9,南南西,0.8,0.0,晴れ,20.0
2025826,19:00,0.0,29.0,24.1,30.1,75,5.3,南南西,0.0,0.0,晴れ,20.0
2025826,20:00,0.0,28.6,23.5,29.0,74,5.5,南南西,0.0,0.0,晴れ,20.0
2025826,21:00,0.0,28.5,23.4,28.8,74,4.3,南南西,0.0,0.0,晴れ,20.0
2025826,22:00,0.0,28.4,23.3,28.6,74,4.5,南西,0.0,0.0,晴れ,20.0
2025826,23:00,0.0,28.2,22.9,27.9,73,4.6,南南西,0.0,0.0,晴れ,20.0
2025826,24:00,0.0,27.9,23.1,28.2,75,5.1,南南西,0.0,0.0,晴れ,20.0
2025827,01:00,0.0,27.9,23.1,28.2,75,5.0,南西,0.0,0.0,晴れ,20.0
2025827,02:00,0.0,27.9,23.3,28.6,76,5.3,南西,0.0,0.0,晴れ,20.0
2025827,03:00,0.0,27.9,23.3,28.6,76,5.0,南西,0.0,0.0,晴れ,20.0
2025827,04:00,0.0,27.8,23.2,28.4,76,5.0,南西,0.0,0.0,晴れ,20.0
2025827,05:00,0.0,27.7,23.1,28.2,76,5.0,南西,0.0,0.0,晴れ,20.0
2025827,06:00,0.0,27.7,23.3,28.6,77,5.2,南西,0.5,0.0,晴れ,20.0
2025827,07:00,0.0,28.8,23.5,28.9,73,4.9,南南西,1.0,0.0,晴れ,20.0
2025827,08:00,0.0,30.0,23.2,28.4,67,4.9,南西,1.0,0.0,晴れ,20.0
2025827,09:00,0.0,31.1,23.7,29.4,65,5.7,南西,1.0,0.0,晴れ,20.0
2025827,10:00,0.0,32.9,24.1,30.0,60,4.0,南西,1.0,0.0,晴れ,20.0
2025827,11:00,0.0,32.5,24.3,30.3,62,6.0,南南西,1.0,0.0,晴れ,20.0
2025827,12:00,0.0,32.5,24.0,29.9,61,6.2,南南西,1.0,0.0,晴れ,20.0
2025827,13:00,0.0,33.9,23.9,29.6,56,6.1,南,1.0,0.0,晴れ,20.0
2025827,14:00,0.0,33.5,24.4,30.5,59,5.8,南南西,1.0,0.0,晴れ,20.0
2025827,15:00,0.0,33.1,23.4,28.9,57,6.6,南南西,1.0,0.0,晴れ,20.0
2025827,16:00,0.0,32.4,23.6,29.2,60,5.6,南南西,1.0,0.0,晴れ,19.2
2025827,17:00,0.0,31.2,23.8,29.6,65,5.1,南南西,0.9,0.0,曇,17.6
2025827,18:00,0.0,30.5,23.9,29.7,68,4.0,南南西,0.0,0.0,曇,15.5
2025827,19:00,0.0,29.7,24.1,30.0,72,4.1,南南西,0.0,0.0,曇,14.0
2025827,20:00,0.0,29.5,24.2,30.1,73,2.5,南南東,0.0,0.0,曇,14.0
2025827,21:00,0.0,29.0,24.6,30.9,77,1.1,南南東,0.0,0.0,曇,12.5
2025827,22:00,0.0,29.8,24.0,29.8,71,1.3,北西,0.0,0.0,晴れ,15.1
2025827,23:00,0.0,29.3,23.5,29.0,71,3.0,北西,0.0,0.0,晴れ,20.0
2025827,24:00,0.0,28.9,24.0,29.9,75,3.0,北北西,0.0,0.0,曇,19.9
2025828,01:00,0.0,28.7,24.7,31.1,79,2.3,北,0.0,0.0,晴れ,18.1
2025828,02:00,0.0,28.3,24.3,30.4,79,1.5,北北東,0.0,0.0,晴れ,18.9
2025828,03:00,0.0,28.0,24.2,30.3,80,2.1,北東,0.0,0.0,晴れ,18.5
2025828,04:00,0.0,28.2,23.8,29.5,77,1.2,北東,0.0,0.0,曇,20.0
2025828,05:00,0.0,28.3,23.2,28.5,74,1.4,北北東,0.0,0.0,曇,20.0
2025828,06:00,0.0,28.4,21.9,26.3,68,1.8,北北東,0.0,0.0,曇,20.0
2025828,07:00,0.0,28.7,22.0,26.4,67,2.0,東北東,0.0,0.0,曇,20.0
2025828,08:00,0.0,28.9,22.9,27.9,70,2.4,東北東,0.0,0.0,曇,20.0
2025828,09:00,0.0,29.7,21.1,25.0,60,4.6,東北東,0.4,0.0,曇,20.0
2025828,10:00,0.0,29.8,23.0,28.1,67,4.1,東,0.3,0.0,曇,20.0
2025828,11:00,0.0,30.0,20.8,24.6,58,3.2,東北東,0.0,0.0,曇,20.0
2025828,12:00,0.0,32.0,21.8,26.2,55,5.4,東北東,0.6,0.0,晴れ,20.0
2025828,13:00,0.0,32.8,21.0,24.9,50,4.1,東,1.0,0.0,晴れ,20.0
2025828,14:00,0.0,32.7,21.6,25.7,52,5.4,東,0.7,0.0,晴れ,15.1
2025828,15:00,0.0,32.5,20.4,24.0,49,5.1,東,1.0,0.0,晴れ,20.0
2025828,16:00,0.0,31.2,19.6,22.7,50,4.7,東,0.6,0.0,晴れ,20.0
2025828,17:00,0.0,30.2,19.9,23.2,54,4.8,東南東,0.6,0.0,晴れ,20.0
2025828,18:00,0.0,28.7,18.5,21.3,54,4.2,東南東,0.7,0.0,晴れ,20.0
2025828,19:00,0.0,27.9,18.0,20.7,55,3.1,東南東,0.0,0.0,晴れ,20.0
2025828,20:00,0.0,27.3,20.2,23.6,65,2.2,東南東,0.0,0.0,晴れ,20.0
2025828,21:00,0.0,26.9,20.7,24.5,69,2.0,東,0.0,0.0,晴れ,20.0
2025828,22:00,0.0,26.6,21.6,25.8,74,1.9,東北東,0.0,0.0,晴れ,20.0
2025828,23:00,0.0,26.1,22.0,26.4,78,1.5,東,0.0,0.0,晴れ,20.0
2025828,24:00,0.0,26.1,22.4,27.1,80,1.5,東,0.0,0.0,晴れ,20.0
202592,01:00,0.0,28.2,24.6,31.0,81,2.3,南東,0.0,0.0,晴れ,20.0
202592,02:00,0.0,28.0,24.2,30.3,80,1.8,東南東,0.0,0.0,晴れ,20.0
202592,03:00,0.0,28.1,24.5,30.8,81,1.9,東,0.0,0.0,曇,20.0
202592,04:00,0.0,27.8,24.2,30.3,81,2.9,東南東,0.0,0.0,曇,20.0
202592,05:00,0.0,27.5,24.2,30.1,82,1.4,東南東,0.0,0.00,晴れ,20.0
202592,06:00,0.0,27.5,24.0,29.7,81,2.0,南東,0.2,0.04,晴れ,20.0
202592,07:00,0.0,28.3,24.3,30.4,79,2.4,南東,0.9,0.49,晴れ,20.0
202592,08:00,0.0,29.8,24.2,30.2,72,1.8,南東,0.9,1.18,晴れ,20.0
202592,09:00,0.0,32.8,25.1,31.9,64,1.8,北東,0.7,1.69,晴れ,20.0
202592,10:00,0.0,33.5,23.5,29.0,56,1.5,北西,0.6,1.92,晴れ,20.0
202592,11:00,0.0,33.8,22.3,26.8,51,1.4,北東,1.0,3.08,晴れ,20.0
202592,12:00,0.0,34.2,22.0,26.4,49,0.8,北,0.6,2.48,晴れ,20.0
202592,13:00,0.0,37.9,22.0,26.4,40,3.1,南南西,0.9,3.29,晴れ,20.0
202592,14:00,0.0,35.9,20.6,24.2,41,1.4,南南東,0.7,2.15,曇,20.0
202592,15:00,0.0,37.4,21.1,25.0,39,3.1,南西,0.6,1.66,曇,20.0
202592,16:00,0.0,34.8,22.8,27.8,50,5.3,南,1.0,1.73,晴れ,20.0
202592,17:00,0.0,33.1,22.9,27.8,55,5.3,南,1.0,1.19,晴れ,20.0
202592,18:00,0.0,31.6,23.4,28.8,62,5.3,南南東,0.9,0.35,晴れ,20.0
202592,19:00,0.0,30.2,24.6,30.9,72,5.5,南南東,0.0,0.01,晴れ,20.0
202592,20:00,0.0,29.8,24.4,30.6,73,4.1,南南東,0.0,0.0,晴れ,20.0
202592,21:00,0.0,29.2,25.0,31.6,78,3.5,南南東,0.0,0.0,晴れ,20.0
202592,22:00,0.0,28.8,25.2,32.1,81,3.1,南東,0.0,0.0,曇,20.0
202592,23:00,0.0,28.6,25.2,32.1,82,1.8,東南東,0.0,0.0,曇,20.0
202592,24:00,0.0,28.6,24.6,30.9,79,2.6,東南東,0.0,0.0,曇,20.0
202593,01:00,0.0,28.6,24.6,30.9,79,1.2,東北東,0.0,0.0,曇,20.0
202593,02:00,0.0,28.3,24.5,30.8,80,0.9,東北東,0.0,0.0,晴れ,20.0
202593,03:00,0.0,28.5,24.5,30.8,79,1.8,南東,0.0,0.0,晴れ,20.0
202593,04:00,0.0,28.2,23.8,29.5,77,1.6,南東,0.0,0.0,曇,20.0
202593,05:00,0.0,27.9,23.3,28.6,76,1.6,南東,0.0,0.00,曇,20.0
202593,06:00,0.0,27.7,23.9,29.7,80,1.0,東,0.0,0.02,晴れ,20.0
202593,07:00,0.0,28.7,24.1,29.9,76,1.5,北北西,0.0,0.20,曇,20.0
202593,08:00,0.0,29.5,23.9,29.7,72,2.2,北北東,0.6,1.01,晴れ,20.0
202593,09:00,0.0,31.7,23.3,28.5,61,2.0,北,1.0,1.95,晴れ,20.0
202593,10:00,0.0,34.4,22.8,27.8,51,2.0,北,1.0,2.56,晴れ,17.1
202593,11:00,0.0,34.9,21.2,25.2,45,1.7,北西,1.0,2.91,晴れ,20.0
202593,12:00,0.0,35.2,20.4,23.9,42,3.1,北北西,1.0,2.79,晴れ,20.0
202593,13:00,0.0,35.6,19.9,23.3,40,1.9,西北西,1.0,2.75,晴れ,20.0
202593,14:00,0.0,36.4,20.2,23.7,39,2.3,西北西,0.8,1.99,曇,20.0
202593,15:00,0.0,35.3,22.3,26.9,47,4.1,南西,0.1,1.33,曇,20.0
202593,16:00,0.0,34.9,21.6,25.7,46,5.0,南西,0.7,1.34,曇,20.0
202593,17:00,0.0,32.5,23.2,28.4,58,5.0,南南東,0.1,0.57,曇,20.0
202593,18:00,0.0,31.1,23.2,28.5,63,4.5,南南東,0.0,0.15,曇,20.0
202593,19:00,0.0,29.9,23.8,29.5,70,3.5,南東,0.0,0.01,曇,20.0
202593,20:00,0.0,29.4,24.3,30.3,74,4.1,南東,0.0,0.0,曇,20.0
202593,21:00,0.0,29.0,23.7,29.3,73,4.0,南東,0.0,0.0,曇,20.0
202593,22:00,0.0,28.6,23.5,29.0,74,4.4,南東,0.0,0.0,曇,20.0
202593,23:00,0.0,28.2,23.8,29.5,77,3.9,南東,0.0,0.0,曇,20.0
202593,24:00,0.0,27.9,23.9,29.7,79,3.2,南東,0.0,0.0,曇,20.0
202594,01:00,0.0,27.7,24.1,30.1,81,3.0,東南東,0.0,0.0,曇,20.0
202594,02:00,0.0,27.6,23.8,29.6,80,2.6,南東,0.0,0.0,曇,20.0
202594,03:00,0.0,27.5,24.2,30.1,82,1.6,東南東,0.0,0.0,曇,20.0
202594,04:00,0.0,27.4,23.6,29.2,80,1.5,南東,0.0,0.0,曇,20.0
202594,05:00,0.0,27.6,24.1,29.9,81,1.3,東南東,0.0,0.00,曇,20.0
202594,06:00,0.0,27.7,24.1,30.1,81,1.8,東南東,0.0,0.01,曇,20.0
202594,07:00,0.0,28.1,23.9,29.7,78,2.2,東南東,0.0,0.25,曇,20.0
202594,08:00,0.0,28.8,24.2,30.1,76,2.4,南東,0.0,0.50,曇,20.0
202594,09:00,0.0,29.8,23.5,29.0,69,2.5,南東,0.0,0.77,曇,20.0
202594,10:00,0.0,30.3,23.5,28.9,67,2.0,南南東,0.0,1.07,雨,20.0
202594,11:00,0.0,32.7,24.2,30.2,61,2.9,南南東,0.2,1.67,雨,20.0
202594,12:00,0.0,32.2,23.5,28.9,60,3.4,南南東,0.2,1.77,雨,20.0
202594,13:00,0.0,31.0,23.7,29.2,65,4.5,南,0.0,1.21,雨,16.6
202594,14:00,0.0,30.8,23.7,29.3,66,4.9,南南東,0.0,1.16,雨,20.0
202594,15:00,0.0,29.6,24.0,29.9,72,5.6,南,0.0,0.87,雨,20.0
202594,16:00,0.0,29.0,24.1,30.1,75,4.9,南南東,0.0,0.51,雨,20.0
202594,17:00,0.0,28.5,24.1,30.0,77,4.2,南南東,0.0,0.33,雨,20.0
202594,18:00,0.0,28.1,24.1,30.0,79,2.8,南南東,0.0,0.12,曇,20.0
202594,19:00,0.0,27.8,23.8,29.5,79,3.0,南東,0.0,0.00,雨,20.0
202594,20:00,0.0,27.1,24.2,30.1,84,2.9,南南東,0.0,0.0,雨,8.87
202594,21:00,0.0,27.4,24.1,29.9,82,1.7,南南東,0.0,0.0,雨,20.0
202594,22:00,1.0,25.8,24.4,30.6,92,3.5,南東,0.0,0.0,雨,11.5
202594,23:00,4.0,25.5,24.8,31.3,96,2.2,東北東,0.0,0.0,雨,3.67
202594,24:00,8.5,25.1,24.6,30.9,97,1.7,東南東,0.0,0.0,雨,0.95
2025913,01:00,2.0,23.7,23.4,28.7,98,2.9,北北東,0.0,0.0,,
2025913,02:00,4.0,23.6,23.6,29.1,100,2.4,北北東,0.0,0.0,,
2025913,03:00,6.0,23.4,23.4,28.8,100,0.5,北北西,0.0,0.0,雨,8.00
2025913,04:00,0.5,23.3,23.3,28.6,100,1.5,東北東,0.0,0.0,,
2025913,05:00,0.0,23.4,23.4,28.8,100,2.3,北東,0.0,0.00,,
2025913,06:00,0.0,23.6,23.6,29.1,100,1.6,東北東,0.0,0.01,曇,20.0
2025913,07:00,0.0,24.3,24.3,30.4,100,1.5,南東,0.0,0.20,,
2025913,08:00,0.0,24.8,24.6,31.0,99,2.5,南東,0.0,0.34,,
2025913,09:00,0.0,26.3,25.6,32.9,96,2.4,南南東,0.0,0.84,曇,10.0
2025913,10:00,0.0,27.0,24.8,31.4,88,2.9,南南東,0.1,1.23,,
2025913,11:00,0.0,27.4,24.5,30.7,84,3.3,南南東,0.0,1.14,,
2025913,12:00,0.0,29.1,25.5,32.6,81,4.3,南,0.2,1.81,曇,25.0
2025913,13:00,0.0,29.2,24.8,31.2,77,6.5,南,0.1,1.39,,
2025913,14:00,0.0,29.6,25.1,31.9,77,6.4,南,0.1,1.06,,
2025913,15:00,0.0,28.2,24.6,31.0,81,4.6,南,0.1,1.04,曇,25.0
2025913,16:00,0.0,28.2,24.0,29.8,78,4.4,南,0.0,0.54,,
2025913,17:00,0.0,27.6,23.4,28.8,78,6.7,南,0.1,0.42,,
2025913,18:00,0.0,27.0,23.7,29.2,82,4.5,南,0.0,0.05,曇,25.0
2025913,19:00,0.0,26.4,23.5,28.9,84,5.2,南南西,0.0,0.00,,
2025913,20:00,0.0,26.2,23.7,29.3,86,5.4,南,0.0,0.0,,
2025913,21:00,0.0,27.0,24.5,30.7,86,5.5,南南西,0.0,0.0,曇,25.0
2025913,22:00,0.0,27.0,24.7,31.0,87,4.5,南,0.0,0.0,,
2025913,23:00,0.0,27.1,24.2,30.1,84,4.4,南,0.0,0.0,,
2025913,24:00,0.0,27.0,24.3,30.3,85,4.9,南,0.0,0.0,,
2025917,01:00,0.0,28.9,22.2,26.7,67,1.5,南西,0.0,0.0,曇,20.0
2025917,02:00,0.0,28.6,22.4,27.0,69,2.4,南南西,0.0,0.0,晴れ,20.0
2025917,03:00,0.0,28.4,23.1,28.3,73,0.8,西,0.0,0.0,晴れ,20.0
2025917,04:00,0.0,28.0,22.9,28.0,74,1.4,西,0.0,0.0,晴れ,20.0
2025917,05:00,0.0,27.6,23.0,28.1,76,0.8,東北東,0.0,0.0,晴れ,19.3
2025917,06:00,0.0,27.5,22.9,27.9,76,1.5,西北西,0.0,0.00,晴れ,16.9
2025917,07:00,0.0,27.3,23.1,28.3,78,1.2,北,0.0,0.08,晴れ,17.7
2025917,08:00,0.0,27.9,23.1,28.2,75,0.8,北北西,0.0,0.35,曇,16.9
2025917,09:00,0.0,29.0,23.4,28.9,72,3.8,南西,0.2,0.80,曇,12.8
2025917,10:00,0.0,29.7,22.7,27.5,66,4.1,南南西,0.8,1.99,晴れ,13.5
2025917,11:00,0.0,31.7,22.7,27.6,59,3.2,南,0.8,2.60,晴れ,17.1
2025917,12:00,0.0,32.8,21.7,25.9,52,4.4,南南西,1.0,2.85,晴れ,20.0
2025917,13:00,0.0,32.5,22.3,26.9,55,4.3,南,0.9,2.72,晴れ,20.0
2025917,14:00,0.0,32.9,22.4,27.0,54,4.6,南南西,0.9,2.60,晴れ,20.0
2025917,15:00,0.0,33.3,22.7,27.6,54,4.9,南,0.9,2.22,雷電,20.0
2025917,16:00,1.5,29.6,24.3,30.3,73,4.9,西北西,0.2 ),0.62,雷電,6.85
2025917,17:00,0.0,28.7,23.4,28.8,73,4.7,北,0.1,0.56,雷電,20.0
2025917,18:00,0.5,28.1,23.7,29.3,77,2.1,北,0.2,0.24,雷電,7.12
2025917,19:00,4.5,26.8,23.7,29.3,83,2.2,北,0.0,0.00,曇,20.0
2025917,20:00,0.0,26.8,23.3,28.6,81,2.0,東北東,0.0,0.0,晴れ,20.0
2025917,21:00,0.0,26.6,23.3,28.6,82,1.3,北北東,0.0,0.0,晴れ,20.0
2025917,22:00,0.0,26.7,23.2,28.4,81,1.2,南南東,0.0,0.0,曇,20.0
2025917,23:00,0.0,26.7,23.2,28.4,81,1.1,東北東,0.0,0.0,曇,20.0
2025917,24:00,0.0,26.5,23.2,28.4,82,0.8,南西,0.0,0.0,曇,20.0
2025918,01:00,0.0,27.0,23.7,29.2,82,0.9,南,0.0,0.0,曇,20.0
2025918,02:00,0.0,27.8,22.5,27.3,73,4.4,南南西,0.0,0.0,晴れ,20.0
2025918,03:00,0.0,27.8,21.8,26.2,70,1.9,南,0.0,0.0,晴れ,20.0
2025918,04:00,0.0,27.6,21.9,26.2,71,2.1,南南西,0.0,0.0,雷電,20.0
2025918,05:00,1.0,26.7,22.8,27.7,79,1.6,南西,0.0,0.0,雨,2.14
2025918,06:00,0.5,25.9,23.2,28.4,85,2.3,北,0.0,0.00,雷電,20.0
2025918,07:00,0.0,26.0,23.5,28.9,86,3.7,北,0.0,0.07,雷電,17.8
2025918,08:00,3.0,25.2,20.9,24.7,77,2.6,西,0.0,0.04,雷電,20.0
2025918,09:00,1.5,25.6,21.5,25.6,78,2.4,南南西,0.0,0.05,雨,20.0
2025918,10:00,0.0,26.1,21.3,25.4,75,1.6,西,0.0,0.65,雨,20.0
2025918,11:00,0.0,26.9,21.2,25.2,71,1.6,北東,0.0,1.28,雨,20.0
2025918,12:00,0.0,28.0,21.1,25.0,66,1.5,南西,0.5,1.92,曇,20.0
2025918,13:00,0.0,26.8,21.8,26.1,74,2.3,西,0.0,0.36,雨,13.8
2025918,14:00,1.0,26.8,21.1,25.0,71,1.2,東北東,0.0,0.79,雨,20.0
2025918,15:00,0.0,27.6,21.4,25.5,69,1.9,北東,0.0,0.97,曇,20.0
2025918,16:00,0.0,27.9,20.2,23.7,63,3.5,北,0.0,0.50,曇,20.0
2025918,17:00,0.0,27.6,19.7,22.9,62,5.4,北,0.0,0.23,雨,20.0
2025918,18:00,0.0,26.8,19.4,22.6,64,4.8,北,0.0,0.08,曇,20.0
2025918,19:00,0.0,26.2,18.4,21.1,62,5.1,北,0.0,0.00,曇,20.0
2025918,20:00,0.0,25.8,18.2,20.9,63,3.9,北北東,0.0,0.0,曇,20.0
2025918,21:00,0.0,25.1,17.8,20.4,64,4.8,北,0.0,0.0,曇,20.0
2025918,22:00,0.0,24.7,17.7,20.2,65,4.0,北北東,0.0,0.0,雨,20.0
2025918,23:00,0.0,24.1,17.4,19.8,66,4.8,北北東,0.0,0.0,雨,20.0
2025918,24:00,0.0,24.1,16.6,18.9,63,4.6,北,0.0,0.0,曇,20.0
2025921,01:00,0.0,26.3,23.0,28.1,82,3.3,南南西,0.0,0.0,,
2025921,02:00,0.0,26.2,23.1,28.2,83,4.9,南,0.0,0.0,,
2025921,03:00,0.0,26.4,23.1,28.2,82,4.2,南南西,0.0,0.0,曇,20.0
2025921,04:00,0.0,25.2,22.7,27.6,86,2.2,北北西,0.0,0.0,,
2025921,05:00,0.0,24.0,21.5,25.7,86,3.8,北北西,0.0,0.00,,
2025921,06:00,0.0,23.2,20.9,24.7,87,1.0,北北西,0.0,0.03,曇,15.0
2025921,07:00,0.0,24.0,21.3,25.4,85,0.5,北北東,0.0,0.18,,
2025921,08:00,0.0,25.7,20.9,24.8,75,1.7,北北西,0.2,0.52,,
2025921,09:00,0.0,25.8,20.6,24.3,73,2.0,北北西,0.5,1.27,晴れ,40.0
2025921,10:00,0.0,29.8,20.7,24.3,58,2.6,北北西,0.9,2.33,,
2025921,11:00,0.0,30.6,20.0,23.3,53,3.8,北北東,1.0,3.12,,
2025921,12:00,0.0,29.8,17.3,19.7,47,6.5,北西,0.5,2.05,晴れ,40.0
2025921,13:00,0.0,29.7,16.9,19.2,46,4.4,北西,0.3,1.95,,
2025921,14:00,0.0,30.7,17.4,19.9,45,3.6,北北西,0.2,1.37,,
2025921,15:00,0.0,28.7,15.6,17.7,45,5.2,北西,0.1,0.85,曇,40.0
2025921,16:00,0.0,28.0,13.9,15.9,42,3.7,北西,0.0,0.41,,
2025921,17:00,0.0,27.9,14.2,16.2,43,2.9,北,0.0,0.18,,
2025921,18:00,0.0,26.3,18.7,21.6,63,2.0,東北東,0.0,0.04,曇,40.0
2025921,19:00,0.0,26.0,19.2,22.2,66,2.0,東,0.0,0.00,,
2025921,20:00,0.0,23.8,20.0,23.3,79,1.9,東北東,0.0,0.0,,
2025921,21:00,4.0,21.2,20.9,24.7,98,2.4,西南西,0.0,0.0,雨,10.0
2025921,22:00,1.5,19.6,19.3,22.4,98,1.3,南,0.0,0.0,,
2025921,23:00,1.0,19.4,19.3,22.3,99,3.1,西北西,0.0,0.0,,
2025921,24:00,0.0,18.6,18.3,21.0,98,1.7,北,0.0,0.0,,
2025922,01:00,0.0,18.3,17.7,20.2,96,1.8,北東,0.0,0.0,,
2025922,02:00,0.0,18.2,17.6,20.1,96,1.6,北北東,0.0,0.0,,
2025922,03:00,0.0,18.4,17.3,19.7,93,2.1,北北東,0.0,0.0,曇,20.0
2025922,04:00,0.0,19.0,16.4,18.7,85,1.5,北北西,0.0,0.0,,
2025922,05:00,0.0,18.8,16.8,19.1,88,1.0,北,0.0,0.00,,
2025922,06:00,0.0,19.0,16.1,18.2,83,2.5,北,0.1,0.05,薄曇,40.0
2025922,07:00,0.0,20.8,16.4,18.7,76,1.8,北北西,0.7,0.53,,
2025922,08:00,0.0,21.4,15.3,17.3,68,2.8,北北西,1.0,1.23,,
2025922,09:00,0.0,23.5,14.5,16.5,57,2.9,北北東,1.0,1.82,晴れ,40.0
2025922,10:00,0.0,24.6,12.6,14.5,47,2.8,北東,1.0,2.41,,
2025922,11:00,0.0,24.7,11.6,13.7,44,3.8,北東,1.0,2.54,,
2025922,12:00,0.0,26.0,12.8,14.8,44,5.0,北東,1.0,2.69,薄曇,40.0
2025922,13:00,0.0,26.1,12.6,14.5,43,2.9,東北東,0.8,2.28,,
2025922,14:00,0.0,24.9,12.8,14.8,47,3.9,東,0.7,1.87,,
2025922,15:00,0.0,24.9,13.8,15.7,50,4.2,東,0.1,0.97,薄曇,35.0
2025922,16:00,0.0,23.8,13.7,15.6,53,2.9,東北東,0.0,0.68,,
2025922,17:00,0.0,23.0,13.2,15.2,54,3.4,東,0.0,0.32,,
2025922,18:00,0.0,22.4,13.7,15.7,58,4.3,東北東,0.1,0.08,薄曇,35.0
2025922,19:00,0.0,21.7,13.9,15.8,61,4.1,東北東,0.0,0.00,,
2025922,20:00,0.0,21.4,14.1,16.1,63,3.3,東北東,0.0,0.0,,
2025922,21:00,0.0,21.7,14.4,16.4,63,3.6,東北東,0.0,0.0,晴れ,30.0
2025922,22:00,0.0,20.6,14.5,16.5,68,2.9,北東,0.0,0.0,,
2025922,23:00,0.0,21.1,14.5,16.5,66,3.0,北北東,0.0,0.0,,
2025922,24:00,0.0,20.7,14.4,16.4,67,1.6,北,0.0,0.0,,
2025923,01:00,0.0,21.2,13.6,15.6,62,2.0,北北東,0.0,0.0,晴れ,20.0
2025923,02:00,0.0,20.8,14.2,16.2,66,3.3,北,0.0,0.0,晴れ,20.0
2025923,03:00,0.0,20.5,14.2,16.2,67,3.7,北,0.0,0.0,晴れ,20.0
2025923,04:00,0.0,20.1,14.9,16.9,72,4.2,北北西,0.0,0.0,曇,20.0
2025923,05:00,0.0,20.0,15.0,17.1,73,4.3,北,0.0,0.0,曇,20.0
2025923,06:00,0.0,20.2,14.8,16.8,71,4.1,北,0.0,0.0,曇,20.0
2025923,07:00,0.0,20.4,14.5,16.5,69,4.8,北,0.2,0.0,晴れ,20.0
2025923,08:00,0.0,22.0,14.4,16.4,62,4.9,北,0.8,0.0,晴れ,20.0
2025923,09:00,0.0,23.6,15.1,17.2,59,2.7,北北東,1.0,0.0,晴れ,20.0
2025923,10:00,0.0,24.2,14.0,16.0,53,2.9,北,0.8,0.0,晴れ,20.0
2025923,11:00,0.0,24.7,12.3,14.3,46,2.6,北,0.4,0.0,曇,20.0
2025923,12:00,0.0,25.5,14.6,16.6,51,2.5,北東,0.5,0.0,曇,20.0
2025923,13:00,0.0,25.1,14.6,16.6,52,2.8,東,0.3,0.0,曇,20.0
2025923,14:00,0.0,25.7,14.8,16.8,51,3.8,東,0.1,0.0,曇,20.0
2025923,15:00,0.0,25.2,15.8,18.0,56,4.7,東,0.2,0.0,曇,20.0
2025923,16:00,0.0,24.4,15.4,17.4,57,5.0,東,0.4,0.0,曇,20.0
2025923,17:00,0.0,23.8,15.8,18.0,61,4.4,東,0.0,0.0,曇,20.0
2025923,18:00,0.0,23.0,16.1,18.3,65,2.2,東北東,0.0,0.0,晴れ,20.0
2025923,19:00,0.0,22.8,16.8,19.2,69,2.4,東北東,0.0,0.0,晴れ,20.0
2025923,20:00,0.0,22.3,16.8,19.1,71,2.0,東北東,0.0,0.0,晴れ,20.0
2025923,21:00,0.0,22.0,16.7,19.0,72,1.5,北東,0.0,0.0,晴れ,20.0
2025923,22:00,0.0,21.4,16.6,18.9,74,1.5,北,0.0,0.0,晴れ,20.0
2025923,23:00,0.0,21.5,16.5,18.7,73,2.3,北,0.0,0.0,晴れ,20.0
2025923,24:00,0.0,21.4,16.4,18.6,73,2.2,北,0.0,0.0,晴れ,20.0
20251025,01:00,0.0,17.5,10.9,13.0,65,1.4,南南西,0.0,0.0,晴れ,20.0
20251025,02:00,0.0,17.8,10.7,12.8,63,1.7,南西,0.0,0.0,曇,20.0
20251025,03:00,0.0,17.7,11.1,13.2,65,0.7,南西,0.0,0.0,晴れ,20.0
20251025,04:00,0.0,17.3,11.6,13.6,69,0.7,南西,0.0,0.0,晴れ,20.0
20251025,05:00,0.0,18.1,11.7,13.7,66,1.3,南南西,0.0,0.0,晴れ,20.0
20251025,06:00,0.0,18.2,12.4,14.4,69,1.4,南南西,0.0,0.00,曇,20.0
20251025,07:00,0.0,18.3,12.5,14.5,69,0.9,南南東,0.0,0.02,曇,20.0
20251025,08:00,0.0,18.5,13.6,15.5,73,1.2,南,0.0,0.10,雨,20.0
20251025,09:00,0.0,18.3,15.9,18.1,86,1.3,南東,0.0,0.27,雨,20.0
20251025,10:00,0.0,18.6,16.2,18.4,86,0.9,南東,0.0,0.43,雨,16.7
20251025,11:00,0.5,18.7,16.3,18.5,86,1.2,東南東,0.0,0.68,曇,20.0
20251025,12:00,0.0,19.7,16.6,18.8,82,0.7,東南東,0.0,0.72,曇,20.0
20251025,13:00,0.0,20.8,16.4,18.7,76,0.9,北北西,0.1,1.24,曇,20.0
20251025,14:00,0.0,21.1,16.7,19.0,76,0.9,南東,0.3,1.18,曇,20.0
20251025,15:00,0.0,21.5,16.0,18.2,71,2.5,北西,0.3,1.18,曇,20.0
20251025,16:00,0.0,21.1,16.7,19.0,76,3.6,北北西,0.1,0.57,曇,20.0
20251025,17:00,0.0,20.9,16.9,19.3,78,2.6,北北西,0.0,0.25,曇,20.0
20251025,18:00,0.0,20.7,15.7,17.8,73,4.2,北,0.0,0.02,曇,20.0
20251025,19:00,0.0,20.5,15.1,17.1,71,2.7,北北東,0.0,0.00,曇,20.0
20251025,20:00,0.0,19.8,15.5,17.6,76,1.6,北東,0.0,0.0,曇,20.0
20251025,21:00,0.0,19.6,14.6,16.7,73,1.5,北東,0.0,0.0,晴れ,20.0
20251025,22:00,0.0,18.6,14.9,16.9,79,1.6,北北東,0.0,0.0,晴れ,20.0
20251025,23:00,0.0,18.5,15.4,17.5,82,1.3,南南西,0.0,0.0,晴れ,20.0
20251025,24:00,0.0,17.9,14.8,16.8,82,1.3,南西,0.0,0.0,晴れ,20.0
20251026,01:00,0.0,17.5,14.4,16.4,82,1.3,南西,0.0,0.0,晴れ,20.0
20251026,02:00,0.0,17.0,14.1,16.1,83,1.0,西南西,0.0,0.0,晴れ,20.0
20251026,03:00,0.0,17.1,14.0,16.0,82,1.7,西南西,0.0,0.0,曇,20.0
20251026,04:00,0.0,16.6,14.1,16.1,85,1.0,南西,0.0,0.0,曇,20.0
20251026,05:00,0.0,16.3,14.5,16.5,89,1.3,南南西,0.0,0.0,晴れ,20.0
20251026,06:00,0.0,16.7,14.5,16.5,87,1.0,南西,0.0,0.0,曇,20.0
20251026,07:00,0.0,17.1,14.6,16.6,85,0.9,南西,0.0,0.03,曇,20.0
20251026,08:00,0.0,18.1,14.6,16.6,80,0.8,南西,0.4,0.36,曇,20.0
20251026,09:00,0.0,21.1,14.8,16.8,67,1.4,西南西,0.9,1.19,晴れ,20.0
20251026,10:00,0.0,22.4,15.0,17.1,63,2.0,北,0.9,1.58,晴れ,20.0
20251026,11:00,0.0,22.9,15.0,17.0,61,2.5,北,0.8,2.20,曇,20.0
20251026,12:00,0.0,22.2,15.1,17.1,64,3.4,北北西,0.6,2.08,曇,20.0
20251026,13:00,0.0,21.8,15.2,17.2,66,2.3,北西,0.0,0.71,曇,20.0
20251026,14:00,0.0,20.4,16.5,18.7,78,5.1,北,0.0,0.31,雨,20.0
20251026,15:00,3.5,18.4,17.4,19.9,94,1.7,北西,0.0,0.16,雨,3.74
20251026,16:00,0.0,19.3,16.7,19.0,85,5.8,北,0.0,0.05,雨,20.0
20251026,17:00,2.5,18.8,14.9,16.9,78,4.4,北西,0.0,0.02,雨,20.0
20251026,18:00,0.0,19.3,14.1,16.1,72,4.7,北西,0.0,0.00,曇,20.0
20251026,19:00,0.0,19.6,13.1,15.1,66,3.6,北西,0.0,0.00,晴れ,20.0
20251026,20:00,0.0,19.1,12.6,14.6,66,2.0,西北西,0.0,0.0,晴れ,20.0
20251026,21:00,0.0,17.7,13.6,15.6,77,1.6,南西,0.0,0.0,晴れ,20.0
20251026,22:00,0.0,19.0,12.7,14.7,67,4.4,北西,0.0,0.0,晴れ,20.0
20251026,23:00,0.0,19.2,10.5,12.7,57,4.1,北北西,0.0,0.0,晴れ,20.0
20251026,24:00,0.0,18.6,10.5,12.6,59,3.5,北北西,0.0,0.0,晴れ,20.0
