日付,時刻,降水量(mm),気温(°C),露点温度(°C),蒸気圧(hPa),湿度(%),風速(m/s),風向,日照時間(h),全天日射量(MJ/㎡),天気,視程(km)
20250301,01:00,0.0,10.0,7.8,10.6,86,2.1,北北東,0.0,0.0,曇,2.43
20250301,02:00,0.0,10.0,6.9,9.9,81,2.4,北北東,0.0,0.0,曇,8.09
20250301,03:00,0.0,9.6,5.8,9.2,77,2.6,北北東,0.0,0.0,曇,19.9
20250301,04:00,0.0,9.2,5.4,9.0,77,3.5,北北東,0.0,0.0,曇,20.0
20250301,05:00,0.0,8.7,4.7,8.5,76,3.1,北,0.0,0.0,曇,20.0
20250301,06:00,0.0,8.3,4.0,8.1,74,6.0,北北東,0.0,0.0,曇,20.0
20250301,07:00,0.0,8.0,3.9,8.0,75,5.6,北北東,0.0,0.01,晴れ,20.0
20250301,08:00,0.0,8.4,4.1,8.2,74,4.9,北北東,0.0,0.13,曇,20.0
20250301,09:00,0.0,8.8,4.0,8.2,72,2.9,北北東,0.0,0.37,曇,20.0
20250301,10:00,0.0,9.5,4.7,8.5,72,2.6,北,0.0,0.51,曇,16.0
20250301,11:00,0.0,10.5,6.1,9.4,74,1.4,北,0.0,0.86,曇,10.6
20250301,12:00,0.0,12.5,7.0,10.0,69,1.7,南南東,0.2,1.53,晴れ,11.0
20250301,13:00,0.0,13.5,7.1,10.1,65,3.8,南,0.9,2.63,晴れ,14.0
20250301,14:00,0.0,15.1,7.7,10.5,61,1.6,南南西,1.0,2.64,晴れ,13.9
20250301,15:00,0.0,15.7,8.0,10.7,60,2.7,南南西,1.0,2.17,晴れ,13.1
20250301,16:00,0.0,16.1,7.9,10.6,58,2.5,南西,1.0,1.51,晴れ,12.7
20250301,17:00,0.0,14.8,8.3,10.9,65,2.7,南西,0.5,0.69,晴れ,10.8
20250301,18:00,0.0,14.4,8.4,11.0,67,0.8,西南西,0.0,0.08,曇,9.64
20250301,19:00,0.0,14.2,9.2,11.7,72,0.8,南,0.0,0.00,雨,6.54
20250301,20:00,0.0,14.3,9.7,12.1,74,1.1,南,0.0,0.0,雨,5.36
20250301,21:00,0.0,14.1,10.1,12.4,77,1.5,南南東,0.0,0.0,雨,3.81
20250301,22:00,0.0,13.5,10.5,12.7,82,0.3,北北東,0.0,0.0,雨,2.81
20250301,23:00,0.0,13.4,10.9,13.1,85,2.2,北,0.0,0.0,雨,2.68
20250301,24:00,0.5,13.3,11.2,13.3,87,0.8,北,0.0,0.0,雨,2.32
20250302,01:00,2.0,13.1,11.3,13.4,89,0.1,静穏,0.0,0.0,雨,1.27
20250302,02:00,1.5,12.7,11.1,13.2,90,0.8,北,0.0,0.0,雨,1.10
20250302,03:00,0.0,13.0,11.4,13.5,90,1.2,北,0.0,0.0,雨,1.57
20250302,04:00,0.5,13.1,11.5,13.6,90,1.1,南東,0.0,0.0,雨,2.15
20250302,05:00,0.0,13.0,11.4,13.5,90,1.4,北北西,0.0,0.0,曇,2.15
20250302,06:00,0.0,12.8,11.2,13.3,90,0.9,北,0.0,0.0,曇,3.49
20250302,07:00,0.0,12.8,11.2,13.3,90,0.5,東,0.0,0.00,雨,4.26
20250302,08:00,0.0,12.9,11.1,13.2,89,0.7,北,0.0,0.06,雨,4.71
20250302,09:00,0.0,13.0,11.2,13.3,89,0.7,南,0.0,0.14,雨,3.55
20250302,10:00,0.0,13.2,11.4,13.5,89,0.5,北西,0.0,0.26,雨,1.50
20250302,11:00,1.0,13.6,12.0,14.0,90,0.3,東南東,0.0,0.58,雨,2.30
20250302,12:00,0.0,14.5,12.5,14.5,88,1.4,西南西,0.0,0.75,曇,2.22
20250302,13:00,0.0,14.8,12.1,14.1,84,1.2,南南西,0.0,0.76,曇,3.74
20250302,14:00,0.0,14.6,12.1,14.1,85,0.6,南西,0.0,0.34,雨,4.00
20250302,15:00,0.0,15.0,12.5,14.5,85,1.2,南南西,0.0,0.38,雨,3.96
20250302,16:00,0.0,15.2,12.7,14.7,85,1.7,北,0.0,0.44,曇,3.95
20250302,17:00,0.0,15.3,12.8,14.8,85,0.4,北北東,0.0,0.14,曇,4.44
20250302,18:00,0.0,15.0,12.7,14.7,86,0.5,南南西,0.0,0.03,雨,3.01
20250302,19:00,0.0,14.9,12.9,14.9,88,1.0,南西,0.0,0.00,曇,2.50
20250302,20:00,0.0,14.6,12.6,14.6,88,1.4,北,0.0,0.0,曇,1.90
20250302,21:00,0.0,14.7,12.7,14.7,88,0.6,東,0.0,0.0,曇,2.10
20250302,22:00,1.5,14.2,12.4,14.4,89,0.4,南西,0.0,0.0,雨,0.94
20250302,23:00,2.5,14.1,12.7,14.6,91,0.9,北北東,0.0,0.0,雨,0.70
20250302,24:00,2.0,14.2,12.8,14.7,91,1.0,北,0.0,0.0,雨,0.82
20250303,01:00,2.5,14.3,13.0,15.0,92,1.5,北,0.0,0.0,雨,1.39
20250303,02:00,3.0,14.3,13.0,15.0,92,0.3,北,0.0,0.0,雨,1.55
20250303,03:00,2.5,14.2,12.9,14.9,92,0.2,静穏,0.0,0.0,雨,2.10
20250303,04:00,2.5,14.2,12.9,14.9,92,1.9,北北東,0.0,0.0,雨,2.89
20250303,05:00,7.0,13.2,11.9,14.0,92,3.2,北,0.0,0.0,雨,2.15
20250303,06:00,9.0,11.8,10.2,12.5,90,7.1,北北東,0.0,0.0,雨,4.34
20250303,07:00,10.0,10.1,7.7,10.5,85,10.4,北北東,0.0,0.01,雨,7.70
20250303,08:00,4.0,9.3,5.7,9.1,78,6.8,北北東,0.0,0.03,雨,13.6
20250303,09:00,0.5,8.9,4.9,8.7,76,9.4,北北東,0.0,0.10,雨,17.4
20250303,10:00,0.0,9.3,4.3,8.3,71,6.0,北,0.0,0.23,曇,20.0
20250303,11:00,0.0,9.7,4.1,8.2,68,5.2,北北東,0.0,0.27,曇,20.0
20250303,12:00,0.0,9.0,3.2,7.7,67,9.4,北北東,0.0,0.35,雨,20.0
20250303,13:00,0.0,8.7,1.4,6.7,60,8.2,北北東,0.0,0.80,雨,20.0
20250303,14:00,0.0,9.5,1.7,6.9,58,7.5,北北東,0.0,0.81,雨,20.0
20250303,15:00,0.0,9.7,0.9,6.5,54,6.9,北北東,0.0,0.57,曇,20.0
20250303,16:00,0.0,10.0,0.6,6.4,52,6.7,北北東,0.0,0.58,曇,20.0
20250303,17:00,0.0,9.6,0.3,6.0,50,9.1,北北東,0.0,0.31,曇,20.0
20250303,18:00,0.0,9.0,0.3,6.0,52,6.1,北東,0.0,0.07,曇,20.0
20250303,19:00,0.0,8.4,0.6,5.8,53,9.1,北北東,0.0,0.00,曇,20.0
20250303,20:00,0.0,8.0,1.0,5.7,53,8.5,北北東,0.0,0.0,曇,20.0
20250303,21:00,0.0,7.7,1.0,5.7,54,6.3,北北東,0.0,0.0,晴れ,20.0
20250303,22:00,0.0,7.5,0.7,5.8,56,7.2,北北東,0.0,0.0,曇,20.0
20250303,23:00,0.0,7.1,0.3,6.0,59,6.3,北北東,0.0,0.0,雨,20.0
20250303,24:00,1.0,5.9,0.3,6.2,67,7.2,北北東,0.0,0.0,雨,12.5
20250304,01:00,4.0,5.1,1.0,6.6,75,6.8,北北東,0.0,0.0,雨,11.5
20250304,02:00,0.0,5.2,1.0,6.5,74,5.5,北北東,0.0,0.0,雨,16.6
20250304,03:00,0.5,4.8,1.1,6.6,77,5.3,北北東,0.0,0.0,雨,16.4
20250304,04:00,0.0,5.0,0.2,6.2,71,5.4,北北東,0.0,0.0,雨,20.0
20250304,05:00,0.0,4.5,0.8,6.5,77,5.4,北北東,0.0,0.0,雨,9.74
20250304,06:00,1.0,4.5,1.2,6.7,79,3.5,北北東,0.0,0.0,雨,9.16
20250304,07:00,1.0,4.6,1.1,6.6,78,4.1,北北東,0.0,0.00,雨,3.80
20250304,08:00,3.0,4.6,1.8,7.0,82,2.9,北北東,0.0,0.03,雨,5.65
20250304,09:00,2.5,4.9,1.4,6.8,78,4.0,北北東,0.0,0.10,雨,10.0
20250304,10:00,1.5,5.3,1.6,6.9,77,2.8,北東,0.0,0.20,雨,9.41
20250304,11:00,0.5,5.9,1.8,7.0,75,3.1,北北東,0.0,0.32,雨,20.0
20250304,12:00,1.0,5.7,2.0,7.1,77,1.2,北北東,0.0,0.21,雨,20.0
20250304,13:00,0.0,6.1,2.4,7.3,77,2.8,北東,0.0,0.23,雨,4.80
20250304,14:00,1.0,6.1,3.1,7.6,81,1.8,北北東,0.0,0.29,雨,5.69
20250304,15:00,0.0,6.4,3.9,8.1,84,2.7,北,0.0,0.31,雨,8.89
20250304,16:00,2.5,6.4,3.9,8.1,84,4.9,北,0.0,0.17,雨,7.46
20250304,17:00,2.5,6.8,4.3,8.3,84,5.2,北北東,0.0,0.10,雨,6.75
20250304,18:00,1.5,6.8,4.3,8.3,84,4.6,北北東,0.0,0.04,雨,4.99
20250304,19:00,1.0,7.2,4.7,8.5,84,3.4,北,0.0,0.00,雨,12.1
20250304,20:00,2.0,7.1,4.9,8.7,86,1.8,北,0.0,0.0,雨,4.16
20250304,21:00,0.5,7.1,4.8,8.6,85,2.7,北東,0.0,0.0,雨,20.0
20250304,22:00,0.0,7.2,5.0,8.7,86,2.0,北北西,0.0,0.0,曇,20.0
20250304,23:00,0.0,7.4,4.7,8.5,83,1.3,北,0.0,0.0,曇,20.0
20250304,24:00,0.0,7.4,5.1,8.8,85,2.3,北,0.0,0.0,曇,20.0
20250305,01:00,0.0,7.5,5.2,8.8,85,2.4,北,0.0,0.0,曇,20.0
20250305,02:00,0.0,7.6,5.1,8.8,84,2.5,北北東,0.0,0.0,曇,20.0
20250305,03:00,0.0,7.5,5.0,8.7,84,3.2,北,0.0,0.0,曇,20.0
20250305,04:00,0.0,7.5,5.0,8.7,84,4.9,北北東,0.0,0.0,曇,20.0
20250305,05:00,0.0,7.7,4.8,8.6,82,1.1,北北東,0.0,0.0,曇,20.0
20250305,06:00,0.0,7.9,4.9,8.6,81,2.7,北北東,0.0,0.0,曇,20.0
20250305,07:00,0.0,8.2,4.6,8.5,78,3.0,北,0.0,0.00,曇,20.0
20250305,08:00,0.0,8.7,5.1,8.8,78,3.9,北北東,0.0,0.10,曇,20.0
20250305,09:00,0.0,9.3,4.9,8.7,74,1.0,南南東,0.0,0.15,曇,20.0
20250305,10:00,0.0,10.3,4.5,8.4,67,2.3,北北東,0.0,0.85,曇,20.0
20250305,11:00,0.0,11.8,4.1,8.2,59,4.3,北北東,0.3,1.51,曇,20.0
20250305,12:00,0.0,12.0,3.5,7.9,56,4.5,北北東,0.2,1.24,曇,20.0
20250305,13:00,0.0,12.1,3.1,7.6,54,3.8,北,0.0,0.56,曇,20.0
20250305,14:00,0.0,12.5,3.5,7.8,54,6.1,北北東,0.0,1.06,曇,20.0
20250305,15:00,0.0,11.7,2.7,7.4,54,6.6,北北東,0.0,0.68,曇,20.0
20250305,16:00,0.0,11.1,2.4,7.3,55,7.0,北北東,0.0,0.48,曇,20.0
20250305,17:00,0.0,10.4,2.0,7.1,56,5.7,北北東,0.0,0.21,曇,20.0
20250305,18:00,0.0,10.0,1.6,6.9,56,4.7,北北東,0.0,0.09,雨,20.0
20250305,19:00,0.0,9.1,1.0,6.6,57,6.3,北北東,0.0,0.00,晴れ,20.0
20250305,20:00,0.0,8.7,0.9,6.5,58,4.4,北北東,0.0,0.0,曇,20.0
20250305,21:00,0.0,8.3,0.8,6.5,59,4.5,北北東,0.0,0.0,曇,20.0
20250305,22:00,0.0,7.8,1.0,6.6,62,4.9,北北東,0.0,0.0,曇,20.0
20250305,23:00,0.0,7.6,0.6,6.4,61,5.5,北北東,0.0,0.0,曇,20.0
20250305,24:00,0.0,7.3,0.7,6.4,63,2.9,北北東,0.0,0.0,曇,20.0
20250306,01:00,0.0,7.1,0.3,6.3,62,4.1,北,0.0,0.0,曇,20.0
20250306,02:00,0.0,6.7,0.4,6.3,64,3.6,北,0.0,0.0,曇,20.0
20250306,03:00,0.0,6.5,0.4,6.3,65,5.5,北,0.0,0.0,曇,20.0
20250306,04:00,0.0,6.2,0.1,6.1,64,5.8,北北東,0.0,0.0,曇,20.0
20250306,05:00,0.0,6.0,0.1,6.1,65,3.8,北,0.0,0.0,曇,20.0
20250306,06:00,0.0,5.9,0.6,5.9,63,3.3,北,0.0,0.0,曇,20.0
20250306,07:00,0.0,6.0,0.5,5.9,63,3.5,北北東,0.0,0.01,曇,20.0
20250306,08:00,0.0,5.8,0.4,6.3,68,4.2,北,0.0,0.24,曇,20.0
20250306,09:00,0.0,6.7,0.2,6.2,63,4.0,北,0.0,0.43,雨,20.0
20250306,10:00,0.0,7.1,0.6,5.9,58,4.7,北北東,0.1,1.07,曇,20.0
20250306,11:00,0.0,7.3,1.4,5.5,54,5.3,北,0.1,0.91,雨,20.0
20250306,12:00,0.0,9.5,2.1,5.2,44,5.2,北,0.3,1.88,曇,20.0
20250306,13:00,0.0,10.6,1.1,5.6,44,3.7,北,0.7,2.28,曇,20.0
20250306,14:00,0.0,9.4,0.2,6.0,51,6.7,北北東,0.0,1.15,雨,20.0
20250306,15:00,0.0,8.1,0.1,6.2,57,7.0,北北東,0.5,1.60,雨,20.0
20250306,16:00,0.0,8.4,1.7,5.4,49,6.9,北,0.2,0.95,曇,20.0
20250306,17:00,0.0,7.6,1.4,5.5,53,8.1,北北西,0.2,0.54,雨,20.0
20250306,18:00,0.0,7.0,1.9,5.3,53,7.4,北,0.2,0.25,曇,20.0
20250306,19:00,0.0,6.4,4.1,4.5,47,9.5,北,0.0,0.00,晴れ,20.0
20250306,20:00,0.0,6.1,3.8,4.6,49,6.5,北,0.0,0.0,晴れ,20.0
20250306,21:00,0.0,5.9,3.4,4.7,51,6.2,北,0.0,0.0,みぞれ,20.0
20250306,22:00,0.0,5.4,3.4,4.8,53,4.6,北北東,0.0,0.0,晴れ,20.0
20250306,23:00,0.0,5.2,3.8,4.6,52,4.0,北北東,0.0,0.0,晴れ,20.0
20250306,24:00,0.0,4.7,3.3,4.8,56,4.1,北,0.0,0.0,晴れ,20.0
20250307,01:00,0.0,4.5,2.4,5.1,61,4.8,北北東,0.0,0.0,みぞれ,20.0
20250307,02:00,0.0,4.2,2.2,5.2,63,4.0,北,0.0,0.0,晴れ,20.0
20250307,03:00,0.0,4.6,2.9,4.9,58,5.5,北,0.0,0.0,晴れ,20.0
20250307,04:00,0.0,4.5,4.2,4.5,53,4.6,北北東,0.0,0.0,晴れ,20.0
20250307,05:00,0.0,4.0,3.3,4.8,59,3.0,北北東,0.0,0.0,晴れ,20.0
20250307,06:00,0.0,4.2,4.0,4.5,55,5.6,北北東,0.0,0.0,晴れ,20.0
20250307,07:00,0.0,4.4,4.1,4.5,54,4.0,北北東,0.0,0.03,曇,20.0
20250307,08:00,0.0,4.7,4.3,4.4,52,3.3,北北東,0.6,0.42,曇,20.0
20250307,09:00,0.0,5.9,4.8,4.3,46,3.8,北北東,0.4,1.00,晴れ,20.0
20250307,10:00,0.0,7.0,6.0,3.9,39,4.3,北北東,0.9,1.85,晴れ,20.0
20250307,11:00,0.0,7.4,6.7,3.7,36,6.5,北北東,0.5,1.73,曇,20.0
20250307,12:00,0.0,7.9,7.0,3.6,34,6.3,北,0.3,1.80,曇,20.0
20250307,13:00,0.0,9.2,7.9,3.4,29,4.8,北東,0.7,2.71,曇,20.0
20250307,14:00,0.0,10.6,6.7,3.7,29,5.5,北,0.6,2.24,曇,20.0
20250307,15:00,0.0,10.5,7.7,3.4,27,5.9,北,0.9,2.18,曇,20.0
20250307,16:00,0.0,10.3,6.9,3.6,29,3.7,北,1.0,1.91,晴れ,20.0
20250307,17:00,0.0,8.9,7.3,3.5,31,5.1,北北東,0.9,0.99,晴れ,20.0
20250307,18:00,0.0,8.4,7.7,3.4,31,7.3,北東,0.7,0.33,晴れ,20.0
20250307,19:00,0.0,7.5,6.2,3.8,37,6.5,北東,0.0,0.00,晴れ,20.0
20250307,20:00,0.0,7.0,7.4,3.5,35,4.5,北北東,0.0,0.0,曇,20.0
20250307,21:00,0.0,6.1,5.8,4.0,42,5.4,北北東,0.0,0.0,曇,20.0
20250307,22:00,0.0,5.4,5.0,4.2,47,5.3,北北東,0.0,0.0,晴れ,20.0
20250307,23:00,0.0,5.1,4.7,4.3,49,4.8,北北東,0.0,0.0,曇,20.0
20250307,24:00,0.0,4.8,5.0,4.2,49,4.5,北北東,0.0,0.0,曇,20.0
20250308,01:00,0.0,4.5,5.0,4.2,50,3.6,北北東,0.0,0.0,曇,20.0
20250308,02:00,0.0,4.4,5.1,4.2,50,2.8,北北東,0.0,0.0,曇,20.0
20250308,03:00,0.0,4.3,4.9,4.2,51,1.9,北北東,0.0,0.0,曇,20.0
20250308,04:00,0.0,3.9,4.8,4.3,53,2.6,北北東,0.0,0.0,曇,20.0
20250308,05:00,0.0,3.9,4.8,4.3,53,2.5,北北東,0.0,0.0,曇,20.0
20250308,06:00,0.0,3.5,4.7,4.3,55,2.9,北北東,0.0,0.0,曇,20.0
20250308,07:00,0.0,3.3,4.4,4.4,57,3.9,北北東,0.0,0.02,曇,20.0
20250308,08:00,0.0,4.1,4.9,4.3,52,2.7,北,0.3,0.37,晴れ,20.0
20250308,09:00,0.0,5.4,5.3,4.1,46,3.2,北,0.8,1.06,晴れ,20.0
20250308,10:00,0.0,6.5,5.8,4.0,41,1.8,北西,0.6,1.29,曇,20.0
20250308,11:00,0.0,7.5,5.2,4.1,40,2.6,南西,0.1,1.15,曇,20.0
20250308,12:00,0.0,8.2,4.6,4.3,40,2.0,南,1.0,2.78,晴れ,20.0
20250308,13:00,0.0,9.1,3.4,4.7,41,2.7,南南東,1.0,2.87,晴れ,20.0
20250308,14:00,0.0,11.0,2.4,5.1,39,3.6,南南西,1.0,2.74,晴れ,20.0
20250308,15:00,0.0,10.2,2.8,5.0,40,4.1,南西,1.0,2.35,晴れ,20.0
20250308,16:00,0.0,10.0,1.1,5.6,46,4.0,南西,1.0,1.79,晴れ,20.0
20250308,17:00,0.0,9.5,1.5,5.5,46,4.8,南西,1.0,1.18,晴れ,20.0
20250308,18:00,0.0,9.1,1.3,5.5,48,3.5,南西,0.5,0.31,晴れ,20.0
20250308,19:00,0.0,8.7,0.1,6.1,54,2.7,南南西,0.0,0.01,晴れ,20.0
20250308,20:00,0.0,8.3,0.1,6.1,56,1.4,西,0.0,0.0,晴れ,20.0
20250308,21:00,0.0,7.3,0.4,5.9,58,2.8,北,0.0,0.0,晴れ,20.0
20250308,22:00,0.0,6.4,2.0,5.3,55,3.5,北北東,0.0,0.0,晴れ,20.0
20250308,23:00,0.0,5.5,2.8,5.0,55,4.1,北北東,0.0,0.0,晴れ,20.0
20250308,24:00,0.0,4.8,3.0,4.9,57,4.6,北北東,0.0,0.0,晴れ,20.0
20250309,01:00,0.0,4.4,3.1,4.9,58,3.3,北北東,0.0,0.0,晴れ,20.0
20250309,02:00,0.0,3.8,3.7,4.7,58,4.2,北北東,0.0,0.0,晴れ,20.0
20250309,03:00,0.0,3.3,3.7,4.6,60,3.9,北北東,0.0,0.0,晴れ,20.0
20250309,04:00,0.0,2.9,3.9,4.6,61,5.1,北北東,0.0,0.0,晴れ,20.0
20250309,05:00,0.0,2.5,3.8,4.6,63,5.2,北北東,0.0,0.0,晴れ,20.0
20250309,06:00,0.0,2.0,4.1,4.5,64,7.0,北北東,0.0,0.00,晴れ,20.0
20250309,07:00,0.0,2.3,4.2,4.5,62,6.6,北北東,0.2,0.05,晴れ,20.0
20250309,08:00,0.0,3.1,4.3,4.4,58,6.1,北,1.0,0.57,晴れ,20.0
20250309,09:00,0.0,5.4,4.4,4.4,49,3.8,北北東,1.0,1.33,晴れ,20.0
20250309,10:00,0.0,7.7,3.8,4.6,44,1.9,北,1.0,2.04,晴れ,20.0
20250309,11:00,0.0,11.2,4.5,4.4,33,1.5,西南西,1.0,2.58,晴れ,20.0
20250309,12:00,0.0,12.8,4.3,4.4,30,2.3,南南東,1.0,2.91,晴れ,20.0
20250309,13:00,0.0,11.9,2.3,5.2,37,5.3,南西,1.0,2.99,晴れ,20.0
20250309,14:00,0.0,12.5,3.3,4.8,33,3.7,南南西,1.0,2.73,晴れ,20.0
20250309,15:00,0.0,12.0,1.5,5.5,39,4.4,南西,0.7,1.98,晴れ,20.0
20250309,16:00,0.0,12.6,0.6,5.8,40,2.7,南南西,1.0,1.97,晴れ,20.0
20250309,17:00,0.0,11.6,0.2,6.0,44,3.0,南西,1.0,1.17,晴れ,20.0
20250309,18:00,0.0,11.0,1.7,5.4,41,3.0,南南西,0.7,0.38,晴れ,20.0
20250309,19:00,0.0,10.8,1.3,5.6,43,2.3,南南西,0.0,0.01,晴れ,20.0
20250309,20:00,0.0,10.1,0.7,5.8,47,1.2,北,0.0,0.0,晴れ,20.0
20250309,21:00,0.0,9.4,0.5,5.9,50,3.7,北北東,0.0,0.0,晴れ,20.0
20250309,22:00,0.0,8.7,0.9,5.7,51,4.9,北北東,0.0,0.0,晴れ,20.0
20250309,23:00,0.0,7.9,0.8,5.8,54,5.1,北北東,0.0,0.0,晴れ,20.0
20250309,24:00,0.0,7.5,0.7,5.8,56,4.1,北北東,0.0,0.0,晴れ,20.0
20250310,01:00,0.0,6.8,0.9,5.7,58,3.7,北北東,0.0,0.0,晴れ,20.0
20250310,02:00,0.0,6.3,0.7,5.8,61,4.7,北北東,0.0,0.0,晴れ,20.0
20250310,03:00,0.0,5.5,1.0,5.7,63,4.9,北北東,0.0,0.0,晴れ,20.0
20250310,04:00,0.0,5.0,0.8,5.8,66,5.1,北北東,0.0,0.0,晴れ,20.0
20250310,05:00,0.0,4.4,1.4,5.5,66,5.3,北,0.0,0.0,晴れ,20.0
20250310,06:00,0.0,3.8,1.6,5.5,68,5.9,北北東,0.0,0.00,晴れ,20.0
20250310,07:00,0.0,3.6,1.7,5.4,68,5.9,北,0.2,0.05,晴れ,20.0
20250310,08:00,0.0,4.2,2.0,5.3,64,5.0,北,1.0,0.59,晴れ,20.0
20250310,09:00,0.0,6.0,1.6,5.4,58,3.3,北,1.0,1.34,晴れ,20.0
20250310,10:00,0.0,9.0,1.4,5.5,48,1.9,北,1.0,2.05,晴れ,20.0
20250310,11:00,0.0,12.1,0.7,5.8,41,0.9,北北西,1.0,2.60,晴れ,20.0
20250310,12:00,0.0,12.6,1.7,5.4,37,3.7,南西,1.0,2.83,晴れ,20.0
20250310,13:00,0.0,12.9,1.4,5.5,37,3.4,南西,1.0,2.70,晴れ,20.0
20250310,14:00,0.0,13.5,2.0,5.3,34,2.8,南,1.0,2.59,晴れ,20.0
20250310,15:00,0.0,13.8,1.0,5.7,36,3.1,南南西,1.0,2.06,晴れ,20.0
20250310,16:00,0.0,14.3,0.5,5.9,36,4.2,南西,0.6,1.30,曇,20.0
20250310,17:00,0.0,12.6,0.7,6.4,44,2.7,南,0.1,0.42,曇,20.0
20250310,18:00,0.0,11.9,0.4,6.3,45,3.4,南,0.0,0.08,曇,20.0
20250310,19:00,0.0,11.6,1.8,7.0,51,2.6,南西,0.0,0.00,曇,20.0
20250310,20:00,0.0,11.5,0.3,6.2,46,2.6,南南西,0.0,0.0,曇,20.0
20250310,21:00,0.0,11.1,1.6,6.9,52,3.5,南南西,0.0,0.0,雨,20.0
20250310,22:00,0.5,9.9,1.8,7.0,57,3.3,南南西,0.0,0.0,雨,11.7
20250310,23:00,0.5,9.0,2.6,7.3,64,1.9,南南西,0.0,0.0,雨,10.2
20250310,24:00,1.0,8.2,4.2,8.3,76,0.6,北北東,0.0,0.0,雨,7.87
20250311,01:00,0.5,8.2,5.2,8.8,81,2.3,北,0.0,0.0,雨,8.03
20250311,02:00,0.5,8.1,5.4,9.0,83,3.2,北,0.0,0.0,雨,7.08
20250311,03:00,0.0,8.0,5.3,8.9,83,3.0,北北東,0.0,0.0,雨,10.3
20250311,04:00,0.5,8.1,5.4,9.0,83,2.6,北北東,0.0,0.0,雨,8.70
20250311,05:00,0.0,8.0,5.3,8.9,83,3.4,北北東,0.0,0.0,雨,9.41
20250311,06:00,0.0,8.2,5.5,9.0,83,2.4,北北東,0.0,0.00,雨,11.4
20250311,07:00,0.0,8.2,5.3,8.9,82,3.4,北北東,0.0,0.01,雨,14.3
20250311,08:00,0.0,8.4,5.5,9.0,82,3.4,北北東,0.0,0.12,曇,12.4
20250311,09:00,0.0,9.1,5.8,9.2,80,3.4,北,0.0,0.28,曇,14.4
20250311,10:00,0.0,9.7,5.9,9.3,77,1.8,北,0.0,0.47,曇,16.6
20250311,11:00,0.0,10.8,5.8,9.2,71,2.5,北北西,0.0,0.87,曇,18.9
20250311,12:00,0.0,11.6,5.5,9.0,66,1.6,北北東,0.0,0.90,曇,20.0
20250311,13:00,0.0,12.1,5.1,8.8,62,2.2,北北東,0.0,1.04,曇,20.0
20250311,14:00,0.0,12.8,5.7,9.2,62,3.4,北,0.0,1.09,曇,20.0
20250311,15:00,0.0,13.5,5.9,9.3,60,2.4,北,0.0,1.27,曇,20.0
20250311,16:00,0.0,13.6,5.8,9.2,59,2.7,北北東,0.0,0.93,曇,20.0
20250311,17:00,0.0,14.6,6.5,9.6,58,2.3,北,0.3,0.74,晴れ,20.0
20250311,18:00,0.0,13.3,6.4,9.6,63,2.0,南西,0.6,0.33,晴れ,17.3
20250311,19:00,0.0,12.2,6.3,9.5,67,2.2,南西,0.0,0.01,晴れ,15.4
20250311,20:00,0.0,11.6,6.5,9.7,71,0.8,南西,0.0,0.0,曇,14.5
20250311,21:00,0.0,11.3,6.5,9.6,72,1.4,西,0.0,0.0,晴れ,12.7
20250311,22:00,0.0,11.3,6.9,9.9,74,1.6,北,0.0,0.0,曇,10.6
20250311,23:00,0.0,11.5,6.8,9.9,73,2.2,北,0.0,0.0,曇,10.9
20250311,24:00,0.0,11.6,6.5,9.7,71,2.5,北北東,0.0,0.0,曇,12.4
20250312,01:00,0.0,11.3,6.9,9.9,74,1.6,北,0.0,0.0,晴れ,11.8
20250312,02:00,0.0,11.1,6.9,9.9,75,1.9,北,0.0,0.0,晴れ,11.0
20250312,03:00,0.0,10.9,6.7,9.8,75,1.2,北北東,0.0,0.0,晴れ,11.5
20250312,04:00,0.0,9.8,6.7,9.8,81,1.2,北,0.0,0.0,晴れ,9.33
20250312,05:00,0.0,10.2,6.9,10.0,80,0.7,北東,0.0,0.0,曇,10.0
20250312,06:00,0.0,10.2,6.6,9.7,78,1.9,北北東,0.0,0.00,曇,10.2
20250312,07:00,0.0,10.3,6.6,9.8,78,1.2,北,0.0,0.01,曇,10.2
20250312,08:00,0.0,11.0,6.9,10.0,76,2.4,北,0.0,0.14,曇,10.6
20250312,09:00,0.0,11.5,6.6,9.8,72,1.3,北北東,0.0,0.30,曇,10.1
20250312,10:00,0.0,12.7,7.0,10.0,68,1.5,北,0.0,0.92,曇,10.7
20250312,11:00,0.0,13.9,7.0,10.0,63,1.4,南東,0.3,1.80,曇,14.0
20250312,12:00,0.0,16.5,7.7,10.5,56,2.3,南南東,1.0,2.82,晴れ,14.5
20250312,13:00,0.0,16.8,7.7,10.5,55,3.4,南南西,0.6,2.58,曇,20.0
20250312,14:00,0.0,15.7,8.0,10.7,60,2.6,南南西,0.1,1.57,曇,15.2
20250312,15:00,0.0,16.1,7.6,10.4,57,1.7,南,0.5,1.66,曇,15.3
20250312,16:00,0.0,15.1,7.7,10.5,61,2.5,南西,0.2,0.80,曇,15.9
20250312,17:00,0.0,15.9,7.9,10.7,59,2.6,南西,0.0,0.62,曇,20.0
20250312,18:00,0.0,15.2,8.0,10.7,62,3.9,南西,0.0,0.16,曇,19.4
20250312,19:00,0.0,14.4,8.1,10.8,66,2.8,南南西,0.0,0.00,曇,17.6
20250312,20:00,0.0,13.7,8.3,11.0,70,0.6,西,0.0,0.0,曇,15.0
20250312,21:00,0.0,13.4,8.5,11.1,72,0.2,静穏,0.0,0.0,曇,13.5
20250312,22:00,0.0,12.9,8.4,11.0,74,0.9,西南西,0.0,0.0,曇,10.9
20250312,23:00,0.0,12.6,8.3,10.9,75,1.7,北北西,0.0,0.0,晴れ,11.4
20250312,24:00,0.0,12.2,8.3,10.9,77,1.8,北,0.0,0.0,曇,12.8
20250313,01:00,0.0,11.8,8.1,10.8,78,2.0,北北東,0.0,0.0,曇,12.2
20250313,02:00,0.0,11.4,8.1,10.8,80,2.5,北北東,0.0,0.0,曇,12.1
20250313,03:00,0.0,10.8,7.9,10.6,82,3.7,北北東,0.0,0.0,晴れ,11.3
20250313,04:00,0.0,10.9,7.6,10.4,80,5.4,北北東,0.0,0.0,曇,11.6
20250313,05:00,0.0,10.1,7.2,10.1,82,3.1,北,0.0,0.0,曇,11.6
20250313,06:00,0.0,9.7,6.6,9.7,81,1.0,北東,0.0,0.00,曇,12.6
20250313,07:00,0.0,9.7,6.3,9.5,79,2.2,北東,0.0,0.05,曇,12.9
20250313,08:00,0.0,11.0,5.8,9.2,70,3.5,北北東,0.2,0.42,曇,14.5
20250313,09:00,0.0,12.8,5.7,9.2,62,4.0,北北東,0.3,0.87,曇,13.7
20250313,10:00,0.0,13.8,3.3,7.7,49,4.0,北東,0.3,1.19,曇,13.8
20250313,11:00,0.0,14.8,1.0,6.6,39,4.2,北東,0.9,2.39,晴れ,16.4
20250313,12:00,0.0,15.8,0.8,5.7,32,4.7,北北東,0.1,1.75,曇,20.0
20250313,13:00,0.0,17.1,1.5,5.5,28,4.9,北北東,0.3,2.18,曇,19.5
20250313,14:00,0.0,16.3,2.2,5.2,28,5.6,北北東,0.0,1.07,曇,20.0
20250313,15:00,0.0,15.8,2.7,5.0,28,5.6,北北東,0.0,0.71,曇,20.0
20250313,16:00,0.0,15.0,2.4,5.1,30,6.9,北東,0.0,0.57,曇,20.0
20250313,17:00,0.0,14.6,1.5,5.5,33,6.2,北北東,0.0,0.38,曇,20.0
20250313,18:00,0.0,13.5,2.9,5.0,32,6.8,北北東,0.4,0.31,晴れ,20.0
20250313,19:00,0.0,12.4,7.6,3.5,24,5.9,北北東,0.0,0.01,晴れ,20.0
20250313,20:00,0.0,11.5,5.5,4.1,30,2.7,北北東,0.0,0.0,晴れ,20.0
20250313,21:00,0.0,10.4,3.3,4.8,38,4.9,北北東,0.0,0.0,晴れ,20.0
20250313,22:00,0.0,9.6,2.4,5.1,43,4.4,北北東,0.0,0.0,晴れ,20.0
20250313,23:00,0.0,8.8,2.2,5.2,46,5.2,北北東,0.0,0.0,晴れ,20.0
20250313,24:00,0.0,8.4,2.8,5.0,45,5.7,北北東,0.0,0.0,晴れ,20.0
20250314,01:00,0.0,8.0,3.2,4.8,45,5.8,北北東,0.0,0.0,曇,20.0
20250314,02:00,0.0,7.0,3.0,4.9,49,7.1,北北東,0.0,0.0,曇,20.0
20250314,03:00,0.0,6.8,4.0,4.5,46,6.2,北北東,0.0,0.0,曇,20.0
20250314,04:00,0.0,6.1,3.8,4.6,49,6.6,北北東,0.0,0.0,晴れ,20.0
20250314,05:00,0.0,5.4,3.1,4.8,54,6.9,北北東,0.0,0.0,晴れ,20.0
20250314,06:00,0.0,5.5,3.3,4.8,53,6.9,北,0.0,0.00,曇,20.0
20250314,07:00,0.0,5.5,3.1,4.9,54,8.0,北北東,0.0,0.05,曇,20.0
20250314,08:00,0.0,6.9,5.1,4.2,42,4.5,北,0.3,0.45,曇,20.0
20250314,09:00,0.0,8.1,5.0,4.2,39,7.0,北,0.0,0.70,曇,20.0
20250314,10:00,0.0,9.9,3.7,4.6,38,3.9,北,0.1,1.10,曇,20.0
20250314,11:00,0.0,12.3,5.2,4.1,29,2.8,北,0.3,1.41,曇,20.0
20250314,12:00,0.0,15.1,13.1,2.2,13,0.5,東南東,0.9,2.32,晴れ,20.0
20250314,13:00,0.0,17.8,11.0,2.6,13,1.2,南西,1.0,3.07,晴れ,20.0
20250314,14:00,0.0,18.8,6.7,3.7,17,3.3,南,1.0,2.90,晴れ,20.0
20250314,15:00,0.0,18.1,7.3,3.5,17,4.8,南西,1.0,2.50,晴れ,20.0
20250314,16:00,0.0,17.8,7.6,3.5,17,2.0,南西,1.0,1.89,晴れ,20.0
20250314,17:00,0.0,16.5,7.9,3.4,18,2.9,南西,1.0,1.15,晴れ,20.0
20250314,18:00,0.0,16.0,8.3,3.3,18,1.0,西北西,0.8,0.34,晴れ,20.0
20250314,19:00,0.0,15.2,5.2,4.1,24,1.7,北,0.0,0.01,晴れ,20.0
20250314,20:00,0.0,14.5,4.8,4.3,26,4.8,北北東,0.0,0.0,晴れ,20.0
20250314,21:00,0.0,14.6,7.5,3.5,21,3.5,北東,0.0,0.0,曇,20.0
20250314,22:00,0.0,13.9,6.9,3.7,23,5.9,北北東,0.0,0.0,曇,20.0
20250314,23:00,0.0,13.2,6.9,3.6,24,4.2,北北東,0.0,0.0,曇,20.0
20250314,24:00,0.0,12.5,7.0,3.6,25,5.4,北北東,0.0,0.0,曇,20.0
20250315,01:00,0.0,12.5,7.0,3.6,25,5.2,北北東,0.0,0.0,曇,20.0
20250315,02:00,0.0,12.1,5.4,4.1,29,4.9,北北東,0.0,0.0,曇,20.0
20250315,03:00,0.0,11.6,5.4,4.1,30,3.7,北北東,0.0,0.0,曇,20.0
20250315,04:00,0.0,10.9,7.4,3.5,27,6.0,北東,0.0,0.0,曇,20.0
20250315,05:00,0.0,10.4,7.3,3.5,28,5.8,北東,0.0,0.0,曇,20.0
20250315,06:00,0.0,9.9,5.6,4.0,33,4.6,北東,0.0,0.00,曇,20.0
20250315,07:00,0.0,9.4,4.2,4.5,38,5.4,北東,0.0,0.00,曇,20.0
20250315,08:00,0.0,9.0,2.0,5.3,46,3.8,北北東,0.0,0.03,雨,16.6
20250315,09:00,1.0,7.7,0.7,6.4,61,2.5,北北西,0.0,0.05,雨,12.1
20250315,10:00,0.0,7.0,1.1,6.6,66,5.5,北北東,0.0,0.13,雨,20.0
20250315,11:00,0.5,7.0,3.1,7.6,76,6.6,北北東,0.0,0.22,雨,8.30
20250315,12:00,0.5,6.6,1.7,6.9,71,9.1,北北東,0.0,0.42,雨,18.0
20250315,13:00,0.0,7.1,2.0,7.1,70,6.9,北北東,0.0,0.77,雨,20.0
20250315,14:00,0.0,7.4,2.3,7.2,70,6.2,北北東,0.0,0.61,雨,19.0
20250315,15:00,0.0,8.1,3.4,7.8,72,4.2,北北東,0.0,0.45,雨,20.0
20250315,16:00,0.0,8.4,2.9,7.5,68,5.6,北東,0.0,0.21,雨,20.0
20250315,17:00,0.5,8.2,3.1,7.6,70,5.2,北東,0.0,0.14,雨,8.47
20250315,18:00,0.5,7.9,3.4,7.8,73,5.2,北東,0.0,0.04,雨,8.86
20250315,19:00,0.5,7.8,4.6,8.5,80,2.5,北,0.0,0.00,雨,7.60
20250315,20:00,0.5,7.6,4.7,8.6,82,2.8,北,0.0,0.0,雨,5.90
20250315,21:00,0.5,7.3,4.8,8.6,84,3.9,北北東,0.0,0.0,雨,7.55
20250315,22:00,0.5,7.5,4.5,8.4,81,3.6,北北東,0.0,0.0,雨,11.5
20250315,23:00,1.0,7.2,4.9,8.6,85,3.7,北北東,0.0,0.0,雨,4.84
20250315,24:00,1.0,7.2,4.9,8.6,85,2.9,北北東,0.0,0.0,雨,7.90
20250316,01:00,1.0,7.1,4.9,8.7,86,2.3,北,0.0,0.0,雨,4.22
20250316,02:00,3.5,7.0,4.8,8.6,86,3.2,北北東,0.0,0.0,雨,7.70
20250316,03:00,2.5,7.2,4.9,8.6,85,3.5,北北東,0.0,0.0,雨,10.0
20250316,04:00,2.0,7.2,4.7,8.5,84,3.3,北北東,0.0,0.0,雨,14.7
20250316,05:00,1.0,7.1,4.8,8.6,85,3.0,北北東,0.0,0.0,雨,5.90
20250316,06:00,1.0,7.1,4.9,8.7,86,2.5,北北東,0.0,0.00,雨,6.32
20250316,07:00,1.0,7.2,5.0,8.7,86,2.7,北北東,0.0,0.02,雨,18.1
20250316,08:00,1.0,7.7,5.5,9.0,86,1.6,北,0.0,0.16,雨,12.1
20250316,09:00,0.5,7.8,5.8,9.2,87,0.6,北北東,0.0,0.27,雨,5.57
20250316,10:00,1.5,8.2,6.0,9.4,86,1.0,北北西,0.0,0.45,雨,9.83
20250316,11:00,1.0,8.5,6.1,9.4,85,0.6,東,0.0,0.56,雨,15.5
20250316,12:00,0.0,9.3,6.6,9.7,83,1.3,西南西,0.0,0.83,雨,20.0
20250316,13:00,0.0,9.5,6.6,9.7,82,2.1,西,0.0,0.69,曇,20.0
20250316,14:00,0.0,11.3,3.1,7.6,57,4.4,北,0.0,1.61,曇,20.0
20250316,15:00,0.0,11.3,2.1,7.1,53,5.1,北北西,0.0,1.19,雨,20.0
20250316,16:00,0.0,11.8,2.0,7.1,51,3.0,北北西,0.5,1.34,雨,20.0
20250316,17:00,0.0,11.0,1.8,7.0,53,4.9,北北西,0.1,0.44,晴れ,20.0
20250316,18:00,0.0,10.3,0.6,6.4,51,6.6,北北西,0.4,0.24,晴れ,20.0
20250316,19:00,0.0,9.3,1.5,6.8,58,4.6,北,0.0,0.01,晴れ,20.0
20250316,20:00,0.0,8.6,2.0,7.0,63,1.9,北,0.0,0.0,晴れ,20.0
20250316,21:00,0.0,9.1,1.3,6.7,58,2.8,南南西,0.0,0.0,曇,20.0
20250316,22:00,0.5,7.6,3.1,7.6,73,5.5,西,0.0,0.0,雨,11.2
20250316,23:00,0.0,6.7,0.4,6.3,64,3.3,北北西,0.0,0.0,雨,20.0
20250316,24:00,0.0,6.2,0.1,6.2,65,2.7,北北西,0.0,0.0,晴れ,20.0
20250317,01:00,0.0,6.1,0.6,5.8,62,3.2,南西,0.0,0.0,曇,20.0
20250317,02:00,0.5,3.3,0.5,5.9,76,3.1,西,0.0,0.0,みぞれ,9.50
20250317,03:00,5.0,1.7,0.5,5.9,85,4.4,北,0.0,0.0,みぞれ,6.56
20250317,04:00,1.5,2.3,0.1,6.1,84,2.0,東北東,0.0,0.0,みぞれ,20.0
20250317,05:00,0.0,2.8,1.0,5.7,76,2.3,西南西,0.0,0.0,みぞれ,20.0
20250317,06:00,0.0,2.8,1.9,5.3,71,3.1,西,0.0,0.00,雪,20.0
20250317,07:00,0.0,2.7,3.0,4.9,66,2.2,南西,0.2,0.08,晴れ,20.0
20250317,08:00,0.0,3.8,3.5,4.7,59,2.3,西南西,0.5,0.46,晴れ,20.0
20250317,09:00,0.0,3.8,3.0,4.9,61,3.0,南南西,0.3,0.88,雪,17.8
20250317,10:00,0.0,4.8,2.7,5.0,58,1.8,南南東,0.2,0.87,みぞれ,20.0
20250317,11:00,0.0,5.6,3.2,4.8,53,2.8,南西,0.2,1.27,晴れ,20.0
20250317,12:00,0.0,8.4,1.4,5.5,50,2.2,南西,0.8,2.84,晴れ,20.0
20250317,13:00,0.0,8.9,2.1,5.2,46,1.1,西北西,0.5,2.26,晴れ,20.0
20250317,14:00,0.0,9.6,3.0,4.9,41,3.2,西南西,0.3,1.73,晴れ,20.0
20250317,15:00,0.0,10.2,1.8,5.4,43,1.2,東南東,0.4,1.84,曇,20.0
20250317,16:00,0.0,9.7,2.0,5.3,44,2.0,北,0.0,0.58,雨,20.0
20250317,17:00,0.0,9.4,1.6,5.4,46,4.9,北,0.0,0.28,曇,20.0
20250317,18:00,0.0,8.0,1.5,5.5,51,5.1,北,0.2,0.23,雨,20.0
20250317,19:00,0.0,7.3,1.9,5.3,52,5.1,北,0.0,0.01,晴れ,20.0
20250317,20:00,0.0,6.4,1.5,5.5,57,4.4,北,0.0,0.0,晴れ,20.0
20250317,21:00,0.0,6.0,1.4,5.5,59,4.0,北北東,0.0,0.0,晴れ,20.0
20250317,22:00,0.0,6.0,1.4,5.5,59,3.1,北北東,0.0,0.0,曇,20.0
20250317,23:00,0.0,5.7,1.2,5.6,61,1.8,北,0.0,0.0,晴れ,20.0
20250317,24:00,0.0,5.7,0.8,5.8,63,1.4,北北西,0.0,0.0,曇,20.0
20250318,01:00,0.0,5.7,1.0,5.7,62,0.9,北東,0.0,0.0,曇,20.0
20250318,02:00,0.0,5.5,0.8,5.8,64,1.6,北北東,0.0,0.0,曇,20.0
20250318,03:00,0.0,5.1,0.5,5.9,67,1.5,北東,0.0,0.0,雨,20.0
20250318,04:00,0.0,4.7,0.3,6.0,70,2.3,北北東,0.0,0.0,晴れ,20.0
20250318,05:00,0.0,4.1,0.1,6.1,74,1.6,北北東,0.0,0.0,晴れ,20.0
20250318,06:00,0.0,3.4,0.2,6.0,77,2.2,北北東,0.0,0.00,晴れ,20.0
20250318,07:00,0.0,3.4,0.2,6.0,77,2.2,北,0.0,0.05,晴れ,20.0
20250318,08:00,0.0,4.0,0.0,6.1,75,1.5,北東,0.4,0.46,晴れ,20.0
20250318,09:00,0.0,5.9,0.1,6.1,66,1.6,西,1.0,1.41,晴れ,20.0
20250318,10:00,0.0,7.1,0.3,6.0,59,2.8,南南西,0.7,1.78,曇,20.0
20250318,11:00,0.0,8.9,0.9,5.7,50,4.0,南,0.9,2.52,晴れ,20.0
20250318,12:00,0.0,8.9,2.4,5.1,45,6.8,南南東,0.6,2.26,曇,20.0
20250318,13:00,0.0,7.1,0.6,5.9,58,7.0,南南西,0.0,0.49,雨,10.6
20250318,14:00,0.5,5.0,0.6,6.4,73,7.2,南西,0.0,0.35,雨,6.36
20250318,15:00,0.0,5.5,0.9,6.5,72,4.5,南,0.0,0.56,曇,20.0
20250318,16:00,0.5,5.5,0.9,6.5,72,4.4,西南西,0.0,0.50,雨,20.0
20250318,17:00,0.0,6.1,1.5,5.5,58,5.2,南,0.6,1.05,晴れ,20.0
20250318,18:00,0.0,5.7,5.9,3.9,43,5.1,西南西,0.6,0.38,晴れ,20.0
20250318,19:00,0.0,4.9,5.7,4.0,46,4.8,西南西,0.0,0.01,晴れ,20.0
20250318,20:00,0.0,4.4,5.4,4.1,49,5.0,西,0.0,0.0,雪,20.0
20250318,21:00,0.0,3.7,3.3,4.8,60,1.7,南南東,0.0,0.0,晴れ,20.0
20250318,22:00,0.0,3.6,2.4,5.1,65,2.8,西南西,0.0,0.0,雪,20.0
20250318,23:00,0.0,2.6,0.7,5.8,79,2.4,南南西,0.0,0.0,みぞれ,13.3
20250318,24:00,0.5,3.0,0.4,5.9,78,2.1,南,0.0,0.0,みぞれ,13.1
20250319,01:00,0.5,2.3,0.3,6.0,83,4.2,北,0.0,0.0,みぞれ,10.1
20250319,02:00,0.0,2.4,0.5,5.9,81,2.3,北,0.0,0.0,晴れ,20.0
20250319,03:00,0.5,2.2,0.5,5.9,82,1.2,北,0.0,0.0,みぞれ,15.6
20250319,04:00,0.5,2.6,0.0,6.1,83,1.6,北東,0.0,0.0,みぞれ,20.0
20250319,05:00,0.5,2.9,0.4,5.9,79,4.3,北北東,0.0,0.0,みぞれ,19.7
20250319,06:00,0.0,2.6,0.1,6.0,82,3.5,北,0.0,0.00,みぞれ,20.0
20250319,07:00,0.0,3.7,0.7,5.8,73,4.6,北,0.0,0.07,みぞれ,20.0
20250319,08:00,0.0,4.9,2.9,4.9,57,3.7,北,0.8,0.68,晴れ,20.0
20250319,09:00,0.0,5.1,3.2,4.8,55,9.3,北北西,1.0,1.56,みぞれ,20.0
20250319,10:00,0.0,5.9,2.4,5.1,55,6.3,北北西,0.9,2.12,晴れ,20.0
20250319,11:00,0.0,7.4,3.2,4.8,47,7.7,北北西,0.9,2.62,晴れ,20.0
20250319,12:00,0.0,8.6,4.6,4.4,39,5.7,北,0.9,2.95,晴れ,20.0
20250319,13:00,0.0,8.6,4.9,4.2,38,5.4,北,0.6,2.39,晴れ,20.0
20250319,14:00,0.0,8.8,6.6,3.7,33,5.3,北北西,0.6,2.38,曇,20.0
20250319,15:00,0.0,8.9,6.9,3.6,32,3.9,北西,0.4,1.59,曇,20.0
20250319,16:00,0.0,9.8,6.5,3.8,31,4.1,北北西,0.7,1.52,曇,20.0
20250319,17:00,0.0,9.1,7.1,3.6,31,5.1,北,1.0,1.25,晴れ,20.0
20250319,18:00,0.0,8.1,7.2,3.6,33,3.7,北,0.9,0.45,晴れ,20.0
20250319,19:00,0.0,7.4,6.3,3.8,37,2.5,北,0.1,0.02,晴れ,20.0
20250319,20:00,0.0,6.3,5.3,4.1,43,3.6,北,0.0,0.0,晴れ,20.0
20250319,21:00,0.0,5.4,4.2,4.5,50,2.4,北,0.0,0.0,晴れ,20.0
20250319,22:00,0.0,4.3,3.4,4.7,57,4.6,北北東,0.0,0.0,晴れ,20.0
20250319,23:00,0.0,3.7,3.6,4.7,59,2.9,北北東,0.0,0.0,晴れ,20.0
20250319,24:00,0.0,3.5,3.3,4.8,61,3.0,北北東,0.0,0.0,晴れ,20.0
20250320,01:00,0.0,2.9,3.2,4.8,64,3.5,北,0.0,0.0,晴れ,20.0
20250320,02:00,0.0,2.8,3.1,4.9,65,4.8,北北東,0.0,0.0,晴れ,20.0
20250320,03:00,0.0,2.7,3.0,4.9,66,3.0,北,0.0,0.0,晴れ,20.0
20250320,04:00,0.0,2.6,2.9,4.9,67,2.9,北,0.0,0.0,曇,20.0
20250320,05:00,0.0,2.7,2.8,5.0,67,2.4,北北東,0.0,0.0,曇,20.0
20250320,06:00,0.0,2.6,2.7,5.0,68,1.8,北,0.0,0.00,曇,20.0
20250320,07:00,0.0,2.6,2.7,5.0,68,2.0,北北東,0.0,0.05,晴れ,20.0
20250320,08:00,0.0,3.8,2.4,5.1,64,1.2,北北西,0.6,0.52,曇,20.0
20250320,09:00,0.0,4.6,2.0,5.3,62,0.8,東,0.2,0.79,晴れ,20.0
20250320,10:00,0.0,7.4,1.5,5.5,53,3.2,南,0.8,2.06,晴れ,18.4
20250320,11:00,0.0,8.8,1.9,5.3,47,4.1,南南西,0.4,1.94,晴れ,16.5
20250320,12:00,0.0,9.7,1.6,5.4,45,5.0,南,0.2,1.63,曇,20.0
20250320,13:00,0.0,10.6,2.4,5.1,40,3.3,南,0.9,2.91,晴れ,20.0
20250320,14:00,0.0,11.8,1.3,5.5,40,5.1,南南東,1.0,2.97,晴れ,20.0
20250320,15:00,0.0,11.7,1.4,5.5,40,6.1,南,1.0,2.52,晴れ,20.0
20250320,16:00,0.0,11.7,1.1,5.6,41,4.6,南,1.0,1.91,晴れ,20.0
20250320,17:00,0.0,12.1,0.1,6.1,43,3.8,南,1.0,1.17,晴れ,20.0
20250320,18:00,0.0,11.2,0.9,6.5,49,4.4,南南東,1.0,0.41,晴れ,20.0
20250320,19:00,0.0,10.7,0.2,6.2,48,2.5,南,0.0,0.02,晴れ,20.0
20250320,20:00,0.0,10.2,0.8,6.5,52,1.1,南,0.0,0.0,晴れ,20.0
20250320,21:00,0.0,9.4,1.1,6.6,56,1.1,東,0.0,0.0,晴れ,20.0
20250320,22:00,0.0,8.4,1.6,6.8,62,0.9,東,0.0,0.0,晴れ,20.0
20250320,23:00,0.0,7.2,1.5,6.8,67,0.7,東北東,0.0,0.0,晴れ,19.2
20250320,24:00,0.0,6.7,1.6,6.9,70,0.5,東,0.0,0.0,晴れ,17.8
20250321,01:00,0.0,6.1,1.6,6.9,73,1.8,北北東,0.0,0.0,晴れ,17.4
20250321,02:00,0.0,5.5,1.2,6.7,74,2.2,北北東,0.0,0.0,晴れ,16.4
20250321,03:00,0.0,4.9,1.0,6.6,76,2.0,北北西,0.0,0.0,晴れ,15.0
20250321,04:00,0.0,4.6,0.9,6.5,77,1.8,北,0.0,0.0,晴れ,14.1
20250321,05:00,0.0,4.2,0.7,6.4,78,1.2,北北東,0.0,0.0,晴れ,13.1
20250321,06:00,0.0,4.1,0.8,6.5,79,1.7,北,0.0,0.00,晴れ,11.8
20250321,07:00,0.0,4.2,0.7,6.4,78,1.0,北東,0.2,0.09,晴れ,11.7
20250321,08:00,0.0,5.6,1.3,6.7,74,2.4,南東,1.0,0.67,晴れ,12.1
20250321,09:00,0.0,11.4,4.2,8.2,61,4.3,南南西,1.0,1.42,晴れ,12.3
20250321,10:00,0.0,12.9,3.0,7.6,51,7.1,南,1.0,2.11,晴れ,15.0
20250321,11:00,0.0,15.2,2.7,7.4,43,4.8,南,1.0,2.60,晴れ,18.1
20250321,12:00,0.0,15.8,1.5,6.8,38,6.9,南,1.0,2.96,晴れ,19.9
20250321,13:00,0.0,17.3,1.7,6.9,35,4.7,南,1.0,3.00,晴れ,18.9
20250321,14:00,0.0,17.8,2.6,7.3,36,4.6,南南東,1.0,2.77,晴れ,18.5
20250321,15:00,0.0,17.6,1.6,6.8,34,4.7,南,0.9,2.03,晴れ,17.3
20250321,16:00,0.0,17.6,2.4,7.2,36,5.4,南,1.0,1.76,晴れ,13.8
20250321,17:00,0.0,17.3,2.9,7.5,38,8.1,南南西,1.0,1.07,晴れ,16.6
20250321,18:00,0.0,16.4,3.5,7.8,42,7.2,南,0.9,0.39,晴れ,18.1
20250321,19:00,0.0,15.2,3.4,7.8,45,7.5,南南西,0.0,0.02,晴れ,18.8
20250321,20:00,0.0,14.6,2.5,7.3,44,4.6,南南西,0.0,0.0,晴れ,19.6
20250321,21:00,0.0,14.0,3.2,7.7,48,3.4,南南西,0.0,0.0,晴れ,19.1
20250321,22:00,0.0,13.1,4.3,8.3,55,2.0,南西,0.0,0.0,晴れ,19.3
20250321,23:00,0.0,13.7,4.6,8.5,54,5.0,南南西,0.0,0.0,晴れ,18.2
20250321,24:00,0.0,13.6,4.2,8.3,53,4.2,南南西,0.0,0.0,晴れ,17.5
20250322,01:00,0.0,13.6,4.5,8.4,54,4.1,南,0.0,0.0,晴れ,17.2
20250322,02:00,0.0,13.1,5.0,8.7,58,6.0,南南西,0.0,0.0,晴れ,13.8
20250322,03:00,0.0,12.8,5.2,8.9,60,4.9,南南西,0.0,0.0,晴れ,14.5
20250322,04:00,0.0,12.9,4.6,8.5,57,4.0,南南西,0.0,0.0,晴れ,15.3
20250322,05:00,0.0,12.7,4.9,8.7,59,5.1,南南西,0.0,0.0,晴れ,14.2
20250322,06:00,0.0,10.2,4.4,8.3,67,1.3,西南西,0.0,0.00,晴れ,13.5
20250322,07:00,0.0,9.5,4.5,8.4,71,0.7,北北西,0.4,0.12,晴れ,12.6
20250322,08:00,0.0,10.8,4.5,8.4,65,0.9,南東,1.0,0.73,晴れ,13.7
20250322,09:00,0.0,13.4,4.0,8.1,53,1.5,南南西,1.0,1.47,晴れ,14.7
20250322,10:00,0.0,16.4,1.3,6.7,36,3.0,南,1.0,2.17,晴れ,11.8
20250322,11:00,0.0,18.3,2.2,7.2,34,3.2,南,1.0,2.70,晴れ,12.0
20250322,12:00,0.0,19.7,2.1,7.1,31,2.7,南,1.0,2.96,晴れ,11.7
20250322,13:00,0.0,20.4,1.8,7.0,29,5.1,南,1.0,3.00,晴れ,12.2
20250322,14:00,0.0,21.7,1.9,7.0,27,5.0,南,1.0,2.82,晴れ,13.4
20250322,15:00,0.0,22.6,2.1,7.1,26,2.9,南南東,1.0,2.39,晴れ,18.6
20250322,16:00,0.0,21.6,1.3,6.7,26,7.1,南南西,1.0,1.81,晴れ,15.5
20250322,17:00,0.0,22.0,1.3,5.6,21,5.8,南南西,1.0,1.12,晴れ,17.4
20250322,18:00,0.0,21.5,4.5,4.4,17,5.1,南西,1.0,0.42,晴れ,20.0
20250322,19:00,0.0,20.3,3.4,4.8,20,7.7,南西,0.0,0.02,晴れ,20.0
20250322,20:00,0.0,19.5,4.0,4.5,20,4.9,南南西,0.0,0.0,晴れ,20.0
20250322,21:00,0.0,17.8,1.4,5.5,27,2.8,南南東,0.0,0.0,晴れ,19.6
20250322,22:00,0.0,17.0,1.6,5.4,28,2.9,南,0.0,0.0,晴れ,19.9
20250322,23:00,0.0,17.1,1.5,5.5,28,3.9,南南西,0.0,0.0,晴れ,19.8
20250322,24:00,0.0,16.8,1.3,5.5,29,4.3,南南西,0.0,0.0,晴れ,19.4
20250323,01:00,0.0,16.2,0.5,5.9,32,4.6,南南西,0.0,0.0,晴れ,20.0
20250323,02:00,0.0,13.2,0.9,6.5,43,2.2,南,0.0,0.0,晴れ,20.0
20250323,03:00,0.0,12.3,1.6,6.9,48,1.8,南南東,0.0,0.0,晴れ,20.0
20250323,04:00,0.0,11.1,1.4,6.7,51,2.4,北,0.0,0.0,晴れ,20.0
20250323,05:00,0.0,10.2,1.6,6.8,55,2.3,北,0.0,0.0,晴れ,20.0
20250323,06:00,0.0,9.6,1.5,6.8,57,2.1,北北東,0.0,0.00,晴れ,20.0
20250323,07:00,0.0,9.3,1.9,7.0,60,2.2,北,0.5,0.13,晴れ,20.0
20250323,08:00,0.0,10.8,1.9,7.0,54,0.8,北北東,1.0,0.76,晴れ,20.0
20250323,09:00,0.0,13.3,1.9,7.0,46,1.2,北西,1.0,1.51,晴れ,20.0
20250323,10:00,0.0,16.0,1.7,6.9,38,1.3,北,1.0,2.19,晴れ,17.8
20250323,11:00,0.0,19.1,1.6,6.9,31,2.3,南南東,1.0,2.70,晴れ,16.7
20250323,12:00,0.0,20.4,2.3,7.2,30,4.7,南,1.0,3.02,晴れ,13.5
20250323,13:00,0.0,21.0,2.8,7.5,30,3.7,南,1.0,3.08,晴れ,13.8
20250323,14:00,0.0,21.1,2.4,7.3,29,4.0,南,1.0,2.87,晴れ,13.5
20250323,15:00,0.0,21.6,2.8,7.5,29,4.4,南,1.0,2.44,晴れ,14.6
20250323,16:00,0.0,22.6,2.7,7.4,27,1.9,南南東,1.0,1.78,晴れ,16.3
20250323,17:00,0.0,21.7,2.9,7.5,29,2.9,南,1.0,1.09,晴れ,16.8
20250323,18:00,0.0,20.5,2.8,7.5,31,1.5,南南東,0.8,0.39,晴れ,17.3
20250323,19:00,0.0,19.1,2.9,7.5,34,0.8,南東,0.0,0.02,晴れ,15.5
20250323,20:00,0.0,18.2,4.4,8.4,40,1.2,南,0.0,0.0,曇,17.0
20250323,21:00,0.0,16.8,4.2,8.2,43,2.5,北,0.0,0.0,晴れ,20.0
20250323,22:00,0.0,15.6,4.7,8.5,48,1.4,北北東,0.0,0.0,晴れ,20.0
20250323,23:00,0.0,14.4,4.4,8.4,51,2.9,北,0.0,0.0,曇,20.0
20250323,24:00,0.0,13.8,3.3,7.7,49,2.3,北北東,0.0,0.0,曇,20.0
20250324,01:00,0.0,13.0,3.1,7.6,51,1.6,北北東,0.0,0.0,曇,20.0
20250324,02:00,0.0,12.5,2.7,7.4,51,3.5,北北東,0.0,0.0,曇,20.0
20250324,03:00,0.0,11.9,3.2,7.7,55,2.4,北,0.0,0.0,曇,20.0
20250324,04:00,0.0,11.8,2.5,7.3,53,2.0,北北東,0.0,0.0,曇,20.0
20250324,05:00,0.0,11.6,2.6,7.4,54,3.6,北,0.0,0.0,曇,20.0
20250324,06:00,0.0,11.4,2.7,7.4,55,1.5,北北東,0.0,0.00,曇,20.0
20250324,07:00,0.0,11.6,2.9,7.5,55,0.8,北東,0.0,0.05,曇,20.0
20250324,08:00,0.0,12.3,3.5,7.9,55,0.4,南,0.0,0.27,曇,20.0
20250324,09:00,0.0,14.5,4.2,8.3,50,1.0,南南西,0.4,0.97,曇,20.0
20250324,10:00,0.0,16.7,2.7,7.4,39,1.0,南,0.3,1.42,曇,18.4
20250324,11:00,0.0,18.2,3.7,7.9,38,4.2,南南西,0.0,1.27,曇,20.0
20250324,12:00,0.0,19.1,4.1,8.2,37,2.9,南,0.0,1.41,曇,20.0
20250324,13:00,0.5,15.5,8.7,11.3,64,6.1,南南西,0.0,0.37,雨,15.9
20250324,14:00,1.5,15.2,10.4,12.6,73,3.0,南東,0.0,0.57,曇,20.0
20250324,15:00,0.0,17.3,8.5,11.1,56,3.4,南,1.0,2.37,晴れ,20.0
20250324,16:00,0.0,18.0,8.3,10.9,53,5.5,南,1.0,1.75,晴れ,20.0
20250324,17:00,0.0,17.5,8.6,11.2,56,3.6,南南西,1.0,1.00,晴れ,20.0
20250324,18:00,0.0,16.1,8.8,11.3,62,2.8,南西,0.3,0.34,晴れ,20.0
20250324,19:00,0.0,16.0,8.5,11.1,61,4.4,南南西,0.0,0.02,晴れ,20.0
20250324,20:00,0.0,15.8,8.5,11.1,62,1.2,南南東,0.0,0.0,晴れ,20.0
20250324,21:00,0.0,14.8,9.2,11.6,69,1.9,南南西,0.0,0.0,晴れ,19.8
20250324,22:00,0.0,14.9,8.8,11.4,67,2.6,南,0.0,0.0,晴れ,20.0
20250324,23:00,0.0,14.0,8.8,11.3,71,1.5,南南西,0.0,0.0,晴れ,19.4
20250324,24:00,0.0,13.2,9.5,11.8,78,1.0,西南西,0.0,0.0,晴れ,14.7
20250325,01:00,0.0,12.6,9.1,11.5,79,1.0,北北西,0.0,0.0,晴れ,12.5
20250325,02:00,0.0,12.0,9.0,11.5,82,1.0,北北東,0.0,0.0,晴れ,12.4
20250325,03:00,0.0,11.8,8.7,11.2,81,1.4,北北東,0.0,0.0,晴れ,12.8
20250325,04:00,0.0,11.6,8.6,11.2,82,1.4,南西,0.0,0.0,晴れ,12.9
20250325,05:00,0.0,11.2,8.3,10.9,82,0.8,北西,0.0,0.0,晴れ,12.8
20250325,06:00,0.0,11.0,8.1,10.8,82,1.4,南西,0.0,0.00,晴れ,12.7
20250325,07:00,0.0,11.1,8.0,10.7,81,1.0,西南西,0.0,0.10,晴れ,15.4
20250325,08:00,0.0,12.3,8.2,10.9,76,0.8,西,0.7,0.60,晴れ,16.2
20250325,09:00,0.0,15.2,8.9,11.4,66,1.5,南,1.0,1.26,晴れ,16.2
20250325,10:00,0.0,18.6,8.3,10.9,51,3.1,南,1.0,1.92,晴れ,20.0
20250325,11:00,0.0,19.8,7.2,10.2,44,4.8,南,1.0,2.44,晴れ,19.8
20250325,12:00,0.0,21.9,6.6,9.7,37,5.5,南,1.0,2.78,晴れ,20.0
20250325,13:00,0.0,22.7,6.1,9.4,34,4.4,南,1.0,2.92,晴れ,20.0
20250325,14:00,0.0,23.3,5.7,9.2,32,5.5,南,1.0,2.77,晴れ,20.0
20250325,15:00,0.0,23.9,5.8,9.2,31,6.1,南,1.0,2.40,晴れ,20.0
20250325,16:00,0.0,23.4,5.3,8.9,31,5.6,南,1.0,1.79,晴れ,17.5
20250325,17:00,0.0,22.3,5.7,9.2,34,4.5,南,1.0,1.03,晴れ,20.0
20250325,18:00,0.0,21.7,4.3,8.3,32,5.3,南,0.6,0.36,晴れ,19.6
20250325,19:00,0.0,19.7,6.8,9.9,43,3.2,南,0.0,0.02,晴れ,20.0
20250325,20:00,0.0,19.1,8.5,11.1,50,2.7,南南東,0.0,0.0,晴れ,19.7
20250325,21:00,0.0,18.7,8.9,11.4,53,3.1,南南東,0.0,0.0,晴れ,17.8
20250325,22:00,0.0,17.8,8.9,11.4,56,1.9,南南東,0.0,0.0,晴れ,18.0
20250325,23:00,0.0,17.2,8.4,11.0,56,2.0,南,0.0,0.0,晴れ,16.9
20250325,24:00,0.0,16.5,8.0,10.7,57,2.2,南西,0.0,0.0,晴れ,15.8
20250326,01:00,0.0,16.4,7.4,10.3,55,1.5,西南西,0.0,0.0,晴れ,17.1
20250326,02:00,0.0,17.9,6.1,9.4,46,4.2,南南西,0.0,0.0,晴れ,17.4
20250326,03:00,0.0,17.8,7.0,10.0,49,5.1,南南西,0.0,0.0,晴れ,17.5
20250326,04:00,0.0,17.1,8.3,10.9,56,3.1,南西,0.0,0.0,晴れ,18.0
20250326,05:00,0.0,16.2,8.7,11.2,61,2.2,北北西,0.0,0.0,晴れ,16.4
20250326,06:00,0.0,15.2,8.0,10.7,62,1.6,北北西,0.0,0.00,晴れ,16.7
20250326,07:00,0.0,14.3,7.8,10.6,65,3.5,北北東,0.0,0.13,晴れ,15.7
20250326,08:00,0.0,15.1,8.1,10.8,63,2.2,北北東,1.0,0.75,晴れ,13.5
20250326,09:00,0.0,18.6,8.0,10.7,50,1.7,北東,1.0,1.52,晴れ,14.6
20250326,10:00,0.0,20.0,5.7,9.1,39,2.4,北,1.0,2.20,晴れ,13.6
20250326,11:00,0.0,22.1,6.8,9.8,37,2.2,南南西,1.0,2.68,晴れ,12.7
20250326,12:00,0.0,22.9,5.4,8.9,32,4.7,南西,1.0,2.99,晴れ,14.1
20250326,13:00,0.0,23.5,5.0,8.7,30,4.5,南西,1.0,2.99,晴れ,19.1
20250326,14:00,0.0,23.2,5.6,9.1,32,4.3,南西,1.0,2.82,晴れ,17.2
20250326,15:00,0.0,23.5,6.8,9.8,34,3.3,南南西,1.0,2.42,晴れ,16.1
20250326,16:00,0.0,23.8,7.4,10.3,35,2.6,南西,1.0,1.79,晴れ,18.6
20250326,17:00,0.0,23.4,5.3,8.9,31,2.5,西,1.0,1.09,晴れ,17.5
20250326,18:00,0.0,22.4,6.6,9.8,36,2.5,西南西,0.7,0.40,晴れ,16.1
20250326,19:00,0.0,21.9,8.1,10.8,41,1.8,南西,0.0,0.03,晴れ,14.7
20250326,20:00,0.0,20.4,8.1,10.8,45,1.1,南南西,0.0,0.0,晴れ,15.8
20250326,21:00,0.0,19.1,9.0,11.5,52,3.0,南西,0.0,0.0,晴れ,14.9
20250326,22:00,0.0,18.7,9.8,12.1,56,1.0,北,0.0,0.0,晴れ,14.4
20250326,23:00,0.0,17.5,8.1,10.8,54,4.1,北,0.0,0.0,晴れ,17.2
20250326,24:00,0.0,16.9,8.1,10.8,56,4.1,北北東,0.0,0.0,晴れ,16.9
20250327,01:00,0.0,16.0,8.3,10.9,60,3.0,北,0.0,0.0,晴れ,15.8
20250327,02:00,0.0,16.1,8.3,11.0,60,1.4,北東,0.0,0.0,晴れ,15.4
20250327,03:00,0.0,15.4,8.6,11.2,64,2.3,北北東,0.0,0.0,晴れ,14.3
20250327,04:00,0.0,14.8,8.5,11.1,66,2.6,北北東,0.0,0.0,晴れ,14.1
20250327,05:00,0.0,14.3,8.7,11.2,69,2.8,北,0.0,0.0,晴れ,13.4
20250327,06:00,0.0,14.3,8.9,11.4,70,2.6,北,0.0,0.00,晴れ,12.7
20250327,07:00,0.0,14.8,9.2,11.6,69,0.9,北東,0.0,0.09,曇,13.0
20250327,08:00,0.0,15.8,9.9,12.2,68,1.1,南,0.0,0.24,曇,12.3
20250327,09:00,0.0,17.4,10.1,12.3,62,0.6,南南西,0.0,0.47,曇,12.0
20250327,10:00,0.0,18.6,11.2,13.3,62,1.3,西,0.0,0.52,曇,10.5
20250327,11:00,0.0,19.4,12.2,14.2,63,0.9,南西,0.0,0.44,曇,9.52
20250327,12:00,0.0,19.2,12.7,14.7,66,2.6,南南西,0.0,0.61,曇,9.11
20250327,13:00,0.0,19.7,13.6,15.6,68,2.0,西,0.0,0.52,曇,8.46
20250327,14:00,0.0,19.9,14.1,16.0,69,2.0,南西,0.0,0.63,曇,12.4
20250327,15:00,0.0,19.6,14.4,16.4,72,7.7,南南西,0.0,0.41,曇,18.6
20250327,16:00,0.0,19.0,14.5,16.5,75,6.0,南西,0.0,0.19,雨,17.3
20250327,17:00,0.0,18.6,14.3,16.3,76,6.5,南西,0.0,0.05,雨,18.4
20250327,18:00,0.0,18.2,14.5,16.5,79,6.7,南西,0.0,0.01,雨,10.2
20250327,19:00,5.0,17.7,15.2,17.2,85,6.6,南南西,0.0,0.00,雷電,9.97
20250327,20:00,6.5,17.9,15.5,17.6,86,7.1,南南西,0.0,0.0,雨,9.13
20250327,21:00,1.5,17.8,15.4,17.5,86,2.1,南,0.0,0.0,雨,5.31
20250327,22:00,6.0,17.3,15.3,17.4,88,0.9,南西,0.0,0.0,雨,6.99
20250327,23:00,4.5,17.0,15.4,17.4,90,0.8,北北西,0.0,0.0,雨,1.71
20250327,24:00,9.5,17.3,15.7,17.8,90,0.9,北西,0.0,0.0,雨,1.28
20250328,01:00,6.0,17.4,15.9,18.1,91,2.2,北東,0.0,0.0,雨,5.94
20250328,02:00,0.0,17.4,15.8,17.9,90,1.1,東,0.0,0.0,曇,20.0
20250328,03:00,0.0,17.3,15.8,18.0,91,1.0,北西,0.0,0.0,曇,20.0
20250328,04:00,0.0,16.6,13.7,15.7,83,3.9,北北西,0.0,0.0,曇,20.0
20250328,05:00,0.0,15.3,9.0,11.5,66,8.1,北北西,0.0,0.0,曇,20.0
20250328,06:00,0.0,14.7,7.7,10.5,63,4.1,北,0.0,0.00,曇,20.0
20250328,07:00,0.0,14.6,7.7,10.5,63,1.9,北北東,0.0,0.12,曇,20.0
20250328,08:00,0.0,15.2,7.5,10.4,60,4.9,北,0.2,0.63,曇,20.0
20250328,09:00,0.0,15.7,7.5,10.3,58,5.2,北,0.5,1.05,曇,20.0
20250328,10:00,0.0,16.9,7.3,10.2,53,3.2,北北西,0.2,1.16,曇,20.0
20250328,11:00,0.0,16.3,6.4,9.6,52,4.2,北北東,0.2,1.65,曇,20.0
20250328,12:00,0.0,16.4,7.1,10.1,54,3.4,北,0.0,0.88,雨,20.0
20250328,13:00,0.0,15.8,6.3,9.5,53,3.9,北北東,0.0,0.56,曇,20.0
20250328,14:00,0.0,15.7,6.4,9.6,54,6.1,北北西,0.0,0.45,曇,14.1
20250328,15:00,0.0,15.3,5.8,9.2,53,5.9,北,0.0,0.39,曇,20.0
20250328,16:00,0.0,14.5,5.9,9.2,56,4.7,北,0.0,0.13,曇,20.0
20250328,17:00,0.0,14.0,4.9,8.6,54,6.5,北,0.0,0.17,曇,20.0
20250328,18:00,0.0,12.6,3.3,7.7,53,5.1,北,0.0,0.14,曇,20.0
20250328,19:00,0.0,12.4,3.1,7.6,53,3.9,北北東,0.0,0.01,曇,20.0
20250328,20:00,0.0,12.0,3.5,7.9,56,5.8,北,0.0,0.0,曇,20.0
20250328,21:00,0.0,11.6,2.6,7.4,54,6.6,北,0.0,0.0,曇,20.0
20250328,22:00,0.0,11.4,3.0,7.5,56,4.6,北,0.0,0.0,曇,20.0
20250328,23:00,0.0,10.6,2.9,7.5,59,7.6,北北西,0.0,0.0,曇,20.0
20250328,24:00,0.0,10.1,2.0,7.0,57,6.7,北,0.0,0.0,曇,20.0
20250329,01:00,0.0,9.7,2.1,7.1,59,6.9,北,0.0,0.0,雨,20.0
20250329,02:00,0.0,9.3,1.9,7.0,60,4.7,北,0.0,0.0,曇,20.0
20250329,03:00,0.0,9.1,1.3,6.7,58,3.7,北北東,0.0,0.0,曇,20.0
20250329,04:00,0.0,8.9,0.6,6.4,56,4.3,北,0.0,0.0,曇,20.0
20250329,05:00,0.0,8.8,0.5,5.9,52,3.3,北,0.0,0.0,曇,20.0
20250329,06:00,0.0,8.4,1.7,5.4,49,3.3,北,0.0,0.00,晴れ,20.0
20250329,07:00,0.0,8.0,1.8,5.4,50,2.8,北,0.2,0.12,晴れ,20.0
20250329,08:00,0.0,8.7,2.0,5.3,47,3.7,北北東,0.9,0.84,晴れ,20.0
20250329,09:00,0.0,9.7,2.6,5.1,42,4.3,北北東,1.0,1.66,晴れ,20.0
20250329,10:00,0.0,12.1,2.5,5.1,36,3.5,北北東,1.0,2.31,晴れ,20.0
20250329,11:00,0.0,13.0,6.0,3.9,26,2.5,北,0.9,2.74,晴れ,20.0
20250329,12:00,0.0,12.8,6.2,3.8,26,1.1,東南東,0.2,1.49,曇,20.0
20250329,13:00,0.0,12.9,6.1,3.9,26,2.9,南南西,0.0,0.96,曇,20.0
20250329,14:00,0.0,12.7,4.0,4.6,31,5.5,西,0.0,0.81,雨,20.0
20250329,15:00,0.0,12.5,3.3,4.8,33,3.2,北,0.3,1.28,曇,20.0
20250329,16:00,0.0,12.3,2.7,5.0,35,2.8,南西,0.0,0.61,曇,20.0
20250329,17:00,0.0,12.6,6.9,3.6,25,6.1,西北西,0.0,0.51,曇,20.0
20250329,18:00,0.0,11.9,9.1,3.1,22,6.0,西北西,0.0,0.29,曇,20.0
20250329,19:00,0.0,11.5,10.7,2.7,20,5.9,西北西,0.0,0.02,曇,20.0
20250329,20:00,0.0,10.9,9.4,3.0,23,3.6,西北西,0.0,0.0,曇,20.0
20250329,21:00,0.0,10.5,8.7,3.2,25,2.7,北西,0.0,0.0,曇,20.0
20250329,22:00,0.0,9.9,7.3,3.5,29,3.6,西,0.0,0.0,曇,20.0
20250329,23:00,0.0,9.7,7.0,3.6,30,2.5,西南西,0.0,0.0,曇,20.0
20250329,24:00,0.0,9.6,6.7,3.7,31,4.4,南南西,0.0,0.0,曇,20.0
20250330,01:00,0.0,9.4,5.3,4.1,35,3.4,西北西,0.0,0.0,曇,20.0
20250330,02:00,0.0,7.9,1.1,5.6,53,5.5,北北西,0.0,0.0,雨,20.0
20250330,03:00,0.0,7.5,2.0,5.3,51,5.5,北,0.0,0.0,曇,20.0
20250330,04:00,0.0,6.9,2.8,5.0,50,4.2,北,0.0,0.0,曇,20.0
20250330,05:00,0.0,6.4,4.4,4.4,46,6.2,北,0.0,0.0,曇,20.0
20250330,06:00,0.0,6.6,7.4,3.5,36,7.6,北,0.0,0.00,曇,20.0
20250330,07:00,0.0,6.5,8.6,3.2,33,5.1,北,0.0,0.14,曇,20.0
20250330,08:00,0.0,6.5,9.0,3.1,32,8.5,北北西,0.6,0.68,晴れ,20.0
20250330,09:00,0.0,7.4,9.0,3.1,30,7.2,北北西,0.6,1.32,晴れ,20.0
20250330,10:00,0.0,7.5,9.8,2.9,28,5.1,北,0.6,1.75,晴れ,20.0
20250330,11:00,0.0,8.6,7.6,3.5,31,7.0,北北西,0.7,2.56,晴れ,20.0
20250330,12:00,0.0,8.9,6.1,3.9,34,8.5,北北西,0.7,2.68,曇,20.0
20250330,13:00,0.0,9.3,6.5,3.7,32,4.9,北北西,0.8,2.72,曇,20.0
20250330,14:00,0.0,9.1,4.1,4.5,39,5.1,北北西,0.5,1.93,曇,20.0
20250330,15:00,0.0,8.4,4.1,4.5,41,5.6,北北東,0.6,2.04,曇,20.0
20250330,16:00,0.0,8.1,4.3,4.4,41,6.6,北,0.5,1.36,雨,20.0
20250330,17:00,0.0,7.5,5.2,4.1,40,5.5,北,0.3,0.81,曇,20.0
20250330,18:00,0.0,6.3,6.3,3.8,40,5.7,北北東,0.0,0.27,曇,20.0
20250330,19:00,0.0,5.6,6.6,3.7,41,5.4,北北東,0.0,0.02,曇,20.0
20250330,20:00,0.0,5.3,5.4,4.1,46,4.5,北北東,0.0,0.0,曇,20.0
20250330,21:00,0.0,5.1,5.5,4.0,46,4.4,北北東,0.0,0.0,曇,20.0
20250330,22:00,0.0,4.9,5.2,4.2,48,3.4,北北東,0.0,0.0,曇,20.0
20250330,23:00,0.0,4.5,4.7,4.3,51,3.0,北北東,0.0,0.0,曇,20.0
20250330,24:00,0.0,4.2,4.5,4.4,53,2.9,北北東,0.0,0.0,曇,20.0
20250331,01:00,0.0,4.0,-4.7,4.3,53,3.0,北北東,0.0,0.0,曇,20.0
20250331,02:00,0.0,3.6,-5.1,4.2,53,2.5,北北東,0.0,0.0,曇,20.0
20250331,03:00,0.0,3.2,-5.0,4.2,55,2.4,北北東,0.0,0.0,晴れ,20.0
20250331,04:00,0.0,2.7,-4.7,4.3,58,3.6,北北東,0.0,0.0,晴れ,20.0
20250331,05:00,0.0,2.2,-4.7,4.3,60,3.4,北北東,0.0,0.0,晴れ,20.0
20250331,06:00,0.0,1.7,-4.6,4.4,63,3.8,北,0.0,0.00,晴れ,20.0
20250331,07:00,0.0,2.0,-4.9,4.2,60,4.5,北北東,0.7,0.24,晴れ,20.0
20250331,08:00,0.0,3.3,-5.9,3.9,51,4.3,北,1.0,0.93,晴れ,20.0
20250331,09:00,0.0,5.5,-6.4,3.8,42,2.6,北,1.0,1.44,晴れ,20.0
20250331,10:00,0.0,7.2,-8.0,3.4,33,3.3,北,1.0,1.90,晴れ,20.0
20250331,11:00,0.0,8.7,-8.3,3.3,29,1.7,北,1.0,2.89,晴れ,20.0
20250331,12:00,0.0,9.4,-9.1,3.1,26,1.6,東南東,1.0,3.35,晴れ,20.0
20250331,13:00,0.0,12.3,-9.4,3.0,21,3.2,北,1.0,3.38,晴れ,20.0
20250331,14:00,0.0,11.0,-5.9,3.9,30,6.3,南南西,1.0,3.15,晴れ,20.0
20250331,15:00,0.0,10.6,-5.0,4.2,33,5.3,南南西,1.0,2.73,晴れ,20.0
20250331,16:00,0.0,11.0,-4.6,4.3,33,3.2,南南西,1.0,2.11,晴れ,20.0
20250331,17:00,0.0,10.5,-4.3,4.4,35,3.6,南南西,1.0,1.23,晴れ,20.0
20250331,18:00,0.0,10.0,-4.0,4.5,37,2.1,南南西,1.0,0.53,晴れ,20.0
20250331,19:00,0.0,9.4,-3.5,4.7,40,2.2,南西,0.2,0.04,晴れ,20.0
20250331,20:00,0.0,9.4,-2.8,5.0,42,1.6,西南西,0.0,0.0,曇,20.0
20250331,21:00,0.0,8.7,-2.6,5.1,45,2.8,北北東,0.0,0.0,曇,20.0
20250331,22:00,0.0,8.1,-2.5,5.1,47,3.1,北北東,0.0,0.0,曇,20.0
20250331,23:00,0.0,7.5,-3.1,4.9,47,4.6,北北東,0.0,0.0,曇,20.0
20250331,24:00,0.0,7.0,-3.5,4.7,47,4.5,北北東,0.0,0.0,曇,20.0
20250401,01:00,0.0,6.6,3.6,4.7,48,3.6,北北東,0.0,0.0,曇,20.0
20250401,02:00,0.0,6.5,3.7,4.6,48,2.7,北北東,0.0,0.0,曇,20.0
20250401,03:00,0.0,5.8,3.5,4.7,51,4.2,北北東,0.0,0.0,曇,20.0
20250401,04:00,0.0,5.5,3.6,4.7,52,3.4,北北東,0.0,0.0,曇,20.0
20250401,05:00,0.0,5.1,3.2,4.8,55,4.8,北北東,0.0,0.0,曇,20.0
20250401,06:00,0.0,4.9,3.4,4.8,55,3.0,北北東,0.0,0.00,曇,20.0
20250401,07:00,0.0,5.0,3.5,4.7,54,2.3,北北東,0.0,0.13,曇,20.0
20250401,08:00,0.0,5.8,3.3,4.8,52,4.4,北北東,0.1,0.65,曇,20.0
20250401,09:00,0.0,7.7,3.2,4.8,46,3.1,北北東,0.1,1.05,曇,20.0
20250401,10:00,0.0,9.6,4.0,4.5,38,2.7,北,0.6,1.60,曇,20.0
20250401,11:00,0.0,12.4,3.8,4.6,32,2.9,北,0.8,2.11,曇,20.0
20250401,12:00,0.0,13.6,4.5,4.4,28,1.4,北東,1.0,2.64,晴れ,20.0
20250401,13:00,0.0,14.8,4.0,4.5,27,2.1,北北西,0.7,2.28,曇,20.0
20250401,14:00,0.0,14.7,5.6,4.0,24,2.7,南南西,0.5,1.99,曇,20.0
20250401,15:00,0.0,14.4,4.3,4.4,27,2.6,南,0.1,1.40,曇,20.0
20250401,16:00,0.0,13.8,1.8,5.4,34,1.9,南南東,0.0,0.95,曇,20.0
20250401,17:00,0.0,13.8,1.4,5.5,35,1.8,南西,0.0,0.49,曇,20.0
20250401,18:00,0.0,12.6,0.3,6.0,41,3.5,南南西,0.0,0.26,曇,20.0
20250401,19:00,0.0,12.2,0.9,6.5,46,3.0,南西,0.0,0.02,曇,20.0
20250401,20:00,0.0,12.0,0.8,6.5,46,1.4,西北西,0.0,0.0,曇,20.0
20250401,21:00,0.0,12.4,0.1,6.0,42,2.2,北,0.0,0.0,雨,20.0
20250401,22:00,0.0,12.2,0.3,6.0,42,2.4,北東,0.0,0.0,雨,20.0
20250401,23:00,0.0,12.4,0.8,5.8,40,1.0,東,0.0,0.0,雨,20.0
20250401,24:00,1.0,10.2,4.8,8.6,69,3.5,北北東,0.0,0.0,雨,20.0
20250402,01:00,1.5,9.5,5.7,9.1,77,1.0,北,0.0,0.0,雨,6.72
20250402,02:00,1.5,9.0,5.9,9.3,81,2.6,北北東,0.0,0.0,雨,8.77
20250402,03:00,1.0,8.9,6.0,9.4,82,1.7,北北東,0.0,0.0,雨,20.0
20250402,04:00,0.5,8.6,5.4,8.9,80,2.3,北東,0.0,0.0,雨,10.7
20250402,05:00,0.5,8.7,5.5,9.0,80,3.9,北北東,0.0,0.0,雨,20.0
20250402,06:00,0.0,8.8,5.6,9.1,80,3.3,北北東,0.0,0.00,曇,20.0
20250402,07:00,0.0,9.1,5.5,9.0,78,3.7,北北東,0.0,0.08,晴れ,20.0
20250402,08:00,0.0,9.2,5.4,9.0,77,3.4,北,0.0,0.21,曇,20.0
20250402,09:00,0.0,11.1,6.1,9.4,71,2.1,北北東,0.8,1.44,晴れ,20.0
20250402,10:00,0.0,12.2,5.2,8.8,62,3.1,北北東,1.0,2.27,晴れ,20.0
20250402,11:00,0.0,14.9,5.2,8.8,52,4.3,北北東,1.0,2.94,晴れ,20.0
20250402,12:00,0.0,16.0,4.1,8.2,45,1.2,南,1.0,3.31,晴れ,20.0
20250402,13:00,0.0,17.3,3.9,8.1,41,2.1,南南東,1.0,3.38,晴れ,20.0
20250402,14:00,0.0,16.9,4.6,8.5,44,5.5,南南西,1.0,3.35,晴れ,20.0
20250402,15:00,0.0,16.7,3.7,8.0,42,4.6,南西,1.0,2.74,晴れ,20.0
20250402,16:00,0.0,14.5,5.1,8.8,53,5.3,南西,0.3,1.15,曇,20.0
20250402,17:00,0.0,14.0,5.9,9.3,58,3.5,西,0.0,0.20,雨,20.0
20250402,18:00,0.0,14.0,5.4,9.0,56,1.8,北北東,0.0,0.07,曇,20.0
20250402,19:00,0.0,13.7,5.6,9.1,58,1.7,北,0.0,0.02,晴れ,20.0
20250402,20:00,0.0,12.8,4.0,8.1,55,3.7,北北東,0.0,0.00,晴れ,20.0
20250402,21:00,0.0,12.0,2.5,7.3,52,4.8,北,0.0,0.0,晴れ,20.0
20250402,22:00,0.0,11.3,2.6,7.4,55,4.4,北北東,0.0,0.0,晴れ,20.0
20250402,23:00,0.0,10.5,3.1,7.6,60,4.2,北北東,0.0,0.0,晴れ,20.0
20250402,24:00,0.0,9.9,3.2,7.7,63,4.5,北北東,0.0,0.0,晴れ,20.0
20250403,01:00,0.0,9.8,3.1,7.6,63,2.8,北,0.0,0.0,晴れ,20.0
20250403,02:00,0.0,9.5,2.1,7.1,60,5.1,北北東,0.0,0.0,晴れ,20.0
20250403,03:00,0.0,8.5,2.3,7.2,65,3.7,北,0.0,0.0,晴れ,20.0
20250403,04:00,0.0,8.0,2.3,7.2,67,3.6,北北東,0.0,0.0,晴れ,20.0
20250403,05:00,0.0,8.3,1.7,6.9,63,2.4,北北東,0.0,0.0,晴れ,20.0
20250403,06:00,0.0,8.2,1.4,6.7,62,3.6,北北東,0.0,0.00,晴れ,20.0
20250403,07:00,0.0,8.0,1.6,6.9,64,2.3,北北東,0.8,0.25,晴れ,20.0
20250403,08:00,0.0,8.6,1.7,6.9,62,1.1,北北東,0.5,0.64,晴れ,20.0
20250403,09:00,0.0,11.6,1.8,7.0,51,1.5,北北東,0.8,1.60,晴れ,20.0
20250403,10:00,0.0,12.7,2.0,7.0,48,4.3,北西,0.6,1.98,晴れ,20.0
20250403,11:00,0.0,14.2,2.5,7.3,45,3.4,西南西,0.5,2.08,晴れ,20.0
20250403,12:00,0.0,15.1,0.2,6.2,36,4.6,北北東,0.7,2.70,晴れ,20.0
20250403,13:00,0.0,15.8,1.2,6.6,37,4.9,北北東,0.5,2.08,晴れ,20.0
20250403,14:00,0.0,15.5,0.5,6.3,36,8.4,北,0.7,2.56,雨,20.0
20250403,15:00,0.0,14.9,0.0,6.1,36,6.7,北,1.0,2.71,晴れ,20.0
20250403,16:00,0.0,15.3,0.7,6.4,37,8.1,北北西,0.7,1.84,晴れ,20.0
20250403,17:00,0.0,14.1,0.0,6.1,38,6.6,北,1.0,1.44,晴れ,20.0
20250403,18:00,0.0,12.6,0.6,5.8,40,6.7,北,0.6,0.50,晴れ,20.0
20250403,19:00,0.0,11.4,0.2,6.2,46,5.9,北北西,0.0,0.04,晴れ,20.0
20250403,20:00,0.0,10.9,0.1,6.1,47,4.5,北,0.0,0.00,晴れ,20.0
20250403,21:00,0.0,10.3,0.6,6.4,51,6.2,北,0.0,0.0,晴れ,20.0
20250403,22:00,0.0,9.9,0.8,6.5,53,4.8,北,0.0,0.0,晴れ,20.0
20250403,23:00,0.0,9.6,0.8,6.5,54,4.5,北北東,0.0,0.0,晴れ,20.0
20250403,24:00,0.0,9.1,0.8,6.5,56,3.2,北北東,0.0,0.0,晴れ,20.0
20250404,01:00,0.0,8.5,0.2,6.2,56,3.5,北北東,0.0,0.0,晴れ,20.0
20250404,02:00,0.0,8.4,0.1,6.1,55,3.7,北北東,0.0,0.0,晴れ,20.0
20250404,03:00,0.0,8.1,0.1,6.2,57,2.6,北北東,0.0,0.0,晴れ,20.0
20250404,04:00,0.0,7.6,0.1,6.2,59,2.2,北,0.0,0.0,晴れ,20.0
20250404,05:00,0.0,6.7,0.6,6.4,65,2.6,北,0.0,0.0,晴れ,20.0
20250404,06:00,0.0,6.3,0.8,6.5,68,3.5,北北東,0.0,0.00,晴れ,20.0
20250404,07:00,0.0,5.9,0.7,6.4,69,3.8,北,0.8,0.26,晴れ,20.0
20250404,08:00,0.0,7.5,0.7,6.4,62,2.5,北,1.0,0.93,晴れ,20.0
20250404,09:00,0.0,10.0,0.9,6.5,53,3.4,北,1.0,1.72,晴れ,20.0
20250404,10:00,0.0,12.4,0.8,6.5,45,3.5,北,1.0,2.40,晴れ,20.0
20250404,11:00,0.0,14.3,0.9,5.7,35,3.7,北北東,1.0,2.94,晴れ,20.0
20250404,12:00,0.0,15.9,0.3,6.0,33,3.4,北,0.9,3.05,晴れ,20.0
20250404,13:00,0.0,16.4,1.7,5.4,29,2.5,北北東,1.0,3.23,晴れ,20.0
20250404,14:00,0.0,15.1,1.3,6.7,39,4.7,南南西,0.6,1.92,曇,20.0
20250404,15:00,0.0,14.9,0.7,6.4,38,3.8,南南西,0.7,1.93,曇,20.0
20250404,16:00,0.0,14.8,1.0,6.6,39,4.9,南南西,0.9,2.03,曇,20.0
20250404,17:00,0.0,13.9,1.5,6.8,43,3.4,南南西,0.8,1.17,晴れ,20.0
20250404,18:00,0.0,13.4,0.4,6.3,41,2.2,南南西,0.1,0.23,晴れ,20.0
20250404,19:00,0.0,13.4,1.7,6.9,45,1.7,西南西,0.0,0.04,晴れ,20.0
20250404,20:00,0.0,12.7,2.6,7.3,50,1.4,西南西,0.0,0.00,晴れ,20.0
20250404,21:00,0.0,11.9,2.1,7.1,51,3.2,北北東,0.0,0.0,晴れ,20.0
20250404,22:00,0.0,11.2,0.9,6.5,49,3.5,北,0.0,0.0,晴れ,20.0
20250404,23:00,0.0,10.3,0.6,6.4,51,4.5,北北東,0.0,0.0,晴れ,20.0
20250404,24:00,0.0,9.9,0.5,6.3,52,4.7,北北東,0.0,0.0,晴れ,20.0
20250405,01:00,0.0,9.3,0.7,6.4,55,3.9,北北東,0.0,0.0,晴れ,20.0
20250405,02:00,0.0,8.8,0.5,6.3,56,5.4,北北東,0.0,0.0,曇,20.0
20250405,03:00,0.0,8.2,0.4,6.3,58,4.8,北,0.0,0.0,曇,20.0
20250405,04:00,0.0,7.7,0.4,6.3,60,5.7,北北東,0.0,0.0,曇,20.0
20250405,05:00,0.0,7.5,0.3,6.2,60,6.3,北北東,0.0,0.0,曇,20.0
20250405,06:00,0.0,7.2,0.2,6.2,61,5.4,北,0.0,0.00,曇,20.0
20250405,07:00,0.0,7.4,0.2,6.2,60,4.1,北,0.0,0.15,曇,20.0
20250405,08:00,0.0,8.2,0.7,6.4,59,2.4,北北東,0.2,0.66,曇,20.0
20250405,09:00,0.0,10.3,0.9,6.5,52,1.6,北,1.0,1.42,晴れ,20.0
20250405,10:00,0.0,12.9,1.3,6.7,45,1.3,西,1.0,1.87,晴れ,20.0
20250405,11:00,0.0,14.8,1.0,6.6,39,2.3,西南西,0.7,2.28,曇,20.0
20250405,12:00,0.0,15.6,2.1,7.1,40,2.5,南西,1.0,2.88,晴れ,20.0
20250405,13:00,0.0,15.5,2.0,7.0,40,4.0,南南西,0.8,2.46,曇,20.0
20250405,14:00,0.0,16.1,2.2,7.1,39,3.4,南南西,0.5,2.06,曇,20.0
20250405,15:00,0.0,16.4,2.4,7.3,39,5.2,南,0.2,1.47,曇,20.0
20250405,16:00,0.0,16.6,3.7,7.9,42,5.6,南南西,0.3,1.25,曇,20.0
20250405,17:00,0.0,16.0,4.1,8.2,45,6.1,南西,0.0,0.53,曇,20.0
20250405,18:00,0.0,15.8,4.8,8.6,48,6.1,南南西,0.0,0.20,曇,20.0
20250405,19:00,0.0,15.3,4.7,8.5,49,3.0,南,0.0,0.01,曇,20.0
20250405,20:00,0.0,15.0,3.8,8.0,47,1.8,南,0.0,0.00,曇,20.0
20250405,21:00,0.0,14.4,4.7,8.5,52,3.2,南南西,0.0,0.0,雷電,12.9
20250405,22:00,1.0,12.7,8.2,10.9,74,1.5,南南西,0.0,0.0,曇,18.5
20250405,23:00,0.0,12.6,8.1,10.8,74,1.6,北北東,0.0,0.0,曇,17.4
20250405,24:00,2.5,11.9,8.4,11.0,79,0.8,東南東,0.0,0.0,雷電,11.1
20250406,01:00,0.0,11.9,8.8,11.3,81,0.8,東,0.0,0.0,曇,13.6
20250406,02:00,0.0,11.9,9.1,11.6,83,1.9,北,0.0,0.0,雨,9.24
20250406,03:00,0.5,11.8,8.8,11.3,82,0.4,東,0.0,0.0,雨,11.7
20250406,04:00,0.0,11.6,9.0,11.5,84,1.1,北東,0.0,0.0,曇,7.92
20250406,05:00,0.0,11.4,9.3,11.7,87,1.3,南東,0.0,0.0,晴れ,5.56
20250406,06:00,0.0,10.9,9.0,11.5,88,0.7,北北東,0.0,0.00,晴れ,4.06
20250406,07:00,0.0,11.0,8.9,11.4,87,1.6,北,0.3,0.22,晴れ,5.89
20250406,08:00,0.0,12.3,9.5,11.9,83,1.2,東,1.0,0.92,晴れ,9.19
20250406,09:00,0.0,15.0,7.3,10.2,60,4.3,南南西,1.0,1.71,晴れ,17.5
20250406,10:00,0.0,16.2,6.9,9.9,54,3.3,南,1.0,2.41,晴れ,18.8
20250406,11:00,0.0,17.2,4.9,8.6,44,6.1,南,1.0,2.89,晴れ,20.0
20250406,12:00,0.0,17.9,3.4,7.8,38,5.8,南,1.0,3.20,晴れ,20.0
20250406,13:00,0.0,18.5,2.4,7.2,34,4.3,南,1.0,3.23,晴れ,20.0
20250406,14:00,0.0,19.5,1.9,7.0,31,4.1,南,1.0,2.94,晴れ,20.0
20250406,15:00,0.0,19.0,0.1,6.2,28,5.0,南,1.0,2.63,晴れ,20.0
20250406,16:00,0.0,19.5,1.6,5.4,24,4.1,南南西,1.0,2.11,晴れ,20.0
20250406,17:00,0.0,19.1,2.5,5.1,23,3.0,南,1.0,1.38,晴れ,20.0
20250406,18:00,0.0,18.1,1.7,5.4,26,4.8,北北西,1.0,0.60,晴れ,20.0
20250406,19:00,0.0,15.8,0.4,6.3,35,5.0,北北東,0.3,0.07,晴れ,20.0
20250406,20:00,0.0,14.2,1.0,5.7,35,4.8,北,0.0,0.00,晴れ,20.0
20250406,21:00,0.0,13.8,1.0,5.7,36,6.4,北北東,0.0,0.0,晴れ,20.0
20250406,22:00,0.0,12.8,0.4,5.9,40,4.3,北,0.0,0.0,晴れ,20.0
20250406,23:00,0.0,12.5,0.7,5.8,40,3.3,北北東,0.0,0.0,晴れ,20.0
20250406,24:00,0.0,10.9,0.6,6.4,49,4.2,北北東,0.0,0.0,晴れ,20.0
20250407,01:00,0.0,9.9,1.0,6.6,54,4.2,北,0.0,0.0,晴れ,20.0
20250407,02:00,0.0,9.3,1.0,6.6,56,4.2,北北東,0.0,0.0,晴れ,20.0
20250407,03:00,0.0,8.5,1.0,6.5,59,3.9,北北東,0.0,0.0,晴れ,20.0
20250407,04:00,0.0,7.9,0.9,6.5,61,6.0,北北東,0.0,0.0,晴れ,20.0
20250407,05:00,0.0,7.6,0.6,6.4,61,4.8,北北東,0.0,0.0,晴れ,20.0
20250407,06:00,0.0,7.0,0.7,6.4,64,3.7,北北東,0.0,0.00,晴れ,20.0
20250407,07:00,0.0,7.3,0.5,6.3,62,2.2,北,0.5,0.26,晴れ,20.0
20250407,08:00,0.0,8.7,1.4,6.7,60,1.9,北北東,1.0,0.98,晴れ,20.0
20250407,09:00,0.0,11.2,1.5,6.8,51,0.6,西,1.0,1.76,晴れ,20.0
20250407,10:00,0.0,13.9,0.5,5.9,37,2.5,南,1.0,2.43,晴れ,20.0
20250407,11:00,0.0,15.9,2.6,5.1,28,2.4,南,1.0,2.94,晴れ,20.0
20250407,12:00,0.0,17.1,1.5,5.5,28,3.4,南南西,1.0,3.25,晴れ,20.0
20250407,13:00,0.0,18.7,2.3,5.2,24,3.2,南,1.0,3.33,晴れ,20.0
20250407,14:00,0.0,18.5,2.4,5.1,24,4.2,南南西,1.0,3.19,晴れ,20.0
20250407,15:00,0.0,19.1,1.4,5.5,25,4.3,南南西,1.0,2.77,晴れ,20.0
20250407,16:00,0.0,19.1,0.3,6.0,27,4.1,南南西,1.0,2.12,晴れ,20.0
20250407,17:00,0.0,19.0,2.0,7.0,32,1.9,南南西,1.0,1.40,晴れ,20.0
20250407,18:00,0.0,18.3,3.4,7.8,37,2.0,南南西,1.0,0.61,晴れ,20.0
20250407,19:00,0.0,16.7,3.7,8.0,42,2.1,南西,0.1,0.05,晴れ,20.0
20250407,20:00,0.0,16.6,2.6,7.4,39,1.8,南南西,0.0,0.00,曇,20.0
20250407,21:00,0.0,15.5,4.3,8.3,47,0.6,北北西,0.0,0.0,晴れ,20.0
20250407,22:00,0.0,13.9,0.9,6.5,41,1.6,北,0.0,0.0,曇,20.0
20250407,23:00,0.0,13.1,0.2,6.0,40,1.7,北,0.0,0.0,曇,20.0
20250407,24:00,0.0,12.0,0.8,6.5,46,2.3,北,0.0,0.0,曇,20.0
20250408,01:00,0.0,11.1,0.1,6.1,46,4.0,北,0.0,0.0,晴れ,20.0
20250408,02:00,0.0,10.5,0.3,6.0,47,4.0,北北東,0.0,0.0,晴れ,20.0
20250408,03:00,0.0,9.6,0.3,6.0,50,3.7,北,0.0,0.0,晴れ,20.0
20250408,04:00,0.0,9.2,0.1,6.1,52,3.2,北北東,0.0,0.0,曇,20.0
20250408,05:00,0.0,8.8,0.0,6.1,54,3.1,北,0.0,0.0,曇,20.0
20250408,06:00,0.0,8.5,0.2,6.2,56,2.1,北北東,0.0,0.00,曇,20.0
20250408,07:00,0.0,8.7,0.7,6.4,57,2.4,北北東,0.0,0.21,曇,20.0
20250408,08:00,0.0,10.1,1.0,6.6,53,0.7,北北東,0.7,0.78,曇,20.0
20250408,09:00,0.0,13.1,2.6,7.4,49,1.3,南西,0.8,1.30,曇,20.0
20250408,10:00,0.0,16.2,0.3,6.3,34,3.6,南,0.9,2.06,晴れ,20.0
20250408,11:00,0.0,18.7,4.0,4.5,21,7.0,南,1.0,2.73,晴れ,20.0
20250408,12:00,0.0,20.1,0.5,5.9,25,5.1,南,1.0,3.19,晴れ,20.0
20250408,13:00,0.0,21.6,3.7,4.6,18,4.9,南,1.0,3.23,晴れ,20.0
20250408,14:00,0.0,22.8,4.3,4.4,16,6.3,南,1.0,3.05,晴れ,20.0
20250408,15:00,0.0,22.2,3.2,4.8,18,7.7,南南西,0.6,2.10,晴れ,20.0
20250408,16:00,0.0,21.7,0.9,5.7,22,7.8,南南西,0.0,0.66,曇,20.0
20250408,17:00,0.0,23.3,7.7,3.4,12,6.8,西,0.5,0.92,晴れ,20.0
20250408,18:00,0.0,22.3,8.5,3.2,12,7.9,西南西,1.0,0.56,晴れ,20.0
20250408,19:00,0.0,20.8,5.1,4.2,17,3.9,西,0.1,0.06,晴れ,20.0
20250408,20:00,0.0,19.3,1.2,5.6,25,3.3,西,0.0,0.00,晴れ,20.0
20250408,21:00,0.0,18.6,1.3,5.6,26,4.0,北西,0.0,0.0,晴れ,20.0
20250408,22:00,0.0,17.4,3.0,7.6,38,2.9,北北東,0.0,0.0,晴れ,20.0
20250408,23:00,0.0,17.0,4.0,8.1,42,0.9,北北東,0.0,0.0,晴れ,20.0
20250408,24:00,0.0,15.6,5.2,8.9,50,0.4,南東,0.0,0.0,晴れ,20.0
20250409,01:00,0.0,14.9,5.4,9.0,53,3.3,北,0.0,0.0,晴れ,20.0
20250409,02:00,0.0,14.2,5.8,9.2,57,3.3,北北東,0.0,0.0,晴れ,19.4
20250409,03:00,0.0,13.9,6.5,9.7,61,2.0,北東,0.0,0.0,晴れ,16.8
20250409,04:00,0.0,12.8,6.6,9.8,66,3.9,北,0.0,0.0,晴れ,15.1
20250409,05:00,0.0,11.8,6.3,9.6,69,4.2,北北東,0.0,0.0,晴れ,12.3
20250409,06:00,0.0,11.3,5.6,9.1,68,4.3,北北東,0.0,0.01,晴れ,12.1
20250409,07:00,0.0,11.5,4.7,8.5,63,4.7,北北東,0.5,0.28,晴れ,13.6
20250409,08:00,0.0,13.2,4.4,8.3,55,3.6,北北東,1.0,0.96,晴れ,13.9
20250409,09:00,0.0,15.1,3.9,8.1,47,1.8,北,1.0,1.73,晴れ,16.1
20250409,10:00,0.0,17.6,4.9,8.7,43,1.1,南南西,1.0,2.38,晴れ,20.0
20250409,11:00,0.0,19.3,2.6,7.4,33,1.9,西南西,1.0,2.90,晴れ,17.8
20250409,12:00,0.0,20.2,1.1,6.6,28,3.5,南南西,1.0,3.23,晴れ,18.9
20250409,13:00,0.0,19.9,4.8,8.6,37,4.2,南西,1.0,3.17,晴れ,17.6
20250409,14:00,0.0,21.0,5.0,8.7,35,4.4,南南西,1.0,3.11,晴れ,20.0
20250409,15:00,0.0,21.5,5.0,8.7,34,3.8,南西,1.0,2.21,晴れ,18.3
20250409,16:00,0.0,21.0,3.3,7.7,31,2.2,南南西,1.0,1.89,晴れ,20.0
20250409,17:00,0.0,20.5,4.5,8.4,35,2.1,西南西,0.6,0.95,晴れ,20.0
20250409,18:00,0.0,20.3,1.2,6.7,28,2.5,南西,0.6,0.48,晴れ,20.0
20250409,19:00,0.0,17.7,6.6,9.7,48,3.4,南西,0.0,0.04,曇,19.1
20250409,20:00,0.0,17.4,6.9,9.9,50,1.8,南,0.0,0.00,曇,17.4
20250409,21:00,0.0,16.9,7.3,10.2,53,0.9,南西,0.0,0.0,晴れ,18.9
20250409,22:00,0.0,16.5,7.2,10.1,54,0.6,北西,0.0,0.0,晴れ,19.8
20250409,23:00,0.0,15.9,6.9,9.9,55,0.5,北東,0.0,0.0,晴れ,20.0
20250409,24:00,0.0,15.2,7.0,10.0,58,1.5,北,0.0,0.0,晴れ,20.0
20250410,01:00,0.0,14.9,6.5,9.7,57,1.7,北北東,0.0,0.0,曇,20.0
20250410,02:00,0.0,14.6,6.2,9.5,57,1.2,北東,0.0,0.0,曇,20.0
20250410,03:00,0.0,13.8,8.0,10.7,68,0.8,北,0.0,0.0,雨,10.0
20250410,04:00,1.0,13.4,9.3,11.7,76,0.7,北北西,0.0,0.0,雨,8.34
20250410,05:00,0.0,13.4,9.7,12.0,78,3.8,北北東,0.0,0.0,雨,10.0
20250410,06:00,2.5,13.4,10.9,13.1,85,2.2,北北西,0.0,0.00,曇,5.14
20250410,07:00,0.0,13.9,11.4,13.5,85,1.6,北北東,0.0,0.15,曇,7.73
20250410,08:00,0.0,14.6,11.8,13.8,83,1.3,北,0.1,0.50,曇,8.64
20250410,09:00,0.0,15.6,11.4,13.5,76,0.8,北,0.0,0.69,曇,13.2
20250410,10:00,0.0,16.3,10.8,13.0,70,1.4,北西,0.0,1.08,曇,10.7
20250410,11:00,0.0,17.9,10.3,12.5,61,2.6,西南西,0.0,1.12,曇,15.1
20250410,12:00,0.0,18.4,10.0,12.3,58,2.1,南南西,0.0,1.11,曇,17.8
20250410,13:00,0.0,19.7,10.2,12.4,54,2.3,南南西,0.6,2.36,曇,20.0
20250410,14:00,0.0,20.8,10.9,13.0,53,2.7,南南西,0.9,2.57,雷電,20.0
20250410,15:00,0.0,19.4,11.7,13.7,61,2.8,南,0.0,0.69,雷電,17.5
20250410,16:00,1.5,17.5,12.2,14.2,71,5.0,南,0.0,0.15,雷電,19.3
20250410,17:00,0.0,16.8,12.2,14.2,74,3.4,南,0.0,0.56,曇,15.6
20250410,18:00,0.0,16.9,11.8,13.9,72,1.8,南南西,0.0,0.38,曇,18.8
20250410,19:00,0.0,16.7,11.2,13.3,70,1.7,南南東,0.0,0.07,晴れ,18.5
20250410,20:00,0.0,16.2,10.7,12.9,70,1.8,南南東,0.0,0.00,晴れ,18.3
20250410,21:00,0.0,15.6,11.2,13.3,75,1.1,北西,0.0,0.0,晴れ,17.2
20250410,22:00,0.0,15.6,11.6,13.6,77,0.9,北,0.0,0.0,曇,15.5
20250410,23:00,0.0,15.9,10.9,13.0,72,1.0,南東,0.0,0.0,曇,19.3
20250410,24:00,0.0,15.4,11.8,13.8,79,1.3,北,0.0,0.0,雨,11.5
20250411,01:00,0.5,15.1,11.9,13.9,81,1.8,北北東,0.0,0.0,雨,9.74
20250411,02:00,3.0,15.0,12.3,14.3,84,1.0,東北東,0.0,0.0,雨,8.45
20250411,03:00,7.0,14.5,12.4,14.4,87,3.8,北北東,0.0,0.0,雷電,4.65
20250411,04:00,3.5,14.5,12.4,14.4,87,3.4,北,0.0,0.0,雨,5.78
20250411,05:00,1.0,14.5,12.2,14.2,86,2.5,北北東,0.0,0.0,雨,5.98
20250411,06:00,0.0,14.5,12.0,14.0,85,2.3,北北東,0.0,0.00,曇,13.0
20250411,07:00,0.0,14.6,11.9,14.0,84,2.6,北,0.0,0.13,曇,12.0
20250411,08:00,0.0,15.0,11.8,13.8,81,2.0,北北東,0.5,0.74,晴れ,14.2
20250411,09:00,0.0,16.3,10.0,12.2,66,3.9,北北東,1.0,1.76,晴れ,16.8
20250411,10:00,0.0,18.6,8.6,11.1,52,2.0,北東,1.0,2.49,晴れ,19.0
20250411,11:00,0.0,19.5,6.9,10.0,44,4.0,北東,1.0,3.06,晴れ,20.0
20250411,12:00,0.0,21.3,6.8,9.9,39,2.2,北北西,0.5,2.25,晴れ,20.0
20250411,13:00,0.0,21.2,10.1,12.3,49,3.7,南西,0.7,2.83,晴れ,20.0
20250411,14:00,0.0,20.0,9.6,11.9,51,4.8,南南西,1.0,3.28,晴れ,18.6
20250411,15:00,0.0,20.2,9.8,12.1,51,5.0,南西,0.4,1.55,晴れ,20.0
20250411,16:00,0.0,19.3,8.9,11.4,51,5.0,南西,0.7,1.68,晴れ,20.0
20250411,17:00,0.0,19.6,8.0,10.7,47,3.7,西南西,0.9,1.21,晴れ,20.0
20250411,18:00,0.0,19.3,9.5,11.9,53,2.7,西南西,1.0,0.56,晴れ,17.9
20250411,19:00,0.0,18.9,9.4,11.8,54,1.9,北,0.4,0.07,晴れ,18.2
20250411,20:00,0.0,17.7,3.2,7.7,38,5.5,北,0.0,0.00,晴れ,20.0
20250411,21:00,0.0,16.2,3.6,7.9,43,5.3,北北東,0.0,0.0,晴れ,20.0
20250411,22:00,0.0,15.4,5.1,8.7,50,5.1,北北東,0.0,0.0,晴れ,20.0
20250411,23:00,0.0,14.5,5.3,8.9,54,6.1,北北東,0.0,0.0,晴れ,20.0
20250411,24:00,0.0,13.7,5.4,8.9,57,5.7,北,0.0,0.0,晴れ,20.0
20250412,01:00,0.0,13.4,4.8,8.6,56,4.8,北北東,0.0,0.0,晴れ,20.0
20250412,02:00,0.0,12.9,4.6,8.5,57,4.4,北北東,0.0,0.0,晴れ,20.0
20250412,03:00,0.0,11.6,5.0,8.7,64,4.2,北北東,0.0,0.0,晴れ,20.0
20250412,04:00,0.0,10.9,4.8,8.6,66,6.6,北北東,0.0,0.0,晴れ,20.0
20250412,05:00,0.0,10.3,4.2,8.3,66,6.7,北北東,0.0,0.0,晴れ,20.0
20250412,06:00,0.0,10.4,3.7,7.9,63,5.4,北北東,0.0,0.01,晴れ,20.0
20250412,07:00,0.0,10.4,3.7,7.9,63,4.8,北北東,1.0,0.44,曇,20.0
20250412,08:00,0.0,11.8,3.3,7.8,56,3.7,北北東,1.0,1.05,晴れ,20.0
20250412,09:00,0.0,14.4,3.5,7.9,48,2.6,北,0.9,1.47,曇,20.0
20250412,10:00,0.0,16.4,2.1,7.1,38,1.4,北,0.9,1.83,曇,20.0
20250412,11:00,0.0,18.6,1.6,6.9,32,2.1,北北西,1.0,2.62,晴れ,20.0
20250412,12:00,0.0,19.7,3.0,7.6,33,1.9,南南西,0.1,1.85,曇,20.0
20250412,13:00,0.0,19.3,3.9,8.1,36,2.5,南西,0.1,1.81,曇,20.0
20250412,14:00,0.0,17.9,4.8,8.6,42,2.1,南南西,0.0,0.97,曇,20.0
20250412,15:00,0.0,17.4,5.0,8.7,44,3.7,南西,0.0,0.94,曇,20.0
20250412,16:00,0.0,18.0,4.2,8.3,40,0.8,西北西,0.0,0.85,曇,20.0
20250412,17:00,0.0,17.9,6.1,9.4,46,2.2,南南西,0.0,0.39,曇,20.0
20250412,18:00,0.0,17.6,5.2,8.9,44,0.9,南西,0.0,0.23,曇,20.0
20250412,19:00,0.0,17.7,5.3,8.9,44,0.6,北北西,0.0,0.01,曇,20.0
20250412,20:00,0.0,18.0,4.6,8.5,41,0.9,南南西,0.0,0.00,曇,20.0
20250412,21:00,0.0,17.1,5.7,9.2,47,1.9,南南東,0.0,0.0,曇,20.0
20250412,22:00,0.0,16.0,7.2,10.2,56,3.4,南,0.0,0.0,雨,13.0
20250412,23:00,0.5,14.9,9.3,11.7,69,1.0,南南東,0.0,0.0,雨,10.9
20250412,24:00,0.5,14.1,10.0,12.2,76,1.1,西北西,0.0,0.0,雨,9.70
20250413,01:00,0.5,13.8,9.7,12.0,76,1.7,南西,0.0,0.0,雨,5.17
20250413,02:00,1.5,13.5,10.5,12.7,82,0.3,北北西,0.0,0.0,雨,2.95
20250413,03:00,1.5,13.2,10.7,12.9,85,1.6,南南東,0.0,0.0,雨,3.03
20250413,04:00,2.0,13.1,11.0,13.1,87,0.6,西,0.0,0.0,雨,4.11
20250413,05:00,2.0,13.6,11.3,13.4,86,1.0,南,0.0,0.0,雨,5.77
20250413,06:00,1.5,13.4,11.1,13.2,86,3.1,南,0.0,0.00,雨,2.30
20250413,07:00,1.5,13.6,11.7,13.7,88,3.7,南,0.0,0.02,雨,3.00
20250413,08:00,3.0,14.0,12.1,14.1,88,7.0,南南西,0.0,0.04,雨,6.70
20250413,09:00,0.0,12.2,5.8,9.2,65,8.7,南南西,0.0,0.15,雨,20.0
20250413,10:00,0.0,12.4,3.9,8.1,56,5.2,南,0.0,0.36,雨,20.0
20250413,11:00,0.0,13.9,2.8,7.5,47,2.5,西南西,0.0,0.80,曇,20.0
20250413,12:00,0.0,15.0,0.8,6.5,38,4.2,南南西,0.7,2.81,晴れ,20.0
20250413,13:00,0.0,16.2,0.1,6.1,33,4.1,南南西,1.0,3.50,晴れ,20.0
20250413,14:00,0.0,18.0,5.9,3.9,19,4.6,西南西,1.0,3.30,晴れ,20.0
20250413,15:00,0.0,18.3,8.8,3.2,15,7.8,西北西,1.0,2.89,晴れ,20.0
20250413,16:00,0.0,17.4,7.1,3.6,18,6.1,西,1.0,2.26,晴れ,20.0
20250413,17:00,0.0,16.4,4.8,4.3,23,5.6,西北西,1.0,1.42,晴れ,20.0
20250413,18:00,0.0,14.8,5.6,4.0,24,5.5,西,1.0,0.62,晴れ,20.0
20250413,19:00,0.0,13.8,4.9,4.3,27,5.4,西,0.1,0.07,晴れ,20.0
20250413,20:00,0.0,13.2,4.0,4.6,30,4.6,西南西,0.0,0.00,晴れ,20.0
20250413,21:00,0.0,13.1,3.6,4.7,31,1.1,南南西,0.0,0.0,晴れ,20.0
20250413,22:00,0.0,12.8,1.1,5.6,38,3.3,南南西,0.0,0.0,曇,20.0
20250413,23:00,0.0,12.3,0.1,6.2,43,2.0,南南西,0.0,0.0,曇,20.0
20250413,24:00,0.0,12.6,0.7,6.4,44,5.0,南南西,0.0,0.0,曇,20.0
20250414,01:00,0.0,12.4,0.2,6.2,43,4.9,南,0.0,0.0,晴れ,20.0
20250414,02:00,0.0,11.9,0.4,6.3,45,4.2,南南西,0.0,0.0,晴れ,20.0
20250414,03:00,0.0,11.6,0.5,5.9,43,4.2,南南西,0.0,0.0,晴れ,20.0
20250414,04:00,0.0,11.4,0.2,6.2,46,4.4,南南西,0.0,0.0,晴れ,20.0
20250414,05:00,0.0,10.5,0.8,6.5,51,4.2,南西,0.0,0.0,晴れ,20.0
20250414,06:00,0.0,10.3,0.6,6.4,51,2.7,南南西,0.0,0.01,晴れ,20.0
20250414,07:00,0.0,10.4,1.2,6.7,53,1.1,西南西,0.8,0.35,晴れ,20.0
20250414,08:00,0.0,11.4,1.6,6.9,51,3.1,南,0.8,1.01,晴れ,20.0
20250414,09:00,0.0,12.0,0.2,6.2,44,5.6,南西,0.5,1.23,曇,20.0
20250414,10:00,0.0,12.3,0.1,6.2,43,3.1,南,0.0,0.85,曇,20.0
20250414,11:00,0.0,12.7,0.2,6.0,41,4.5,南南西,0.0,0.77,曇,20.0
20250414,12:00,0.0,11.5,3.8,8.0,59,5.0,南南西,0.0,0.81,雨,10.2
20250414,13:00,2.0,10.0,5.8,9.2,75,1.9,西,0.0,0.37,雨,5.81
20250414,14:00,3.0,9.7,6.6,9.7,81,1.6,北北西,0.0,0.29,雨,4.68
20250414,15:00,2.0,10.2,7.1,10.1,81,1.9,東北東,0.0,0.40,雨,17.6
20250414,16:00,0.0,11.2,6.9,10.0,75,1.0,南東,0.0,0.45,雨,20.0
20250414,17:00,1.0,11.0,7.1,10.1,77,4.7,南,0.0,0.13,雨,20.0
20250414,18:00,0.5,11.0,7.5,10.4,79,3.6,南南東,0.0,0.07,雨,20.0
20250414,19:00,0.0,11.0,7.1,10.1,77,4.0,南南東,0.0,0.01,曇,20.0
20250414,20:00,0.0,11.1,7.2,10.2,77,4.0,南南東,0.0,0.00,曇,20.0
20250414,21:00,0.0,11.3,7.0,10.0,75,5.7,南南東,0.0,0.0,曇,20.0
20250414,22:00,4.5,11.0,7.7,10.5,80,4.3,西南西,0.0,0.0,雷電,2.42
20250414,23:00,3.5,10.8,5.6,9.1,70,6.0,南南西,0.0,0.0,雨,20.0
20250414,24:00,0.0,10.9,4.4,8.3,64,7.1,南西,0.0,0.0,雨,20.0
20250415,01:00,0.5,9.8,5.0,8.7,72,5.2,南南西,0.0,0.0,曇,20.0
20250415,02:00,0.0,9.6,3.8,8.0,67,3.3,南,0.0,0.0,曇,20.0
20250415,03:00,0.0,9.8,3.1,7.6,63,4.6,南,0.0,0.0,晴れ,20.0
20250415,04:00,0.0,9.8,1.5,6.8,56,4.4,南西,0.0,0.0,雨,20.0
20250415,05:00,0.0,9.0,1.4,6.8,59,1.8,西南西,0.0,0.0,雨,20.0
20250415,06:00,0.0,8.6,2.8,7.5,67,2.0,北,0.0,0.00,曇,20.0
20250415,07:00,0.0,8.4,2.9,7.5,68,1.7,北,0.0,0.15,雨,20.0
20250415,08:00,1.0,7.4,2.9,7.5,73,1.1,東北東,0.0,0.22,雨,20.0
20250415,09:00,0.5,8.0,3.3,7.7,72,1.2,北東,0.1,0.84,雨,20.0
20250415,10:00,0.0,9.2,4.0,8.1,70,4.7,北,0.2,1.41,雨,20.0
20250415,11:00,0.5,9.4,2.7,7.4,63,1.3,北北西,0.3,1.69,雨,20.0
20250415,12:00,1.5,8.2,3.3,7.7,71,4.4,北,0.0,0.77,雨,4.07
20250415,13:00,0.5,10.0,3.5,7.9,64,2.2,北北東,0.4,2.03,雨,13.4
20250415,14:00,1.0,11.3,5.2,8.8,66,2.9,北北西,0.2,1.38,曇,20.0
20250415,15:00,0.0,11.9,3.7,7.9,57,3.9,北北西,0.4,1.77,曇,20.0
20250415,16:00,0.0,13.1,0.2,6.2,41,7.5,西北西,1.0,2.23,晴れ,20.0
20250415,17:00,0.0,12.5,1.1,5.7,39,5.7,西北西,0.7,1.19,晴れ,20.0
20250415,18:00,0.0,11.9,2.7,5.0,36,5.6,西北西,0.9,0.61,晴れ,20.0
20250415,19:00,0.0,11.0,2.4,5.1,39,4.1,西北西,0.2,0.09,晴れ,20.0
20250415,20:00,0.0,10.6,2.1,5.2,41,3.4,西北西,0.0,0.00,晴れ,20.0
20250415,21:00,0.0,9.0,1.7,6.9,60,2.2,北,0.0,0.0,晴れ,20.0
20250415,22:00,0.0,7.8,2.3,7.2,68,1.8,北,0.0,0.0,晴れ,20.0
20250415,23:00,0.0,6.9,2.4,7.3,73,3.4,北,0.0,0.0,晴れ,20.0
20250415,24:00,0.0,6.3,2.0,7.1,74,2.4,北北東,0.0,0.0,晴れ,20.0
20250416,01:00,0.0,5.7,1.8,7.0,76,3.1,北北東,0.0,0.0,晴れ,20.0
20250416,02:00,0.0,5.3,1.6,6.9,77,3.7,北,0.0,0.0,晴れ,20.0
20250416,03:00,0.0,5.0,1.5,6.8,78,3.3,北北東,0.0,0.0,晴れ,20.0
20250416,04:00,0.0,4.9,1.6,6.8,79,3.8,北,0.0,0.0,晴れ,20.0
20250416,05:00,0.0,4.7,1.2,6.7,78,3.4,北,0.0,0.0,晴れ,20.0
20250416,06:00,0.0,4.8,1.3,6.7,78,2.9,北北東,0.0,0.01,晴れ,20.0
20250416,07:00,0.0,5.4,1.7,6.9,77,2.4,北北東,0.4,0.37,晴れ,20.0
20250416,08:00,0.0,7.4,2.3,7.2,70,1.4,北,1.0,1.12,晴れ,20.0
20250416,09:00,0.0,10.4,3.9,8.1,64,0.9,西南西,1.0,1.75,晴れ,20.0
20250416,10:00,0.0,13.6,5.5,9.0,58,4.1,南南西,1.0,2.44,晴れ,20.0
20250416,11:00,0.0,15.7,5.6,9.1,51,4.3,南南西,1.0,2.90,晴れ,20.0
20250416,12:00,0.0,17.1,6.6,9.8,50,3.9,南南西,1.0,3.16,晴れ,20.0
20250416,13:00,0.0,17.7,6.6,9.7,48,4.5,南,1.0,3.22,晴れ,20.0
20250416,14:00,0.0,18.6,6.8,9.9,46,4.5,南南西,1.0,3.04,晴れ,20.0
20250416,15:00,0.0,18.7,5.9,9.3,43,3.8,南,1.0,2.60,晴れ,20.0
20250416,16:00,0.0,19.2,6.3,9.6,43,4.1,南,1.0,1.97,晴れ,20.0
20250416,17:00,0.0,18.8,6.0,9.3,43,2.5,南,1.0,1.26,晴れ,20.0
20250416,18:00,0.0,18.4,5.6,9.1,43,2.3,南南東,0.9,0.56,晴れ,20.0
20250416,19:00,0.0,17.4,5.4,8.9,45,2.0,南南東,0.1,0.08,晴れ,20.0
20250416,20:00,0.0,16.4,6.3,9.5,51,1.5,西南西,0.0,0.00,晴れ,20.0
20250416,21:00,0.0,15.7,7.0,10.0,56,1.2,南南西,0.0,0.0,晴れ,20.0
20250416,22:00,0.0,15.1,7.2,10.1,59,1.3,北,0.0,0.0,曇,20.0
20250416,23:00,0.0,14.2,7.3,10.2,63,1.3,北北東,0.0,0.0,曇,20.0
20250416,24:00,0.0,13.6,7.4,10.3,66,1.7,北北東,0.0,0.0,曇,20.0
20250417,01:00,0.0,13.2,7.4,10.3,68,3.2,北,0.0,0.0,曇,20.0
20250417,02:00,0.0,12.7,7.8,10.6,72,1.1,北東,0.0,0.0,晴れ,20.0
20250417,03:00,0.0,12.0,7.3,10.2,73,3.2,北,0.0,0.0,晴れ,20.0
20250417,04:00,0.0,11.5,7.2,10.2,75,1.2,北北東,0.0,0.0,晴れ,20.0
20250417,05:00,0.0,10.9,7.2,10.2,78,1.9,北北東,0.0,0.0,晴れ,20.0
20250417,06:00,0.0,10.5,6.8,9.9,78,3.1,北北東,0.0,0.02,晴れ,20.0
20250417,07:00,0.0,10.8,6.9,10.0,77,2.3,北,0.8,0.36,晴れ,20.0
20250417,08:00,0.0,12.6,7.1,10.1,69,1.2,北北東,1.0,1.04,晴れ,20.0
20250417,09:00,0.0,15.4,7.2,10.1,58,0.7,西,1.0,1.83,晴れ,20.0
20250417,10:00,0.0,19.3,6.4,9.6,43,2.3,南南西,1.0,2.57,晴れ,20.0
20250417,11:00,0.0,20.5,6.1,9.4,39,3.7,南南西,1.0,2.94,晴れ,20.0
20250417,12:00,0.0,21.1,5.9,9.3,37,4.2,南,1.0,3.02,晴れ,20.0
20250417,13:00,0.0,22.9,7.1,10.1,36,4.7,南南西,1.0,3.42,晴れ,20.0
20250417,14:00,0.0,23.1,7.6,10.5,37,5.9,南,1.0,3.02,晴れ,20.0
20250417,15:00,0.0,23.1,6.4,9.6,34,5.4,南,1.0,2.73,晴れ,20.0
20250417,16:00,0.0,22.8,8.1,10.8,39,4.7,南,1.0,1.89,晴れ,20.0
20250417,17:00,0.0,22.8,8.9,11.4,41,4.5,南,1.0,1.32,晴れ,20.0
20250417,18:00,0.0,21.4,10.0,12.2,48,4.4,南南西,0.9,0.55,晴れ,20.0
20250417,19:00,0.0,20.2,11.2,13.3,56,5.8,南南西,0.0,0.08,晴れ,20.0
20250417,20:00,0.0,20.1,11.1,13.2,56,2.1,南南西,0.0,0.00,晴れ,20.0
20250417,21:00,0.0,19.7,11.5,13.5,59,4.5,南南西,0.0,0.0,曇,20.0
20250417,22:00,0.0,19.5,11.8,13.8,61,1.8,南南西,0.0,0.0,曇,20.0
20250417,23:00,0.0,19.5,11.8,13.8,61,1.8,南南西,0.0,0.0,曇,20.0
20250417,24:00,0.0,18.8,12.1,14.1,65,0.8,東,0.0,0.0,曇,20.0
20250418,01:00,0.0,18.8,12.1,14.1,65,1.0,南東,0.0,0.0,曇,20.0
20250418,02:00,0.0,18.5,12.0,14.1,66,0.4,南西,0.0,0.0,曇,20.0
20250418,03:00,0.0,18.2,12.2,14.2,68,0.4,北,0.0,0.0,曇,20.0
20250418,04:00,0.0,17.7,12.4,14.4,71,0.8,北,0.0,0.0,曇,20.0
20250418,05:00,0.0,17.3,12.2,14.2,72,2.1,北北東,0.0,0.0,曇,19.7
20250418,06:00,0.0,17.2,12.1,14.1,72,0.7,南東,0.0,0.01,雨,17.5
20250418,07:00,0.0,17.7,12.4,14.4,71,0.8,西,0.0,0.28,曇,18.3
20250418,08:00,0.0,18.3,12.5,14.5,69,1.3,北,0.0,0.48,曇,17.9
20250418,09:00,0.0,19.5,13.2,15.2,67,0.5,北西,0.0,0.83,曇,15.0
20250418,10:00,0.0,20.6,13.3,15.3,63,3.0,南南東,0.1,1.44,曇,18.2
20250418,11:00,0.0,21.9,13.0,15.0,57,4.6,南,0.6,2.11,晴れ,18.8
20250418,12:00,0.0,22.9,12.8,14.8,53,5.9,南,1.0,3.13,晴れ,19.4
20250418,13:00,0.0,24.4,13.9,15.9,52,4.7,南,1.0,3.20,晴れ,20.0
20250418,14:00,0.0,24.0,13.0,14.9,50,4.1,南南西,1.0,3.00,晴れ,20.0
20250418,15:00,0.0,24.8,14.3,16.3,52,3.3,南西,1.0,2.59,晴れ,20.0
20250418,16:00,0.0,24.3,12.9,14.9,49,2.6,南西,1.0,2.01,晴れ,20.0
20250418,17:00,0.0,23.3,12.3,14.3,50,2.6,西南西,1.0,1.27,晴れ,20.0
20250418,18:00,0.0,23.0,11.7,13.8,49,3.4,西南西,0.7,0.53,晴れ,20.0
20250418,19:00,0.0,22.4,11.8,13.8,51,4.5,南南西,0.0,0.07,晴れ,20.0
20250418,20:00,0.0,22.0,11.7,13.8,52,5.0,南,0.0,0.00,晴れ,20.0
20250418,21:00,0.0,21.2,12.1,14.1,56,2.7,南南西,0.0,0.0,晴れ,20.0
20250418,22:00,0.0,20.5,12.0,14.0,58,3.0,南,0.0,0.0,晴れ,20.0
20250418,23:00,0.0,20.1,11.9,13.9,59,1.6,南,0.0,0.0,晴れ,20.0
20250418,24:00,0.0,19.4,12.2,14.2,63,0.9,南,0.0,0.0,晴れ,20.0
20250419,01:00,0.0,18.7,12.5,14.5,67,1.2,西南西,0.0,0.0,晴れ,20.0
20250419,02:00,0.0,18.2,12.4,14.4,69,1.0,西北西,0.0,0.0,晴れ,20.0
20250419,03:00,0.0,17.5,12.4,14.4,72,1.2,北西,0.0,0.0,晴れ,20.0
20250419,04:00,0.0,16.6,12.4,14.4,76,1.5,北,0.0,0.0,曇,20.0
20250419,05:00,0.0,16.2,12.2,14.2,77,2.3,北北東,0.0,0.0,晴れ,20.0
20250419,06:00,0.0,16.1,12.1,14.1,77,3.1,北北東,0.0,0.02,晴れ,20.0
20250419,07:00,0.0,16.9,12.2,14.2,74,1.6,北北東,0.0,0.36,曇,16.8
20250419,08:00,0.0,18.2,12.4,14.4,69,0.5,北,0.7,0.94,曇,20.0
20250419,09:00,0.0,19.9,13.1,15.1,65,1.3,南東,1.0,1.73,晴れ,13.2
20250419,10:00,0.0,21.6,14.0,16.0,62,2.5,南,1.0,2.43,晴れ,18.6
20250419,11:00,0.0,23.4,14.1,16.1,56,3.8,南南西,1.0,2.93,晴れ,20.0
20250419,12:00,0.0,23.3,13.2,15.2,53,3.2,南南西,1.0,3.24,晴れ,18.9
20250419,13:00,0.0,25.2,14.1,16.0,50,3.5,南,1.0,3.30,晴れ,20.0
20250419,14:00,0.0,25.4,13.3,15.3,47,3.9,南西,1.0,3.08,晴れ,20.0
20250419,15:00,0.0,25.6,12.8,14.8,45,4.0,南西,1.0,2.72,晴れ,20.0
20250419,16:00,0.0,25.5,10.9,13.1,40,4.8,南南西,1.0,2.05,晴れ,20.0
20250419,17:00,0.0,24.8,9.9,12.2,39,5.6,南,1.0,1.26,晴れ,20.0
20250419,18:00,0.0,23.5,10.2,12.5,43,6.3,南南東,0.7,0.58,晴れ,20.0
20250419,19:00,0.0,22.7,9.1,11.6,42,8.1,南南西,0.0,0.08,曇,20.0
20250419,20:00,0.0,21.1,11.4,13.5,54,7.1,南南西,0.0,0.00,曇,20.0
20250419,21:00,0.0,20.6,11.8,13.8,57,5.0,南,0.0,0.0,曇,20.0
20250419,22:00,0.0,20.3,12.0,14.1,59,5.6,南,0.0,0.0,曇,20.0
20250419,23:00,0.0,20.0,12.8,14.7,63,4.9,南南西,0.0,0.0,曇,20.0
20250419,24:00,0.0,19.6,13.3,15.3,67,4.8,南南西,0.0,0.0,曇,20.0
20250420,01:00,0.0,19.5,13.5,15.4,68,6.7,南,0.0,0.0,雨,20.0
20250420,02:00,0.0,19.3,13.5,15.4,69,5.0,南南西,0.0,0.0,曇,20.0
20250420,03:00,0.0,19.2,13.4,15.4,69,2.7,南,0.0,0.0,曇,20.0
20250420,04:00,0.0,19.2,13.6,15.6,70,2.3,南,0.0,0.0,曇,20.0
20250420,05:00,0.0,19.1,13.7,15.7,71,1.2,南西,0.0,0.0,曇,20.0
20250420,06:00,0.0,19.5,13.7,15.6,69,1.4,南南東,0.0,0.00,曇,20.0
20250420,07:00,0.0,19.4,13.8,15.8,70,1.0,南西,0.0,0.03,曇,20.0
20250420,08:00,0.0,19.6,13.8,15.7,69,1.2,南,0.0,0.09,曇,20.0
20250420,09:00,0.0,19.7,14.1,16.1,70,0.6,西南西,0.0,0.18,曇,20.0
20250420,10:00,0.0,18.9,15.6,17.7,81,1.1,北北西,0.0,0.27,雨,3.39
20250420,11:00,1.0,18.5,16.1,18.3,86,2.7,南南西,0.0,0.34,雨,2.77
20250420,12:00,1.0,18.3,16.1,18.3,87,3.6,南西,0.0,0.48,雨,2.47
20250420,13:00,0.0,18.7,16.0,18.1,84,2.2,南,0.0,0.60,曇,20.0
20250420,14:00,0.0,18.9,15.6,17.7,81,4.1,南西,0.0,0.74,曇,20.0
20250420,15:00,0.0,19.2,15.5,17.6,79,2.9,南南西,0.0,0.77,曇,20.0
20250420,16:00,0.0,19.2,15.5,17.6,79,2.0,南南西,0.0,0.55,曇,20.0
20250420,17:00,0.0,19.5,15.0,17.0,75,3.0,南西,0.0,0.47,曇,20.0
20250420,18:00,0.0,19.1,14.8,16.8,76,2.3,南南西,0.0,0.27,雨,20.0
20250420,19:00,0.0,18.6,15.3,17.4,81,0.8,西北西,0.0,0.03,雨,11.4
20250420,20:00,0.0,18.5,15.6,17.7,83,1.0,北北西,0.0,0.00,晴れ,20.0
20250420,21:00,0.0,18.6,15.5,17.6,82,1.8,北北東,0.0,0.0,曇,20.0
20250420,22:00,0.0,18.7,15.8,17.9,83,1.7,北北東,0.0,0.0,曇,20.0
20250420,23:00,0.0,18.6,15.9,18.0,84,2.5,北北東,0.0,0.0,曇,18.4
20250420,24:00,0.0,18.4,15.7,17.8,84,1.9,北北東,0.0,0.0,晴れ,20.0
20250421,01:00,0.0,18.1,15.7,17.9,86,2.3,北北東,0.0,0.0,曇,19.7
20250421,02:00,0.0,18.2,15.1,17.1,82,1.5,北東,0.0,0.0,晴れ,20.0
20250421,03:00,0.0,17.4,15.0,17.1,86,3.9,北北東,0.0,0.0,晴れ,20.0
20250421,04:00,0.0,17.1,14.9,17.0,87,3.8,北,0.0,0.0,晴れ,20.0
20250421,05:00,0.0,16.4,14.6,16.6,89,2.2,北北東,0.0,0.0,晴れ,14.3
20250421,06:00,0.0,16.4,14.8,16.8,90,3.2,北北東,0.0,0.03,晴れ,11.7
20250421,07:00,0.0,16.8,14.3,16.3,85,1.7,北,0.9,0.45,晴れ,20.0
20250421,08:00,0.0,18.6,14.1,16.1,75,1.0,北,1.0,1.21,晴れ,20.0
20250421,09:00,0.0,20.0,12.8,14.7,63,2.5,北北東,0.4,1.28,晴れ,20.0
20250421,10:00,0.0,21.1,12.5,14.5,58,2.8,北,0.0,1.33,曇,20.0
20250421,11:00,0.0,21.3,13.5,15.5,61,2.8,南,0.3,1.71,曇,20.0
20250421,12:00,0.0,21.9,12.5,14.5,55,3.2,南,1.0,3.21,晴れ,20.0
20250421,13:00,0.0,22.7,12.4,14.3,52,3.0,南西,1.0,3.39,晴れ,20.0
20250421,14:00,0.0,24.3,12.0,14.0,46,2.8,南西,1.0,3.19,晴れ,20.0
20250421,15:00,0.0,24.7,11.6,13.7,44,3.7,南西,1.0,2.79,晴れ,20.0
20250421,16:00,0.0,23.2,10.0,12.2,43,4.2,南西,1.0,2.17,晴れ,20.0
20250421,17:00,0.0,23.2,10.0,12.2,43,2.6,南南西,1.0,1.42,晴れ,20.0
20250421,18:00,0.0,22.0,10.8,13.0,49,2.5,南西,1.0,0.66,晴れ,20.0
20250421,19:00,0.0,20.9,11.0,13.1,53,1.6,南西,0.3,0.10,晴れ,20.0
20250421,20:00,0.0,20.2,10.3,12.5,53,1.4,南西,0.0,0.00,晴れ,20.0
20250421,21:00,0.0,19.9,9.8,12.1,52,0.8,南南西,0.0,0.0,晴れ,20.0
20250421,22:00,0.0,19.0,11.3,13.4,61,1.1,南西,0.0,0.0,晴れ,20.0
20250421,23:00,0.0,18.3,10.9,13.0,62,2.9,北北東,0.0,0.0,晴れ,20.0
20250421,24:00,0.0,17.3,10.9,13.0,66,2.1,北北東,0.0,0.0,晴れ,20.0
20250422,01:00,0.0,16.7,10.6,12.7,67,3.0,北,0.0,0.0,晴れ,20.0
20250422,02:00,0.0,16.1,9.8,12.1,66,3.4,北,0.0,0.0,晴れ,20.0
20250422,03:00,0.0,16.1,10.0,12.3,67,2.7,北北東,0.0,0.0,晴れ,20.0
20250422,04:00,0.0,15.3,9.4,11.8,68,2.8,北,0.0,0.0,曇,20.0
20250422,05:00,0.0,15.0,9.4,11.8,69,1.7,北,0.0,0.0,曇,20.0
20250422,06:00,0.0,14.9,9.3,11.7,69,2.8,北北東,0.0,0.04,曇,20.0
20250422,07:00,0.0,15.7,9.8,12.1,68,2.3,北北東,0.0,0.36,曇,20.0
20250422,08:00,0.0,16.9,9.8,12.1,63,0.5,北北東,0.2,0.82,曇,20.0
20250422,09:00,0.0,19.2,9.7,12.0,54,0.8,西北西,1.0,1.82,晴れ,20.0
20250422,10:00,0.0,19.1,8.2,10.8,49,3.3,南南西,0.2,1.32,曇,20.0
20250422,11:00,0.0,20.0,9.6,11.9,51,2.6,南西,0.0,1.15,曇,20.0
20250422,12:00,0.0,20.2,9.5,11.8,50,1.5,南西,0.0,0.96,曇,20.0
20250422,13:00,0.0,20.5,9.1,11.6,48,2.6,南南西,0.0,1.08,曇,20.0
20250422,14:00,0.0,20.5,8.8,11.3,47,2.1,南,0.0,0.85,雨,20.0
20250422,15:00,0.5,18.9,11.0,13.1,60,2.3,南西,0.0,0.58,雨,15.8
20250422,16:00,0.0,18.5,11.6,13.6,64,1.6,西南西,0.0,0.42,雨,19.4
20250422,17:00,1.0,17.5,12.0,14.0,70,2.2,南東,0.0,0.18,雨,6.10
20250422,18:00,2.0,16.6,13.1,15.1,80,1.2,北西,0.0,0.09,雨,7.44
20250422,19:00,4.0,16.5,13.8,15.8,84,1.6,北西,0.0,0.01,雨,2.71
20250422,20:00,5.0,16.4,14.2,16.2,87,0.8,北北東,0.0,0.00,雨,3.01
20250422,21:00,4.0,16.6,14.8,16.8,89,1.4,北,0.0,0.0,雨,2.67
20250422,22:00,3.0,16.6,14.8,16.8,89,1.4,北北東,0.0,0.0,雨,2.62
20250422,23:00,3.5,16.5,14.9,16.9,90,2.2,北,0.0,0.0,雨,2.68
20250422,24:00,3.0,16.3,14.7,16.7,90,2.6,北北東,0.0,0.0,雨,2.32
20250423,01:00,1.5,16.4,14.8,16.8,90,2.4,北,0.0,0.0,雨,3.09
20250423,02:00,1.0,16.5,14.9,16.9,90,1.6,北北東,0.0,0.0,雨,3.49
20250423,03:00,0.5,16.5,14.9,16.9,90,2.4,北北東,0.0,0.0,雨,4.00
20250423,04:00,0.0,16.7,15.1,17.1,90,1.2,北,0.0,0.0,雨,12.8
20250423,05:00,0.0,16.7,15.1,17.1,90,2.2,北,0.0,0.00,雨,20.0
20250423,06:00,0.0,16.7,14.9,16.9,89,3.2,北北東,0.0,0.01,雨,6.54
20250423,07:00,0.5,17.2,15.4,17.5,89,1.5,北北東,0.0,0.13,曇,20.0
20250423,08:00,0.0,17.6,15.4,17.5,87,1.8,北北東,0.0,0.25,曇,20.0
20250423,09:00,0.0,18.8,15.7,17.8,82,0.4,東北東,0.0,0.72,曇,20.0
20250423,10:00,0.0,20.2,15.9,18.0,76,0.4,北北西,0.0,1.34,曇,20.0
20250423,11:00,0.0,20.8,15.4,17.4,71,1.4,東南東,0.0,1.41,曇,20.0
20250423,12:00,0.0,21.7,14.6,16.6,64,0.9,東,0.3,2.13,曇,20.0
20250423,13:00,0.0,22.1,15.9,18.1,68,3.7,南西,0.3,2.18,曇,20.0
20250423,14:00,0.0,21.1,15.2,17.3,69,4.3,南西,0.2,1.84,晴れ,20.0
20250423,15:00,0.0,21.6,15.0,17.0,66,2.3,南西,0.5,2.12,曇,20.0
20250423,16:00,0.0,21.1,15.2,17.3,69,3.0,南南西,0.2,1.04,曇,17.5
20250423,17:00,0.0,20.8,15.4,17.4,71,1.5,西南西,0.2,0.66,曇,16.2
20250423,18:00,0.0,20.0,11.0,13.1,56,6.5,北北東,0.0,0.34,曇,20.0
20250423,19:00,0.0,17.8,10.0,12.2,60,7.7,北北東,0.1,0.10,曇,20.0
20250423,20:00,0.0,16.6,9.5,11.9,63,7.0,北北東,0.0,0.00,曇,20.0
20250423,21:00,0.0,15.7,8.9,11.4,64,6.5,北北東,0.0,0.0,曇,20.0
20250423,22:00,0.0,15.4,8.9,11.4,65,5.9,北北東,0.0,0.0,曇,20.0
20250423,23:00,0.0,15.2,8.7,11.2,65,4.8,北北東,0.0,0.0,曇,20.0
20250423,24:00,0.0,15.0,8.7,11.3,66,4.4,北東,0.0,0.0,曇,20.0
20250424,01:00,0.0,14.5,8.5,11.1,67,4.6,北北東,0.0,0.0,晴れ,20.0
20250424,02:00,0.0,13.9,8.3,11.0,69,2.3,北北東,0.0,0.0,晴れ,20.0
20250424,03:00,0.0,13.4,8.1,10.8,70,4.7,北北東,0.0,0.0,晴れ,20.0
20250424,04:00,0.0,13.0,7.7,10.5,70,3.8,北,0.0,0.0,晴れ,20.0
20250424,05:00,0.0,12.4,7.5,10.4,72,5.3,北北東,0.0,0.00,晴れ,20.0
20250424,06:00,0.0,12.2,7.3,10.2,72,3.1,北北東,0.2,0.05,晴れ,20.0
20250424,07:00,0.0,12.7,7.2,10.1,69,2.1,北北東,1.0,0.58,晴れ,20.0
20250424,08:00,0.0,14.7,7.3,10.2,61,1.9,北,1.0,1.38,晴れ,20.0
20250424,09:00,0.0,15.8,7.8,10.6,59,2.1,南南西,1.0,2.14,晴れ,20.0
20250424,10:00,0.0,17.4,7.7,10.5,53,2.8,南南西,1.0,2.68,晴れ,20.0
20250424,11:00,0.0,19.7,7.1,10.1,44,2.8,南西,1.0,3.23,晴れ,20.0
20250424,12:00,0.0,18.6,8.6,11.1,52,4.8,南南西,1.0,3.52,晴れ,20.0
20250424,13:00,0.0,20.3,8.0,10.7,45,4.9,南西,1.0,3.55,晴れ,20.0
20250424,14:00,0.0,21.0,7.6,10.4,42,2.3,南南西,1.0,3.31,晴れ,20.0
20250424,15:00,0.0,21.1,9.0,11.5,46,3.8,南南西,1.0,2.86,晴れ,20.0
20250424,16:00,0.0,21.4,6.5,9.7,38,5.1,南西,1.0,2.21,晴れ,20.0
20250424,17:00,0.0,20.8,8.1,10.8,44,4.1,南西,1.0,1.49,晴れ,20.0
20250424,18:00,0.0,20.5,8.8,11.3,47,2.0,南南西,0.9,0.67,曇,20.0
20250424,19:00,0.0,19.6,8.3,10.9,48,2.4,南西,0.4,0.13,晴れ,20.0
20250424,20:00,0.0,19.2,9.4,11.8,53,2.5,南西,0.0,0.00,晴れ,20.0
20250424,21:00,0.0,18.8,10.9,13.0,60,1.6,南南西,0.0,0.0,晴れ,20.0
20250424,22:00,0.0,18.0,10.9,13.0,63,0.5,西,0.0,0.0,曇,20.0
20250424,23:00,0.0,17.4,10.3,12.5,63,2.0,北北東,0.0,0.0,曇,20.0
20250424,24:00,0.0,17.0,10.4,12.6,65,0.6,北北西,0.0,0.0,曇,20.0
20250425,01:00,0.0,16.8,10.7,12.8,67,1.0,北,0.0,0.0,曇,20.0
20250425,02:00,0.0,16.4,10.7,12.9,69,2.9,北,0.0,0.0,曇,20.0
20250425,03:00,0.0,16.1,10.4,12.6,69,2.4,北北東,0.0,0.0,曇,20.0
20250425,04:00,0.0,16.0,10.5,12.7,70,2.3,北北東,0.0,0.0,曇,20.0
20250425,05:00,0.0,17.5,7.3,10.2,51,3.6,北,0.0,0.00,曇,20.0
20250425,06:00,0.0,17.9,6.1,9.4,46,6.3,北,0.0,0.02,曇,20.0
20250425,07:00,0.0,17.3,5.0,8.7,44,7.3,北,0.0,0.23,曇,20.0
20250425,08:00,0.0,17.1,1.5,6.8,35,6.8,北,0.1,0.77,曇,20.0
20250425,09:00,0.0,17.6,1.6,5.4,27,6.7,北北東,0.9,1.86,曇,13.8
20250425,10:00,0.0,17.8,0.9,5.7,28,6.8,北,0.5,1.91,曇,11.4
20250425,11:00,0.0,18.9,0.5,5.9,27,5.1,北,1.0,2.35,晴れ,11.2
20250425,12:00,0.0,19.8,0.8,5.8,25,3.4,北,1.0,2.75,晴れ,12.5
20250425,13:00,0.0,20.2,1.6,5.4,23,2.7,北北東,0.9,2.46,曇,11.6
20250425,14:00,0.0,20.7,1.2,5.6,23,2.1,北北東,0.6,2.12,曇,12.6
20250425,15:00,0.0,20.5,2.5,5.1,21,2.6,北東,0.1,1.28,曇,13.2
20250425,16:00,0.0,19.3,1.8,6.9,31,4.3,南南西,0.0,0.88,曇,13.9
20250425,17:00,0.0,18.8,1.8,6.9,32,4.3,南西,0.0,0.69,曇,17.9
20250425,18:00,0.0,18.4,3.9,8.0,38,1.8,西南西,0.1,0.47,曇,16.4
20250425,19:00,0.0,17.6,1.2,6.6,33,4.7,北北東,0.2,0.14,曇,15.5
20250425,20:00,0.0,15.8,0.8,6.5,36,6.6,北北東,0.0,0.00,晴れ,15.1
20250425,21:00,0.0,15.3,0.9,5.7,33,6.3,北北東,0.0,0.0,晴れ,16.7
20250425,22:00,0.0,14.5,0.4,5.9,36,5.6,北北東,0.0,0.0,晴れ,16.5
20250425,23:00,0.0,12.9,1.0,6.5,44,2.7,北北東,0.0,0.0,晴れ,15.7
20250425,24:00,0.0,12.0,1.3,6.7,48,4.3,北北東,0.0,0.0,晴れ,14.8
20250426,01:00,0.0,11.6,1.3,6.7,49,5.4,北北東,0.0,0.0,晴れ,14.2
20250426,02:00,0.0,10.6,0.9,6.5,51,3.9,北北東,0.0,0.0,晴れ,14.4
20250426,03:00,0.0,10.1,0.4,6.3,51,2.4,北北東,0.0,0.0,晴れ,14.9
20250426,04:00,0.0,9.1,0.6,6.4,55,4.5,北,0.0,0.0,晴れ,14.5
20250426,05:00,0.0,8.8,0.5,6.3,56,4.5,北,0.0,0.00,晴れ,14.1
20250426,06:00,0.0,8.8,0.8,5.8,51,4.4,北,0.2,0.05,晴れ,16.2
20250426,07:00,0.0,9.3,0.0,6.1,52,4.2,北,1.0,0.52,晴れ,15.1
20250426,08:00,0.0,11.5,1.2,6.6,49,1.7,北,1.0,1.29,晴れ,14.6
20250426,09:00,0.0,13.9,0.9,6.5,41,0.5,北北東,1.0,2.07,晴れ,16.2
20250426,10:00,0.0,17.2,1.2,6.7,34,1.3,南西,1.0,2.73,晴れ,19.8
20250426,11:00,0.0,19.0,1.1,6.6,30,3.3,南西,1.0,3.20,晴れ,20.0
20250426,12:00,0.0,18.9,1.5,5.5,25,3.6,南西,1.0,3.47,晴れ,20.0
20250426,13:00,0.0,19.5,0.5,5.9,26,4.9,南西,1.0,3.51,晴れ,20.0
20250426,14:00,0.0,19.9,0.9,6.5,28,3.7,南南西,1.0,3.31,晴れ,20.0
20250426,15:00,0.0,19.2,0.8,6.5,29,5.9,南南西,1.0,2.91,晴れ,20.0
20250426,16:00,0.0,19.3,3.9,8.1,36,4.9,南南西,1.0,2.29,晴れ,20.0
20250426,17:00,0.0,19.0,4.0,8.1,37,6.0,南西,1.0,1.54,晴れ,20.0
20250426,18:00,0.0,18.5,3.6,7.9,37,4.6,南南西,1.0,0.75,晴れ,20.0
20250426,19:00,0.0,18.3,2.6,7.4,35,1.9,南南西,0.5,0.13,晴れ,20.0
20250426,20:00,0.0,17.6,4.2,8.3,41,0.8,北北西,0.0,0.00,晴れ,20.0
20250426,21:00,0.0,16.7,3.7,8.0,42,1.3,北,0.0,0.0,晴れ,20.0
20250426,22:00,0.0,15.4,4.5,8.4,48,5.1,北北東,0.0,0.0,晴れ,20.0
20250426,23:00,0.0,14.5,4.8,8.6,52,3.1,北,0.0,0.0,晴れ,20.0
20250426,24:00,0.0,13.7,4.8,8.6,55,2.3,北北東,0.0,0.0,晴れ,20.0
20250427,01:00,0.0,12.9,5.1,8.8,59,1.8,北北東,0.0,0.0,晴れ,20.0
20250427,02:00,0.0,12.3,4.3,8.3,58,3.9,北北東,0.0,0.0,晴れ,20.0
20250427,03:00,0.0,11.5,4.3,8.3,61,2.6,北北東,0.0,0.0,曇,20.0
20250427,04:00,0.0,11.2,3.7,8.0,60,3.8,北北東,0.0,0.0,曇,20.0
20250427,05:00,0.0,10.8,3.4,7.8,60,3.2,北,0.0,0.00,曇,20.0
20250427,06:00,0.0,10.8,3.6,7.9,61,2.3,北北東,0.0,0.04,曇,20.0
20250427,07:00,0.0,11.2,3.7,8.0,60,2.6,北北東,0.2,0.40,曇,20.0
20250427,08:00,0.0,12.6,3.8,8.0,55,2.0,北,0.8,1.06,晴れ,20.0
20250427,09:00,0.0,15.1,4.5,8.4,49,0.7,南西,1.0,2.04,晴れ,20.0
20250427,10:00,0.0,18.6,4.8,8.6,40,4.3,南南西,1.0,2.62,晴れ,20.0
20250427,11:00,0.0,19.8,3.5,7.9,34,2.7,南,1.0,3.16,晴れ,20.0
20250427,12:00,0.0,21.6,2.3,7.2,28,2.5,南,1.0,3.45,晴れ,20.0
20250427,13:00,0.0,23.5,2.9,7.5,26,1.9,南西,1.0,3.47,晴れ,20.0
20250427,14:00,0.0,24.3,3.0,7.6,25,2.7,南西,1.0,3.26,晴れ,20.0
20250427,15:00,0.0,24.8,0.4,5.9,19,3.7,南南西,1.0,2.86,晴れ,20.0
20250427,16:00,0.0,24.7,1.6,6.8,22,4.2,南,0.9,1.77,曇,20.0
20250427,17:00,0.0,23.3,0.4,6.3,22,3.3,南,0.6,1.03,曇,20.0
20250427,18:00,0.0,22.6,3.7,8.0,29,1.9,西,0.7,0.66,曇,20.0
20250427,19:00,0.0,21.1,4.2,8.3,33,2.6,西南西,0.0,0.07,曇,20.0
20250427,20:00,0.0,20.4,5.2,8.9,37,3.1,南西,0.0,0.00,曇,20.0
20250427,21:00,0.0,20.6,4.6,8.5,35,1.4,南南西,0.0,0.0,曇,20.0
20250427,22:00,0.0,19.9,4.8,8.6,37,2.6,南,0.0,0.0,曇,20.0
20250427,23:00,0.0,19.6,4.9,8.7,38,2.0,南南西,0.0,0.0,曇,20.0
20250427,24:00,0.0,19.6,5.3,8.9,39,0.7,東南東,0.0,0.0,曇,20.0
20250428,01:00,0.0,18.7,6.9,9.9,46,1.5,南南西,0.0,0.0,曇,20.0
20250428,02:00,0.0,18.5,7.0,10.0,47,0.6,東北東,0.0,0.0,曇,20.0
20250428,03:00,0.0,18.1,6.9,10.0,48,0.2,静穏,0.0,0.0,雨,20.0
20250428,04:00,0.0,18.1,7.8,10.6,51,0.9,西,0.0,0.0,雨,20.0
20250428,05:00,0.0,17.4,7.7,10.5,53,1.2,北北東,0.0,0.00,曇,20.0
20250428,06:00,0.0,17.3,8.5,11.1,56,0.7,東,0.0,0.01,曇,20.0
20250428,07:00,0.0,16.5,11.4,13.5,72,1.8,西北西,0.0,0.05,雨,14.5
20250428,08:00,0.5,15.9,11.7,13.7,76,3.1,北,0.0,0.21,雨,15.5
20250428,09:00,0.5,16.0,11.8,13.8,76,3.8,北北東,0.0,0.54,雨,18.2
20250428,10:00,0.0,16.4,10.9,13.1,70,1.4,北東,0.0,0.51,雨,14.3
20250428,11:00,0.5,16.4,12.4,14.4,77,1.6,北北東,0.0,0.45,雨,11.8
20250428,12:00,1.0,16.5,12.5,14.5,77,3.0,南東,0.0,0.37,雨,14.1
20250428,13:00,0.0,16.0,12.0,14.0,77,2.5,南南西,0.0,0.72,雨,20.0
20250428,14:00,0.0,16.4,10.9,13.1,70,1.0,南南西,0.0,0.95,曇,20.0
20250428,15:00,0.0,17.3,9.5,11.8,60,1.0,北,0.1,1.32,曇,20.0
20250428,16:00,0.0,18.4,10.0,12.3,58,1.1,北西,0.5,1.43,曇,20.0
20250428,17:00,0.0,19.0,9.8,12.1,55,1.3,北東,0.9,1.43,晴れ,20.0
20250428,18:00,0.0,18.0,10.4,12.6,61,3.0,南西,1.0,0.76,晴れ,20.0
20250428,19:00,0.0,16.7,9.4,11.8,62,3.2,南,0.6,0.14,晴れ,20.0
20250428,20:00,0.0,15.8,10.8,12.9,72,3.2,南南西,0.0,0.00,晴れ,20.0
20250428,21:00,0.0,15.3,11.1,13.2,76,3.0,南西,0.0,0.0,晴れ,20.0
20250428,22:00,0.0,15.4,11.0,13.1,75,2.8,南西,0.0,0.0,晴れ,20.0
20250428,23:00,0.0,15.1,11.1,13.2,77,2.1,南南西,0.0,0.0,晴れ,20.0
20250428,24:00,0.0,14.6,10.8,13.0,78,3.2,北,0.0,0.0,晴れ,19.9
20250429,01:00,0.0,14.5,10.9,13.0,79,0.7,東北東,0.0,0.0,晴れ,17.9
20250429,02:00,0.0,15.0,7.6,10.4,61,7.7,北,0.0,0.0,曇,20.0
20250429,03:00,0.0,14.1,2.4,7.2,45,7.1,北,0.0,0.0,晴れ,15.3
20250429,04:00,0.0,13.1,2.9,7.5,50,6.0,北,0.0,0.0,晴れ,20.0
20250429,05:00,0.0,12.6,2.7,7.4,51,5.7,北,0.0,0.00,晴れ,20.0
20250429,06:00,0.0,11.8,3.6,7.9,57,3.4,北北東,0.3,0.06,晴れ,20.0
20250429,07:00,0.0,12.1,3.1,7.6,54,3.4,北北東,1.0,0.59,晴れ,20.0
20250429,08:00,0.0,12.8,1.8,6.9,47,4.9,北,0.9,1.29,晴れ,20.0
20250429,09:00,0.0,14.4,2.0,7.1,43,4.9,北北東,0.9,2.13,晴れ,20.0
20250429,10:00,0.0,15.5,0.5,6.3,36,3.5,北北東,1.0,2.81,晴れ,20.0
20250429,11:00,0.0,16.9,1.4,6.7,35,3.6,北東,1.0,3.22,晴れ,20.0
20250429,12:00,0.0,18.4,0.4,5.9,28,6.2,東北東,1.0,3.53,晴れ,20.0
20250429,13:00,0.0,19.6,3.3,7.8,34,4.0,南西,1.0,3.56,晴れ,20.0
20250429,14:00,0.0,18.5,3.6,7.9,37,5.6,南南西,1.0,3.36,晴れ,20.0
20250429,15:00,0.0,18.4,3.1,7.6,36,5.2,南南西,1.0,2.92,晴れ,20.0
20250429,16:00,0.0,18.2,1.3,6.7,32,4.1,南南西,1.0,2.30,晴れ,20.0
20250429,17:00,0.0,18.0,4.6,8.5,41,3.9,南西,1.0,1.55,晴れ,20.0
20250429,18:00,0.0,17.8,4.4,8.4,41,1.9,南西,1.0,0.77,晴れ,20.0
20250429,19:00,0.0,17.3,4.6,8.5,43,1.4,西南西,0.6,0.15,晴れ,20.0
20250429,20:00,0.0,16.6,4.6,8.5,45,1.6,北北西,0.0,0.00,晴れ,20.0
20250429,21:00,0.0,15.8,1.3,5.6,31,2.9,北北東,0.0,0.0,晴れ,20.0
20250429,22:00,0.0,14.4,0.8,5.7,35,5.0,北北東,0.0,0.0,晴れ,20.0
20250429,23:00,0.0,13.4,0.1,6.1,40,2.2,北北東,0.0,0.0,晴れ,20.0
20250429,24:00,0.0,12.5,0.3,6.2,43,2.4,北北東,0.0,0.0,晴れ,20.0
20250430,01:00,0.0,11.4,0.1,6.1,45,4.6,北,0.0,0.0,晴れ,20.0
20250430,02:00,0.0,11.0,0.5,5.9,45,4.5,北北東,0.0,0.0,晴れ,20.0
20250430,03:00,0.0,10.5,0.3,6.0,47,4.0,北北東,0.0,0.0,晴れ,20.0
20250430,04:00,0.0,9.9,0.0,6.1,50,5.0,北,0.0,0.0,晴れ,20.0
20250430,05:00,0.0,9.4,0.2,6.0,51,6.1,北北東,0.0,0.00,晴れ,20.0
20250430,06:00,0.0,9.2,0.1,6.2,53,5.3,北北東,0.2,0.06,晴れ,20.0
20250430,07:00,0.0,9.4,0.3,6.3,53,5.3,北,1.0,0.57,晴れ,20.0
20250430,08:00,0.0,12.1,0.1,6.1,43,2.6,北北東,1.0,1.34,晴れ,20.0
20250430,09:00,0.0,14.6,0.1,6.1,37,0.6,北,1.0,2.09,晴れ,20.0
20250430,10:00,0.0,18.2,2.5,7.3,35,1.9,南西,1.0,2.74,晴れ,20.0
20250430,11:00,0.0,18.8,3.4,7.8,36,3.3,南,1.0,3.21,晴れ,20.0
20250430,12:00,0.0,19.5,3.7,7.9,35,3.4,南西,1.0,3.41,晴れ,20.0
20250430,13:00,0.0,21.7,1.6,5.5,21,3.0,南西,1.0,3.33,晴れ,20.0
20250430,14:00,0.0,22.5,1.0,6.5,24,3.8,南西,1.0,3.10,晴れ,20.0
20250430,15:00,0.0,22.2,1.8,7.0,26,2.4,南西,1.0,2.64,晴れ,20.0
20250430,16:00,0.0,22.3,0.8,6.5,24,3.6,南南西,1.0,2.14,晴れ,20.0
20250430,17:00,0.0,21.5,2.7,7.4,29,3.2,南西,1.0,1.38,晴れ,20.0
20250430,18:00,0.0,20.8,4.0,8.1,33,2.2,南,1.0,0.71,晴れ,20.0
20250430,19:00,0.0,19.8,3.9,8.1,35,2.0,南南西,0.5,0.19,曇,20.0
20250430,20:00,0.0,19.1,4.1,8.2,37,1.6,西,0.0,0.00,晴れ,20.0
20250430,21:00,0.0,18.4,4.6,8.5,40,0.8,北北西,0.0,0.0,晴れ,20.0
20250430,22:00,0.0,17.3,5.0,8.7,44,2.0,北北東,0.0,0.0,晴れ,20.0
20250430,23:00,0.0,16.4,5.1,8.8,47,1.9,北,0.0,0.0,晴れ,20.0
20250430,24:00,0.0,15.3,5.2,8.9,51,3.0,北,0.0,0.0,晴れ,20.0
20250501,01:00,0.0,14.3,5.4,9.0,55,4.0,北,0.0,0.0,晴れ,20.0
20250501,02:00,0.0,14.0,5.1,8.8,55,4.4,北北東,0.0,0.0,晴れ,20.0
20250501,03:00,0.0,13.5,5.4,9.0,58,3.6,北北東,0.0,0.0,晴れ,20.0
20250501,04:00,0.0,13.1,5.5,9.0,60,3.0,北北東,0.0,0.0,晴れ,20.0
20250501,05:00,0.0,12.5,5.9,9.3,64,2.5,北北東,0.0,0.00,晴れ,20.0
20250501,06:00,0.0,12.4,6.0,9.4,65,1.7,北,0.3,0.08,曇,20.0
20250501,07:00,0.0,13.2,6.3,9.6,63,0.8,北東,0.9,0.60,晴れ,20.0
20250501,08:00,0.0,15.3,6.3,9.6,55,0.5,北西,0.9,1.27,曇,20.0
20250501,09:00,0.0,18.2,6.7,9.8,47,1.9,南,0.7,1.73,曇,20.0
20250501,10:00,0.0,19.8,7.9,10.6,46,2.6,南南西,0.3,1.76,曇,20.0
20250501,11:00,0.0,20.5,7.8,10.6,44,2.9,南南西,0.3,2.05,曇,20.0
20250501,12:00,0.0,21.9,8.4,11.0,42,4.1,南南西,1.0,3.49,晴れ,20.0
20250501,13:00,0.0,22.2,8.7,11.2,42,4.0,南西,0.7,3.19,晴れ,20.0
20250501,14:00,0.0,21.8,8.7,11.2,43,3.5,南,0.2,1.86,曇,20.0
20250501,15:00,0.0,22.2,9.0,11.5,43,3.4,南,0.4,1.70,晴れ,20.0
20250501,16:00,0.0,21.9,8.8,11.3,43,4.0,南南西,0.4,1.56,曇,20.0
20250501,17:00,0.0,21.7,9.3,11.7,45,4.9,南,0.0,0.60,曇,20.0
20250501,18:00,0.0,21.2,10.4,12.6,50,3.8,南南西,0.0,0.26,曇,20.0
20250501,19:00,0.0,20.7,9.9,12.2,50,2.6,南南西,0.0,0.07,曇,20.0
20250501,20:00,0.0,20.6,9.8,12.1,50,2.5,南南西,0.0,0.00,曇,20.0
20250501,21:00,0.0,20.1,8.5,11.1,47,2.5,南南東,0.0,0.0,雨,20.0
20250501,22:00,0.0,19.8,9.7,12.0,52,3.4,南,0.0,0.0,雨,20.0
20250501,23:00,1.0,17.7,12.0,14.0,69,1.5,南南西,0.0,0.0,雨,12.9
20250501,24:00,4.0,16.3,12.9,14.8,80,0.4,西北西,0.0,0.0,雨,4.23
20250502,01:00,7.0,16.0,13.5,15.5,85,1.1,北東,0.0,0.0,雨,3.99
20250502,02:00,6.0,15.7,13.2,15.2,85,0.9,西北西,0.0,0.0,雨,5.58
20250502,03:00,11.5,15.6,13.1,15.1,85,2.0,東,0.0,0.0,雨,6.07
20250502,04:00,3.5,15.1,13.0,14.9,87,3.7,西,0.0,0.0,雨,10.9
20250502,05:00,2.0,15.1,12.6,14.6,85,1.2,南西,0.0,0.00,雨,20.0
20250502,06:00,0.0,15.1,12.2,14.2,83,2.9,南,0.0,0.01,曇,20.0
20250502,07:00,0.5,15.0,12.1,14.2,83,2.9,南南東,0.0,0.05,雨,9.14
20250502,08:00,0.0,15.2,12.2,14.2,82,3.5,南,0.0,0.17,雨,20.0
20250502,09:00,0.0,16.2,12.2,14.2,77,3.5,南南西,0.0,0.84,曇,20.0
20250502,10:00,0.0,17.4,11.4,13.5,68,4.2,南南西,0.1,1.12,晴れ,20.0
20250502,11:00,0.0,18.6,11.7,13.7,64,1.2,北西,0.1,1.16,曇,20.0
20250502,12:00,0.0,21.3,7.9,10.6,42,5.3,北西,0.7,2.89,晴れ,20.0
20250502,13:00,0.0,22.2,2.3,7.2,27,7.3,西北西,0.9,3.31,晴れ,20.0
20250502,14:00,0.0,22.9,5.4,8.9,32,4.1,北,1.0,3.42,晴れ,20.0
20250502,15:00,0.0,23.0,4.0,8.1,29,5.2,北,1.0,2.95,晴れ,20.0
20250502,16:00,0.0,22.0,3.2,7.7,29,6.8,北北西,1.0,2.33,晴れ,20.0
20250502,17:00,0.0,20.6,2.9,7.5,31,6.0,北,1.0,1.59,晴れ,20.0
20250502,18:00,0.0,19.3,2.6,7.4,33,8.0,北,1.0,0.81,晴れ,20.0
20250502,19:00,0.0,17.7,3.2,7.7,38,6.6,北,0.6,0.16,晴れ,20.0
20250502,20:00,0.0,16.2,3.3,7.7,42,5.9,北,0.0,0.00,晴れ,20.0
20250502,21:00,0.0,15.7,3.8,8.0,45,4.9,北北東,0.0,0.0,晴れ,20.0
20250502,22:00,0.0,14.9,4.3,8.3,49,2.0,北北東,0.0,0.0,晴れ,20.0
20250502,23:00,0.0,14.0,5.4,9.0,56,2.0,北,0.0,0.0,晴れ,20.0
20250502,24:00,0.0,13.1,5.5,9.0,60,4.7,北北東,0.0,0.0,晴れ,20.0
20250503,01:00,0.0,12.5,5.9,9.3,64,3.5,北北東,0.0,0.0,晴れ,20.0
20250503,02:00,0.0,11.8,5.9,9.3,67,4.3,北北東,0.0,0.0,晴れ,20.0
20250503,03:00,0.0,11.6,5.7,9.2,67,4.7,北北東,0.0,0.0,晴れ,20.0
20250503,04:00,0.0,11.0,5.8,9.2,70,5.0,北北東,0.0,0.0,晴れ,20.0
20250503,05:00,0.0,10.7,5.7,9.1,71,3.1,北,0.0,0.00,晴れ,20.0
20250503,06:00,0.0,10.4,5.4,9.0,71,4.1,北北東,0.0,0.07,晴れ,20.0
20250503,07:00,0.0,10.9,5.0,8.7,67,4.4,北,0.6,0.46,晴れ,20.0
20250503,08:00,0.0,12.2,5.4,9.0,63,2.9,北,0.1,0.64,曇,20.0
20250503,09:00,0.0,13.8,4.9,8.7,55,2.2,北北東,0.0,1.14,曇,20.0
20250503,10:00,0.0,16.7,4.1,8.2,43,1.1,東南東,0.7,2.42,晴れ,20.0
20250503,11:00,0.0,18.3,3.8,8.0,38,2.8,南西,1.0,3.16,晴れ,20.0
20250503,12:00,0.0,19.5,2.4,7.3,32,4.6,南西,1.0,3.39,晴れ,20.0
20250503,13:00,0.0,20.8,1.6,6.9,28,3.6,南,1.0,3.39,晴れ,20.0
20250503,14:00,0.0,21.3,2.1,7.1,28,4.6,南,1.0,3.05,晴れ,20.0
20250503,15:00,0.0,21.6,4.2,8.3,32,4.2,南南西,0.5,2.07,曇,20.0
20250503,16:00,0.0,20.8,6.4,9.6,39,3.6,南西,0.1,1.27,曇,20.0
20250503,17:00,0.0,21.4,6.9,9.9,39,3.7,南南東,0.4,0.98,曇,20.0
20250503,18:00,0.0,20.5,8.5,11.1,46,3.4,南,0.1,0.37,曇,20.0
20250503,19:00,0.0,19.9,10.1,12.3,53,3.9,南南西,0.0,0.02,雨,18.4
20250503,20:00,1.0,18.9,12.2,14.2,65,2.1,南南西,0.0,0.00,曇,20.0
20250503,21:00,0.0,18.8,12.1,14.1,65,2.9,南南西,0.0,0.0,曇,20.0
20250503,22:00,0.0,18.9,11.7,13.8,63,2.6,南南西,0.0,0.0,曇,20.0
20250503,23:00,0.0,18.5,12.3,14.3,67,1.6,西南西,0.0,0.0,曇,20.0
20250503,24:00,0.0,18.3,13.0,14.9,71,2.6,南南西,0.0,0.0,曇,20.0
20250504,01:00,0.0,17.7,12.6,14.6,72,2.1,北東,0.0,0.0,晴れ,20.0
20250504,02:00,0.0,16.4,9.6,11.9,64,3.6,北,0.0,0.0,晴れ,20.0
20250504,03:00,0.0,15.6,8.4,11.0,62,4.5,北,0.0,0.0,晴れ,20.0
20250504,04:00,0.0,15.0,7.1,10.1,59,4.8,北,0.0,0.0,晴れ,20.0
20250504,05:00,0.0,14.4,6.5,9.7,59,3.6,北北東,0.0,0.00,晴れ,20.0
20250504,06:00,0.0,13.7,6.8,9.9,63,0.6,北西,0.3,0.09,晴れ,20.0
20250504,07:00,0.0,14.4,6.5,9.7,59,1.3,北,0.7,0.50,晴れ,20.0
20250504,08:00,0.0,15.6,4.0,8.2,46,0.7,北,1.0,1.43,晴れ,20.0
20250504,09:00,0.0,15.8,4.8,8.6,48,1.3,南西,0.6,1.47,晴れ,20.0
20250504,10:00,0.0,17.5,5.1,8.8,44,2.0,南南東,0.7,2.34,晴れ,20.0
20250504,11:00,0.0,19.1,4.5,8.4,38,2.1,南南西,1.0,3.41,晴れ,20.0
20250504,12:00,0.0,20.2,5.5,9.0,38,3.4,南西,0.8,2.90,晴れ,20.0
20250504,13:00,0.0,20.5,4.9,8.7,36,2.7,西南西,0.9,3.41,晴れ,20.0
20250504,14:00,0.0,21.8,0.2,6.0,23,5.0,西北西,0.9,3.03,晴れ,20.0
20250504,15:00,0.0,21.9,3.5,4.7,18,4.8,北北西,1.0,2.96,晴れ,20.0
20250504,16:00,0.0,22.3,7.4,3.5,13,3.1,北西,1.0,2.41,晴れ,20.0
20250504,17:00,0.0,20.4,2.3,7.2,30,3.7,南西,1.0,1.64,晴れ,20.0
20250504,18:00,0.0,19.9,1.8,7.0,30,3.3,南西,1.0,0.77,晴れ,20.0
20250504,19:00,0.0,18.8,4.6,8.5,39,2.2,南西,0.4,0.17,晴れ,20.0
20250504,20:00,0.0,18.3,4.1,8.2,39,2.7,南西,0.0,0.00,晴れ,20.0
20250504,21:00,0.0,16.7,1.2,6.7,35,3.2,北,0.0,0.0,晴れ,20.0
20250504,22:00,0.0,15.5,0.3,6.0,34,3.8,北北東,0.0,0.0,晴れ,20.0
20250504,23:00,0.0,14.3,0.2,6.0,37,4.5,北,0.0,0.0,晴れ,20.0
20250504,24:00,0.0,13.7,0.4,6.3,40,4.0,北北東,0.0,0.0,晴れ,20.0
20250505,01:00,0.0,12.9,0.6,6.4,43,5.1,北北東,0.0,0.0,晴れ,20.0
20250505,02:00,0.0,12.1,1.1,6.6,47,3.0,北北東,0.0,0.0,晴れ,20.0
20250505,03:00,0.0,11.2,1.2,6.7,50,4.6,北北東,0.0,0.0,晴れ,20.0
20250505,04:00,0.0,10.7,1.5,6.8,53,4.2,北北東,0.0,0.0,晴れ,20.0
20250505,05:00,0.0,10.0,1.4,6.8,55,5.3,北,0.0,0.00,晴れ,20.0
20250505,06:00,0.0,9.9,1.3,6.7,55,4.6,北,0.3,0.09,晴れ,20.0
20250505,07:00,0.0,10.8,1.9,7.0,54,4.0,北北東,1.0,0.65,晴れ,20.0
20250505,08:00,0.0,13.3,1.6,6.9,45,3.0,北,1.0,1.40,晴れ,20.0
20250505,09:00,0.0,16.0,3.1,7.6,42,0.6,北,1.0,2.15,晴れ,20.0
20250505,10:00,0.0,19.4,0.0,6.1,27,0.7,西北西,1.0,2.78,晴れ,20.0
20250505,11:00,0.0,20.0,1.2,5.6,24,3.0,南西,1.0,3.24,晴れ,20.0
20250505,12:00,0.0,21.2,1.5,6.8,27,4.6,南西,1.0,3.47,晴れ,20.0
20250505,13:00,0.0,22.3,1.7,5.4,20,3.0,南南西,0.9,3.10,曇,20.0
20250505,14:00,0.0,22.5,4.5,4.4,16,2.9,南西,0.8,2.61,曇,20.0
20250505,15:00,0.0,23.1,5.8,4.0,14,2.9,南南西,0.7,2.19,曇,20.0
20250505,16:00,0.0,22.1,0.0,6.1,23,3.6,南西,0.4,1.49,曇,20.0
20250505,17:00,0.0,21.8,0.2,6.0,23,3.2,南,0.0,0.47,曇,20.0
20250505,18:00,0.0,20.6,5.0,8.7,36,2.8,南西,0.0,0.17,曇,20.0
20250505,19:00,0.0,20.4,4.9,8.6,36,2.2,南,0.0,0.03,曇,20.0
20250505,20:00,0.0,19.7,5.0,8.7,38,3.2,南南西,0.0,0.00,雨,20.0
20250505,21:00,0.0,18.8,6.0,9.3,43,1.1,西南西,0.0,0.0,雨,20.0
20250505,22:00,0.0,18.1,7.5,10.4,50,1.4,南,0.0,0.0,雨,20.0
20250505,23:00,0.5,16.1,9.1,11.5,63,2.1,南,0.0,0.0,雨,15.5
20250505,24:00,0.5,14.4,10.4,12.6,77,1.9,西北西,0.0,0.0,雨,12.1
20250506,01:00,0.5,14.1,10.3,12.5,78,1.6,北北東,0.0,0.0,雨,14.9
20250506,02:00,0.0,14.6,11.0,13.1,79,1.9,北,0.0,0.0,雨,20.0
20250506,03:00,0.0,14.4,11.2,13.3,81,4.9,北北東,0.0,0.0,雨,11.5
20250506,04:00,0.5,14.0,10.4,12.6,79,5.0,北北東,0.0,0.0,雨,20.0
20250506,05:00,1.5,13.5,10.3,12.5,81,5.2,北北東,0.0,0.00,雨,6.84
20250506,06:00,1.0,13.5,10.5,12.7,82,3.4,北,0.0,0.02,雨,8.00
20250506,07:00,0.5,13.7,10.1,12.4,79,4.1,北,0.0,0.14,雨,20.0
20250506,08:00,1.0,13.9,10.5,12.7,80,3.3,北,0.0,0.28,雨,13.4
20250506,09:00,0.5,14.3,10.9,13.0,80,3.3,北北東,0.0,0.43,雨,13.9
20250506,10:00,0.0,15.9,11.9,13.9,77,3.4,北,0.0,1.17,曇,20.0
20250506,11:00,0.0,16.1,10.6,12.8,70,2.3,北北東,0.0,0.96,曇,20.0
20250506,12:00,0.0,17.4,11.2,13.3,67,1.7,北東,0.0,1.33,曇,20.0
20250506,13:00,0.0,17.3,11.4,13.4,68,1.9,北北東,0.0,0.71,曇,20.0
20250506,14:00,0.0,17.6,11.4,13.5,67,2.4,南東,0.0,0.65,曇,20.0
20250506,15:00,0.0,17.6,12.3,14.3,71,3.1,南東,0.0,0.59,曇,20.0
20250506,16:00,0.0,16.7,12.7,14.6,77,2.9,南南西,0.0,0.25,雨,7.83
20250506,17:00,3.0,15.5,12.8,14.8,84,5.5,南西,0.0,0.19,雨,7.31
20250506,18:00,4.0,15.4,13.1,15.0,86,3.9,南南西,0.0,0.09,雨,9.99
20250506,19:00,0.0,15.7,13.0,15.0,84,2.9,南西,0.0,0.02,曇,20.0
20250506,20:00,0.0,15.8,12.9,14.9,83,2.5,西南西,0.0,0.00,雨,17.3
20250506,21:00,0.0,15.8,13.1,15.1,84,1.6,北西,0.0,0.0,曇,12.4
20250506,22:00,0.0,15.6,9.5,11.9,67,4.1,北東,0.0,0.0,曇,20.0
20250506,23:00,0.0,15.1,9.5,11.8,69,1.5,北北東,0.0,0.0,晴れ,20.0
20250506,24:00,0.0,15.0,9.2,11.6,68,1.8,北北東,0.0,0.0,晴れ,20.0
20250507,01:00,0.0,14.5,9.9,12.2,74,3.2,北,0.0,0.0,晴れ,20.0
20250507,02:00,0.0,14.4,9.8,12.1,74,4.2,北北東,0.0,0.0,晴れ,20.0
20250507,03:00,0.0,14.2,9.9,12.1,75,3.2,北,0.0,0.0,晴れ,20.0
20250507,04:00,0.0,13.9,9.4,11.8,74,0.6,北西,0.0,0.0,晴れ,20.0
20250507,05:00,0.0,13.4,8.7,11.2,73,1.9,北北東,0.0,0.00,晴れ,20.0
20250507,06:00,0.0,13.0,8.5,11.1,74,2.7,北北東,0.0,0.08,晴れ,20.0
20250507,07:00,0.0,13.7,7.0,10.0,64,3.5,北東,0.9,0.61,晴れ,20.0
20250507,08:00,0.0,15.4,6.9,10.0,57,2.7,北北東,1.0,1.38,晴れ,20.0
20250507,09:00,0.0,16.3,6.4,9.6,52,3.5,北東,1.0,2.11,晴れ,20.0
20250507,10:00,0.0,18.2,4.8,8.6,41,4.9,北東,1.0,2.90,晴れ,19.0
20250507,11:00,0.0,18.9,3.5,7.9,36,6.3,北東,1.0,3.20,晴れ,20.0
20250507,12:00,0.0,20.3,3.1,7.6,32,4.1,北東,1.0,3.47,晴れ,20.0
20250507,13:00,0.0,21.6,3.8,8.0,31,3.2,北東,1.0,3.59,晴れ,20.0
20250507,14:00,0.0,22.2,2.8,7.5,28,3.8,北北東,1.0,3.35,晴れ,20.0
20250507,15:00,0.0,23.2,1.5,6.8,24,3.8,北北西,1.0,2.95,晴れ,20.0
20250507,16:00,0.0,20.2,5.5,9.0,38,5.7,南南西,1.0,2.37,晴れ,20.0
20250507,17:00,0.0,19.9,5.9,9.3,40,3.3,南南西,1.0,1.60,晴れ,20.0
20250507,18:00,0.0,19.3,7.1,10.1,45,2.2,南西,0.7,0.70,晴れ,20.0
20250507,19:00,0.0,18.8,7.3,10.2,47,2.1,西南西,0.3,0.18,晴れ,20.0
20250507,20:00,0.0,18.4,7.2,10.2,48,1.9,北西,0.0,0.00,晴れ,20.0
20250507,21:00,0.0,17.6,5.6,9.1,45,4.2,北,0.0,0.0,晴れ,20.0
20250507,22:00,0.0,16.1,5.4,9.0,49,4.9,北北東,0.0,0.0,晴れ,20.0
20250507,23:00,0.0,15.1,5.9,9.3,54,5.5,北北東,0.0,0.0,晴れ,20.0
20250507,24:00,0.0,14.6,5.7,9.1,55,5.1,北北東,0.0,0.0,晴れ,20.0
20250508,01:00,0.0,14.4,5.0,8.7,53,4.4,北北東,0.0,0.0,晴れ,20.0
20250508,02:00,0.0,13.3,5.7,9.2,60,4.4,北北東,0.0,0.0,晴れ,20.0
20250508,03:00,0.0,12.9,5.6,9.1,61,5.9,北北東,0.0,0.0,晴れ,20.0
20250508,04:00,0.0,12.4,5.6,9.1,63,6.5,北北東,0.0,0.0,晴れ,20.0
20250508,05:00,0.0,11.9,5.5,9.1,65,6.5,北北東,0.0,0.00,晴れ,20.0
20250508,06:00,0.0,11.6,5.7,9.2,67,6.2,北北東,0.4,0.10,晴れ,20.0
20250508,07:00,0.0,12.2,5.6,9.1,64,6.6,北北東,1.0,0.67,晴れ,20.0
20250508,08:00,0.0,14.4,5.8,9.2,56,3.7,北北東,1.0,1.44,晴れ,20.0
20250508,09:00,0.0,16.7,5.7,9.1,48,2.0,北,1.0,2.18,晴れ,20.0
20250508,10:00,0.0,19.1,4.1,8.2,37,0.5,南南東,1.0,2.81,晴れ,20.0
20250508,11:00,0.0,22.3,6.1,9.4,35,1.7,北北西,1.0,3.27,晴れ,20.0
20250508,12:00,0.0,21.4,5.7,9.2,36,4.8,南南西,1.0,3.52,晴れ,20.0
20250508,13:00,0.0,21.8,5.7,9.1,35,4.8,南西,1.0,3.55,晴れ,20.0
20250508,14:00,0.0,23.1,4.6,8.5,30,3.8,西南西,1.0,3.33,晴れ,20.0
20250508,15:00,0.0,24.0,1.0,6.6,22,2.1,南西,1.0,2.96,晴れ,20.0
20250508,16:00,0.0,23.1,2.6,7.4,26,5.0,南,1.0,2.40,晴れ,20.0
20250508,17:00,0.0,21.7,5.6,9.1,35,4.5,南南西,1.0,1.60,晴れ,20.0
20250508,18:00,0.0,21.5,4.1,8.2,32,4.3,南南西,1.0,0.78,晴れ,20.0
20250508,19:00,0.0,20.6,5.0,8.7,36,2.6,南南西,0.2,0.15,曇,20.0
20250508,20:00,0.0,20.2,4.3,8.3,35,2.2,南南西,0.0,0.00,曇,20.0
20250508,21:00,0.0,20.1,5.4,8.9,38,1.9,南南西,0.0,0.0,曇,20.0
20250508,22:00,0.0,18.8,5.6,9.1,42,1.9,北,0.0,0.0,曇,20.0
20250508,23:00,0.0,18.1,5.4,8.9,43,2.2,北北東,0.0,0.0,曇,20.0
20250508,24:00,0.0,17.5,5.8,9.2,46,3.0,北北東,0.0,0.0,曇,20.0
20250509,01:00,0.0,16.9,6.1,9.4,49,3.1,北,0.0,0.0,曇,20.0
20250509,02:00,0.0,16.3,6.2,9.5,51,3.7,北北東,0.0,0.0,曇,20.0
20250509,03:00,0.0,16.0,6.2,9.5,52,3.7,北北東,0.0,0.0,曇,20.0
20250509,04:00,0.0,15.9,6.4,9.6,53,3.4,北北東,0.0,0.0,曇,20.0
20250509,05:00,0.0,15.5,6.5,9.7,55,3.8,北,0.0,0.00,曇,20.0
20250509,06:00,0.0,15.6,6.1,9.4,53,5.1,北,0.0,0.02,曇,20.0
20250509,07:00,0.0,15.8,6.3,9.5,53,2.1,北北東,0.0,0.13,曇,20.0
20250509,08:00,0.0,16.2,6.6,9.8,53,3.2,北,0.0,0.27,雨,20.0
20250509,09:00,0.0,16.2,8.7,11.2,61,1.5,北北東,0.0,0.31,雨,20.0
20250509,10:00,0.0,16.5,10.8,13.0,69,3.4,北,0.0,0.68,雨,20.0
20250509,11:00,0.5,17.4,10.5,12.7,64,1.7,南東,0.0,0.51,雨,20.0
20250509,12:00,0.0,16.7,10.3,12.5,66,3.8,南,0.0,0.28,雨,9.65
20250509,13:00,0.0,16.2,10.1,12.3,67,1.8,南西,0.0,0.25,雨,15.6
20250509,14:00,1.5,15.7,11.9,13.9,78,0.5,北東,0.0,0.22,雨,7.23
20250509,15:00,2.0,15.6,12.5,14.5,82,1.2,北北西,0.0,0.25,雨,11.8
20250509,16:00,4.5,15.4,12.7,14.7,84,0.9,西,0.0,0.19,雨,4.14
20250509,17:00,7.0,15.5,13.2,15.1,86,2.3,南,0.0,0.09,雨,3.66
20250509,18:00,4.0,15.8,13.7,15.6,87,0.8,南南西,0.0,0.04,雨,5.17
20250509,19:00,4.5,15.8,13.7,15.6,87,1.1,南南西,0.0,0.01,雨,7.14
20250509,20:00,6.0,15.5,13.5,15.5,88,1.0,西,0.0,0.00,雨,2.77
20250509,21:00,7.5,15.6,13.8,15.8,89,2.8,北北西,0.0,0.0,雨,2.26
20250509,22:00,1.5,15.6,13.8,15.8,89,2.6,北北東,0.0,0.0,雨,13.7
20250509,23:00,2.0,15.6,13.8,15.8,89,3.7,北,0.0,0.0,雨,3.78
20250509,24:00,0.5,15.9,13.9,15.9,88,2.5,北北東,0.0,0.0,雨,5.32
20250510,01:00,1.0,15.8,14.0,16.0,89,2.2,北北東,0.0,0.0,雨,3.82
20250510,02:00,1.0,15.8,14.2,16.2,90,0.4,西,0.0,0.0,雨,6.28
20250510,03:00,0.0,16.0,14.4,16.4,90,1.5,南南西,0.0,0.0,雨,9.21
20250510,04:00,0.5,16.1,14.3,16.3,89,1.1,南,0.0,0.0,雨,13.9
20250510,05:00,0.0,16.2,14.4,16.4,89,1.3,南西,0.0,0.00,曇,15.9
20250510,06:00,0.0,16.3,14.5,16.5,89,0.4,西北西,0.0,0.01,雨,9.58
20250510,07:00,0.0,16.6,14.8,16.8,89,1.4,西南西,0.0,0.05,曇,10.5
20250510,08:00,0.0,17.6,15.1,17.1,85,1.1,南西,0.0,0.43,曇,14.2
20250510,09:00,0.0,18.7,15.6,17.7,82,2.9,南南東,0.0,1.10,曇,19.6
20250510,10:00,0.0,20.7,14.4,16.4,67,6.1,南南西,0.1,1.33,曇,20.0
20250510,11:00,0.0,21.5,12.9,14.9,58,5.8,南南西,0.5,2.29,曇,20.0
20250510,12:00,0.0,21.9,12.5,14.5,55,6.3,南,0.4,2.19,雨,20.0
20250510,13:00,0.0,22.6,12.0,14.0,51,5.4,南,0.7,2.54,曇,20.0
20250510,14:00,0.0,24.2,11.2,13.3,44,5.7,南南西,1.0,3.00,晴れ,20.0
20250510,15:00,0.0,24.6,6.8,9.9,32,10.7,西南西,1.0,2.83,晴れ,20.0
20250510,16:00,0.0,23.1,6.8,9.9,35,10.3,南西,0.7,1.90,晴れ,20.0
20250510,17:00,0.0,22.6,6.4,9.6,35,8.5,南西,0.7,1.37,晴れ,20.0
20250510,18:00,0.0,21.5,6.6,9.7,38,7.8,南西,0.4,0.55,晴れ,20.0
20250510,19:00,0.0,20.9,6.5,9.6,39,6.0,南西,0.0,0.10,曇,20.0
20250510,20:00,0.0,19.7,7.8,10.6,46,6.9,南南西,0.0,0.00,曇,20.0
20250510,21:00,0.0,19.2,8.2,10.9,49,5.4,南西,0.0,0.0,曇,20.0
20250510,22:00,0.0,18.6,8.0,10.7,50,5.6,西南西,0.0,0.0,曇,20.0
20250510,23:00,0.0,18.8,6.6,9.8,45,4.7,西南西,0.0,0.0,曇,20.0
20250510,24:00,0.0,18.4,6.0,9.3,44,3.6,西南西,0.0,0.0,晴れ,20.0
20250511,01:00,0.0,17.5,5.8,9.2,46,3.1,西南西,0.0,0.0,晴れ,20.0
20250511,02:00,0.0,17.0,6.5,9.7,50,3.4,南西,0.0,0.0,晴れ,20.0
20250511,03:00,0.0,16.4,7.1,10.1,54,3.1,南西,0.0,0.0,曇,20.0
20250511,04:00,0.0,15.7,6.4,9.6,54,2.1,南西,0.0,0.0,曇,20.0
20250511,05:00,0.0,15.7,8.2,10.9,61,2.2,南南西,0.0,0.00,曇,20.0
20250511,06:00,0.0,16.1,7.9,10.6,58,2.9,南,0.0,0.03,曇,20.0
20250511,07:00,0.0,16.1,8.6,11.2,61,2.6,南,0.0,0.12,曇,20.0
20250511,08:00,0.0,16.2,8.9,11.4,62,3.0,南南西,0.0,0.49,曇,20.0
20250511,09:00,0.0,17.0,8.7,11.2,58,1.7,南南西,0.0,1.04,曇,20.0
20250511,10:00,0.0,17.3,9.0,11.5,58,2.6,南南西,0.0,1.12,曇,20.0
20250511,11:00,0.0,17.3,9.5,11.8,60,3.1,南西,0.0,1.22,曇,20.0
20250511,12:00,0.0,17.7,9.6,12.0,59,4.8,南南西,0.0,1.50,曇,20.0
20250511,13:00,0.0,17.2,9.4,11.8,60,4.0,南,0.0,0.53,曇,20.0
20250511,14:00,0.0,17.2,9.4,11.8,60,3.2,南,0.0,0.48,雨,18.3
20250511,15:00,0.0,16.7,10.3,12.5,66,3.3,南南東,0.0,0.41,雨,11.9
20250511,16:00,0.5,16.0,10.3,12.5,69,2.6,南,0.0,0.32,雨,12.8
20250511,17:00,0.0,15.8,10.8,12.9,72,3.5,南,0.0,0.27,雨,16.8
20250511,18:00,0.0,15.6,11.0,13.1,74,3.3,南,0.0,0.10,雨,10.5
20250511,19:00,0.0,15.4,10.8,12.9,74,3.0,南,0.0,0.02,雨,20.0
20250511,20:00,0.0,15.5,10.9,13.0,74,2.2,南,0.0,0.00,雨,19.6
20250511,21:00,0.0,15.5,10.5,12.7,72,3.7,南,0.0,0.0,曇,20.0
20250511,22:00,0.0,15.3,10.9,13.0,75,2.9,南,0.0,0.0,曇,20.0
20250511,23:00,0.0,15.2,11.0,13.1,76,3.0,南,0.0,0.0,曇,19.4
20250511,24:00,0.0,15.1,11.1,13.2,77,3.2,南,0.0,0.0,曇,19.3
20250512,01:00,0.0,14.9,11.1,13.2,78,3.0,南,0.0,0.0,曇,19.2
20250512,02:00,0.0,15.1,11.1,13.2,77,1.3,南南西,0.0,0.0,曇,19.2
20250512,03:00,0.0,15.1,11.1,13.2,77,2.8,南南西,0.0,0.0,曇,18.5
20250512,04:00,0.0,15.1,11.1,13.2,77,2.2,南,0.0,0.0,曇,17.5
20250512,05:00,0.0,15.0,11.0,13.1,77,2.6,南,0.0,0.00,曇,16.0
20250512,06:00,0.0,15.0,11.0,13.1,77,2.3,南,0.0,0.04,曇,14.1
20250512,07:00,0.0,15.3,11.1,13.2,76,2.3,南南西,0.0,0.27,曇,13.5
20250512,08:00,0.0,16.1,10.9,13.0,71,2.0,南南東,0.2,0.90,曇,13.4
20250512,09:00,0.0,16.9,11.0,13.1,68,1.5,南,0.6,1.52,晴れ,13.4
20250512,10:00,0.0,18.3,10.9,13.0,62,1.9,南,0.9,2.52,晴れ,12.6
20250512,11:00,0.0,19.5,10.2,12.5,55,3.8,南南西,1.0,3.19,晴れ,15.6
20250512,12:00,0.0,20.8,11.7,13.8,56,5.7,南南西,1.0,3.36,晴れ,15.6
20250512,13:00,0.0,21.5,10.7,12.8,50,4.2,南西,1.0,3.32,晴れ,19.2
20250512,14:00,0.0,21.0,10.2,12.4,50,4.3,南,0.8,2.63,曇,20.0
20250512,15:00,0.0,22.1,10.3,12.5,47,3.3,南,0.9,2.31,曇,20.0
20250512,16:00,0.0,21.9,10.4,12.6,48,4.2,南,0.9,2.13,晴れ,20.0
20250512,17:00,0.0,21.6,10.5,12.6,49,3.5,南南西,1.0,1.48,晴れ,20.0
20250512,18:00,0.0,21.2,9.8,12.1,48,2.6,南,1.0,0.81,晴れ,20.0
20250512,19:00,0.0,20.6,9.8,12.1,50,1.5,南南西,0.7,0.20,晴れ,20.0
20250512,20:00,0.0,19.7,10.2,12.4,54,1.9,南西,0.0,0.00,晴れ,20.0
20250512,21:00,0.0,19.0,10.6,12.7,58,0.6,西南西,0.0,0.0,晴れ,20.0
20250512,22:00,0.0,17.3,5.9,9.3,47,1.8,北,0.0,0.0,晴れ,20.0
20250512,23:00,0.0,16.2,5.2,8.8,48,4.1,北,0.0,0.0,晴れ,20.0
20250512,24:00,0.0,15.0,5.0,8.7,51,3.9,北北東,0.0,0.0,晴れ,20.0
20250513,01:00,0.0,14.2,5.3,8.9,55,3.7,北,0.0,0.0,晴れ,20.0
20250513,02:00,0.0,13.8,4.7,8.5,54,4.9,北北東,0.0,0.0,晴れ,20.0
20250513,03:00,0.0,13.3,4.5,8.4,55,3.9,北北東,0.0,0.0,晴れ,20.0
20250513,04:00,0.0,12.4,4.6,8.5,59,3.9,北北東,0.0,0.0,晴れ,20.0
20250513,05:00,0.0,11.9,4.4,8.4,60,4.9,北北東,0.0,0.00,晴れ,20.0
20250513,06:00,0.0,11.7,4.7,8.5,62,3.8,北,0.5,0.13,晴れ,20.0
20250513,07:00,0.0,12.4,4.9,8.6,60,2.8,北北東,1.0,0.71,晴れ,20.0
20250513,08:00,0.0,14.9,5.2,8.8,52,1.5,北北東,1.0,1.46,晴れ,20.0
20250513,09:00,0.0,18.1,5.7,9.1,44,1.2,西,1.0,2.21,晴れ,20.0
20250513,10:00,0.0,19.7,4.2,8.3,36,1.4,南,1.0,2.84,晴れ,20.0
20250513,11:00,0.0,22.0,3.7,7.9,30,2.2,南南西,1.0,3.32,晴れ,20.0
20250513,12:00,0.0,23.6,3.5,7.9,27,3.7,南南西,1.0,3.60,晴れ,20.0
20250513,13:00,0.0,23.3,3.3,7.7,27,3.8,南西,1.0,3.62,晴れ,20.0
20250513,14:00,0.0,23.8,4.2,8.3,28,4.2,南西,1.0,3.44,晴れ,20.0
20250513,15:00,0.0,24.7,2.2,7.2,23,3.9,南南西,1.0,2.97,晴れ,20.0
20250513,16:00,0.0,24.5,0.6,5.8,19,4.0,南南西,1.0,2.33,晴れ,20.0
20250513,17:00,0.0,24.0,2.2,7.2,24,2.8,南南西,1.0,1.34,晴れ,20.0
20250513,18:00,0.0,23.1,4.1,8.2,29,2.3,南南西,0.5,0.61,曇,20.0
20250513,19:00,0.0,22.3,5.3,8.9,33,0.8,南南西,0.0,0.13,曇,20.0
20250513,20:00,0.0,21.4,5.3,8.9,35,2.6,南南西,0.0,0.00,曇,20.0
20250513,21:00,0.0,21.0,5.8,9.2,37,2.3,南,0.0,0.0,曇,20.0
20250513,22:00,0.0,19.9,6.6,9.8,42,1.1,南南西,0.0,0.0,晴れ,20.0
20250513,23:00,0.0,18.5,7.3,10.2,48,1.5,北,0.0,0.0,晴れ,20.0
20250513,24:00,0.0,17.4,7.5,10.3,52,1.6,北北東,0.0,0.0,曇,20.0
20250514,01:00,0.0,16.5,7.4,10.3,55,3.5,北,0.0,0.0,曇,20.0
20250514,02:00,0.0,15.7,7.2,10.2,57,4.9,北,0.0,0.0,晴れ,20.0
20250514,03:00,0.0,15.3,7.1,10.1,58,4.1,北北東,0.0,0.0,晴れ,20.0
20250514,04:00,0.0,14.8,6.9,9.9,59,4.7,北,0.0,0.0,曇,20.0
20250514,05:00,0.0,14.2,6.8,9.9,61,5.6,北北東,0.0,0.00,曇,20.0
20250514,06:00,0.0,14.5,7.1,10.1,61,3.6,北北東,0.2,0.10,曇,20.0
20250514,07:00,0.0,15.2,7.5,10.4,60,3.2,北,0.9,0.64,曇,20.0
20250514,08:00,0.0,17.2,7.8,10.6,54,1.9,北,1.0,1.23,晴れ,20.0
20250514,09:00,0.0,19.8,8.2,10.9,47,0.5,東北東,1.0,2.08,晴れ,20.0
20250514,10:00,0.0,22.7,10.8,13.0,47,2.5,南,1.0,2.74,晴れ,20.0
20250514,11:00,0.0,23.1,9.2,11.6,41,3.9,南南西,1.0,3.22,晴れ,20.0
20250514,12:00,0.0,24.6,9.8,12.1,39,3.5,南南西,1.0,3.47,晴れ,20.0
20250514,13:00,0.0,24.7,7.8,10.6,34,4.4,南,1.0,3.53,晴れ,20.0
20250514,14:00,0.0,25.3,8.3,11.0,34,4.6,南西,1.0,3.34,晴れ,20.0
20250514,15:00,0.0,25.4,6.6,9.7,30,2.9,南西,1.0,2.77,晴れ,20.0
20250514,16:00,0.0,25.3,5.5,9.0,28,3.1,南南西,1.0,2.13,晴れ,20.0
20250514,17:00,0.0,25.3,6.0,9.4,29,3.8,南,1.0,1.52,晴れ,20.0
20250514,18:00,0.0,23.0,9.4,11.8,42,2.6,南西,0.2,0.58,曇,20.0
20250514,19:00,0.0,22.4,9.9,12.2,45,4.0,南南西,0.0,0.14,曇,20.0
20250514,20:00,0.0,22.0,10.5,12.7,48,2.4,南南西,0.0,0.00,曇,20.0
20250514,21:00,0.0,21.7,9.9,12.2,47,1.8,南,0.0,0.0,曇,20.0
20250514,22:00,0.0,21.1,10.3,12.5,50,1.2,南南西,0.0,0.0,晴れ,20.0
20250514,23:00,0.0,20.5,10.3,12.5,52,2.3,南,0.0,0.0,晴れ,20.0
20250514,24:00,0.0,19.3,10.3,12.5,56,2.1,北北東,0.0,0.0,晴れ,20.0
20250515,01:00,0.0,18.5,10.6,12.8,60,2.3,北北東,0.0,0.0,曇,20.0
20250515,02:00,0.0,17.8,10.7,12.8,63,2.7,北,0.0,0.0,曇,20.0
20250515,03:00,0.0,17.0,10.6,12.8,66,2.6,北,0.0,0.0,晴れ,20.0
20250515,04:00,0.0,16.5,10.6,12.8,68,2.2,北,0.0,0.0,晴れ,20.0
20250515,05:00,0.0,15.8,10.1,12.4,69,3.5,北,0.0,0.00,晴れ,20.0
20250515,06:00,0.0,15.9,10.5,12.6,70,3.6,北北東,0.4,0.11,晴れ,20.0
20250515,07:00,0.0,16.5,10.6,12.8,68,1.5,北,1.0,0.65,晴れ,20.0
20250515,08:00,0.0,19.0,10.6,12.7,58,0.5,東,1.0,1.41,晴れ,20.0
20250515,09:00,0.0,21.5,11.0,13.1,51,2.9,南,0.9,1.85,曇,20.0
20250515,10:00,0.0,22.5,11.0,13.1,48,4.0,南,0.9,2.26,曇,20.0
20250515,11:00,0.0,22.8,11.5,13.6,49,2.8,南南西,0.4,1.96,曇,20.0
20250515,12:00,0.0,23.6,11.6,13.7,47,4.7,南,1.0,2.97,晴れ,20.0
20250515,13:00,0.0,23.7,12.1,14.1,48,5.2,南,0.7,2.55,曇,20.0
20250515,14:00,0.0,24.5,12.1,14.1,46,4.8,南南西,0.8,2.45,曇,20.0
20250515,15:00,0.0,25.0,12.3,14.3,45,3.1,南南西,0.7,2.27,曇,20.0
20250515,16:00,0.0,24.5,12.8,14.8,48,2.6,南西,0.2,1.29,曇,20.0
20250515,17:00,0.0,23.7,12.4,14.4,49,3.8,南西,0.1,0.72,曇,20.0
20250515,18:00,0.0,23.5,12.2,14.2,49,3.5,南西,0.0,0.40,曇,20.0
20250515,19:00,0.0,22.9,12.8,14.8,53,2.3,南,0.0,0.18,曇,20.0
20250515,20:00,0.0,22.1,12.9,14.9,56,2.1,南西,0.0,0.00,曇,20.0
20250515,21:00,0.0,21.8,12.6,14.6,56,3.3,南,0.0,0.0,曇,20.0
20250515,22:00,0.0,21.4,12.3,14.3,56,2.1,南南西,0.0,0.0,曇,20.0
20250515,23:00,0.0,21.2,12.9,14.9,59,1.8,南,0.0,0.0,曇,20.0
20250515,24:00,0.0,21.1,12.8,14.8,59,1.8,南,0.0,0.0,曇,20.0
20250516,01:00,0.0,21.1,12.8,14.8,59,1.5,南南西,0.0,0.0,曇,20.0
20250516,02:00,0.0,21.0,13.5,15.4,62,0.2,静穏,0.0,0.0,曇,20.0
20250516,03:00,0.0,20.6,13.8,15.8,65,1.3,北北東,0.0,0.0,曇,20.0
20250516,04:00,0.0,20.3,13.3,15.2,64,1.7,北北東,0.0,0.0,曇,20.0
20250516,05:00,0.0,19.9,13.6,15.6,67,1.5,北北東,0.0,0.00,雨,20.0
20250516,06:00,0.0,19.4,14.0,16.0,71,2.0,北,0.0,0.02,雨,12.6
20250516,07:00,0.0,19.8,14.4,16.4,71,1.2,北北東,0.0,0.29,曇,20.0
20250516,08:00,0.0,20.0,14.2,16.1,69,0.8,北北西,0.0,0.36,雨,20.0
20250516,09:00,0.0,21.2,14.4,16.4,65,0.7,北北西,0.0,0.82,曇,18.8
20250516,10:00,0.0,21.3,14.5,16.5,65,2.0,南西,0.0,0.64,曇,16.7
20250516,11:00,0.0,23.1,14.9,17.0,60,0.7,西南西,0.0,1.45,曇,20.0
20250516,12:00,0.0,23.6,13.5,15.4,53,2.7,西南西,0.6,2.53,曇,20.0
20250516,13:00,0.0,23.3,13.8,15.7,55,3.4,南西,0.0,1.01,曇,20.0
20250516,14:00,0.0,23.5,12.8,14.8,51,1.8,南,0.0,1.44,曇,20.0
20250516,15:00,0.0,23.7,13.0,14.9,51,2.6,南西,0.0,1.23,曇,20.0
20250516,16:00,0.0,23.5,13.4,15.3,53,2.8,南西,0.0,0.57,曇,20.0
20250516,17:00,0.0,23.3,12.9,14.9,52,2.1,南,0.0,0.39,曇,20.0
20250516,18:00,0.0,22.7,13.5,15.5,56,1.7,南西,0.0,0.12,雨,17.4
20250516,19:00,1.0,20.6,15.6,17.7,73,1.7,北北東,0.0,0.01,雨,7.97
20250516,20:00,0.5,20.4,16.2,18.5,77,0.8,東北東,0.0,0.00,雨,10.7
20250516,21:00,0.5,20.2,17.0,19.4,82,0.5,北,0.0,0.0,雨,5.93
20250516,22:00,0.0,20.0,16.8,19.2,82,1.0,西,0.0,0.0,曇,8.58
20250516,23:00,0.0,20.0,15.9,18.0,77,2.6,南東,0.0,0.0,雨,7.98
20250516,24:00,0.0,19.9,15.8,17.9,77,2.3,南,0.0,0.0,雨,8.86
20250517,01:00,0.5,19.2,16.4,18.7,84,2.8,南南西,0.0,0.0,雨,4.69
20250517,02:00,3.0,18.8,16.6,18.9,87,2.6,南南西,0.0,0.0,雨,2.31
20250517,03:00,2.0,18.6,16.4,18.6,87,0.6,西北西,0.0,0.0,雨,2.39
20250517,04:00,4.0,18.3,16.3,18.5,88,0.9,北西,0.0,0.0,雨,2.15
20250517,05:00,7.0,18.4,16.6,18.8,89,1.9,北,0.0,0.00,雨,1.47
20250517,06:00,9.5,18.4,16.7,19.0,90,1.7,北北東,0.0,0.01,雨,2.97
20250517,07:00,2.0,18.9,17.2,19.7,90,0.6,北東,0.0,0.04,雨,2.94
20250517,08:00,0.0,19.4,17.7,20.3,90,1.7,南南西,0.0,0.07,雨,3.86
20250517,09:00,1.5,21.0,19.1,22.1,89,4.5,南南西,0.0,0.21,雨,6.35
20250517,10:00,2.0,21.4,19.0,21.9,86,4.7,南南西,0.0,0.39,雨,14.2
20250517,11:00,0.0,23.8,19.3,22.4,76,6.9,南,0.0,1.43,曇,20.0
20250517,12:00,0.0,24.3,19.2,22.2,73,5.5,南南東,0.3,2.02,曇,20.0
20250517,13:00,0.0,25.4,18.8,21.7,67,6.9,南南東,0.5,2.67,曇,20.0
20250517,14:00,0.0,26.3,19.0,21.9,64,6.2,南南東,1.0,3.36,晴れ,20.0
20250517,15:00,0.0,25.8,18.5,21.3,64,5.7,南南東,0.5,2.16,曇,20.0
20250517,16:00,0.0,25.5,18.4,21.2,65,5.7,南,1.0,2.15,晴れ,20.0
20250517,17:00,0.0,25.1,18.6,21.4,67,4.8,南,0.5,1.24,曇,20.0
20250517,18:00,0.0,24.2,18.8,21.7,72,3.9,南南西,0.3,0.60,曇,20.0
20250517,19:00,0.0,23.0,18.6,21.4,76,2.6,南南西,0.2,0.18,曇,15.2
20250517,20:00,0.0,22.5,18.9,21.8,80,2.1,南南西,0.0,0.00,曇,12.6
20250517,21:00,0.0,22.8,18.8,21.7,78,1.5,南,0.0,0.0,曇,15.4
20250517,22:00,0.0,22.7,18.7,21.5,78,2.1,南,0.0,0.0,曇,17.0
20250517,23:00,0.0,21.9,18.3,21.0,80,2.0,南西,0.0,0.0,曇,15.4
20250517,24:00,0.0,21.6,18.2,20.9,81,2.5,南,0.0,0.0,曇,16.4
20250518,01:00,0.0,21.4,18.2,20.9,82,1.6,南,0.0,0.0,曇,15.5
20250518,02:00,0.0,21.2,18.0,20.6,82,1.6,南西,0.0,0.0,曇,14.4
20250518,03:00,0.0,20.9,17.9,20.5,83,0.8,南南西,0.0,0.0,晴れ,13.4
20250518,04:00,0.0,20.9,17.1,19.5,79,2.1,南,0.0,0.0,曇,18.7
20250518,05:00,0.0,20.7,17.1,19.5,80,1.7,南南西,0.0,0.00,曇,19.3
20250518,06:00,0.0,21.0,16.2,18.4,74,1.1,南,0.0,0.13,曇,20.0
20250518,07:00,0.0,21.2,17.0,19.4,77,0.8,北北西,0.0,0.38,曇,20.0
20250518,08:00,0.0,21.7,16.0,18.2,70,1.2,南西,0.0,0.79,曇,20.0
20250518,09:00,0.0,23.1,15.2,17.2,61,1.6,南,0.9,1.77,曇,20.0
20250518,10:00,0.0,24.4,15.1,17.1,56,1.8,南,0.9,2.21,曇,20.0
20250518,11:00,0.0,25.9,15.0,17.0,51,3.5,南,1.0,2.96,晴れ,20.0
20250518,12:00,0.0,25.7,15.1,17.2,52,4.9,南南西,1.0,3.30,晴れ,20.0
20250518,13:00,0.0,24.5,15.2,17.2,56,5.7,南,0.1,1.26,曇,20.0
20250518,14:00,0.0,24.4,14.8,16.8,55,4.7,南南西,0.0,1.05,曇,20.0
20250518,15:00,0.0,23.8,14.8,16.8,57,2.8,南,0.0,0.55,曇,20.0
20250518,16:00,0.0,23.6,14.9,16.9,58,4.2,南南西,0.0,0.60,曇,20.0
20250518,17:00,0.0,23.3,14.3,16.3,57,3.8,南南西,0.0,0.70,曇,20.0
20250518,18:00,0.0,23.3,13.2,15.2,53,2.2,南西,0.0,0.39,曇,15.9
20250518,19:00,0.0,22.5,13.0,15.0,55,2.5,南,0.0,0.13,曇,15.9
20250518,20:00,0.0,22.2,12.7,14.7,55,3.7,南,0.0,0.00,曇,16.0
20250518,21:00,0.0,21.7,12.6,14.5,56,3.2,南南西,0.0,0.0,曇,16.3
20250518,22:00,0.0,20.9,11.8,13.8,56,3.5,南南西,0.0,0.0,曇,16.1
20250518,23:00,0.0,20.6,12.1,14.1,58,1.2,西北西,0.0,0.0,曇,20.0
20250518,24:00,0.0,19.9,13.4,15.3,66,2.3,北北東,0.0,0.0,曇,20.0
20250519,01:00,0.0,19.1,13.3,15.3,69,2.4,北,0.0,0.0,曇,20.0
20250519,02:00,0.0,18.6,12.6,14.6,68,3.3,北,0.0,0.0,曇,20.0
20250519,03:00,0.0,18.0,11.3,13.4,65,3.8,北北東,0.0,0.0,曇,20.0
20250519,04:00,0.0,17.3,11.4,13.4,68,4.7,北北東,0.0,0.0,曇,20.0
20250519,05:00,0.0,16.8,11.3,13.4,70,3.3,北北東,0.0,0.00,曇,20.0
20250519,06:00,0.0,16.2,11.2,13.3,72,4.3,北北東,0.0,0.10,曇,20.0
20250519,07:00,0.0,17.0,10.8,13.0,67,2.4,北北東,0.8,0.61,晴れ,20.0
20250519,08:00,0.0,18.7,10.5,12.7,59,1.6,北北東,1.0,1.39,晴れ,20.0
20250519,09:00,0.0,20.6,9.5,11.9,49,1.3,南南西,1.0,2.12,晴れ,20.0
20250519,10:00,0.0,21.7,8.9,11.4,44,3.8,南南西,1.0,2.70,晴れ,20.0
20250519,11:00,0.0,22.5,7.5,10.4,38,4.3,南,1.0,3.18,晴れ,20.0
20250519,12:00,0.0,23.6,8.5,11.1,38,4.3,南,1.0,3.43,晴れ,20.0
20250519,13:00,0.0,24.1,10.1,12.3,41,3.3,南南西,1.0,3.25,晴れ,20.0
20250519,14:00,0.0,24.8,11.0,13.2,42,3.6,南西,1.0,3.26,晴れ,17.2
20250519,15:00,0.0,25.7,11.5,13.5,41,2.3,南,1.0,2.75,晴れ,14.7
20250519,16:00,0.0,25.9,12.0,14.0,42,4.5,南,1.0,2.23,晴れ,14.2
20250519,17:00,0.0,25.8,13.7,15.6,47,4.7,南,1.0,1.55,晴れ,16.8
20250519,18:00,0.0,24.8,14.0,16.0,51,4.6,南,0.9,0.79,曇,16.9
20250519,19:00,0.0,23.4,14.4,16.4,57,3.2,南,0.0,0.21,晴れ,17.4
20250519,20:00,0.0,22.9,14.5,16.5,59,2.5,南,0.0,0.00,晴れ,16.7
20250519,21:00,0.0,22.6,14.5,16.5,60,3.3,南,0.0,0.0,曇,16.7
20250519,22:00,0.0,22.3,14.9,17.0,63,3.8,南,0.0,0.0,曇,16.2
20250519,23:00,0.0,21.8,15.6,17.8,68,4.2,南,0.0,0.0,曇,13.8
20250519,24:00,0.0,21.8,15.9,18.0,69,3.1,南,0.0,0.0,曇,13.0
20250520,01:00,0.0,21.5,16.0,18.2,71,3.4,南,0.0,0.0,曇,12.0
20250520,02:00,0.0,21.7,15.8,17.9,69,4.3,南南西,0.0,0.0,曇,15.4
20250520,03:00,0.0,21.6,15.7,17.8,69,4.1,南南西,0.0,0.0,曇,19.4
20250520,04:00,0.0,21.6,15.9,18.1,70,2.9,南南西,0.0,0.0,曇,16.5
20250520,05:00,0.0,21.7,16.0,18.2,70,2.4,南南西,0.0,0.00,曇,17.3
20250520,06:00,0.0,21.9,16.2,18.4,70,3.1,南南西,0.0,0.06,曇,18.4
20250520,07:00,0.0,22.3,16.4,18.6,69,1.9,南南西,0.0,0.19,曇,20.0
20250520,08:00,0.0,22.8,16.8,19.2,69,2.5,南南西,0.0,0.44,曇,19.0
20250520,09:00,0.0,23.8,16.4,18.6,63,3.1,南,0.6,1.67,晴れ,16.2
20250520,10:00,0.0,25.9,17.3,19.7,59,3.8,南,1.0,2.71,晴れ,20.0
20250520,11:00,0.0,26.7,16.6,18.9,54,3.2,南,1.0,3.15,晴れ,19.3
20250520,12:00,0.0,27.8,17.7,20.2,54,4.4,南南西,1.0,3.39,晴れ,20.0
20250520,13:00,0.0,27.9,17.2,19.5,52,3.5,南,1.0,3.42,晴れ,20.0
20250520,14:00,0.0,27.7,17.0,19.3,52,3.3,南西,1.0,3.23,晴れ,20.0
20250520,15:00,0.0,28.1,16.7,19.0,50,3.2,南南西,1.0,2.81,晴れ,20.0
20250520,16:00,0.0,28.6,16.5,18.8,48,3.8,南,1.0,2.25,晴れ,20.0
20250520,17:00,0.0,28.6,16.2,18.4,47,3.4,南西,1.0,1.51,晴れ,20.0
20250520,18:00,0.0,27.8,16.4,18.7,50,2.9,南南西,0.8,0.73,晴れ,20.0
20250520,19:00,0.0,27.0,17.5,20.0,56,3.2,南,0.1,0.18,曇,20.0
20250520,20:00,0.0,26.3,18.2,20.9,61,3.1,南南西,0.0,0.00,曇,20.0
20250520,21:00,0.0,25.6,18.8,21.7,66,3.4,南南西,0.0,0.0,曇,20.0
20250520,22:00,0.0,25.3,19.0,21.9,68,2.8,南南西,0.0,0.0,曇,19.4
20250520,23:00,0.0,24.9,19.3,22.4,71,2.9,南南西,0.0,0.0,曇,20.0
20250520,24:00,0.0,24.7,19.3,22.4,72,1.5,南南西,0.0,0.0,曇,10.4
20250521,01:00,0.0,24.9,19.5,22.7,72,1.3,南南西,0.0,0.0,曇,20.0
20250521,02:00,0.0,24.8,19.4,22.5,72,1.3,北北西,0.0,0.0,曇,20.0
20250521,03:00,0.0,24.8,19.4,22.5,72,0.8,北,0.0,0.0,曇,20.0
20250521,04:00,0.0,24.8,19.2,22.2,71,1.0,北北東,0.0,0.0,曇,20.0
20250521,05:00,0.0,24.6,19.5,22.6,73,1.2,北,0.0,0.00,晴れ,20.0
20250521,06:00,0.0,24.6,19.5,22.6,73,1.0,北東,0.0,0.06,曇,19.2
20250521,07:00,0.0,25.1,19.3,22.3,70,0.5,南南東,0.0,0.22,曇,20.0
20250521,08:00,0.0,25.3,19.7,22.9,71,1.4,西,0.0,0.70,曇,18.1
20250521,09:00,0.0,25.1,19.5,22.6,71,2.9,南西,0.1,1.02,曇,17.0
20250521,10:00,0.0,25.2,19.4,22.4,70,3.1,南南西,0.1,1.09,曇,16.0
20250521,11:00,0.0,26.3,19.0,21.9,64,3.0,南西,0.1,0.95,曇,12.7
20250521,12:00,0.0,27.2,18.5,21.3,59,3.1,西南西,1.0,3.15,晴れ,16.9
20250521,13:00,0.0,26.4,18.5,21.3,62,5.5,南西,0.3,2.01,曇,20.0
20250521,14:00,0.0,26.0,17.9,20.5,61,3.8,南南西,0.0,1.00,雨,20.0
20250521,15:00,0.0,24.9,18.8,21.7,69,3.0,南南西,0.0,0.53,雨,15.9
20250521,16:00,0.5,23.2,19.8,23.0,81,2.9,南南西,0.0,0.27,雨,7.87
20250521,17:00,11.0,22.4,20.0,23.3,86,2.0,西南西,0.0,0.10,雨,2.73
20250521,18:00,4.5,22.4,20.0,23.3,86,1.5,西,0.0,0.06,雨,6.76
20250521,19:00,1.5,22.6,20.2,23.6,86,2.0,北,0.0,0.02,雨,5.15
20250521,20:00,1.5,22.5,20.2,23.7,87,0.8,西,0.0,0.00,雨,7.90
20250521,21:00,1.0,22.5,20.1,23.4,86,0.8,東南東,0.0,0.0,雨,9.21
20250521,22:00,0.0,22.6,20.0,23.3,85,2.4,北北東,0.0,0.0,雨,18.9
20250521,23:00,0.5,22.3,19.7,22.9,85,2.8,北北東,0.0,0.0,雨,20.0
20250521,24:00,0.0,22.6,19.2,22.2,81,1.7,南東,0.0,0.0,雨,20.0
20250522,01:00,1.5,22.1,19.7,22.9,86,2.0,北北西,0.0,0.0,雨,11.4
20250522,02:00,0.0,22.0,19.6,22.7,86,3.7,北北東,0.0,0.0,雨,20.0
20250522,03:00,1.5,21.8,19.2,22.2,85,3.4,北北東,0.0,0.0,雨,7.63
20250522,04:00,2.5,21.9,19.3,22.3,85,2.2,北北東,0.0,0.0,雨,5.25
20250522,05:00,5.0,21.7,19.3,22.3,86,6.1,北北東,0.0,0.00,雨,6.51
20250522,06:00,0.5,22.1,19.1,22.1,83,2.3,北東,0.0,0.05,雨,20.0
20250522,07:00,0.0,22.9,18.5,21.2,76,5.7,北北東,0.0,0.36,曇,20.0
20250522,08:00,0.0,23.8,18.7,21.5,73,1.7,東,0.0,0.86,曇,20.0
20250522,09:00,0.0,24.6,18.5,21.3,69,2.9,北東,0.0,1.09,曇,20.0
20250522,10:00,0.0,25.5,18.4,21.2,65,3.0,北北東,0.1,0.93,曇,20.0
20250522,11:00,0.0,25.6,17.5,20.0,61,5.5,北北東,0.1,1.41,曇,20.0
20250522,12:00,0.0,26.3,17.7,20.2,59,5.3,東北東,0.0,1.23,曇,20.0
20250522,13:00,0.0,27.1,17.0,19.4,54,5.2,北東,0.2,1.91,曇,20.0
20250522,14:00,0.0,28.1,16.7,19.0,50,5.7,北,0.7,2.45,曇,20.0
20250522,15:00,0.0,27.9,16.2,18.4,49,5.0,北北東,1.0,2.82,晴れ,20.0
20250522,16:00,0.0,26.5,15.3,17.3,50,8.2,北北東,0.9,2.08,晴れ,20.0
20250522,17:00,0.0,25.5,14.9,17.0,52,8.9,北北東,1.0,1.53,晴れ,20.0
20250522,18:00,0.0,23.7,14.4,16.4,56,8.8,北北東,1.0,0.84,晴れ,20.0
20250522,19:00,0.0,22.4,14.3,16.3,60,7.7,北北東,0.3,0.22,晴れ,20.0
20250522,20:00,0.0,21.3,14.0,16.0,63,7.1,北北東,0.0,0.00,晴れ,20.0
20250522,21:00,0.0,20.8,13.8,15.7,64,7.4,北北東,0.0,0.0,晴れ,20.0
20250522,22:00,0.0,20.3,13.3,15.2,64,5.6,北北東,0.0,0.0,曇,20.0
20250522,23:00,0.0,19.8,13.0,15.0,65,6.2,北東,0.0,0.0,晴れ,20.0
20250522,24:00,0.0,19.8,13.0,15.0,65,3.6,北北東,0.0,0.0,晴れ,20.0
20250523,01:00,0.0,19.5,12.8,14.7,65,4.9,北北東,0.0,0.0,晴れ,20.0
20250523,02:00,0.0,19.4,12.4,14.4,64,4.5,北,0.0,0.0,曇,20.0
20250523,03:00,0.0,19.2,12.2,14.2,64,5.0,北東,0.0,0.0,晴れ,20.0
20250523,04:00,0.0,18.9,12.2,14.2,65,4.5,北北東,0.0,0.0,晴れ,20.0
20250523,05:00,0.0,18.3,11.9,13.9,66,6.9,北北東,0.0,0.00,晴れ,20.0
20250523,06:00,0.0,18.1,11.9,13.9,67,3.7,北北東,0.2,0.16,曇,20.0
20250523,07:00,0.0,18.1,11.0,13.1,63,5.2,北北東,0.9,0.62,曇,20.0
20250523,08:00,0.0,19.6,9.5,11.9,52,4.8,北北東,1.0,1.22,晴れ,20.0
20250523,09:00,0.0,21.1,8.7,11.3,45,4.7,北北東,1.0,1.96,晴れ,20.0
20250523,10:00,0.0,23.0,10.1,12.4,44,2.2,北,1.0,2.46,晴れ,20.0
20250523,11:00,0.0,24.8,9.1,11.6,37,3.1,北,0.9,2.82,曇,20.0
20250523,12:00,0.0,25.4,7.5,10.4,32,2.7,南東,0.9,3.07,曇,20.0
20250523,13:00,0.0,24.6,9.4,11.8,38,3.9,南西,0.6,2.37,曇,20.0
20250523,14:00,0.0,24.7,9.5,11.8,38,3.0,西南西,0.5,2.27,曇,20.0
20250523,15:00,0.0,25.6,6.3,9.5,29,1.4,南南西,0.3,1.67,曇,20.0
20250523,16:00,0.0,25.9,2.6,7.4,22,3.6,東南東,0.1,1.20,曇,20.0
20250523,17:00,0.0,25.4,4.5,8.4,26,1.9,東,0.0,0.62,曇,20.0
20250523,18:00,0.0,24.7,4.5,8.4,27,3.8,南東,0.0,0.23,曇,20.0
20250523,19:00,0.0,23.5,6.3,9.6,33,2.3,南南西,0.0,0.05,曇,20.0
20250523,20:00,0.0,23.2,6.9,10.0,35,1.6,西南西,0.0,0.00,曇,20.0
20250523,21:00,0.0,23.0,6.7,9.8,35,0.9,北北西,0.0,0.0,曇,20.0
20250523,22:00,0.0,23.1,7.6,10.5,37,0.5,北北西,0.0,0.0,曇,20.0
20250523,23:00,0.0,22.2,9.0,11.5,43,2.0,北,0.0,0.0,曇,20.0
20250523,24:00,0.0,21.7,9.6,11.9,46,1.9,北,0.0,0.0,曇,20.0
20250524,01:00,0.0,21.3,10.2,12.4,49,1.5,北,0.0,0.0,曇,20.0
20250524,02:00,0.0,21.4,9.0,11.5,45,1.8,北東,0.0,0.0,曇,20.0
20250524,03:00,0.0,21.2,9.5,11.8,47,1.6,北,0.0,0.0,曇,20.0
20250524,04:00,0.0,20.0,10.4,12.6,54,1.3,北,0.0,0.0,雨,9.93
20250524,05:00,0.5,18.2,12.7,14.6,70,4.0,北,0.0,0.00,雨,13.8
20250524,06:00,0.5,17.2,13.1,15.1,77,3.6,北北東,0.0,0.01,雨,13.2
20250524,07:00,3.0,16.7,13.4,15.4,81,4.7,北北東,0.0,0.02,雨,4.84
20250524,08:00,2.5,16.5,13.4,15.4,82,4.4,北北東,0.0,0.17,雨,5.28
20250524,09:00,5.5,16.6,14.1,16.1,85,4.1,北北東,0.0,0.19,雨,3.32
20250524,10:00,4.5,16.8,14.5,16.5,86,5.0,北北東,0.0,0.20,雨,4.21
20250524,11:00,3.5,17.1,14.9,17.0,87,4.5,北北東,0.0,0.16,雨,7.91
20250524,12:00,7.5,17.8,15.6,17.7,87,1.5,北北西,0.0,0.37,雨,6.60
20250524,13:00,7.0,18.1,16.1,18.3,88,2.5,北,0.0,0.34,雨,3.73
20250524,14:00,4.0,18.6,16.6,18.9,88,2.8,北,0.0,0.32,雨,3.45
20250524,15:00,2.5,18.8,17.0,19.3,89,1.0,北北東,0.0,0.19,雨,3.44
20250524,16:00,3.5,18.7,16.7,19.0,88,3.0,北,0.0,0.20,雨,2.86
20250524,17:00,4.5,18.8,16.8,19.1,88,2.2,北,0.0,0.26,雨,5.69
20250524,18:00,0.0,19.1,16.9,19.2,87,2.5,北,0.0,0.14,雨,5.48
20250524,19:00,0.5,19.4,16.8,19.2,85,4.3,北,0.0,0.08,曇,20.0
20250524,20:00,0.0,19.2,17.0,19.4,87,3.7,北,0.0,0.00,雨,4.02
20250524,21:00,1.0,19.1,17.3,19.7,89,2.7,北北東,0.0,0.0,雨,2.46
20250524,22:00,1.5,19.1,17.3,19.7,89,2.4,北北東,0.0,0.0,雨,9.07
20250524,23:00,0.5,19.1,17.3,19.7,89,0.9,南西,0.0,0.0,雨,2.85
20250524,24:00,0.0,19.1,17.3,19.7,89,2.4,南西,0.0,0.0,雨,20.0
20250525,01:00,0.0,19.1,17.3,19.7,89,3.0,南西,0.0,0.0,曇,14.1
20250525,02:00,0.0,19.1,17.3,19.7,89,1.9,西南西,0.0,0.0,曇,20.0
20250525,03:00,0.0,18.6,15.7,17.8,83,4.1,北北東,0.0,0.0,曇,20.0
20250525,04:00,0.0,18.2,12.7,14.6,70,6.5,北,0.0,0.0,曇,20.0
20250525,05:00,0.0,17.9,12.1,14.2,69,4.9,北,0.0,0.00,曇,20.0
20250525,06:00,0.0,17.9,11.9,13.9,68,3.2,北,0.0,0.08,曇,20.0
20250525,07:00,0.0,18.0,11.1,13.2,64,3.1,北,0.0,0.26,曇,20.0
20250525,08:00,0.0,18.2,11.3,13.4,64,2.8,北東,0.0,0.74,曇,20.0
20250525,09:00,0.0,18.4,10.8,12.9,61,3.4,北北東,0.1,0.99,曇,20.0
20250525,10:00,0.0,19.0,10.8,13.0,59,3.0,北東,0.1,1.03,雨,20.0
20250525,11:00,0.0,18.9,10.5,12.7,58,5.2,北東,0.0,0.87,曇,20.0
20250525,12:00,0.0,21.3,11.6,13.7,54,3.2,北,0.2,1.71,曇,20.0
20250525,13:00,0.0,21.5,9.4,11.8,46,5.5,北,0.5,2.63,晴れ,20.0
20250525,14:00,0.0,20.8,9.4,11.8,48,4.9,北,0.2,1.75,曇,20.0
20250525,15:00,0.0,21.1,9.0,11.5,46,6.2,北,0.6,2.28,曇,20.0
20250525,16:00,0.0,20.2,8.9,11.4,48,6.9,北北西,0.5,1.70,曇,20.0
20250525,17:00,0.0,18.9,8.8,11.4,52,7.5,北,0.4,1.16,曇,20.0
20250525,18:00,0.0,18.2,8.8,11.3,54,5.1,北北東,0.3,0.68,晴れ,20.0
20250525,19:00,0.0,17.8,7.5,10.4,51,4.5,北北東,0.9,0.31,晴れ,20.0
20250525,20:00,0.0,17.1,7.7,10.5,54,2.6,北北東,0.0,0.01,晴れ,20.0
20250525,21:00,0.0,16.2,7.9,10.7,58,4.6,北北東,0.0,0.0,晴れ,20.0
20250525,22:00,0.0,15.6,8.1,10.8,61,3.0,北,0.0,0.0,晴れ,20.0
20250525,23:00,0.0,14.8,8.3,10.9,65,3.2,北北東,0.0,0.0,晴れ,20.0
20250525,24:00,0.0,14.3,8.0,10.8,66,1.9,北北東,0.0,0.0,曇,20.0
20250526,01:00,0.0,13.7,8.5,11.1,71,5.6,北,0.0,0.0,曇,20.0
20250526,02:00,0.0,13.0,7.9,10.6,71,5.9,北北東,0.0,0.0,曇,20.0
20250526,03:00,0.0,12.8,7.5,10.3,70,6.7,北北東,0.0,0.0,曇,20.0
20250526,04:00,0.0,12.6,7.3,10.2,70,5.9,北北東,0.0,0.0,曇,20.0
20250526,05:00,0.0,12.3,6.8,9.9,69,6.6,北北東,0.0,0.00,曇,20.0
20250526,06:00,0.0,12.4,6.2,9.5,66,5.5,北北東,0.0,0.11,曇,20.0
20250526,07:00,0.0,13.1,6.2,9.5,63,6.1,北北東,0.4,0.54,曇,20.0
20250526,08:00,0.0,15.1,6.4,9.6,56,3.0,北,0.9,1.27,曇,20.0
20250526,09:00,0.0,16.0,7.0,10.0,55,2.0,北北東,0.1,0.94,曇,20.0
20250526,10:00,0.0,16.9,7.0,10.0,52,1.8,東北東,0.0,1.14,曇,20.0
20250526,11:00,0.0,18.5,6.7,9.8,46,1.2,北西,0.0,1.56,曇,20.0
20250526,12:00,0.0,19.3,6.1,9.4,42,0.9,北,0.1,1.70,曇,20.0
20250526,13:00,0.0,20.9,5.7,9.1,37,1.2,北,0.1,1.87,曇,20.0
20250526,14:00,0.0,21.9,6.2,9.5,36,2.5,北北西,0.2,1.89,曇,20.0
20250526,15:00,0.0,22.2,5.6,9.1,34,0.9,北,0.5,1.86,曇,20.0
20250526,16:00,0.0,21.8,6.9,9.9,38,3.0,南,0.5,1.60,曇,20.0
20250526,17:00,0.0,20.5,8.2,10.9,45,3.5,南西,0.5,1.15,曇,20.0
20250526,18:00,0.0,19.4,8.7,11.3,50,3.3,南西,0.2,0.59,曇,20.0
20250526,19:00,0.0,18.8,8.8,11.3,52,2.8,南西,0.0,0.17,曇,20.0
20250526,20:00,0.0,18.7,8.7,11.2,52,0.6,北西,0.0,0.01,曇,20.0
20250526,21:00,0.0,17.9,9.0,11.5,56,1.6,北,0.0,0.0,曇,20.0
20250526,22:00,0.0,17.1,9.8,12.1,62,3.1,北北東,0.0,0.0,曇,20.0
20250526,23:00,0.0,16.2,9.9,12.2,66,4.2,北,0.0,0.0,曇,20.0
20250526,24:00,0.0,15.9,9.8,12.1,67,4.4,北北東,0.0,0.0,曇,20.0
20250527,01:00,0.0,15.6,9.5,11.9,67,4.6,北,0.0,0.0,曇,20.0
20250527,02:00,0.0,15.1,9.3,11.7,68,5.1,北北東,0.0,0.0,晴れ,20.0
20250527,03:00,0.0,14.6,9.2,11.6,70,6.0,北北東,0.0,0.0,晴れ,20.0
20250527,04:00,0.0,14.1,8.9,11.4,71,5.1,北,0.0,0.0,晴れ,20.0
20250527,05:00,0.0,14.0,8.6,11.2,70,5.7,北北東,0.0,0.00,晴れ,20.0
20250527,06:00,0.0,13.7,8.5,11.1,71,6.2,北,0.3,0.16,曇,20.0
20250527,07:00,0.0,14.2,8.4,11.0,68,5.0,北北東,1.0,0.68,晴れ,20.0
20250527,08:00,0.0,16.9,9.1,11.6,60,3.8,北北東,1.0,1.56,晴れ,20.0
20250527,09:00,0.0,19.5,9.1,11.6,51,1.9,北北西,1.0,2.26,晴れ,20.0
20250527,10:00,0.0,21.4,5.3,8.9,35,0.8,南南東,1.0,2.88,晴れ,20.0
20250527,11:00,0.0,22.2,8.3,11.0,41,2.4,南,1.0,3.33,晴れ,20.0
20250527,12:00,0.0,22.9,7.5,10.3,37,2.6,南西,1.0,3.58,晴れ,20.0
20250527,13:00,0.0,23.5,8.4,11.0,38,3.6,南南西,1.0,3.61,晴れ,20.0
20250527,14:00,0.0,23.5,7.6,10.4,36,4.6,南西,1.0,3.44,晴れ,20.0
20250527,15:00,0.0,24.5,6.3,9.5,31,4.7,南西,1.0,3.01,晴れ,20.0
20250527,16:00,0.0,24.0,4.4,8.4,28,4.5,南西,1.0,2.38,晴れ,19.4
20250527,17:00,0.0,23.8,5.7,9.1,31,3.0,南南西,1.0,1.67,晴れ,20.0
20250527,18:00,0.0,23.5,5.9,9.3,32,3.1,南,1.0,0.92,晴れ,20.0
20250527,19:00,0.0,22.2,8.3,11.0,41,2.9,南西,0.4,0.23,晴れ,20.0
20250527,20:00,0.0,21.4,9.6,12.0,47,1.2,南西,0.0,0.01,晴れ,20.0
20250527,21:00,0.0,21.2,9.8,12.1,48,1.4,北北東,0.0,0.0,晴れ,20.0
20250527,22:00,0.0,20.3,8.9,11.4,48,2.5,北北東,0.0,0.0,晴れ,20.0
20250527,23:00,0.0,19.0,8.4,11.0,50,2.5,北北東,0.0,0.0,晴れ,20.0
20250527,24:00,0.0,18.0,8.3,10.9,53,2.6,北,0.0,0.0,晴れ,20.0
20250528,01:00,0.0,17.2,7.8,10.6,54,2.5,北,0.0,0.0,晴れ,20.0
20250528,02:00,0.0,16.6,7.5,10.4,55,5.6,北北東,0.0,0.0,晴れ,20.0
20250528,03:00,0.0,16.2,6.9,9.9,54,5.8,北北東,0.0,0.0,晴れ,20.0
20250528,04:00,0.0,15.5,7.0,10.0,57,3.8,北北東,0.0,0.0,晴れ,20.0
20250528,05:00,0.0,15.2,6.8,9.8,57,5.3,北北東,0.0,0.00,晴れ,20.0
20250528,06:00,0.0,15.1,6.7,9.8,57,6.8,北北東,0.7,0.19,曇,20.0
20250528,07:00,0.0,16.0,6.7,9.8,54,5.1,北北東,1.0,0.72,晴れ,20.0
20250528,08:00,0.0,18.2,7.3,10.2,49,3.8,北北東,1.0,1.37,晴れ,20.0
20250528,09:00,0.0,20.1,7.5,10.4,44,1.0,北北西,1.0,2.11,晴れ,20.0
20250528,10:00,0.0,22.9,8.6,11.2,40,1.9,東南東,1.0,2.72,晴れ,20.0
20250528,11:00,0.0,23.4,8.7,11.2,39,2.3,南南西,1.0,3.31,晴れ,20.0
20250528,12:00,0.0,24.3,10.2,12.5,41,4.1,南西,1.0,3.57,晴れ,20.0
20250528,13:00,0.0,23.6,10.7,12.8,44,4.3,南西,1.0,3.15,晴れ,20.0
20250528,14:00,0.0,24.4,10.0,12.2,40,4.1,南南西,0.9,2.28,曇,20.0
20250528,15:00,0.0,24.5,9.3,11.7,38,4.7,南西,0.6,2.09,曇,20.0
20250528,16:00,0.0,25.2,8.7,11.2,35,3.6,南西,0.4,1.59,曇,20.0
20250528,17:00,0.0,23.7,10.4,12.6,43,4.1,南西,0.9,1.31,曇,20.0
20250528,18:00,0.0,23.4,10.5,12.7,44,2.4,西南西,0.1,0.62,曇,20.0
20250528,19:00,0.0,22.2,12.2,14.2,53,2.4,南西,0.0,0.17,曇,20.0
20250528,20:00,0.0,22.0,11.1,13.2,50,1.1,西,0.0,0.00,曇,20.0
20250528,21:00,0.0,22.1,11.2,13.3,50,0.6,東南東,0.0,0.0,曇,20.0
20250528,22:00,0.0,21.6,10.8,12.9,50,2.3,北,0.0,0.0,曇,20.0
20250528,23:00,0.0,20.8,9.1,11.5,47,3.5,北,0.0,0.0,曇,20.0
20250528,24:00,0.0,20.2,8.9,11.4,48,2.8,北,0.0,0.0,曇,20.0
20250529,01:00,0.0,19.6,8.0,10.7,47,3.5,北北東,0.0,0.0,曇,20.0
20250529,02:00,0.0,19.1,6.9,10.0,45,3.3,北北東,0.0,0.0,曇,20.0
20250529,03:00,0.0,18.7,6.9,9.9,46,3.4,北北東,0.0,0.0,曇,20.0
20250529,04:00,0.0,18.3,6.8,9.9,47,4.8,北北東,0.0,0.0,曇,20.0
20250529,05:00,0.0,18.0,6.8,9.9,48,4.2,北北東,0.0,0.00,曇,20.0
20250529,06:00,0.0,18.1,6.0,9.3,45,4.0,北北東,0.0,0.06,曇,20.0
20250529,07:00,0.0,18.1,6.6,9.8,47,4.5,北北東,0.0,0.36,曇,20.0
20250529,08:00,0.0,19.2,6.3,9.6,43,3.5,北,0.0,0.82,曇,20.0
20250529,09:00,0.0,20.2,6.9,9.9,42,3.4,北北東,0.0,0.80,曇,20.0
20250529,10:00,0.0,21.4,6.9,9.9,39,1.8,北北東,0.0,1.11,曇,20.0
20250529,11:00,0.0,22.4,6.6,9.8,36,2.1,北東,0.0,1.42,曇,20.0
20250529,12:00,0.0,23.7,8.2,10.8,37,0.9,北北東,0.0,1.78,曇,20.0
20250529,13:00,0.0,23.9,9.1,11.6,39,1.1,南西,0.0,1.62,曇,20.0
20250529,14:00,0.0,23.3,10.0,12.3,43,3.6,南西,0.0,1.33,曇,20.0
20250529,15:00,0.0,22.9,9.7,12.0,43,2.8,南西,0.0,1.18,曇,20.0
20250529,16:00,0.0,22.4,11.8,13.8,51,3.3,南西,0.0,0.62,曇,20.0
20250529,17:00,0.0,21.8,11.2,13.3,51,2.5,南西,0.0,0.43,雨,20.0
20250529,18:00,0.0,21.4,11.7,13.8,54,2.3,南西,0.0,0.18,雨,20.0
20250529,19:00,0.0,21.1,11.4,13.5,54,2.5,南西,0.0,0.09,雨,20.0
20250529,20:00,0.0,20.8,11.7,13.8,56,0.6,南西,0.0,0.01,曇,20.0
20250529,21:00,0.0,20.8,11.7,13.8,56,0.6,南東,0.0,0.0,曇,20.0
20250529,22:00,0.0,20.3,12.5,14.5,61,1.3,西北西,0.0,0.0,曇,20.0
20250529,23:00,0.0,20.1,13.1,15.1,64,1.0,北北西,0.0,0.0,曇,16.7
20250529,24:00,0.0,19.8,12.8,14.8,64,1.7,北北東,0.0,0.0,曇,20.0
20250530,01:00,0.0,19.7,13.4,15.4,67,2.9,北北東,0.0,0.0,曇,20.0
20250530,02:00,0.0,19.6,13.3,15.3,67,3.3,北北東,0.0,0.0,曇,20.0
20250530,03:00,0.0,19.2,13.2,15.1,68,3.9,北北東,0.0,0.0,晴れ,20.0
20250530,04:00,0.0,18.9,12.7,14.6,67,3.9,北北東,0.0,0.0,曇,20.0
20250530,05:00,0.0,19.2,12.2,14.2,64,4.1,北北東,0.0,0.00,曇,20.0
20250530,06:00,0.0,19.1,11.9,13.9,63,3.2,北北東,0.0,0.03,曇,20.0
20250530,07:00,0.0,19.1,12.1,14.2,64,3.4,北,0.0,0.15,曇,20.0
20250530,08:00,0.0,19.5,12.3,14.3,63,3.6,北北東,0.0,0.25,曇,20.0
20250530,09:00,0.0,19.9,11.9,13.9,60,2.6,北,0.0,0.45,曇,20.0
20250530,10:00,0.0,20.6,12.1,14.1,58,1.1,北北東,0.0,0.51,曇,20.0
20250530,11:00,0.0,21.8,12.1,14.1,54,4.0,北北東,0.0,1.25,曇,20.0
20250530,12:00,0.0,23.2,11.6,13.7,48,4.1,北北東,0.0,1.46,曇,20.0
20250530,13:00,0.0,23.9,10.9,13.1,44,5.1,北東,0.0,1.30,曇,20.0
20250530,14:00,0.0,24.7,9.8,12.1,39,4.5,北北東,0.0,1.48,曇,20.0
20250530,15:00,0.0,24.5,11.1,13.2,43,5.4,北,0.0,1.05,曇,20.0
20250530,16:00,0.0,25.2,11.0,13.1,41,7.3,北,0.2,1.44,曇,20.0
20250530,17:00,0.0,24.5,7.6,10.5,34,6.3,北北東,0.4,1.23,曇,20.0
20250530,18:00,0.0,23.8,7.4,10.3,35,7.8,北,0.0,0.59,曇,20.0
20250530,19:00,0.0,22.8,5.3,8.9,32,7.9,北,0.0,0.13,曇,20.0
20250530,20:00,0.0,21.8,6.9,9.9,38,7.2,北,0.0,0.01,晴れ,20.0
20250530,21:00,0.0,20.8,6.7,9.8,40,4.9,北,0.0,0.0,晴れ,20.0
20250530,22:00,0.0,20.2,7.2,10.2,43,6.8,北,0.0,0.0,曇,20.0
20250530,23:00,0.0,19.5,8.5,11.1,49,6.6,北北東,0.0,0.0,曇,20.0
20250530,24:00,0.0,18.8,8.8,11.3,52,6.4,北北東,0.0,0.0,曇,20.0
20250531,01:00,0.0,18.6,8.3,10.9,51,4.7,北北東,0.0,0.0,晴れ,20.0
20250531,02:00,0.0,18.4,6.6,9.7,46,6.9,北北東,0.0,0.0,晴れ,20.0
20250531,03:00,0.0,18.0,6.2,9.5,46,5.7,北東,0.0,0.0,晴れ,20.0
20250531,04:00,0.0,18.0,5.3,8.9,43,4.9,北北東,0.0,0.0,晴れ,20.0
20250531,05:00,0.0,17.9,5.2,8.8,43,2.7,北東,0.0,0.00,晴れ,20.0
20250531,06:00,0.0,17.3,5.6,9.1,46,1.9,北東,0.5,0.16,晴れ,20.0
20250531,07:00,0.0,17.9,5.8,9.2,45,1.4,北北西,1.0,0.76,晴れ,20.0
20250531,08:00,0.0,19.8,5.5,9.0,39,1.5,北北東,1.0,1.51,晴れ,20.0
20250531,09:00,0.0,22.6,6.4,9.6,35,5.5,北,1.0,2.20,晴れ,20.0
20250531,10:00,0.0,23.7,5.1,8.8,30,2.9,北,1.0,2.75,晴れ,20.0
20250531,11:00,0.0,23.9,3.8,8.0,27,5.3,北北東,1.0,3.24,晴れ,20.0
20250531,12:00,0.0,25.3,3.9,8.1,25,6.8,北,1.0,3.51,晴れ,20.0
20250531,13:00,0.0,25.6,2.3,7.2,22,6.7,北北西,1.0,3.56,晴れ,20.0
20250531,14:00,0.0,26.2,1.5,6.8,20,8.5,北,1.0,3.41,晴れ,20.0
20250531,15:00,0.0,26.6,1.8,7.0,20,6.6,北,1.0,3.02,晴れ,20.0
20250531,16:00,0.0,25.2,1.3,6.7,21,7.4,北,1.0,2.45,晴れ,20.0
20250531,17:00,0.0,23.4,1.1,6.6,23,9.3,北北西,1.0,1.74,晴れ,20.0
20250531,18:00,0.0,22.3,1.3,6.7,25,8.1,北北西,1.0,0.85,晴れ,20.0
20250531,19:00,0.0,20.9,4.5,8.4,34,3.7,北,0.6,0.28,晴れ,20.0
20250531,20:00,0.0,19.8,6.2,9.5,41,4.7,北北東,0.0,0.01,晴れ,20.0
20250531,21:00,0.0,19.2,7.6,10.5,47,3.5,北,0.0,0.0,晴れ,20.0
20250531,22:00,0.0,19.0,8.1,10.8,49,3.4,北北東,0.0,0.0,晴れ,20.0
20250531,23:00,0.0,18.7,8.4,11.0,51,2.3,東北東,0.0,0.0,晴れ,20.0
20250531,24:00,0.0,18.3,8.6,11.1,53,1.2,北北東,0.0,0.0,晴れ,20.0
20250601,01:00,0.0,17.6,9.0,11.5,57,1.5,北北東,0.0,0.0,晴れ,20.0
20250601,02:00,0.0,17.5,8.9,11.4,57,2.0,北北東,0.0,0.0,晴れ,20.0
20250601,03:00,0.0,16.1,9.1,11.5,63,2.9,北北東,0.0,0.0,晴れ,20.0
20250601,04:00,0.0,15.4,9.3,11.7,67,2.6,北,0.0,0.0,晴れ,20.0
20250601,05:00,0.0,15.2,9.3,11.7,68,2.0,北,0.0,0.00,晴れ,20.0
20250601,06:00,0.0,15.5,9.2,11.6,66,1.5,北北東,0.5,0.16,晴れ,20.0
20250601,07:00,0.0,15.9,9.3,11.7,65,2.1,北北東,1.0,0.68,晴れ,20.0
20250601,08:00,0.0,17.6,8.7,11.3,56,0.5,北,1.0,1.37,晴れ,20.0
20250601,09:00,0.0,20.4,8.7,11.3,47,1.8,西,1.0,2.08,晴れ,20.0
20250601,10:00,0.0,21.3,7.2,10.1,40,2.9,南西,1.0,2.68,晴れ,20.0
20250601,11:00,0.0,23.6,9.6,11.9,41,2.8,南西,1.0,3.09,晴れ,20.0
20250601,12:00,0.0,22.8,7.4,10.3,37,4.0,南南西,1.0,3.35,晴れ,20.0
20250601,13:00,0.0,23.4,7.5,10.4,36,3.4,南南西,1.0,3.39,晴れ,20.0
20250601,14:00,0.0,24.4,8.4,11.0,36,4.2,南南西,1.0,3.23,晴れ,20.0
20250601,15:00,0.0,24.2,7.8,10.6,35,5.0,南西,1.0,2.84,晴れ,20.0
20250601,16:00,0.0,24.5,10.0,12.3,40,4.0,南南西,1.0,2.29,晴れ,20.0
20250601,17:00,0.0,24.3,10.9,13.1,43,2.7,南西,1.0,1.51,晴れ,20.0
20250601,18:00,0.0,24.2,11.2,13.3,44,1.9,南南西,1.0,0.91,晴れ,20.0
20250601,19:00,0.0,23.6,11.0,13.1,45,1.5,西,0.4,0.27,晴れ,20.0
20250601,20:00,0.0,23.3,11.7,13.7,48,1.3,西,0.0,0.01,晴れ,20.0
20250601,21:00,0.0,22.9,11.6,13.7,49,0.7,南西,0.0,0.0,晴れ,20.0
20250601,22:00,0.0,21.9,11.3,13.4,51,1.6,北北東,0.0,0.0,晴れ,20.0
20250601,23:00,0.0,20.8,10.3,12.5,51,3.0,北北東,0.0,0.0,晴れ,20.0
20250601,24:00,0.0,20.1,9.7,12.0,51,2.7,北,0.0,0.0,晴れ,20.0
20250602,01:00,0.0,19.4,9.0,11.5,51,4.4,北北東,0.0,0.0,晴れ,20.0
20250602,02:00,0.0,18.8,9.3,11.7,54,2.2,北北東,0.0,0.0,曇,20.0
20250602,03:00,0.0,18.2,9.3,11.7,56,3.7,北北東,0.0,0.0,曇,20.0
20250602,04:00,0.0,17.9,9.0,11.5,56,4.8,北北東,0.0,0.0,曇,20.0
20250602,05:00,0.0,17.5,9.4,11.8,59,3.6,北,0.0,0.00,晴れ,20.0
20250602,06:00,0.0,17.4,9.3,11.7,59,2.6,北,0.2,0.15,曇,20.0
20250602,07:00,0.0,18.2,9.6,11.9,57,4.8,北北東,0.5,0.60,曇,20.0
20250602,08:00,0.0,19.9,9.8,12.1,52,2.3,北,0.7,1.08,曇,20.0
20250602,09:00,0.0,21.4,9.3,11.7,46,1.1,北北西,0.1,1.34,曇,20.0
20250602,10:00,0.0,22.3,9.5,11.8,44,1.8,西南西,0.0,1.52,曇,20.0
20250602,11:00,0.0,23.2,9.6,11.9,42,1.3,西北西,0.0,1.32,曇,20.0
20250602,12:00,0.0,23.9,10.9,13.1,44,1.6,西北西,0.0,1.32,曇,20.0
20250602,13:00,0.0,24.0,10.7,12.8,43,2.3,南西,0.0,1.26,曇,20.0
20250602,14:00,0.0,23.6,11.3,13.4,46,2.7,南南西,0.0,1.23,曇,20.0
20250602,15:00,0.0,23.0,12.0,14.1,50,2.0,西南西,0.0,0.96,曇,20.0
20250602,16:00,0.0,22.7,10.5,12.7,46,3.5,南,0.0,0.74,曇,20.0
20250602,17:00,0.0,22.5,11.3,13.4,49,4.1,南,0.0,0.36,雨,19.8
20250602,18:00,0.0,20.8,12.0,14.0,57,4.5,南,0.0,0.29,曇,20.0
20250602,19:00,0.0,20.6,12.8,14.8,61,2.1,南西,0.0,0.08,雨,20.0
20250602,20:00,0.0,20.2,12.7,14.7,62,1.8,南,0.0,0.00,曇,20.0
20250602,21:00,0.0,20.3,12.8,14.8,62,1.8,南南西,0.0,0.0,曇,20.0
20250602,22:00,0.0,19.5,13.5,15.4,68,1.4,西南西,0.0,0.0,雨,10.7
20250602,23:00,1.5,18.6,14.9,16.9,79,0.6,北北東,0.0,0.0,雨,5.23
20250602,24:00,4.0,17.9,15.2,17.2,84,1.6,北東,0.0,0.0,雨,4.21
20250603,01:00,1.5,17.7,15.2,17.2,85,2.3,北北東,0.0,0.0,雨,4.14
20250603,02:00,2.5,17.5,15.3,17.4,87,3.2,北,0.0,0.0,雨,2.94
20250603,03:00,7.0,17.6,15.6,17.7,88,1.7,北北東,0.0,0.0,雨,2.97
20250603,04:00,4.5,17.6,15.6,17.7,88,1.9,北,0.0,0.0,雨,4.01
20250603,05:00,5.0,17.5,15.7,17.8,89,2.3,北,0.0,0.00,雨,4.82
20250603,06:00,6.5,17.5,15.7,17.8,89,3.1,北,0.0,0.01,雨,1.98
20250603,07:00,3.5,17.8,16.0,18.1,89,3.2,北北東,0.0,0.14,雨,2.18
20250603,08:00,1.5,17.9,15.9,18.0,88,2.6,北北東,0.0,0.24,雨,2.40
20250603,09:00,0.5,18.8,16.4,18.7,86,2.0,北,0.0,0.55,雨,3.95
20250603,10:00,0.0,19.2,16.4,18.7,84,1.9,北,0.0,0.81,雨,4.50
20250603,11:00,0.5,19.4,16.8,19.2,85,1.4,北,0.0,0.75,雨,3.41
20250603,12:00,0.5,20.3,17.3,19.8,83,0.4,北,0.0,1.25,雨,6.20
20250603,13:00,0.0,20.3,17.3,19.8,83,2.2,西南西,0.0,0.82,曇,20.0
20250603,14:00,0.0,20.9,16.7,19.0,77,2.6,南西,0.0,1.01,曇,20.0
20250603,15:00,0.0,21.2,16.0,18.1,72,2.8,南南西,0.1,1.53,曇,20.0
20250603,16:00,0.0,20.9,16.3,18.5,75,2.7,南西,0.0,0.52,曇,20.0
20250603,17:00,0.0,20.5,16.1,18.3,76,3.0,南西,0.0,0.35,曇,20.0
20250603,18:00,0.0,20.6,16.4,18.7,77,2.2,南西,0.0,0.18,曇,20.0
20250603,19:00,0.0,20.5,16.1,18.3,76,1.4,南西,0.0,0.08,晴れ,20.0
20250603,20:00,0.0,20.0,16.5,18.7,80,2.0,南西,0.0,0.01,晴れ,20.0
20250603,21:00,0.0,19.8,16.7,18.9,82,1.8,西南西,0.0,0.0,晴れ,20.0
20250603,22:00,0.0,19.7,16.6,18.8,82,1.4,南西,0.0,0.0,曇,14.5
20250603,23:00,0.0,19.5,16.4,18.6,82,2.5,南南西,0.0,0.0,晴れ,16.1
20250603,24:00,0.0,19.0,16.1,18.2,83,2.0,南,0.0,0.0,晴れ,15.8
20250604,01:00,0.0,18.9,16.0,18.1,83,1.1,西南西,0.0,0.0,曇,14.3
20250604,02:00,0.0,18.4,15.1,17.1,81,1.1,北,0.0,0.0,曇,20.0
20250604,03:00,0.0,18.4,15.1,17.1,81,1.4,北,0.0,0.0,曇,20.0
20250604,04:00,0.0,18.2,14.9,16.9,81,0.7,北北東,0.0,0.0,曇,20.0
20250604,05:00,0.0,17.8,14.5,16.5,81,1.9,北,0.0,0.00,曇,20.0
20250604,06:00,0.0,17.6,14.5,16.5,82,1.1,北,0.0,0.10,晴れ,20.0
20250604,07:00,0.0,18.4,14.5,16.5,78,0.9,北,0.0,0.35,曇,20.0
20250604,08:00,0.0,19.4,14.2,16.2,72,1.5,東北東,0.4,1.17,晴れ,20.0
20250604,09:00,0.0,21.2,13.9,15.9,63,1.9,南南東,0.8,1.88,晴れ,19.1
20250604,10:00,0.0,22.8,11.9,13.9,50,2.7,南,1.0,2.87,晴れ,20.0
20250604,11:00,0.0,24.6,9.4,11.8,38,4.0,南,1.0,3.35,晴れ,20.0
20250604,12:00,0.0,25.6,6.8,9.9,30,3.2,南南西,1.0,3.60,晴れ,20.0
20250604,13:00,0.0,26.3,5.8,9.2,27,3.9,西南西,1.0,3.69,晴れ,20.0
20250604,14:00,0.0,27.1,3.6,7.9,22,2.7,南,1.0,3.47,晴れ,20.0
20250604,15:00,0.0,27.7,4.1,8.2,22,4.3,南,1.0,3.07,晴れ,20.0
20250604,16:00,0.0,27.8,5.4,9.0,24,4.1,南,1.0,2.49,晴れ,20.0
20250604,17:00,0.0,26.5,6.5,9.7,28,3.9,南,1.0,1.78,晴れ,20.0
20250604,18:00,0.0,26.8,5.7,9.2,26,3.3,南,1.0,1.01,晴れ,20.0
20250604,19:00,0.0,25.2,6.9,9.9,31,3.2,南,0.9,0.34,晴れ,20.0
20250604,20:00,0.0,25.0,5.8,9.2,29,1.3,南,0.0,0.01,晴れ,20.0
20250604,21:00,0.0,25.0,4.2,8.2,26,3.1,南西,0.0,0.0,晴れ,20.0
20250604,22:00,0.0,23.9,6.7,9.8,33,3.3,南南西,0.0,0.0,晴れ,20.0
20250604,23:00,0.0,22.8,8.5,11.1,40,4.4,南西,0.0,0.0,晴れ,20.0
20250604,24:00,0.0,21.9,9.1,11.6,44,3.6,南南西,0.0,0.0,晴れ,20.0
20250605,01:00,0.0,21.3,9.9,12.2,48,2.4,南南西,0.0,0.0,晴れ,20.0
20250605,02:00,0.0,18.4,9.5,11.9,56,2.4,北北東,0.0,0.0,晴れ,20.0
20250605,03:00,0.0,17.7,9.6,12.0,59,2.6,北,0.0,0.0,晴れ,20.0
20250605,04:00,0.0,16.9,9.8,12.1,63,3.1,北北東,0.0,0.0,晴れ,20.0
20250605,05:00,0.0,16.6,10.0,12.3,65,3.5,北北東,0.0,0.00,晴れ,20.0
20250605,06:00,0.0,16.2,10.1,12.3,67,4.8,北,0.7,0.19,晴れ,20.0
20250605,07:00,0.0,17.3,10.2,12.4,63,1.5,北,1.0,0.81,晴れ,20.0
20250605,08:00,0.0,20.5,10.9,13.0,54,1.6,北北東,1.0,1.53,晴れ,20.0
20250605,09:00,0.0,23.1,10.2,12.4,44,0.9,北北西,1.0,2.28,晴れ,20.0
20250605,10:00,0.0,25.0,8.5,11.1,35,1.1,南南東,1.0,2.89,晴れ,20.0
20250605,11:00,0.0,25.0,11.2,13.3,42,5.4,南西,1.0,3.31,晴れ,20.0
20250605,12:00,0.0,24.6,10.9,13.0,42,6.0,南西,1.0,3.56,晴れ,20.0
20250605,13:00,0.0,25.8,10.0,12.3,37,4.4,南,1.0,3.58,晴れ,20.0
20250605,14:00,0.0,26.3,9.6,12.0,35,4.1,南南西,1.0,3.39,晴れ,20.0
20250605,15:00,0.0,27.2,7.1,10.1,28,4.7,南南西,1.0,2.98,晴れ,20.0
20250605,16:00,0.0,27.1,7.6,10.4,29,5.1,南南西,1.0,2.39,晴れ,20.0
20250605,17:00,0.0,26.4,7.5,10.3,30,3.3,南,1.0,1.69,晴れ,20.0
20250605,18:00,0.0,25.7,6.9,9.9,30,3.5,南,1.0,0.88,晴れ,20.0
20250605,19:00,0.0,25.4,6.6,9.7,30,1.9,南南西,0.2,0.23,曇,20.0
20250605,20:00,0.0,24.7,7.8,10.6,34,1.0,西南西,0.0,0.01,曇,20.0
20250605,21:00,0.0,24.0,10.0,12.2,41,0.6,南南西,0.0,0.0,曇,20.0
20250605,22:00,0.0,23.0,10.5,12.6,45,0.4,南,0.0,0.0,曇,20.0
20250605,23:00,0.0,21.7,9.9,12.2,47,1.5,北北西,0.0,0.0,曇,20.0
20250605,24:00,0.0,20.5,10.6,12.8,53,1.2,北,0.0,0.0,晴れ,20.0
20250606,01:00,0.0,19.9,10.9,13.0,56,2.5,北,0.0,0.0,曇,20.0
20250606,02:00,0.0,19.1,10.7,12.8,58,2.8,北北東,0.0,0.0,曇,20.0
20250606,03:00,0.0,18.6,10.9,13.1,61,3.4,北,0.0,0.0,曇,20.0
20250606,04:00,0.0,18.2,10.6,12.8,61,3.0,北北東,0.0,0.0,曇,20.0
20250606,05:00,0.0,17.7,11.1,13.2,65,3.5,北,0.0,0.00,曇,20.0
20250606,06:00,0.0,17.5,11.3,13.4,67,3.7,北北東,0.0,0.09,曇,20.0
20250606,07:00,0.0,18.5,11.3,13.4,63,2.1,北北東,0.8,0.79,曇,20.0
20250606,08:00,0.0,20.5,11.2,13.3,55,0.7,北北西,0.9,1.41,曇,20.0
20250606,09:00,0.0,23.3,11.7,13.7,48,0.7,北北西,1.0,1.93,晴れ,20.0
20250606,10:00,0.0,24.4,10.0,12.2,40,4.6,南,0.8,2.53,曇,20.0
20250606,11:00,0.0,25.1,10.9,13.1,41,4.3,南南東,0.8,2.71,曇,20.0
20250606,12:00,0.0,24.9,11.5,13.5,43,5.0,南,0.1,1.84,曇,20.0
20250606,13:00,0.0,25.2,12.4,14.4,45,5.5,南,0.1,1.82,曇,20.0
20250606,14:00,0.0,26.0,13.2,15.1,45,3.7,南,0.4,1.83,曇,20.0
20250606,15:00,0.0,26.1,12.6,14.5,43,4.7,南南西,0.5,1.96,曇,20.0
20250606,16:00,0.0,26.0,10.6,12.8,38,3.9,南南西,0.5,1.72,曇,20.0
20250606,17:00,0.0,25.9,10.5,12.7,38,5.3,南南西,0.2,1.04,曇,20.0
20250606,18:00,0.0,25.5,10.6,12.7,39,4.4,南,0.0,0.44,曇,20.0
20250606,19:00,0.0,24.9,11.5,13.5,43,3.0,南南東,0.0,0.10,曇,20.0
20250606,20:00,0.0,24.5,11.8,13.8,45,2.5,南,0.0,0.00,曇,20.0
20250606,21:00,0.0,24.2,12.2,14.2,47,3.2,南南西,0.0,0.0,曇,20.0
20250606,22:00,0.0,23.7,12.7,14.7,50,2.6,南,0.0,0.0,曇,20.0
20250606,23:00,0.0,23.2,13.1,15.1,53,1.6,南西,0.0,0.0,曇,20.0
20250606,24:00,0.0,22.8,14.1,16.1,58,0.9,南西,0.0,0.0,曇,20.0
20250607,01:00,0.0,22.8,13.6,15.5,56,0.9,南,0.0,0.0,曇,20.0
20250607,02:00,0.0,22.5,14.4,16.4,60,1.0,北,0.0,0.0,曇,20.0
20250607,03:00,0.0,22.0,14.2,16.1,61,1.3,北北東,0.0,0.0,曇,20.0
20250607,04:00,0.0,21.4,14.1,16.1,63,2.1,北北東,0.0,0.0,曇,20.0
20250607,05:00,0.0,20.7,14.4,16.4,67,1.9,北北東,0.0,0.00,曇,20.0
20250607,06:00,0.0,20.5,14.2,16.2,67,2.5,北北東,0.0,0.13,曇,20.0
20250607,07:00,0.0,21.2,14.8,16.9,67,2.2,北,0.6,0.70,曇,20.0
20250607,08:00,0.0,22.7,15.1,17.1,62,1.8,北北東,0.4,1.07,曇,20.0
20250607,09:00,0.0,23.8,15.6,17.7,60,1.0,北北東,0.0,0.91,曇,20.0
20250607,10:00,0.0,23.8,15.8,18.0,61,2.7,南西,0.0,1.00,雨,19.1
20250607,11:00,0.0,23.7,15.8,17.9,61,3.0,南西,0.0,1.02,雨,18.5
20250607,12:00,0.0,24.0,16.0,18.2,61,1.4,南南西,0.0,0.97,雨,19.3
20250607,13:00,0.0,23.9,15.2,17.2,58,2.3,西南西,0.0,0.89,曇,20.0
20250607,14:00,0.0,25.2,15.0,17.0,53,2.5,南,0.5,2.17,曇,20.0
20250607,15:00,0.0,25.6,15.3,17.4,53,4.3,南,0.9,2.59,曇,20.0
20250607,16:00,0.0,25.6,15.0,17.1,52,2.7,南,0.6,1.98,曇,20.0
20250607,17:00,0.0,25.1,16.3,18.5,58,3.0,南南西,0.0,0.64,曇,20.0
20250607,18:00,0.0,24.3,16.3,18.5,61,3.1,南西,0.0,0.50,曇,20.0
20250607,19:00,0.0,23.7,15.5,17.6,60,2.7,南西,0.3,0.27,曇,20.0
20250607,20:00,0.0,23.4,16.0,18.1,63,3.1,南南西,0.0,0.01,曇,20.0
20250607,21:00,0.0,23.0,15.8,18.0,64,2.6,南西,0.0,0.0,曇,19.8
20250607,22:00,0.0,22.6,16.2,18.4,67,1.7,南南西,0.0,0.0,曇,19.3
20250607,23:00,0.0,22.3,16.1,18.3,68,1.8,南西,0.0,0.0,曇,18.8
20250607,24:00,0.0,22.4,16.4,18.7,69,1.8,南南西,0.0,0.0,曇,16.4
20250608,01:00,0.0,22.2,16.5,18.7,70,1.7,南,0.0,0.0,曇,15.7
20250608,02:00,0.0,22.1,16.8,19.2,72,1.5,東南東,0.0,0.0,曇,14.6
20250608,03:00,0.0,21.7,16.7,19.0,73,0.5,北東,0.0,0.0,曇,14.6
20250608,04:00,0.0,21.2,16.6,18.9,75,0.8,東北東,0.0,0.0,曇,15.0
20250608,05:00,0.0,21.1,16.5,18.8,75,2.1,北北東,0.0,0.00,曇,14.4
20250608,06:00,0.0,20.9,16.5,18.8,76,3.4,北,0.0,0.06,曇,13.4
20250608,07:00,0.0,21.2,16.6,18.9,75,1.0,南,0.0,0.15,曇,10.4
20250608,08:00,0.0,21.8,16.8,19.1,73,2.2,北北東,0.0,0.28,曇,14.3
20250608,09:00,0.0,22.9,16.5,18.7,67,1.1,南東,0.0,0.98,曇,10.1
20250608,10:00,0.0,24.1,16.6,18.9,63,1.0,北北東,0.0,1.20,曇,15.6
20250608,11:00,0.0,24.0,16.8,19.1,64,2.5,南西,0.0,0.84,曇,15.6
20250608,12:00,0.0,23.2,17.2,19.6,69,2.2,南南西,0.0,0.32,雨,13.2
20250608,13:00,0.0,23.0,17.7,20.2,72,2.5,南西,0.0,0.47,雨,9.62
20250608,14:00,0.0,23.0,17.7,20.2,72,5.1,南,0.0,0.71,曇,10.7
20250608,15:00,0.0,22.5,18.3,21.0,77,1.2,西,0.0,0.32,雨,7.83
20250608,16:00,0.5,22.6,18.4,21.1,77,2.3,南南東,0.0,0.32,雨,5.50
20250608,17:00,0.0,22.5,18.7,21.5,79,1.3,西,0.0,0.32,雨,8.45
20250608,18:00,0.0,22.4,18.0,20.6,76,1.3,南西,0.0,0.30,曇,11.4
20250608,19:00,0.0,22.0,18.0,20.6,78,2.5,南西,0.0,0.12,曇,10.5
20250608,20:00,0.0,21.6,18.2,20.9,81,1.0,西南西,0.0,0.02,曇,8.34
20250608,21:00,0.0,21.5,18.3,21.0,82,2.1,西南西,0.0,0.0,曇,7.47
20250608,22:00,0.0,21.3,18.1,20.8,82,1.6,南南西,0.0,0.0,曇,8.31
20250608,23:00,0.0,21.2,17.8,20.4,81,1.3,南,0.0,0.0,曇,8.91
20250608,24:00,0.0,21.0,17.2,19.7,79,2.2,南南西,0.0,0.0,曇,14.1
20250609,01:00,0.0,20.8,16.8,19.2,78,3.3,南西,0.0,0.0,曇,15.3
20250609,02:00,0.0,20.9,16.7,19.0,77,1.2,東南東,0.0,0.0,曇,15.5
20250609,03:00,0.0,20.7,16.5,18.8,77,1.3,西,0.0,0.0,曇,16.1
20250609,04:00,0.0,20.7,16.9,19.3,79,1.5,北東,0.0,0.0,曇,13.1
20250609,05:00,0.0,20.6,16.8,19.2,79,1.2,北北東,0.0,0.00,曇,11.6
20250609,06:00,0.0,20.5,16.9,19.3,80,2.2,北北東,0.0,0.09,曇,11.6
20250609,07:00,0.0,20.8,16.6,18.9,77,2.5,北北東,0.0,0.31,曇,12.6
20250609,08:00,0.0,21.7,16.4,18.7,72,1.4,北,0.0,0.70,曇,12.2
20250609,09:00,0.0,22.1,16.4,18.6,70,1.6,北北東,0.0,0.57,雨,8.82
20250609,10:00,0.0,22.3,15.9,18.0,67,1.6,北北東,0.0,0.49,雨,7.59
20250609,11:00,0.0,22.5,16.1,18.3,67,0.8,東北東,0.0,0.69,雨,6.15
20250609,12:00,0.5,22.3,17.0,19.4,72,0.6,南南東,0.0,0.57,雨,4.49
20250609,13:00,0.0,21.7,17.3,19.7,76,3.0,南南西,0.0,0.67,雨,5.14
20250609,14:00,0.0,21.4,17.8,20.4,80,2.0,西南西,0.0,0.77,雨,5.15
20250609,15:00,0.0,22.3,17.7,20.2,75,0.9,北西,0.0,0.68,雨,7.27
20250609,16:00,0.0,22.7,17.2,19.6,71,0.7,北東,0.0,0.52,雨,8.50
20250609,17:00,0.0,22.9,16.7,19.0,68,2.1,東,0.0,0.46,雨,7.54
20250609,18:00,0.0,22.7,17.2,19.6,71,1.7,南東,0.0,0.21,雨,8.59
20250609,19:00,0.0,22.1,17.7,20.2,76,1.3,南南東,0.0,0.07,雨,6.48
20250609,20:00,0.5,21.2,18.2,20.9,83,1.7,西,0.0,0.00,雨,4.02
20250609,21:00,0.0,21.4,18.2,20.9,82,1.5,北東,0.0,0.0,雨,3.99
20250609,22:00,0.0,20.4,18.0,20.6,86,2.4,北,0.0,0.0,雨,1.95
20250609,23:00,0.5,20.4,18.4,21.1,88,1.9,北,0.0,0.0,雨,5.08
20250609,24:00,1.0,20.3,18.3,21.0,88,0.9,北西,0.0,0.0,雨,3.43
20250610,01:00,0.0,20.1,18.4,21.2,90,1.3,北北西,0.0,0.0,雨,2.42
20250610,02:00,0.5,20.0,18.5,21.3,91,0.9,北,0.0,0.0,雨,1.69
20250610,03:00,1.0,19.9,18.4,21.1,91,1.0,北,0.0,0.0,雨,2.10
20250610,04:00,0.5,20.2,18.7,21.5,91,1.5,北,0.0,0.0,雨,4.40
20250610,05:00,0.5,20.2,18.5,21.3,90,2.2,北,0.0,0.00,雨,5.30
20250610,06:00,4.5,20.1,18.6,21.4,91,1.8,北北西,0.0,0.01,雨,3.57
20250610,07:00,5.5,20.2,18.5,21.3,90,1.8,北北東,0.0,0.06,雨,5.48
20250610,08:00,3.5,20.4,18.5,21.3,89,1.7,北北東,0.0,0.11,雨,4.11
20250610,09:00,1.5,20.9,18.7,21.5,87,0.5,北北西,0.0,0.25,雨,13.1
20250610,10:00,1.5,20.9,18.7,21.5,87,1.7,南,0.0,0.14,雨,13.2
20250610,11:00,0.5,21.1,18.5,21.3,85,1.3,南南西,0.0,0.44,雨,8.97
20250610,12:00,3.5,21.2,19.0,21.9,87,2.2,西,0.0,0.57,雨,3.16
20250610,13:00,1.0,21.2,18.8,21.7,86,1.9,南西,0.0,0.31,雨,9.54
20250610,14:00,0.5,21.1,18.9,21.8,87,1.3,西南西,0.0,0.31,雨,11.1
20250610,15:00,0.5,21.4,19.0,21.9,86,0.3,北北東,0.0,0.36,雨,4.49
20250610,16:00,5.0,21.3,19.2,22.3,88,1.0,北,0.0,0.18,雨,4.84
20250610,17:00,2.0,21.5,19.8,23.1,90,1.1,東南東,0.0,0.12,雨,3.60
20250610,18:00,1.5,21.5,19.8,23.1,90,1.1,北,0.0,0.08,雨,3.39
20250610,19:00,1.0,21.9,20.2,23.7,90,2.2,南東,0.0,0.06,曇,9.51
20250610,20:00,0.0,21.8,20.1,23.5,90,0.9,西北西,0.0,0.00,曇,9.34
20250610,21:00,0.0,22.1,20.2,23.7,89,1.6,南南西,0.0,0.0,雨,9.70
20250610,22:00,0.0,22.1,20.2,23.7,89,1.6,南西,0.0,0.0,曇,8.73
20250610,23:00,0.0,22.0,20.3,23.8,90,1.0,南南西,0.0,0.0,曇,5.61
20250610,24:00,0.0,22.2,20.5,24.1,90,2.5,南南西,0.0,0.0,曇,7.07
20250611,01:00,0.0,22.2,20.3,23.8,89,1.7,南西,0.0,0.0,雨,7.37
20250611,02:00,0.5,22.2,20.5,24.1,90,0.5,北北東,0.0,0.0,雨,4.70
20250611,03:00,0.5,21.8,19.9,23.2,89,3.2,南西,0.0,0.0,雨,4.76
20250611,04:00,1.0,21.0,18.8,21.6,87,1.8,南南西,0.0,0.0,雨,15.7
20250611,05:00,2.5,20.3,18.1,20.7,87,1.3,南南東,0.0,0.00,雨,5.33
20250611,06:00,4.5,20.1,18.1,20.7,88,2.1,南,0.0,0.01,雨,5.18
20250611,07:00,2.5,20.1,18.1,20.7,88,2.1,南南西,0.0,0.09,雨,3.41
20250611,08:00,0.0,20.1,17.9,20.5,87,2.4,南,0.0,0.19,雨,12.7
20250611,09:00,0.5,20.6,18.0,20.6,85,3.4,南南西,0.0,0.43,雨,12.8
20250611,10:00,0.0,19.8,17.0,19.4,84,4.1,南南西,0.0,0.30,雨,20.0
20250611,11:00,0.0,20.1,17.1,19.5,83,3.4,南,0.0,0.42,曇,20.0
20250611,12:00,0.0,21.0,17.0,19.4,78,3.0,南西,0.0,0.66,曇,20.0
20250611,13:00,0.0,22.2,17.4,19.8,74,0.6,北東,0.0,1.50,曇,20.0
20250611,14:00,0.0,23.0,17.0,19.4,69,0.7,北北西,0.0,1.55,曇,20.0
20250611,15:00,0.0,23.9,17.4,19.9,67,2.2,南,0.0,1.26,曇,20.0
20250611,16:00,0.0,22.7,17.2,19.6,71,1.8,南西,0.0,0.96,曇,20.0
20250611,17:00,0.0,22.9,16.9,19.3,69,1.1,西南西,0.0,0.50,曇,20.0
20250611,18:00,0.0,22.9,16.7,19.0,68,2.0,南西,0.0,0.34,曇,20.0
20250611,19:00,0.0,22.9,16.7,19.0,68,1.4,西,0.0,0.08,曇,20.0
20250611,20:00,0.0,22.6,17.1,19.5,71,0.9,北北西,0.0,0.01,曇,20.0
20250611,21:00,0.0,22.4,17.6,20.1,74,0.8,北,0.0,0.0,曇,20.0
20250611,22:00,0.0,21.7,17.1,19.5,75,1.5,西南西,0.0,0.0,曇,16.7
20250611,23:00,0.0,21.1,17.5,20.0,80,1.2,北,0.0,0.0,曇,11.7
20250611,24:00,0.0,21.4,18.0,20.6,81,2.1,北,0.0,0.0,曇,13.5
20250612,01:00,0.0,20.9,17.9,20.5,83,2.2,北北東,0.0,0.0,晴れ,12.4
20250612,02:00,0.0,20.9,17.1,19.5,79,4.2,北東,0.0,0.0,晴れ,12.8
20250612,03:00,0.0,20.6,17.2,19.7,81,2.6,北北東,0.0,0.0,曇,12.7
20250612,04:00,0.0,20.7,16.3,18.6,76,4.1,北,0.0,0.0,曇,20.0
20250612,05:00,0.0,20.6,16.2,18.4,76,3.7,北北東,0.0,0.00,曇,20.0
20250612,06:00,0.0,20.5,15.5,17.6,73,3.7,北北東,0.0,0.05,曇,20.0
20250612,07:00,0.0,20.7,15.9,18.1,74,3.0,北北東,0.0,0.20,曇,20.0
20250612,08:00,0.0,20.9,15.7,17.8,72,2.2,北北東,0.0,0.25,曇,20.0
20250612,09:00,0.0,21.6,16.6,18.8,73,0.6,北,0.0,0.41,雨,20.0
20250612,10:00,0.0,22.7,16.3,18.5,67,0.8,東南東,0.2,1.53,曇,19.2
20250612,11:00,0.0,23.3,16.8,19.2,67,1.6,南南東,0.0,1.60,曇,15.6
20250612,12:00,0.0,24.8,16.8,19.1,61,2.1,南西,0.0,1.63,曇,18.8
20250612,13:00,0.0,24.1,15.9,18.0,60,2.2,南西,0.2,2.29,曇,18.4
20250612,14:00,0.0,25.6,15.6,17.7,54,1.7,西南西,0.3,2.17,曇,20.0
20250612,15:00,0.0,24.7,14.8,16.8,54,4.2,南西,0.0,1.35,曇,20.0
20250612,16:00,0.0,25.0,15.1,17.1,54,2.7,南,0.3,1.55,曇,20.0
20250612,17:00,0.0,23.8,15.3,17.4,59,3.6,南南西,0.0,0.58,曇,20.0
20250612,18:00,0.0,23.1,14.9,17.0,60,2.1,南西,0.0,0.30,曇,20.0
20250612,19:00,0.0,22.5,14.4,16.4,60,2.5,南南西,0.0,0.07,雨,20.0
20250612,20:00,0.0,22.4,15.0,17.1,63,2.0,南南東,0.0,0.00,雨,20.0
20250612,21:00,0.0,21.8,14.5,16.5,63,1.8,西南西,0.0,0.0,曇,20.0
20250612,22:00,0.0,21.5,15.4,17.4,68,1.4,南南西,0.0,0.0,曇,20.0
20250612,23:00,0.0,21.2,16.2,18.4,73,0.7,北,0.0,0.0,曇,20.0
20250612,24:00,0.0,21.1,16.3,18.5,74,0.4,北北西,0.0,0.0,曇,20.0
20250613,01:00,0.0,21.0,16.6,18.9,76,0.7,南西,0.0,0.0,曇,20.0
20250613,02:00,0.0,20.4,16.7,18.9,79,1.4,西,0.0,0.0,曇,20.0
20250613,03:00,0.5,20.2,17.2,19.7,83,1.3,南南西,0.0,0.0,雨,9.51
20250613,04:00,0.5,19.7,17.3,19.7,86,0.3,南西,0.0,0.0,雨,5.06
20250613,05:00,1.0,19.9,17.7,20.2,87,0.4,北北東,0.0,0.00,曇,6.96
20250613,06:00,0.0,20.3,17.7,20.2,85,1.3,北北東,0.0,0.04,曇,8.35
20250613,07:00,0.0,20.8,17.8,20.4,83,0.8,北北西,0.0,0.23,曇,11.7
20250613,08:00,0.0,21.2,17.4,19.9,79,1.2,北北西,0.0,0.45,曇,13.3
20250613,09:00,0.0,22.0,17.0,19.3,73,1.4,北東,0.0,0.79,曇,13.9
20250613,10:00,0.0,22.7,17.4,19.9,72,1.1,南東,0.0,0.92,曇,15.6
20250613,11:00,0.0,23.7,17.9,20.5,70,0.8,南西,0.0,1.23,曇,15.4
20250613,12:00,0.0,24.0,18.2,20.9,70,3.2,南,0.0,1.52,曇,11.8
20250613,13:00,0.0,23.7,18.4,21.1,72,1.9,南西,0.0,1.21,曇,13.9
20250613,14:00,0.0,24.4,18.6,21.4,70,2.7,南西,0.1,2.15,曇,16.5
20250613,15:00,0.0,24.2,18.4,21.1,70,3.6,南南西,0.0,1.64,曇,18.2
20250613,16:00,0.0,25.1,18.6,21.4,67,2.0,南,0.0,1.48,曇,19.4
20250613,17:00,0.0,25.0,18.9,21.9,69,2.3,南南西,0.0,0.88,曇,20.0
20250613,18:00,0.0,24.7,19.1,22.1,71,2.3,南,0.0,0.37,曇,20.0
20250613,19:00,0.0,24.1,19.0,21.9,73,2.5,南西,0.0,0.08,曇,18.3
20250613,20:00,0.0,24.3,19.2,22.2,73,1.8,南西,0.0,0.00,曇,20.0
20250613,21:00,0.0,24.0,19.1,22.1,74,2.1,南西,0.0,0.0,曇,19.6
20250613,22:00,0.0,24.0,19.1,22.1,74,1.4,西南西,0.0,0.0,曇,20.0
20250613,23:00,0.0,24.1,19.4,22.5,75,0.8,南南西,0.0,0.0,雨,17.2
20250613,24:00,0.0,23.5,19.9,23.2,80,1.2,北,0.0,0.0,雨,6.22
20250614,01:00,1.0,23.0,20.5,24.2,86,1.6,北北西,0.0,0.0,雨,6.54
20250614,02:00,0.5,23.1,20.6,24.3,86,0.3,北西,0.0,0.0,雨,8.51
20250614,03:00,0.0,23.1,20.6,24.3,86,1.2,南南西,0.0,0.0,雨,5.82
20250614,04:00,0.0,22.7,20.2,23.7,86,0.8,南南西,0.0,0.0,曇,6.17
20250614,05:00,0.0,22.8,20.3,23.9,86,1.4,南西,0.0,0.00,曇,6.56
20250614,06:00,0.0,22.5,19.9,23.2,85,0.8,南西,0.0,0.02,雨,6.19
20250614,07:00,0.0,22.8,20.0,23.3,84,0.8,南西,0.0,0.09,曇,7.38
20250614,08:00,0.0,22.9,19.9,23.2,83,1.4,南西,0.0,0.14,曇,6.82
20250614,09:00,0.0,22.5,19.7,22.9,84,2.5,南西,0.0,0.19,雨,5.84
20250614,10:00,0.0,22.4,19.6,22.8,84,1.9,南,0.0,0.30,雨,3.73
20250614,11:00,0.5,22.4,19.8,23.0,85,1.9,南,0.0,0.35,雨,3.73
20250614,12:00,1.5,22.7,20.2,23.7,86,3.1,南,0.0,0.27,雨,4.35
20250614,13:00,2.0,23.5,21.2,25.2,87,3.4,南,0.0,0.40,雨,4.91
20250614,14:00,14.0,23.8,21.9,26.2,89,5.5,南南西,0.0,0.25,雨,3.45
20250614,15:00,3.5,24.5,22.2,26.8,87,7.7,南南西,0.0,0.27,雨,11.7
20250614,16:00,0.0,25.3,21.8,26.1,81,6.3,南,0.0,0.13,雨,20.0
20250614,17:00,0.5,24.9,21.8,26.1,83,4.3,南南西,0.0,0.26,雨,5.73
20250614,18:00,1.5,24.5,22.0,26.4,86,2.8,南,0.0,0.10,雨,6.84
20250614,19:00,1.5,23.4,21.7,25.9,90,2.3,南西,0.0,0.03,雨,3.02
20250614,20:00,4.5,23.7,22.0,26.4,90,1.8,南,0.0,0.00,雨,2.24
20250614,21:00,1.0,23.7,22.0,26.4,90,1.0,西,0.0,0.0,雨,10.8
20250614,22:00,0.0,24.2,21.9,26.3,87,3.3,南西,0.0,0.0,雨,15.5
20250614,23:00,0.0,24.2,21.5,25.7,85,5.3,南南西,0.0,0.0,雨,14.1
20250614,24:00,1.5,24.0,21.7,26.0,87,5.4,南南西,0.0,0.0,雨,8.77
20250615,01:00,0.0,23.5,21.6,25.8,89,1.7,南東,0.0,0.0,雨,5.22
20250615,02:00,1.0,23.5,21.8,26.1,90,2.6,南南東,0.0,0.0,雨,5.07
20250615,03:00,0.5,23.3,21.8,26.0,91,2.1,南南西,0.0,0.0,雨,5.23
20250615,04:00,0.0,23.4,21.1,25.0,87,3.5,南南西,0.0,0.0,雨,15.0
20250615,05:00,0.0,23.8,20.7,24.5,83,4.1,南,0.0,0.00,曇,20.0
20250615,06:00,0.0,24.0,20.3,23.9,80,3.1,南南西,0.0,0.09,曇,20.0
20250615,07:00,0.0,24.1,20.4,24.0,80,3.4,南南西,0.0,0.35,曇,20.0
20250615,08:00,0.0,24.6,20.3,23.8,77,3.9,南南西,0.0,0.75,曇,20.0
20250615,09:00,0.0,25.4,20.2,23.7,73,3.2,南南西,0.4,1.34,曇,20.0
20250615,10:00,0.0,26.8,20.4,24.0,68,2.8,南南西,0.3,1.72,曇,20.0
20250615,11:00,0.0,28.1,20.4,24.0,63,2.1,南南西,1.0,3.29,晴れ,20.0
20250615,12:00,0.0,28.0,20.1,23.4,62,2.2,南,0.3,2.15,曇,20.0
20250615,13:00,0.0,28.1,19.9,23.2,61,4.0,南,0.2,2.12,曇,20.0
20250615,14:00,0.0,29.0,20.7,24.4,61,3.7,南,0.7,2.32,晴れ,20.0
20250615,15:00,0.0,28.7,20.7,24.4,62,3.9,南南西,0.8,2.28,晴れ,20.0
20250615,16:00,0.0,29.2,19.8,23.1,57,1.8,南南西,0.6,2.18,曇,20.0
20250615,17:00,0.0,28.1,19.6,22.8,60,2.5,南西,0.0,1.12,曇,20.0
20250615,18:00,0.0,28.0,19.8,23.1,61,3.6,南南西,0.5,0.76,晴れ,20.0
20250615,19:00,0.0,27.3,19.1,22.1,61,4.3,南南西,0.2,0.24,曇,20.0
20250615,20:00,0.0,27.3,19.7,22.9,63,2.1,南南西,0.0,0.00,雨,20.0
20250615,21:00,0.0,25.6,20.2,23.6,72,4.8,南,0.0,0.0,雨,20.0
20250615,22:00,0.0,25.4,20.7,24.3,75,2.5,南南東,0.0,0.0,曇,20.0
20250615,23:00,0.0,25.4,20.7,24.3,75,1.5,南,0.0,0.0,曇,20.0
20250615,24:00,4.5,24.1,21.2,25.2,84,2.5,南,0.0,0.0,雨,1.55
20250616,01:00,2.0,23.8,21.7,26.0,88,2.0,西,0.0,0.0,雨,7.78
20250616,02:00,0.0,24.2,21.9,26.3,87,0.6,南東,0.0,0.0,雨,19.0
20250616,03:00,0.0,24.3,22.0,26.4,87,1.0,西南西,0.0,0.0,曇,20.0
20250616,04:00,0.0,24.7,22.2,26.8,86,2.3,南南東,0.0,0.0,曇,20.0
20250616,05:00,0.0,24.5,22.4,27.1,88,1.0,北,0.0,0.00,雨,12.2
20250616,06:00,0.0,24.7,22.4,27.1,87,1.4,南西,0.0,0.02,雨,19.2
20250616,07:00,0.5,25.0,22.5,27.3,86,0.8,南南東,0.0,0.08,雨,20.0
20250616,08:00,0.0,25.2,22.3,26.9,84,1.0,南,0.0,0.21,雨,20.0
20250616,09:00,0.0,25.9,21.4,25.4,76,1.5,南南西,0.0,0.59,曇,20.0
20250616,10:00,0.0,26.9,21.4,25.5,72,2.0,南南西,0.0,0.70,雨,20.0
20250616,11:00,0.0,27.8,20.6,24.3,65,1.5,南西,0.3,1.81,曇,20.0
20250616,12:00,0.5,28.3,21.3,25.4,66,4.3,南西,0.7,2.61,曇,20.0
20250616,13:00,0.0,29.8,20.9,24.8,59,3.9,南南西,0.3,2.16,曇,20.0
20250616,14:00,0.0,29.8,20.4,23.9,57,4.6,南,0.4,2.23,曇,20.0
20250616,15:00,0.0,28.3,20.6,24.2,63,5.4,南西,0.0,0.57,曇,20.0
20250616,16:00,0.0,27.1,21.6,25.8,72,2.9,南南西,0.0,0.25,雨,9.89
20250616,17:00,1.0,26.9,21.7,25.9,73,5.1,南,0.1,0.57,晴れ,20.0
20250616,18:00,0.0,27.3,21.4,25.4,70,2.7,南,0.0,0.36,曇,20.0
20250616,19:00,0.0,27.3,20.2,23.6,65,3.8,南南西,0.0,0.15,曇,20.0
20250616,20:00,0.0,26.7,19.8,23.1,66,3.4,南,0.0,0.01,晴れ,20.0
20250617,01:00,0.0,24.5,19.1,22.1,72,1.8,南南東,0.0,0.0,晴れ,20.0
20250617,02:00,0.0,24.3,19.2,22.2,73,1.0,南,0.0,0.0,晴れ,20.0
20250617,03:00,0.0,22.8,20.2,23.6,85,2.0,北北西,0.0,0.0,曇,20.0
20250617,04:00,0.0,22.1,20.0,23.4,88,2.5,北,0.0,0.0,晴れ,20.0
20250617,05:00,0.0,21.9,19.7,22.9,87,3.7,北北東,0.0,0.00,晴れ,20.0
20250617,06:00,0.0,22.3,19.5,22.6,84,3.5,北北東,0.2,0.12,曇,20.0
20250617,07:00,0.0,23.1,19.5,22.6,80,1.5,北北東,0.0,0.43,曇,20.0
20250617,08:00,0.0,23.8,19.3,22.4,76,1.6,北,0.0,0.64,曇,20.0
20250617,09:00,0.0,24.2,19.3,22.4,74,1.5,北西,0.0,0.57,曇,20.0
20250617,10:00,0.0,25.8,19.0,21.9,66,2.4,南西,0.3,1.50,曇,20.0
20250617,11:00,0.0,27.8,19.1,22.1,59,3.2,南西,0.8,2.89,晴れ,20.0
20250617,12:00,0.0,29.3,17.5,20.0,49,3.7,南,1.0,3.62,晴れ,20.0
20250617,13:00,0.0,29.9,17.4,19.8,47,4.2,南南西,1.0,3.56,晴れ,20.0
20250617,14:00,0.0,30.4,17.5,20.0,46,3.6,南南西,1.0,3.41,晴れ,20.0
20250617,15:00,0.0,30.8,18.5,21.3,48,2.8,南西,1.0,2.95,晴れ,20.0
20250617,16:00,0.0,30.2,17.7,20.2,47,4.9,南西,0.8,2.20,晴れ,20.0
20250617,17:00,0.0,30.4,17.8,20.4,47,2.4,南南西,1.0,1.72,晴れ,20.0
20250617,18:00,0.0,29.6,17.4,19.9,48,2.0,南南西,1.0,1.04,晴れ,20.0
20250617,19:00,0.0,28.6,17.5,20.0,51,3.0,南,0.6,0.34,晴れ,20.0
20250617,20:00,0.0,27.8,17.7,20.2,54,1.9,南西,0.0,0.01,晴れ,20.0
20250617,21:00,0.0,27.8,17.4,19.8,53,2.3,南西,0.0,0.0,曇,20.0
20250617,22:00,0.0,27.1,18.1,20.8,58,0.8,北北東,0.0,0.0,曇,20.0
20250617,23:00,0.0,25.9,18.6,21.4,64,1.3,北,0.0,0.0,晴れ,20.0
20250617,24:00,0.0,25.3,18.5,21.3,66,2.2,北,0.0,0.0,晴れ,20.0
20250618,01:00,0.0,24.9,18.8,21.7,69,1.8,北,0.0,0.0,曇,20.0
20250618,02:00,0.0,24.5,18.7,21.5,70,3.0,北,0.0,0.0,曇,20.0
20250618,03:00,0.0,24.0,18.7,21.5,72,3.6,北,0.0,0.0,曇,20.0
20250618,04:00,0.0,24.0,18.9,21.8,73,3.0,北,0.0,0.0,曇,20.0
20250618,05:00,0.0,23.8,18.9,21.8,74,2.3,北,0.0,0.00,曇,20.0
20250618,06:00,0.0,23.9,19.0,22.0,74,2.0,北,0.0,0.06,曇,20.0
20250618,07:00,0.0,24.1,19.0,21.9,73,1.7,北,0.0,0.19,曇,20.0
20250618,08:00,0.0,25.0,19.2,22.2,70,1.1,北西,0.0,0.66,曇,20.0
20250618,09:00,0.0,26.3,19.0,21.9,64,0.6,南南東,0.0,0.98,曇,20.0
20250618,10:00,0.0,27.9,20.0,23.3,62,3.9,南南西,0.7,2.00,曇,20.0
20250618,11:00,0.0,29.1,19.7,23.0,57,3.9,南,0.8,2.88,曇,20.0
20250618,12:00,0.0,29.9,19.9,23.2,55,3.0,南,0.9,3.10,曇,20.0
20250618,13:00,0.0,30.8,19.2,22.2,50,5.8,南南西,1.0,3.23,晴れ,20.0
20250618,14:00,0.0,31.5,19.8,23.1,50,2.5,南西,1.0,2.94,晴れ,20.0
20250618,15:00,0.0,30.8,18.5,21.3,48,5.5,南,1.0,2.61,晴れ,20.0
20250618,16:00,0.0,31.0,17.7,20.2,45,5.2,南,0.8,2.02,曇,20.0
20250618,17:00,0.0,30.8,18.2,20.9,47,5.0,南南西,1.0,1.64,晴れ,20.0
20250618,18:00,0.0,29.8,18.3,21.0,50,2.2,西南西,1.0,0.99,晴れ,20.0
20250618,19:00,0.0,28.7,18.5,21.3,54,2.0,南西,0.6,0.30,晴れ,20.0
20250618,20:00,0.0,28.5,18.6,21.4,55,3.5,南南西,0.0,0.02,晴れ,20.0
20250618,21:00,0.0,27.5,18.5,21.3,58,2.7,南西,0.0,0.0,晴れ,20.0
20250618,22:00,0.0,27.6,17.8,20.3,55,3.6,南西,0.0,0.0,晴れ,20.0
20250618,23:00,0.0,26.7,18.0,20.7,59,2.6,南西,0.0,0.0,晴れ,20.0
20250618,24:00,0.0,26.2,18.6,21.4,63,1.6,北,0.0,0.0,晴れ,20.0
20250619,01:00,0.0,25.0,19.2,22.2,70,3.5,北,0.0,0.0,晴れ,20.0
20250619,02:00,0.0,24.2,19.1,22.1,73,4.6,北北東,0.0,0.0,曇,20.0
20250619,03:00,0.0,23.8,19.1,22.1,75,2.8,北,0.0,0.0,曇,20.0
20250619,04:00,0.0,23.3,19.1,22.0,77,3.0,北,0.0,0.0,曇,19.8
20250619,05:00,0.0,23.0,18.8,21.6,77,3.4,北北東,0.0,0.00,曇,20.0
20250619,06:00,0.0,22.8,18.6,21.4,77,3.6,北北東,0.0,0.12,曇,19.8
20250619,07:00,0.0,23.4,18.7,21.6,75,2.5,北,0.8,0.52,晴れ,20.0
20250619,08:00,0.0,24.8,18.7,21.6,69,1.0,北,1.0,1.37,晴れ,20.0
20250619,09:00,0.0,26.9,19.0,22.0,62,1.6,南,1.0,2.09,晴れ,20.0
20250619,10:00,0.0,27.1,18.1,20.8,58,4.0,南西,1.0,2.72,晴れ,20.0
20250619,11:00,0.0,29.5,17.4,19.8,48,2.3,南西,1.0,3.19,晴れ,20.0
20250619,12:00,0.0,30.2,16.3,18.5,43,3.3,南,1.0,3.47,晴れ,20.0
20250619,13:00,0.0,31.4,17.0,19.3,42,3.6,南西,1.0,3.50,晴れ,20.0
20250619,14:00,0.0,31.6,14.3,16.3,35,2.8,南,1.0,3.30,晴れ,20.0
20250619,15:00,0.0,31.4,15.8,17.9,39,3.4,南西,1.0,2.94,晴れ,20.0
20250619,16:00,0.0,31.1,15.1,17.2,38,5.7,南西,1.0,2.36,晴れ,20.0
20250619,17:00,0.0,31.3,12.7,14.6,32,3.2,南南西,0.9,1.57,晴れ,20.0
20250619,18:00,0.0,30.7,10.1,12.4,28,2.8,南西,0.1,0.54,晴れ,20.0
20250619,19:00,0.0,30.7,12.1,14.1,32,0.6,北北西,0.3,0.31,曇,20.0
20250619,20:00,0.0,29.9,12.8,14.8,35,1.8,北,0.0,0.03,晴れ,20.0
20250619,21:00,0.0,28.5,14.7,16.7,43,3.1,北北東,0.0,0.0,晴れ,20.0
20250619,22:00,0.0,27.6,15.3,17.4,47,4.5,北北東,0.0,0.0,晴れ,20.0
20250619,23:00,0.0,26.5,15.6,17.7,51,2.6,北北東,0.0,0.0,晴れ,20.0
20250619,24:00,0.0,25.6,16.2,18.4,56,3.7,北北東,0.0,0.0,晴れ,20.0
20250620,01:00,0.0,25.3,16.2,18.4,57,2.5,北北東,0.0,0.0,晴れ,20.0
20250620,02:00,0.0,24.7,16.2,18.4,59,3.3,北,0.0,0.0,晴れ,20.0
20250620,03:00,0.0,24.2,16.2,18.4,61,3.4,北,0.0,0.0,晴れ,20.0
20250620,04:00,0.0,23.5,15.8,18.0,62,3.9,北,0.0,0.0,晴れ,20.0
20250620,05:00,0.0,23.2,15.8,17.9,63,3.6,北北東,0.0,0.00,晴れ,20.0
20250620,06:00,0.0,23.0,16.1,18.3,65,4.6,北北東,0.5,0.16,晴れ,20.0
20250620,07:00,0.0,23.8,16.4,18.6,63,2.6,北北東,1.0,0.73,晴れ,20.0
20250620,08:00,0.0,25.3,17.0,19.4,60,1.4,北北西,1.0,1.20,晴れ,20.0
20250620,09:00,0.0,27.5,15.5,17.6,48,1.0,北北西,1.0,2.13,晴れ,20.0
20250620,10:00,0.0,29.8,14.8,16.8,40,0.7,東北東,1.0,2.49,晴れ,20.0
20250620,11:00,0.0,30.9,15.4,17.4,39,3.2,南南西,1.0,3.12,晴れ,20.0
20250620,12:00,0.0,31.3,15.7,17.8,39,2.7,南,1.0,3.14,晴れ,20.0
20250620,13:00,0.0,31.8,14.9,16.9,36,3.0,南,1.0,2.82,晴れ,20.0
20250620,14:00,0.0,32.7,12.4,14.4,29,4.1,南南西,1.0,3.32,晴れ,20.0
20250620,15:00,0.0,32.3,16.2,18.4,38,4.4,南西,1.0,2.74,晴れ,20.0
20250620,16:00,0.0,31.8,14.5,16.5,35,4.3,南南西,1.0,2.10,晴れ,20.0
20250620,17:00,0.0,30.3,16.0,18.1,42,3.4,南,0.6,1.15,曇,20.0
20250620,18:00,0.0,29.5,17.4,19.8,48,2.6,南,0.0,0.64,曇,20.0
20250620,19:00,0.0,28.7,18.5,21.3,54,2.7,南南西,0.0,0.23,曇,20.0
20250620,20:00,0.0,28.3,19.3,22.3,58,4.1,南,0.0,0.01,曇,20.0
20250620,21:00,0.0,28.0,19.8,23.1,61,2.9,南,0.0,0.0,曇,19.4
20250620,22:00,0.0,27.8,19.9,23.2,62,1.6,南,0.0,0.0,曇,17.5
20250620,23:00,0.0,27.5,20.1,23.5,64,1.8,南,0.0,0.0,曇,16.0
20250620,24:00,0.0,27.4,19.8,23.0,63,3.2,南南西,0.0,0.0,曇,16.1
20250621,01:00,0.0,27.1,20.5,24.0,67,2.2,南,0.0,0.0,曇,14.3
20250621,02:00,0.0,26.9,19.5,22.7,64,3.5,南南西,0.0,0.0,曇,17.2
20250621,03:00,0.0,26.5,19.4,22.5,65,3.0,南,0.0,0.0,曇,18.3
20250621,04:00,0.0,26.4,19.6,22.7,66,2.3,南,0.0,0.0,曇,17.8
20250621,05:00,0.0,26.3,19.5,22.6,66,2.7,南,0.0,0.00,曇,18.3
20250621,06:00,0.0,26.4,20.0,23.4,68,2.6,南南西,0.0,0.02,曇,15.3
20250621,07:00,0.0,26.8,19.7,22.9,65,2.0,南南東,0.0,0.17,曇,16.9
20250621,08:00,0.0,27.1,20.2,23.7,66,3.0,南,0.0,0.39,曇,16.2
20250621,09:00,0.0,27.2,20.1,23.5,65,2.6,南,0.0,0.55,雨,15.7
20250621,10:00,0.0,27.2,20.1,23.5,65,3.1,南,0.0,0.97,曇,14.4
20250621,11:00,0.0,28.4,20.4,24.0,62,2.6,南南西,0.0,1.62,曇,13.5
20250621,12:00,0.0,28.8,20.5,24.2,61,3.2,南西,0.0,2.02,曇,13.1
20250621,13:00,0.0,30.0,21.4,25.5,60,4.3,南西,0.0,1.77,曇,15.0
20250621,14:00,0.0,29.8,20.9,24.8,59,4.8,南南西,0.1,1.85,曇,15.0
20250621,15:00,0.0,29.5,20.7,24.3,59,3.8,南南西,0.0,1.38,曇,15.3
20250621,16:00,0.0,29.4,20.3,23.8,58,4.8,南南西,0.0,0.83,曇,20.0
20250621,17:00,0.0,28.8,19.7,23.0,58,6.8,南南西,0.0,0.48,曇,18.9
20250621,18:00,0.0,28.6,19.5,22.7,58,5.4,南南西,0.0,0.30,曇,20.0
20250621,19:00,0.0,28.2,19.4,22.6,59,5.6,南南西,0.0,0.07,曇,20.0
20250621,20:00,0.0,27.6,20.2,23.6,64,6.3,南南西,0.0,0.00,曇,20.0
20250621,21:00,0.0,27.3,20.9,24.7,68,5.2,南南西,0.0,0.0,曇,20.0
20250621,22:00,0.0,27.3,21.4,25.4,70,4.6,南南西,0.0,0.0,曇,11.7
20250621,23:00,0.0,27.2,21.5,25.6,71,5.9,南南西,0.0,0.0,曇,13.8
20250621,24:00,0.0,27.0,21.8,26.0,73,7.2,南南西,0.0,0.0,曇,18.1
20250622,01:00,0.0,27.4,21.7,25.9,71,8.0,南,0.0,0.0,曇,20.0
20250622,02:00,0.0,27.2,21.9,26.3,73,6.6,南南西,0.0,0.0,曇,20.0
20250622,03:00,0.0,27.1,21.8,26.2,73,7.1,南南西,0.0,0.0,曇,20.0
20250622,04:00,0.0,27.2,21.7,26.0,72,6.8,南南西,0.0,0.0,曇,20.0
20250622,05:00,0.0,27.0,21.8,26.0,73,7.6,南南西,0.0,0.00,曇,20.0
20250622,06:00,0.0,26.8,21.6,25.7,73,6.5,南南西,0.0,0.07,曇,20.0
20250622,07:00,0.0,26.7,21.7,25.9,74,4.5,南南西,0.0,0.18,曇,20.0
20250622,08:00,0.0,26.8,21.3,25.4,72,3.9,南,0.0,0.46,曇,20.0
20250622,09:00,0.0,27.6,21.6,25.9,70,3.3,南南西,0.0,0.70,曇,20.0
20250622,10:00,0.0,27.9,21.5,25.6,68,4.7,南,0.0,1.02,曇,20.0
20250622,11:00,0.0,28.2,21.3,25.3,66,4.1,南,0.0,1.11,曇,20.0
20250622,12:00,0.0,29.2,20.9,24.7,61,5.8,南,0.0,1.34,曇,20.0
20250622,13:00,0.0,28.8,21.1,25.0,63,5.1,南,0.0,1.11,曇,20.0
20250622,14:00,0.0,28.5,21.0,24.9,64,4.9,南,0.0,0.92,曇,20.0
20250622,15:00,0.0,28.5,21.3,25.3,65,3.6,南,0.0,1.13,曇,20.0
20250622,16:00,0.0,27.6,22.1,26.6,72,1.7,南南西,0.0,0.50,雨,15.9
20250622,17:00,0.0,27.5,22.0,26.4,72,2.4,南南西,0.0,0.35,雨,10.1
20250622,18:00,0.0,27.4,21.7,25.9,71,3.4,南,0.0,0.15,雨,19.1
20250622,19:00,0.0,27.5,21.8,26.1,71,0.8,南西,0.0,0.15,雨,16.2
20250622,20:00,0.0,27.3,21.6,25.8,71,1.9,南南西,0.0,0.01,曇,19.0
20250622,21:00,2.5,25.9,22.4,27.1,81,2.6,南,0.0,0.0,曇,17.7
20250622,22:00,0.0,25.9,22.6,27.4,82,2.4,南,0.0,0.0,曇,14.0
20250622,23:00,0.0,25.9,22.6,27.4,82,2.1,南南東,0.0,0.0,曇,14.8
20250622,24:00,0.0,26.0,22.3,26.9,80,1.8,南南東,0.0,0.0,曇,17.8
20250623,01:00,0.0,25.8,22.1,26.6,80,1.6,南南東,0.0,0.0,曇,20.0
20250623,02:00,0.0,25.2,22.1,26.6,83,1.6,西,0.0,0.0,曇,19.3
20250623,03:00,1.0,24.9,22.6,27.4,87,1.1,南南東,0.0,0.0,雨,5.20
20250623,04:00,2.5,24.7,22.2,26.8,86,1.9,南南西,0.0,0.0,雷電,5.35
20250623,05:00,16.5,24.0,21.7,26.0,87,2.4,南南東,0.0,0.00,雨,6.22
20250623,06:00,0.0,24.3,21.2,25.2,83,2.6,南,0.0,0.03,雨,20.0
20250623,07:00,0.5,24.7,21.6,25.8,83,1.3,南,0.0,0.20,曇,20.0
20250623,08:00,0.0,25.0,21.5,25.7,81,0.6,東北東,0.0,0.32,曇,20.0
20250623,09:00,0.0,25.0,21.3,25.3,80,3.2,南,0.0,0.40,雨,20.0
20250623,10:00,0.0,24.8,21.3,25.4,81,1.7,南,0.0,0.44,雨,20.0
20250623,11:00,0.0,26.2,21.6,25.9,76,0.5,南南東,0.3,1.71,曇,20.0
20250623,12:00,0.0,28.2,20.8,24.5,64,3.8,南南西,0.4,2.20,晴れ,20.0
20250623,13:00,0.0,29.2,20.6,24.3,60,4.4,南南西,1.0,3.54,晴れ,20.0
20250623,14:00,0.0,29.1,21.3,25.4,63,3.9,南,0.4,2.48,曇,20.0
20250623,15:00,0.0,28.1,20.7,24.3,64,4.2,南南西,0.0,1.25,曇,20.0
20250623,16:00,8.5,25.1,22.0,26.5,83,6.6,西南西,0.0,0.76,雨,4.09
20250623,17:00,0.5,25.1,21.8,26.1,82,1.9,南,0.0,0.20,雨,3.81
20250623,18:00,0.0,25.6,21.9,26.3,80,3.1,南西,0.0,0.16,曇,20.0
20250623,19:00,0.0,25.6,21.9,26.3,80,1.0,西南西,0.0,0.08,曇,20.0
20250623,20:00,0.0,25.6,21.9,26.3,80,1.3,西南西,0.0,0.01,曇,20.0
20250623,21:00,0.0,25.6,21.7,25.9,79,2.4,南南西,0.0,0.0,雨,20.0
20250623,22:00,0.0,24.8,21.7,26.0,83,2.8,南,0.0,0.0,雨,10.8
20250623,23:00,0.0,24.7,21.2,25.2,81,3.4,南,0.0,0.0,雨,7.70
20250623,24:00,0.0,24.3,21.8,26.1,86,2.3,南南西,0.0,0.0,雨,10.2
20250624,01:00,1.5,24.2,21.7,26.0,86,2.3,南南西,0.0,0.0,雨,8.62
20250624,02:00,1.0,24.2,21.9,26.3,87,1.6,南東,0.0,0.0,雨,13.0
20250624,03:00,0.0,24.3,21.6,25.8,85,2.1,南,0.0,0.0,曇,20.0
20250624,04:00,1.0,24.0,21.5,25.7,86,1.5,南,0.0,0.0,雨,12.7
20250624,05:00,3.5,23.8,21.9,26.2,89,0.6,北東,0.0,0.00,雨,7.68
20250624,06:00,1.5,24.1,22.2,26.7,89,1.4,南東,0.0,0.01,雨,6.86
20250624,07:00,2.0,24.1,22.0,26.4,88,2.4,南南東,0.0,0.04,雨,6.34
20250624,08:00,1.5,24.3,21.8,26.1,86,2.9,南,0.0,0.21,雨,18.9
20250624,09:00,0.5,24.3,21.8,26.1,86,3.7,南,0.0,0.27,雨,6.32
20250624,10:00,1.5,24.6,22.1,26.6,86,2.6,南南東,0.0,0.41,雨,7.33
20250624,11:00,5.5,24.4,22.3,26.9,88,3.4,南東,0.0,0.44,雨,3.93
20250624,12:00,0.5,25.2,21.7,26.0,81,3.8,南,0.0,0.61,雨,18.6
20250624,13:00,0.0,25.8,21.9,26.3,79,2.8,南,0.0,0.84,曇,20.0
20250624,14:00,0.0,26.4,21.8,26.2,76,1.2,西,0.0,1.12,曇,20.0
20250624,15:00,0.0,26.3,21.9,26.4,77,2.6,西南西,0.0,0.56,曇,20.0
20250624,16:00,0.0,26.7,21.9,26.3,75,1.7,西南西,0.0,0.88,曇,19.4
20250624,17:00,0.0,26.3,21.7,26.0,76,1.8,西,0.0,0.41,曇,19.6
20250624,18:00,0.0,26.4,21.8,26.2,76,1.4,西北西,0.0,0.29,曇,18.3
20250624,19:00,0.0,26.4,21.8,26.2,76,1.1,西北西,0.0,0.06,雨,17.3
20250624,20:00,0.0,25.9,22.0,26.4,79,2.2,南南西,0.0,0.00,雨,7.79
20250624,21:00,0.5,25.2,22.5,27.3,85,2.1,南西,0.0,0.0,雨,6.18
20250624,22:00,2.0,24.7,22.6,27.4,88,1.9,南西,0.0,0.0,雨,5.75
20250624,23:00,2.0,24.8,22.7,27.6,88,1.3,南南東,0.0,0.0,雨,5.30
20250624,24:00,1.5,24.5,22.6,27.4,89,0.9,南南西,0.0,0.0,雨,4.77
20250625,01:00,2.0,24.2,22.5,27.2,90,1.9,西南西,0.0,0.0,雨,3.81
20250625,02:00,1.5,24.3,22.6,27.3,90,0.9,南,0.0,0.0,雨,4.13
20250625,03:00,0.5,24.3,22.6,27.3,90,0.7,北西,0.0,0.0,曇,6.83
20250625,04:00,0.0,24.6,22.7,27.5,89,2.4,南南西,0.0,0.0,曇,10.3
20250625,05:00,0.0,24.5,22.2,26.8,87,1.9,南,0.0,0.00,雨,12.3
20250625,06:00,0.0,24.7,22.2,26.8,86,0.7,南東,0.0,0.05,曇,11.9
20250625,07:00,0.0,25.2,22.3,26.9,84,0.8,北,0.0,0.38,曇,14.6
20250625,08:00,0.0,25.5,22.4,27.1,83,0.8,西北西,0.0,0.32,曇,14.0
20250625,09:00,0.0,26.1,22.6,27.4,81,1.2,北西,0.0,0.63,曇,13.8
20250625,10:00,0.0,26.8,22.2,26.8,76,1.2,南東,0.0,0.63,曇,15.2
20250625,11:00,0.0,28.2,22.0,26.4,69,1.1,南東,0.2,1.66,曇,18.3
20250625,12:00,0.0,28.4,21.9,26.3,68,2.6,西南西,0.0,1.39,曇,19.9
20250625,13:00,0.0,28.4,22.2,26.7,69,2.8,南西,0.0,1.34,曇,20.0
20250625,14:00,0.0,29.3,22.0,26.5,65,3.5,南西,0.1,1.88,曇,20.0
20250625,15:00,0.0,29.1,21.3,25.4,63,2.8,南西,0.0,1.24,曇,20.0
20250625,16:00,0.0,28.8,21.3,25.4,64,4.1,南南西,0.0,0.63,曇,20.0
20250625,17:00,0.0,27.9,21.7,25.9,69,2.9,南,0.0,0.16,雨,14.1
20250625,18:00,4.0,26.2,23.3,28.6,84,1.1,東,0.0,0.19,曇,16.0
20250625,19:00,0.0,26.3,23.2,28.4,83,0.3,北西,0.0,0.12,曇,20.0
20250625,20:00,0.0,26.4,23.1,28.2,82,0.9,東,0.0,0.01,曇,20.0
20250625,21:00,0.0,26.2,23.5,28.9,85,0.5,東南東,0.0,0.0,曇,19.3
20250625,22:00,0.0,26.2,23.7,29.3,86,1.0,南東,0.0,0.0,曇,20.0
20250625,23:00,0.0,26.6,22.7,27.5,79,2.2,南,0.0,0.0,曇,20.0
20250625,24:00,0.0,26.5,22.6,27.4,79,1.5,南,0.0,0.0,曇,20.0
20250626,01:00,14.0,24.8,22.5,27.2,87,5.5,南西,0.0,0.0,雷電,1.09
20250626,02:00,14.5,25.7,23.4,28.7,87,3.0,南,0.0,0.0,雷電,12.4
20250626,03:00,0.5,25.5,23.2,28.4,87,4.5,南南西,0.0,0.0,雨,9.16
20250626,04:00,0.0,25.6,22.1,26.6,81,3.9,南南西,0.0,0.0,雷電,20.0
20250626,05:00,0.0,25.6,21.9,26.3,80,5.3,南,0.0,0.00,曇,20.0
20250626,06:00,0.0,25.5,21.0,24.8,76,3.8,南西,0.0,0.11,曇,20.0
20250626,07:00,0.0,25.5,20.1,23.5,72,3.7,南西,0.5,0.54,曇,20.0
20250626,08:00,0.0,25.9,18.6,21.4,64,3.1,南南西,1.0,1.17,晴れ,20.0
20250626,09:00,0.0,26.9,18.2,20.9,59,3.1,南西,1.0,1.91,晴れ,20.0
20250626,10:00,0.0,27.5,17.1,19.5,53,3.7,南西,1.0,2.56,晴れ,20.0
20250626,11:00,0.0,28.3,16.6,18.9,49,3.2,南,1.0,2.97,晴れ,20.0
20250626,12:00,0.0,29.3,17.5,20.0,49,3.0,南南東,0.9,2.77,曇,20.0
20250626,13:00,0.0,29.1,16.3,18.5,46,4.0,南南西,0.7,2.90,晴れ,20.0
20250626,14:00,0.0,29.8,17.0,19.3,46,3.8,南南東,0.8,3.00,晴れ,20.0
20250626,15:00,0.0,29.3,15.8,17.9,44,4.9,南,1.0,2.95,晴れ,20.0
20250626,16:00,0.0,29.9,16.0,18.1,43,4.5,南,1.0,2.44,晴れ,20.0
20250626,17:00,0.0,29.2,15.0,17.0,42,4.6,南,1.0,1.77,晴れ,20.0
20250626,18:00,0.0,29.3,16.5,18.8,46,2.4,南南東,1.0,1.05,晴れ,20.0
20250626,19:00,0.0,28.5,16.4,18.7,48,3.6,南,0.7,0.35,晴れ,20.0
20250626,20:00,0.0,27.7,16.7,19.0,51,5.3,南南西,0.0,0.02,晴れ,20.0
20250626,21:00,0.0,26.3,18.2,20.9,61,3.6,南西,0.0,0.0,曇,20.0
20250626,22:00,0.0,25.8,18.2,20.9,63,1.9,南西,0.0,0.0,晴れ,20.0
20250626,23:00,0.0,25.2,18.9,21.8,68,2.4,南西,0.0,0.0,晴れ,20.0
20250626,24:00,0.0,24.9,18.6,21.4,68,1.8,南西,0.0,0.0,晴れ,20.0
20250627,01:00,0.0,24.2,18.6,21.4,71,0.8,西,0.0,0.0,晴れ,20.0
20250627,02:00,0.0,23.2,18.5,21.3,75,2.0,北,0.0,0.0,晴れ,20.0
20250627,03:00,0.0,22.8,18.4,21.1,76,2.8,北,0.0,0.0,晴れ,19.9
20250627,04:00,0.0,22.3,18.3,21.0,78,2.4,北,0.0,0.0,晴れ,18.3
20250627,05:00,0.0,22.0,18.0,20.6,78,2.4,北,0.0,0.00,晴れ,18.6
20250627,06:00,0.0,22.0,17.8,20.4,77,2.9,北北東,0.5,0.16,曇,18.9
20250627,07:00,0.0,22.8,17.7,20.3,73,1.7,北,1.0,0.74,晴れ,20.0
20250627,08:00,0.0,24.4,17.9,20.5,67,0.6,北北西,1.0,1.36,晴れ,20.0
20250627,09:00,0.0,26.3,16.3,18.5,54,2.6,南西,1.0,2.01,晴れ,20.0
20250627,10:00,0.0,27.5,16.2,18.4,50,3.1,南西,1.0,2.58,晴れ,16.3
20250627,11:00,0.0,28.2,16.5,18.7,49,4.0,南南西,1.0,3.05,晴れ,20.0
20250627,12:00,0.0,28.9,16.1,18.3,46,2.7,南南西,1.0,3.30,晴れ,16.9
20250627,13:00,0.0,30.4,16.8,19.1,44,2.7,南,1.0,3.37,晴れ,20.0
20250627,14:00,0.0,30.1,16.5,18.8,44,3.7,南,1.0,3.11,晴れ,20.0
20250627,15:00,0.0,30.8,18.5,21.3,48,3.5,南西,1.0,2.73,晴れ,20.0
20250627,16:00,0.0,30.3,17.7,20.3,47,3.2,南南東,1.0,2.25,晴れ,20.0
20250627,17:00,0.0,29.9,18.4,21.1,50,3.5,南西,0.5,1.20,晴れ,20.0
20250627,18:00,0.0,29.6,18.4,21.2,51,1.6,西南西,0.0,0.54,曇,20.0
20250627,19:00,0.0,29.4,17.9,20.5,50,2.3,南西,0.7,0.34,晴れ,20.0
20250627,20:00,0.0,28.8,17.7,20.2,51,1.6,西南西,0.0,0.04,晴れ,20.0
20250627,21:00,0.0,28.2,17.4,19.9,52,0.8,北北西,0.0,0.0,晴れ,20.0
20250627,22:00,0.0,27.7,17.6,20.1,54,1.6,北,0.0,0.0,晴れ,20.0
20250627,23:00,0.0,26.5,17.6,20.1,58,1.3,北北東,0.0,0.0,晴れ,20.0
20250627,24:00,0.0,25.4,18.1,20.8,64,2.4,北北東,0.0,0.0,晴れ,19.8
20250628,01:00,0.0,24.8,17.3,19.7,63,2.7,北,0.0,0.0,晴れ,19.7
20250628,02:00,0.0,24.1,17.1,19.5,65,3.9,北北東,0.0,0.0,晴れ,18.7
20250628,03:00,0.0,23.6,16.9,19.2,66,3.6,北北東,0.0,0.0,晴れ,19.4
20250628,04:00,0.0,23.0,16.6,18.8,67,3.8,北,0.0,0.0,晴れ,18.5
20250628,05:00,0.0,22.8,16.1,18.3,66,4.0,北北東,0.0,0.00,晴れ,19.6
20250628,06:00,0.0,22.6,16.2,18.4,67,3.8,北北東,0.7,0.17,晴れ,19.3
20250628,07:00,0.0,23.3,16.1,18.3,64,3.9,北,1.0,0.76,晴れ,20.0
20250628,08:00,0.0,25.2,16.4,18.6,58,2.0,北北東,1.0,1.47,晴れ,20.0
20250628,09:00,0.0,26.9,15.3,17.4,49,0.4,南南西,1.0,2.16,晴れ,20.0
20250628,10:00,0.0,28.4,16.0,18.2,47,1.8,西南西,1.0,2.75,晴れ,20.0
20250628,11:00,0.0,30.0,16.4,18.7,44,3.0,南西,1.0,3.19,晴れ,20.0
20250628,12:00,0.0,29.4,15.9,18.0,44,3.8,南南西,1.0,3.46,晴れ,20.0
20250628,13:00,0.0,29.9,15.2,17.3,41,4.0,南南西,1.0,3.49,晴れ,20.0
20250628,14:00,0.0,31.4,16.6,18.9,41,4.5,南西,1.0,3.29,晴れ,20.0
20250628,15:00,0.0,30.8,17.2,19.6,44,3.8,南西,1.0,2.93,晴れ,20.0
20250628,16:00,0.0,31.3,17.6,20.1,44,4.1,南西,1.0,2.38,晴れ,20.0
20250628,17:00,0.0,31.2,16.8,19.1,42,2.4,南西,1.0,1.71,晴れ,20.0
20250628,18:00,0.0,30.6,17.0,19.3,44,2.5,西南西,1.0,1.00,晴れ,20.0
20250628,19:00,0.0,30.4,17.8,20.4,47,2.3,南西,1.0,0.35,晴れ,20.0
20250628,20:00,0.0,29.5,18.3,21.0,51,1.8,西南西,0.0,0.02,晴れ,20.0
20250628,21:00,0.0,29.1,18.3,21.0,52,1.7,南西,0.0,0.0,晴れ,20.0
20250628,22:00,0.0,28.6,19.3,22.3,57,1.9,北,0.0,0.0,晴れ,20.0
20250628,23:00,0.0,27.6,19.4,22.5,61,3.8,北,0.0,0.0,晴れ,20.0
20250628,24:00,0.0,27.1,19.7,23.0,64,3.3,北北東,0.0,0.0,晴れ,20.0
20250629,01:00,0.0,26.5,19.9,23.2,67,2.9,北北東,0.0,0.0,晴れ,20.0
20250629,02:00,0.0,26.1,20.0,23.3,69,1.4,北,0.0,0.0,晴れ,20.0
20250629,03:00,0.0,25.5,19.9,23.2,71,3.1,北,0.0,0.0,晴れ,20.0
20250629,04:00,0.0,25.2,19.8,23.1,72,3.4,北北東,0.0,0.0,晴れ,20.0
20250629,05:00,0.0,24.9,19.5,22.7,72,3.2,北,0.0,0.00,晴れ,20.0
20250629,06:00,0.0,24.6,19.5,22.6,73,3.2,北北東,0.6,0.15,晴れ,20.0
20250629,07:00,0.0,25.3,19.4,22.6,70,1.7,北,1.0,0.69,晴れ,20.0
20250629,08:00,0.0,27.1,19.7,23.0,64,1.4,北北西,1.0,1.39,晴れ,20.0
20250629,09:00,0.0,28.9,19.0,21.9,55,0.6,北北西,1.0,2.09,晴れ,20.0
20250629,10:00,0.0,30.6,19.6,22.8,52,2.3,南,1.0,2.68,晴れ,20.0
20250629,11:00,0.0,30.8,20.1,23.6,53,4.2,南南西,1.0,3.15,晴れ,20.0
20250629,12:00,0.0,31.3,20.6,24.2,53,3.8,南南西,1.0,3.42,晴れ,19.5
20250629,13:00,0.0,31.5,20.8,24.5,53,3.4,南南西,1.0,3.47,晴れ,20.0
20250629,14:00,0.0,31.9,20.5,24.1,51,2.6,南南西,1.0,3.19,晴れ,20.0
20250629,15:00,0.0,32.6,21.5,25.6,52,3.0,南西,1.0,2.88,雷電,20.0
20250629,16:00,0.0,31.9,20.5,24.1,51,2.9,西南西,0.7,1.79,晴れ,20.0
20250629,17:00,0.0,32.1,20.7,24.4,51,2.5,西南西,0.9,1.38,晴れ,20.0
20250629,18:00,0.0,31.8,20.4,24.0,51,2.2,南西,1.0,0.96,晴れ,20.0
20250629,19:00,0.0,31.2,20.5,24.1,53,2.1,南南西,0.7,0.32,晴れ,20.0
20250629,20:00,0.0,29.7,20.6,24.2,58,3.2,南西,0.0,0.02,晴れ,20.0
20250629,21:00,0.0,28.7,21.5,25.6,65,2.1,南西,0.0,0.0,晴れ,20.0
20250629,22:00,0.0,28.6,21.6,25.8,66,3.2,南西,0.0,0.0,晴れ,20.0
20250629,23:00,0.0,27.7,21.3,25.3,68,2.6,南西,0.0,0.0,晴れ,20.0
20250629,24:00,0.0,27.4,21.2,25.2,69,1.5,南西,0.0,0.0,晴れ,20.0
20250630,01:00,0.0,27.4,20.7,24.5,67,1.3,南南西,0.0,0.0,晴れ,20.0
20250630,02:00,0.0,26.9,20.7,24.5,69,1.8,西,0.0,0.0,晴れ,20.0
20250630,03:00,0.0,26.7,20.8,24.5,70,0.6,北北西,0.0,0.0,晴れ,20.0
20250630,04:00,0.0,26.3,21.1,25.0,73,1.5,北北東,0.0,0.0,晴れ,20.0
20250630,05:00,0.0,25.8,21.0,24.9,75,1.4,北,0.0,0.00,晴れ,19.1
20250630,06:00,0.0,25.7,21.2,25.1,76,2.4,北,0.6,0.15,晴れ,18.1
20250630,07:00,0.0,26.5,21.3,25.3,73,1.1,北北西,1.0,0.71,晴れ,18.5
20250630,08:00,0.0,28.0,21.1,25.0,66,1.0,西,1.0,1.39,晴れ,19.4
20250630,09:00,0.0,29.0,20.5,24.0,60,3.9,南南西,1.0,2.05,晴れ,20.0
20250630,10:00,0.0,31.0,20.3,23.8,53,3.6,南南西,1.0,2.62,晴れ,20.0
20250630,11:00,0.0,31.0,20.0,23.4,52,4.2,南南西,1.0,3.05,晴れ,20.0
20250630,12:00,0.0,31.8,20.1,23.5,50,3.5,南南西,1.0,3.31,晴れ,20.0
20250630,13:00,0.0,32.7,21.2,25.2,51,4.1,南西,1.0,3.39,晴れ,20.0
20250630,14:00,0.0,32.8,21.7,25.9,52,4.6,南西,1.0,3.24,晴れ,20.0
20250630,15:00,0.0,32.4,21.3,25.3,52,4.3,南南西,1.0,2.87,晴れ,20.0
20250630,16:00,0.0,32.4,21.0,24.8,51,3.5,南南西,1.0,2.30,晴れ,20.0
20250630,17:00,0.0,32.6,19.8,23.1,47,3.8,南西,1.0,1.62,晴れ,20.0
20250630,18:00,0.0,32.1,18.7,21.5,45,2.5,南南東,1.0,0.93,晴れ,20.0
20250630,19:00,0.0,31.2,18.9,21.8,48,2.5,南,0.8,0.31,晴れ,20.0
20250630,20:00,0.0,30.6,19.3,22.4,51,2.1,南南西,0.0,0.02,晴れ,20.0
20250630,21:00,0.0,29.4,19.7,23.0,56,2.2,南西,0.0,0.0,晴れ,20.0
20250630,22:00,0.0,29.1,19.7,23.0,57,0.8,西南西,0.0,0.0,晴れ,20.0
20250630,23:00,0.0,28.7,19.4,22.4,57,1.7,南西,0.0,0.0,晴れ,20.0
20250630,24:00,0.0,28.4,19.6,22.8,59,0.6,南西,0.0,0.0,晴れ,20.0
20250701,01:00,0.0,27.8,19.3,22.4,60,1.3,南南西,0.0,0.0,晴れ,20.0
20250701,02:00,0.0,27.3,20.2,23.6,65,1.2,北,0.0,0.0,晴れ,20.0
20250701,03:00,0.0,26.7,20.1,23.5,67,1.8,北,0.0,0.0,晴れ,20.0
20250701,04:00,0.0,26.2,20.1,23.5,69,2.0,北,0.0,0.0,晴れ,20.0
20250701,05:00,0.0,25.7,20.1,23.5,71,2.4,北,0.0,0.00,晴れ,19.1
20250701,06:00,0.0,25.6,20.2,23.6,72,1.5,北,0.5,0.13,晴れ,19.1
20250701,07:00,0.0,26.3,20.2,23.6,69,0.8,北北西,1.0,0.65,晴れ,19.2
20250701,08:00,0.0,28.3,20.6,24.2,63,1.0,北北西,1.0,1.34,晴れ,18.3
20250701,09:00,0.0,29.7,20.6,24.2,58,1.3,南南東,1.0,2.03,晴れ,20.0
20250701,10:00,0.0,30.7,20.3,23.9,54,2.0,南,1.0,2.56,晴れ,20.0
20250701,11:00,0.0,31.1,19.8,23.1,51,2.4,南南東,1.0,2.83,晴れ,20.0
20250701,12:00,0.0,32.4,21.0,24.8,51,3.1,南西,1.0,3.01,晴れ,20.0
20250701,13:00,0.0,32.3,21.2,25.2,52,3.0,西南西,1.0,3.16,晴れ,20.0
20250701,14:00,0.0,32.7,22.2,26.7,54,4.1,南西,1.0,3.09,晴れ,20.0
20250701,15:00,0.0,32.4,21.3,25.3,52,3.4,南西,1.0,2.77,晴れ,20.0
20250701,16:00,0.0,32.8,21.7,25.9,52,4.0,南西,1.0,2.24,晴れ,20.0
20250701,17:00,0.0,32.6,20.8,24.6,50,1.5,南西,0.8,1.24,晴れ,18.7
20250701,18:00,0.0,32.4,20.7,24.3,50,2.2,南,0.7,0.77,晴れ,16.2
20250701,19:00,0.0,32.0,20.9,24.7,52,2.5,南南西,0.0,0.21,曇,16.2
20250701,20:00,0.0,30.9,22.0,26.4,59,2.8,南西,0.0,0.02,晴れ,14.7
20250701,21:00,0.0,30.0,21.7,25.9,61,2.2,南南西,0.0,0.0,晴れ,14.2
20250701,22:00,0.0,29.1,22.4,27.0,67,2.3,南西,0.0,0.0,晴れ,13.6
20250701,23:00,0.0,28.7,22.0,26.4,67,2.1,西南西,0.0,0.0,晴れ,14.1
20250701,24:00,0.0,29.0,22.0,26.4,66,1.4,西南西,0.0,0.0,晴れ,14.4
20250702,01:00,0.0,28.5,22.3,26.9,69,2.3,南南西,0.0,0.0,曇,13.5
20250702,02:00,0.0,27.6,22.3,27.0,73,2.5,南西,0.0,0.0,晴れ,11.6
20250702,03:00,0.0,27.3,22.3,26.9,74,2.1,南西,0.0,0.0,晴れ,11.1
20250702,04:00,0.0,27.1,22.1,26.5,74,1.8,南南西,0.0,0.0,晴れ,10.9
20250702,05:00,0.0,26.9,22.3,26.9,76,1.2,南西,0.0,0.00,曇,10.0
20250702,06:00,0.0,27.0,22.6,27.5,77,0.8,西北西,0.0,0.05,晴れ,9.11
20250702,07:00,0.0,27.3,22.5,27.2,75,1.0,西北西,0.0,0.28,曇,8.95
20250702,08:00,0.0,28.0,22.7,27.6,73,1.9,西,0.3,0.76,晴れ,9.36
20250702,09:00,0.0,29.2,22.9,28.0,69,2.3,西,0.2,1.03,曇,9.32
20250702,10:00,0.0,30.5,22.1,26.6,61,1.3,北東,0.7,2.05,晴れ,8.33
20250702,11:00,0.0,30.8,22.1,26.7,60,3.2,南南西,1.0,2.74,晴れ,7.79
20250702,12:00,0.0,31.8,23.1,28.2,60,3.0,南,1.0,2.88,晴れ,7.35
20250702,13:00,0.0,32.2,23.2,28.4,59,4.5,南西,1.0,3.13,晴れ,8.26
20250702,14:00,0.0,33.2,23.5,29.0,57,3.9,南西,1.0,2.98,晴れ,10.1
20250702,15:00,0.0,31.7,22.1,26.7,57,4.3,南西,0.9,2.49,晴れ,8.64
20250702,16:00,0.0,32.3,22.7,27.6,57,4.2,南西,1.0,2.13,晴れ,7.68
20250702,17:00,0.0,31.8,22.5,27.3,58,2.4,南西,0.9,1.26,曇,7.00
20250702,18:00,0.0,31.8,21.9,26.3,56,2.1,南西,0.5,0.66,晴れ,6.39
20250702,19:00,0.0,31.7,22.1,26.7,57,2.1,南南西,0.0,0.23,曇,6.72
20250702,20:00,0.0,31.2,22.5,27.3,60,2.2,西南西,0.0,0.02,曇,6.32
20250702,21:00,0.0,31.2,22.8,27.7,61,1.8,南西,0.0,0.0,曇,6.43
20250702,22:00,0.0,30.2,22.6,27.5,64,2.0,南,0.0,0.0,曇,5.90
20250702,23:00,0.0,29.2,22.7,27.6,68,1.7,南南西,0.0,0.0,晴れ,7.63
20250702,24:00,0.0,28.4,22.9,27.9,72,2.6,南南西,0.0,0.0,晴れ,7.09
20250703,01:00,0.0,28.2,22.2,26.8,70,2.4,南西,0.0,0.0,晴れ,7.73
20250703,02:00,0.0,28.2,22.0,26.4,69,0.5,西南西,0.0,0.0,晴れ,8.73
20250703,03:00,0.0,27.8,22.5,27.3,73,1.4,西南西,0.0,0.0,晴れ,7.47
20250703,04:00,0.0,27.5,22.5,27.2,74,1.2,南南西,0.0,0.0,晴れ,7.33
20250703,05:00,0.0,27.3,22.5,27.2,75,1.4,南西,0.0,0.00,晴れ,5.99
20250703,06:00,0.0,27.5,22.2,26.8,73,0.7,北東,0.0,0.09,晴れ,6.43
20250703,07:00,0.0,27.6,22.3,27.0,73,0.6,西南西,0.0,0.31,曇,6.00
20250703,08:00,0.0,28.3,22.3,26.9,70,1.0,西,0.3,0.89,曇,6.76
20250703,09:00,0.0,30.3,22.5,27.2,63,0.7,東北東,0.8,1.71,晴れ,7.02
20250703,10:00,0.0,30.8,22.1,26.7,60,2.5,南,0.8,2.28,曇,7.23
20250703,11:00,0.0,30.9,21.4,25.5,57,2.1,南,0.4,2.34,曇,6.47
20250703,12:00,0.0,32.3,22.7,27.6,57,3.2,南南西,0.6,2.66,曇,7.28
20250703,13:00,0.0,32.1,22.2,26.8,56,3.3,南南西,0.6,2.84,曇,7.82
20250703,14:00,0.0,32.6,22.4,27.1,55,2.1,南西,1.0,3.18,晴れ,7.13
20250703,15:00,0.0,33.3,23.0,28.2,55,2.5,南西,1.0,2.72,晴れ,7.41
20250703,16:00,0.0,32.8,22.9,27.9,56,5.0,南西,1.0,2.14,晴れ,7.05
20250703,17:00,0.0,31.8,22.5,27.3,58,3.3,南西,1.0,1.49,晴れ,6.52
20250703,18:00,0.0,31.6,22.0,26.5,57,3.5,南西,0.9,0.81,晴れ,6.67
20250703,19:00,0.0,31.4,21.3,25.3,55,3.3,南西,0.2,0.25,晴れ,6.25
20250703,20:00,0.0,31.3,20.9,24.7,54,1.2,南西,0.0,0.01,晴れ,6.60
20250703,21:00,0.0,31.4,20.7,24.4,53,1.7,東南東,0.0,0.0,晴れ,6.60
20250703,22:00,0.0,30.6,21.7,25.9,59,2.7,南西,0.0,0.0,晴れ,6.20
20250703,23:00,0.0,29.1,22.8,27.8,69,3.4,南南西,0.0,0.0,晴れ,5.25
20250703,24:00,0.0,28.3,22.8,27.7,72,2.9,南西,0.0,0.0,曇,5.35
20250704,01:00,0.0,28.2,22.2,26.8,70,2.7,南南西,0.0,0.0,曇,6.54
20250704,02:00,0.0,27.8,22.1,26.5,71,2.1,南南西,0.0,0.0,晴れ,6.50
20250704,03:00,0.0,27.8,22.1,26.5,71,1.1,南,0.0,0.0,晴れ,6.57
20250704,04:00,0.0,27.6,22.3,27.0,73,1.2,南西,0.0,0.0,晴れ,6.58
20250704,05:00,0.0,27.5,22.2,26.8,73,1.0,南,0.0,0.00,晴れ,6.31
20250704,06:00,0.0,27.7,22.2,26.8,72,1.2,南西,0.0,0.08,晴れ,6.21
20250704,07:00,0.0,28.0,22.3,26.8,71,1.3,西,0.1,0.41,晴れ,6.39
20250704,08:00,0.0,29.2,21.9,26.4,65,1.2,南西,0.9,1.10,晴れ,6.68
20250704,09:00,0.0,29.7,21.6,25.9,62,3.0,南,0.9,1.78,晴れ,6.84
20250704,10:00,0.0,30.1,21.5,25.6,60,3.4,南,0.9,2.30,晴れ,7.97
20250704,11:00,0.0,31.4,22.7,27.6,60,2.1,南西,0.8,2.56,晴れ,7.79
20250704,12:00,0.0,32.0,21.8,26.2,55,3.3,南,0.9,3.13,晴れ,8.07
20250704,13:00,0.0,33.1,22.9,27.8,55,3.9,南南西,1.0,3.28,晴れ,7.14
20250704,14:00,0.0,33.1,23.1,28.3,56,3.1,南,0.8,2.78,晴れ,6.30
20250704,15:00,0.0,32.6,22.1,26.6,54,4.3,南,0.9,2.45,晴れ,7.44
20250704,16:00,0.0,32.9,21.7,26.0,52,4.0,南南西,1.0,2.08,晴れ,9.04
20250704,17:00,0.0,32.7,22.2,26.7,54,3.2,南南西,1.0,1.49,晴れ,10.7
20250704,18:00,0.0,32.1,21.9,26.3,55,2.7,南,1.0,0.87,晴れ,9.97
20250704,19:00,0.0,31.2,22.2,26.8,59,2.3,南,0.4,0.31,晴れ,9.90
20250704,20:00,0.0,30.6,22.5,27.2,62,2.0,西南西,0.0,0.02,晴れ,9.66
20250704,21:00,0.0,30.5,22.4,27.1,62,1.2,南,0.0,0.0,晴れ,10.3
20250704,22:00,0.0,29.7,21.9,26.3,63,2.6,南南東,0.0,0.0,晴れ,10.4
20250704,23:00,0.0,29.1,22.6,27.4,68,4.3,南南西,0.0,0.0,晴れ,9.06
20250704,24:00,0.0,28.7,22.7,27.6,70,3.9,南南西,0.0,0.0,曇,8.66
20250705,01:00,0.0,28.7,22.5,27.2,69,2.5,南南西,0.0,0.0,晴れ,9.11
20250705,02:00,0.0,28.3,22.1,26.6,69,2.6,南南西,0.0,0.0,晴れ,9.04
20250705,03:00,0.0,27.9,21.9,26.3,70,2.4,南南西,0.0,0.0,曇,9.13
20250705,04:00,0.0,27.9,22.4,27.1,72,2.1,南西,0.0,0.0,曇,8.71
20250705,05:00,0.0,28.0,22.3,26.8,71,2.3,南南東,0.0,0.00,曇,8.60
20250705,06:00,0.0,27.5,22.2,26.8,73,1.7,北北西,0.0,0.06,曇,7.37
20250705,07:00,0.0,27.9,22.2,26.7,71,2.5,南,0.2,0.39,晴れ,8.42
20250705,08:00,0.0,28.5,22.0,26.5,68,2.6,南西,0.5,1.05,晴れ,8.82
20250705,09:00,0.0,29.9,21.6,25.7,61,2.4,南南西,0.9,2.07,晴れ,9.56
20250705,10:00,0.0,31.1,20.7,24.4,54,3.5,南,1.0,2.49,晴れ,10.4
20250705,11:00,0.0,32.1,21.0,24.9,52,4.4,南,0.9,2.98,晴れ,10.4
20250705,12:00,0.0,32.7,20.6,24.3,49,4.8,南南東,1.0,3.29,晴れ,11.6
20250705,13:00,0.0,32.4,20.7,24.3,50,3.8,南,0.9,3.16,晴れ,10.3
20250705,14:00,0.0,33.1,21.6,25.8,51,4.5,南,0.8,2.99,晴れ,10.7
20250705,15:00,0.0,33.1,22.2,26.8,53,4.8,南,0.8,2.74,曇,13.0
20250705,16:00,0.0,32.8,22.0,26.4,53,3.0,南,0.9,2.02,曇,13.9
20250705,17:00,0.0,32.6,21.5,25.6,52,5.0,南南東,0.9,1.52,曇,14.9
20250705,18:00,0.0,32.0,22.1,26.6,56,2.1,南南西,1.0,0.85,晴れ,13.8
20250705,19:00,0.0,31.2,21.7,25.9,57,3.2,南南西,0.7,0.37,晴れ,14.3
20250705,20:00,0.0,30.9,21.4,25.5,57,1.6,南南東,0.0,0.03,晴れ,14.4
20250705,21:00,0.0,30.4,21.8,26.1,60,1.5,南西,0.0,0.0,晴れ,14.4
20250705,22:00,0.0,30.0,22.2,26.7,63,2.2,西南西,0.0,0.0,晴れ,13.7
20250705,23:00,0.0,29.5,22.2,26.8,65,1.8,南南西,0.0,0.0,晴れ,12.4
20250705,24:00,0.0,29.2,22.2,26.8,66,1.8,南西,0.0,0.0,曇,12.4
20250706,01:00,0.0,29.0,21.8,26.0,65,1.9,南西,0.0,0.0,晴れ,13.2
20250706,02:00,0.0,28.0,22.3,26.8,71,0.8,北北西,0.0,0.0,晴れ,10.3
20250706,03:00,0.0,28.1,20.9,24.7,65,1.9,南南西,0.0,0.0,晴れ,16.1
20250706,04:00,0.0,26.8,21.6,25.7,73,2.3,北,0.0,0.0,晴れ,10.1
20250706,05:00,0.0,26.3,21.7,26.0,76,1.1,北北東,0.0,0.00,晴れ,8.47
20250706,06:00,0.0,26.2,21.6,25.9,76,1.2,北,0.5,0.14,晴れ,8.66
20250706,07:00,0.0,27.2,21.3,25.3,70,1.3,南南東,1.0,0.64,晴れ,11.5
20250706,08:00,0.0,28.5,20.3,23.7,61,3.1,南,1.0,1.16,晴れ,20.0
20250706,09:00,0.0,29.7,19.1,22.1,53,2.9,南南東,1.0,1.87,晴れ,20.0
20250706,10:00,0.0,30.2,18.6,21.5,50,3.2,南西,1.0,2.32,晴れ,20.0
20250706,11:00,0.0,31.5,19.5,22.7,49,3.0,南南東,1.0,3.14,晴れ,20.0
20250706,12:00,0.0,32.7,19.9,23.3,47,3.7,南南西,1.0,3.50,晴れ,20.0
20250706,13:00,0.0,33.2,20.4,23.9,47,5.0,南,1.0,3.48,晴れ,20.0
20250706,14:00,0.0,32.5,20.7,24.5,50,5.6,南,1.0,3.25,晴れ,20.0
20250706,15:00,0.0,32.7,20.9,24.7,50,6.0,南,1.0,2.89,晴れ,20.0
20250706,16:00,0.0,33.0,20.9,24.7,49,5.5,南,1.0,2.37,晴れ,20.0
20250706,17:00,0.0,32.8,20.7,24.4,49,4.6,南,1.0,1.70,晴れ,20.0
20250706,18:00,0.0,32.1,20.4,23.9,50,3.5,南南西,1.0,0.92,晴れ,20.0
20250706,19:00,0.0,31.3,20.6,24.2,53,3.2,南南西,1.0,0.35,晴れ,20.0
20250706,20:00,0.0,31.0,20.6,24.3,54,1.8,南南西,0.0,0.03,曇,20.0
20250706,21:00,0.0,30.8,20.4,24.0,54,1.5,南南西,0.0,0.0,晴れ,20.0
20250706,22:00,0.0,30.6,21.1,25.0,57,1.5,北北東,0.0,0.0,晴れ,20.0
20250706,23:00,0.0,29.3,21.5,25.7,63,1.9,北,0.0,0.0,晴れ,20.0
20250706,24:00,0.0,28.7,21.5,25.6,65,2.4,北北東,0.0,0.0,晴れ,20.0
20250707,01:00,0.0,28.1,21.2,25.1,66,2.4,北北東,0.0,0.0,晴れ,20.0
20250707,02:00,0.0,27.7,21.3,25.3,68,1.9,北北東,0.0,0.0,晴れ,20.0
20250707,03:00,0.0,26.9,21.2,25.2,71,2.2,北北東,0.0,0.0,晴れ,20.0
20250707,04:00,0.0,26.5,21.0,24.9,72,3.1,北北東,0.0,0.0,晴れ,20.0
20250707,05:00,0.0,26.2,21.0,24.8,73,3.0,北北東,0.0,0.00,晴れ,20.0
20250707,06:00,0.0,26.1,20.9,24.7,73,2.7,北北東,0.5,0.15,曇,20.0
20250707,07:00,0.0,26.6,20.9,24.7,71,2.7,北,1.0,0.67,晴れ,20.0
20250707,08:00,0.0,28.8,21.1,25.0,63,1.1,北北西,1.0,1.34,晴れ,20.0
20250707,09:00,0.0,30.0,20.0,23.3,55,1.5,北北西,1.0,2.05,晴れ,20.0
20250707,10:00,0.0,31.0,20.6,24.3,54,2.4,西,1.0,2.61,晴れ,20.0
20250707,11:00,0.0,31.8,19.8,23.0,49,2.8,南西,1.0,3.06,晴れ,20.0
20250707,12:00,0.0,31.9,21.1,25.1,53,4.8,南西,1.0,3.40,晴れ,19.6
20250707,13:00,0.0,33.9,22.7,27.5,52,4.1,南西,1.0,3.40,晴れ,20.0
20250707,14:00,0.0,33.8,22.6,27.4,52,4.1,南西,1.0,3.21,晴れ,20.0
20250707,15:00,0.0,34.1,21.9,26.2,49,3.4,南,1.0,2.85,晴れ,20.0
20250707,16:00,0.0,32.9,21.7,26.0,52,4.0,南南西,1.0,2.28,晴れ,19.7
20250707,17:00,0.0,33.3,21.1,25.1,49,4.1,南西,1.0,1.61,晴れ,20.0
20250707,18:00,0.0,32.4,20.7,24.3,50,2.6,南南西,1.0,0.92,晴れ,20.0
20250707,19:00,0.0,31.6,20.6,24.2,52,2.6,西南西,0.8,0.32,晴れ,20.0
20250707,20:00,0.0,31.3,20.3,23.8,52,2.1,南西,0.0,0.02,晴れ,20.0
20250707,21:00,0.0,30.9,21.1,25.0,56,1.7,西南西,0.0,0.0,晴れ,20.0
20250707,22:00,0.0,31.0,21.5,25.6,57,0.7,北北西,0.0,0.0,晴れ,20.0
20250707,23:00,0.0,30.8,20.7,24.4,55,1.7,北,0.0,0.0,晴れ,20.0
20250707,24:00,0.0,30.3,21.7,25.9,60,2.2,北,0.0,0.0,晴れ,20.0
20250708,01:00,0.0,29.6,22.6,27.4,66,2.5,北北東,0.0,0.0,晴れ,20.0
20250708,02:00,0.0,29.7,22.9,28.0,67,1.7,北北東,0.0,0.0,晴れ,19.4
20250708,03:00,0.0,29.1,23.1,28.2,70,1.6,北北西,0.0,0.0,晴れ,19.0
20250708,04:00,0.0,29.0,23.2,28.5,71,2.4,北北東,0.0,0.0,晴れ,19.1
20250708,05:00,0.0,28.7,22.9,28.0,71,4.3,北東,0.0,0.00,晴れ,18.4
20250708,06:00,0.0,28.7,22.9,28.0,71,3.2,北北東,0.0,0.08,晴れ,19.4
20250708,07:00,0.0,29.1,23.1,28.2,70,2.0,北,0.0,0.25,曇,19.5
20250708,08:00,0.0,30.5,22.9,28.0,64,3.1,北,0.6,1.01,晴れ,19.1
20250708,09:00,0.0,31.2,22.2,26.8,59,1.6,北北東,0.8,1.94,晴れ,16.8
20250708,10:00,0.0,33.2,22.6,27.5,54,1.4,北北東,1.0,2.58,晴れ,15.5
20250708,11:00,0.0,33.4,22.2,26.8,52,3.6,南南西,0.7,2.51,晴れ,16.2
20250708,12:00,0.0,34.5,23.2,28.5,52,4.5,南南西,1.0,3.28,晴れ,15.2
20250708,13:00,0.0,34.9,22.6,27.4,49,4.3,南,1.0,3.24,晴れ,14.5
20250708,14:00,0.0,33.7,22.2,26.7,51,6.7,南西,1.0,3.20,晴れ,18.5
20250708,15:00,0.0,32.9,21.7,26.0,52,6.1,南西,0.4,1.61,晴れ,19.3
20250708,16:00,0.0,34.2,20.2,23.7,44,3.9,南西,1.0,2.28,晴れ,20.0
20250708,17:00,0.0,34.2,20.2,23.7,44,2.4,南西,1.0,1.71,晴れ,20.0
20250708,18:00,0.0,34.0,21.4,25.5,48,2.6,南南東,0.8,0.95,雷電,19.6
20250708,19:00,0.0,32.2,22.0,26.5,55,2.5,南南西,0.0,0.11,曇,19.7
20250708,20:00,0.0,31.1,21.0,24.9,55,2.7,南南西,0.0,0.00,曇,17.8
20250708,21:00,0.0,30.8,21.6,25.8,58,1.4,西北西,0.0,0.0,曇,16.1
20250708,22:00,0.0,30.2,22.1,26.6,62,2.5,南西,0.0,0.0,曇,18.1
20250708,23:00,0.0,30.0,21.9,26.3,62,2.0,北北西,0.0,0.0,曇,20.0
20250708,24:00,0.0,29.4,22.1,26.7,65,2.1,北,0.0,0.0,曇,20.0
20250709,01:00,0.0,29.0,22.0,26.4,66,2.2,北,0.0,0.0,曇,20.0
20250709,02:00,0.0,28.9,21.9,26.3,66,2.0,北,0.0,0.0,曇,20.0
20250709,03:00,0.0,28.5,21.8,26.1,67,1.7,北北東,0.0,0.0,曇,20.0
20250709,04:00,0.0,28.3,22.1,26.6,69,2.8,北北東,0.0,0.0,曇,20.0
20250709,05:00,0.0,28.2,22.0,26.4,69,1.9,北東,0.0,0.00,曇,10.1
20250709,06:00,0.0,28.2,22.0,26.4,69,2.8,北,0.0,0.05,曇,20.0
20250709,07:00,0.0,28.6,22.1,26.6,68,2.1,北,0.0,0.23,曇,20.0
20250709,08:00,0.0,29.9,22.4,27.0,64,2.1,北,0.5,0.96,晴れ,20.0
20250709,09:00,0.0,30.1,22.0,26.5,62,1.3,西北西,0.3,1.06,曇,16.6
20250709,10:00,0.0,30.7,22.9,27.8,63,1.8,西南西,0.2,0.88,雨,15.3
20250709,11:00,0.0,31.8,21.9,26.3,56,2.2,南南西,0.2,1.50,晴れ,13.5
20250709,12:00,0.0,32.5,21.1,25.0,51,1.8,南西,0.1,1.16,晴れ,12.5
20250709,13:00,0.0,34.0,21.4,25.5,48,4.1,南西,0.8,3.08,晴れ,15.8
20250709,14:00,0.0,34.2,20.9,24.8,46,3.7,南西,1.0,3.30,晴れ,13.4
20250709,15:00,0.0,34.0,20.8,24.5,46,3.9,南,0.6,2.22,晴れ,13.3
20250709,16:00,0.0,34.1,19.8,23.0,43,3.1,南西,1.0,2.30,晴れ,14.4
20250709,17:00,0.0,34.2,20.2,23.7,44,3.2,南,1.0,1.71,晴れ,12.5
20250709,18:00,1.0,30.4,22.3,26.9,62,4.3,南東,0.7,1.27,雨,7.60
20250709,19:00,0.0,29.8,22.8,27.7,66,3.8,北,0.2,0.35,雷電,9.52
20250709,20:00,0.0,28.8,21.3,25.4,64,2.7,北北東,0.0,0.02,晴れ,13.6
20250709,21:00,0.0,28.0,22.3,26.8,71,3.8,北北東,0.0,0.0,晴れ,12.7
20250709,22:00,0.0,27.5,21.8,26.1,71,4.6,北北東,0.0,0.0,晴れ,13.2
20250709,23:00,0.0,27.6,22.1,26.6,72,3.7,北北東,0.0,0.0,晴れ,12.1
20250709,24:00,0.0,27.0,22.0,26.4,74,3.4,北北東,0.0,0.0,晴れ,11.3
20250710,01:00,0.0,27.0,21.8,26.0,73,4.1,北北東,0.0,0.0,晴れ,11.8
20250710,02:00,0.0,26.9,21.9,26.2,74,4.3,北北東,0.0,0.0,晴れ,11.6
20250710,03:00,0.0,26.5,21.9,26.3,76,4.6,北北東,0.0,0.0,晴れ,11.5
20250710,04:00,0.0,26.4,21.4,25.5,74,3.6,北北東,0.0,0.0,晴れ,11.9
20250710,05:00,0.0,26.2,21.4,25.5,75,3.3,北,0.0,0.00,晴れ,11.9
20250710,06:00,0.0,26.3,21.7,26.0,76,3.2,北北東,0.0,0.10,晴れ,12.0
20250710,07:00,0.0,26.7,21.5,25.6,73,3.9,北北東,0.8,0.52,晴れ,11.2
20250710,08:00,0.0,28.3,21.3,25.4,66,3.9,北北東,1.0,1.17,晴れ,6.83
20250710,09:00,0.0,30.3,21.9,26.3,61,3.3,北,1.0,1.91,晴れ,8.59
20250710,10:00,0.0,31.7,21.3,25.3,54,2.9,北東,0.9,2.33,晴れ,8.13
20250710,11:00,0.0,33.1,20.3,23.8,47,2.1,東,0.5,2.04,晴れ,7.77
20250710,12:00,0.0,33.2,19.3,22.4,44,3.4,北東,0.6,2.35,曇,7.61
20250710,13:00,0.0,35.3,18.0,20.6,36,3.2,東北東,0.7,2.91,晴れ,8.01
20250710,14:00,0.0,34.6,19.8,23.1,42,2.8,南東,0.9,3.00,晴れ,7.65
20250710,15:00,0.0,34.4,20.8,24.5,45,3.8,西南西,0.8,2.50,晴れ,7.14
20250710,16:00,0.0,35.8,20.9,24.7,42,2.9,西南西,1.0,2.32,晴れ,7.90
20250710,17:00,0.0,33.9,20.3,23.8,45,4.7,南西,1.0,1.70,晴れ,7.52
20250710,18:00,0.0,33.1,21.0,24.8,49,4.0,南西,1.0,0.90,晴れ,8.26
20250710,19:00,0.0,32.6,20.5,24.1,49,3.9,南西,0.4,0.28,晴れ,8.70
20250710,20:00,0.0,32.1,20.1,23.4,49,2.8,南西,0.0,0.02,晴れ,9.58
20250710,21:00,0.0,31.8,20.1,23.5,50,2.9,南西,0.0,0.0,晴れ,9.80
20250710,22:00,0.0,31.4,20.7,24.4,53,1.1,西,0.0,0.0,晴れ,9.35
20250710,23:00,0.0,30.4,20.9,24.8,57,2.6,北北西,0.0,0.0,晴れ,9.16
20250710,24:00,0.0,29.8,20.9,24.8,59,3.9,北北東,0.0,0.0,晴れ,8.35
20250711,01:00,0.0,29.4,20.8,24.6,60,3.1,北北東,0.0,0.0,晴れ,9.80
20250711,02:00,0.0,29.1,21.3,25.4,63,4.2,北北東,0.0,0.0,曇,6.60
20250711,03:00,0.0,29.0,21.5,25.6,64,4.0,北北東,0.0,0.0,曇,8.35
20250711,04:00,0.0,28.7,21.5,25.6,65,4.6,北北東,0.0,0.0,曇,8.19
20250711,05:00,0.0,28.4,21.2,25.2,65,3.0,北北東,0.0,0.00,曇,8.36
20250711,06:00,0.0,28.4,21.4,25.5,66,3.3,北北東,0.0,0.11,曇,7.78
20250711,07:00,0.0,28.6,21.4,25.5,65,3.7,北北東,0.2,0.44,曇,7.78
20250711,08:00,0.0,29.8,21.7,26.0,62,3.7,北北東,0.8,1.14,晴れ,7.50
20250711,09:00,0.0,32.2,21.7,26.0,54,2.1,北,1.0,2.04,晴れ,9.18
20250711,10:00,0.0,33.7,20.5,24.1,46,2.8,北北東,1.0,2.74,晴れ,13.6
20250711,11:00,0.0,33.9,21.7,25.9,49,3.7,南,1.0,3.09,晴れ,10.3
20250711,12:00,0.0,33.9,21.7,25.9,49,4.2,南南西,1.0,3.12,晴れ,10.4
20250711,13:00,0.0,33.2,21.7,26.0,51,5.1,南西,0.9,2.94,曇,12.9
20250711,14:00,0.0,34.3,21.7,26.0,48,4.5,南西,0.8,2.72,曇,16.4
20250711,15:00,0.0,32.7,21.2,25.2,51,4.9,南西,0.6,1.92,曇,20.0
20250711,16:00,0.0,32.6,20.8,24.6,50,4.3,南西,0.0,0.85,雷電,20.0
20250711,17:00,0.0,31.1,21.9,26.2,58,3.5,北,0.0,0.37,曇,20.0
20250711,18:00,0.0,29.8,21.5,25.6,61,4.3,北北東,0.0,0.38,曇,20.0
20250711,19:00,0.0,30.0,21.9,26.3,62,2.9,北,0.1,0.26,曇,20.0
20250711,20:00,0.0,29.4,21.6,25.8,63,3.2,北,0.0,0.02,晴れ,20.0
20250711,21:00,0.0,28.8,22.1,26.5,67,2.7,北,0.0,0.0,晴れ,20.0
20250711,22:00,0.0,28.3,22.5,27.3,71,3.2,北,0.0,0.0,曇,20.0
20250711,23:00,0.0,27.7,22.4,27.1,73,4.3,北北東,0.0,0.0,曇,20.0
20250711,24:00,0.0,27.4,22.4,27.0,74,4.0,北,0.0,0.0,曇,20.0
20250712,01:00,0.0,27.2,22.4,27.1,75,3.1,北北東,0.0,0.0,晴れ,20.0
20250712,02:00,0.0,27.0,22.4,27.1,76,3.5,北北東,0.0,0.0,曇,20.0
20250712,03:00,0.0,26.8,22.2,26.8,76,3.9,北,0.0,0.0,曇,20.0
20250712,04:00,0.0,26.9,22.3,26.9,76,3.6,北,0.0,0.0,曇,20.0
20250712,05:00,0.0,26.9,22.3,26.9,76,3.2,北北東,0.0,0.00,曇,20.0
20250712,06:00,0.0,27.1,22.1,26.5,74,2.1,北北東,0.3,0.14,曇,20.0
20250712,07:00,0.0,27.7,22.2,26.8,72,2.4,北,0.0,0.27,曇,20.0
20250712,08:00,0.0,28.5,22.0,26.5,68,2.9,北,0.0,0.50,曇,20.0
20250712,09:00,0.0,29.8,22.0,26.4,63,3.1,北,0.1,1.29,曇,18.1
20250712,10:00,0.0,31.0,21.5,25.6,57,4.1,北,0.3,1.84,曇,17.5
20250712,11:00,0.0,31.7,21.0,24.8,53,2.7,東北東,0.7,2.76,曇,20.0
20250712,12:00,0.0,32.8,20.4,23.9,48,1.4,東,0.7,2.92,曇,20.0
20250712,13:00,0.0,34.5,20.8,24.6,45,1.4,南南東,0.5,2.26,晴れ,20.0
20250712,14:00,0.0,34.6,21.6,25.9,47,2.7,南西,0.7,2.62,晴れ,20.0
20250712,15:00,0.0,33.6,22.1,26.5,51,4.9,南西,1.0,2.80,晴れ,19.5
20250712,16:00,0.0,33.8,22.3,26.8,51,5.3,南西,1.0,2.46,晴れ,17.1
20250712,17:00,0.0,33.4,20.9,24.7,48,4.3,南南西,1.0,1.70,晴れ,20.0
20250712,18:00,0.0,32.3,21.8,26.1,54,4.4,南西,1.0,0.94,晴れ,20.0
20250712,19:00,0.0,32.0,21.5,25.7,54,2.5,南南西,0.6,0.28,晴れ,20.0
20250712,20:00,0.0,30.4,21.8,26.1,60,4.2,南西,0.0,0.01,晴れ,20.0
20250712,21:00,0.0,30.4,22.6,27.4,63,2.0,南南西,0.0,0.0,晴れ,20.0
20250712,22:00,0.0,30.3,21.9,26.3,61,1.9,南南東,0.0,0.0,晴れ,20.0
20250712,23:00,0.0,29.9,22.4,27.0,64,2.4,南,0.0,0.0,晴れ,20.0
20250712,24:00,0.0,29.2,21.9,26.4,65,2.1,南南西,0.0,0.0,晴れ,20.0
20250713,01:00,0.0,29.1,22.4,27.0,67,2.0,南南東,0.0,0.0,晴れ,20.0
20250713,02:00,0.0,28.5,22.0,26.5,68,2.8,北,0.0,0.0,曇,20.0
20250713,03:00,0.0,27.9,21.9,26.3,70,2.5,北,0.0,0.0,晴れ,20.0
20250713,04:00,0.0,27.5,22.0,26.4,72,2.3,北北東,0.0,0.0,晴れ,20.0
20250713,05:00,0.0,27.1,21.8,26.2,73,2.6,北,0.0,0.00,晴れ,20.0
20250713,06:00,0.0,27.1,21.8,26.2,73,2.9,北北東,0.5,0.13,曇,20.0
20250713,07:00,0.0,27.6,21.9,26.2,71,2.2,北北東,1.0,0.67,晴れ,20.0
20250713,08:00,0.0,29.6,22.6,27.4,66,1.7,北北西,1.0,1.35,晴れ,20.0
20250713,09:00,0.0,30.7,21.8,26.1,59,1.0,北,0.9,1.95,晴れ,20.0
20250713,10:00,0.0,31.7,21.0,24.8,53,3.1,南東,0.7,2.18,晴れ,20.0
20250713,11:00,0.0,32.3,22.4,27.1,56,3.5,南南西,0.5,2.16,晴れ,20.0
20250713,12:00,0.0,32.9,22.7,27.5,55,4.8,南西,1.0,3.41,晴れ,20.0
20250713,13:00,0.0,33.0,21.5,25.7,51,3.8,南,1.0,3.39,晴れ,20.0
20250713,14:00,0.0,34.6,22.0,26.4,48,4.4,南南西,1.0,3.42,晴れ,20.0
20250713,15:00,0.0,34.3,21.0,24.9,46,4.5,南南西,1.0,3.06,晴れ,20.0
20250713,16:00,0.0,33.2,21.4,25.4,50,5.4,南西,0.7,1.83,曇,20.0
20250713,17:00,0.0,32.5,21.4,25.4,52,5.5,南南西,0.5,1.42,晴れ,20.0
20250713,18:00,0.0,31.4,21.3,25.3,55,4.9,南南西,0.8,0.90,晴れ,20.0
20250713,19:00,0.0,31.0,22.3,27.0,60,4.6,南南西,0.3,0.31,曇,20.0
20250713,20:00,0.0,29.8,22.5,27.3,65,4.2,南西,0.0,0.01,曇,20.0
20250713,21:00,0.0,29.1,22.6,27.4,68,4.2,南西,0.0,0.0,曇,20.0
20250713,22:00,0.0,29.0,22.7,27.7,69,3.3,南南西,0.0,0.0,曇,20.0
20250713,23:00,0.0,28.9,22.4,27.1,68,3.1,南西,0.0,0.0,曇,20.0
20250713,24:00,0.0,28.7,22.5,27.2,69,2.9,南,0.0,0.0,晴れ,20.0
20250714,01:00,0.0,28.6,21.9,26.2,67,2.3,南南東,0.0,0.0,曇,20.0
20250714,02:00,0.0,28.8,21.3,25.4,64,1.9,南東,0.0,0.0,雨,20.0
20250714,03:00,0.0,28.7,21.2,25.2,64,3.1,南南東,0.0,0.0,曇,20.0
20250714,04:00,0.0,28.5,21.0,24.9,64,1.5,南東,0.0,0.0,曇,20.0
20250714,05:00,1.0,26.7,23.2,28.4,81,3.7,南南西,0.0,0.00,雨,5.44
20250714,06:00,2.0,26.0,23.1,28.2,84,1.4,南南西,0.0,0.02,雨,9.56
20250714,07:00,0.0,27.0,22.4,27.1,76,3.8,東南東,0.0,0.14,雨,20.0
20250714,08:00,0.0,27.6,21.9,26.2,71,1.7,東南東,0.0,0.32,雨,20.0
20250714,09:00,0.0,27.9,21.9,26.3,70,1.9,東,0.0,0.26,雨,20.0
20250714,10:00,1.5,27.9,21.9,26.3,70,3.6,東南東,0.0,0.49,曇,20.0
20250714,11:00,0.5,27.3,22.5,27.2,75,6.0,東南東,0.0,0.53,雨,7.96
20250714,12:00,7.5,25.8,22.9,27.9,84,5.4,東南東,0.0,0.50,雨,1.74
20250714,13:00,7.0,26.0,23.1,28.2,84,1.0,東南東,0.0,0.26,雷電,6.16
20250714,14:00,0.5,26.0,23.3,28.6,85,1.7,北,0.0,0.11,雷電,8.47
20250714,15:00,7.0,25.8,23.5,28.9,87,2.5,西,0.0,0.10,雷電,3.66
20250714,16:00,3.5,26.4,23.9,29.6,86,1.1,東北東,0.0,0.43,雨,20.0
20250714,17:00,0.0,27.3,23.6,29.0,80,2.3,南西,0.3,1.12,曇,20.0
20250714,18:00,0.0,27.3,22.5,27.2,75,2.4,南,0.2,0.69,曇,20.0
20250714,19:00,0.0,27.4,19.5,22.6,62,4.0,西南西,0.0,0.15,曇,20.0
20250714,20:00,0.0,26.6,19.0,21.9,63,3.0,北北東,0.0,0.01,晴れ,20.0
20250714,21:00,0.0,25.6,19.0,22.0,67,2.2,北北東,0.0,0.0,晴れ,20.0
20250714,22:00,0.0,24.8,19.0,21.9,70,1.2,北,0.0,0.0,晴れ,20.0
20250714,23:00,0.0,24.4,18.8,21.7,71,0.7,北,0.0,0.0,晴れ,20.0
20250714,24:00,0.0,23.3,19.3,22.3,78,0.9,北北東,0.0,0.0,晴れ,20.0
20250715,01:00,0.0,22.9,19.3,22.3,80,1.5,北,0.0,0.0,晴れ,20.0
20250715,02:00,0.0,22.6,19.2,22.2,81,1.9,北北東,0.0,0.0,晴れ,20.0
20250715,03:00,0.0,22.3,19.3,22.4,83,1.6,北,0.0,0.0,晴れ,20.0
20250715,04:00,0.0,22.3,19.1,22.1,82,2.4,北,0.0,0.0,曇,20.0
20250715,05:00,0.0,22.1,18.9,21.8,82,2.1,北,0.0,0.00,曇,20.0
20250715,06:00,0.0,22.1,18.9,21.8,82,1.7,北,0.4,0.11,晴れ,20.0
20250715,07:00,0.0,23.1,19.1,22.1,78,1.7,北北東,1.0,0.65,晴れ,20.0
20250715,08:00,0.0,25.1,19.0,22.0,69,1.3,北,0.9,1.35,晴れ,20.0
20250715,09:00,0.0,26.4,18.3,21.0,61,1.6,南南東,0.3,1.32,晴れ,20.0
20250715,10:00,0.0,27.5,18.5,21.3,58,2.4,南,0.5,2.04,晴れ,20.0
20250715,11:00,0.0,28.3,19.3,22.3,58,3.4,西南西,0.8,2.92,晴れ,20.0
20250715,12:00,0.0,29.3,19.6,22.8,56,4.7,南,0.5,2.44,雨,20.0
20250715,13:00,0.0,30.1,20.7,24.3,57,4.3,南西,0.3,1.92,晴れ,14.2
20250715,14:00,0.0,30.2,19.6,22.8,53,5.8,南南西,1.0,3.21,晴れ,15.9
20250715,15:00,0.0,30.9,18.6,21.5,48,6.4,南南西,0.6,2.14,晴れ,17.8
20250715,16:00,0.0,31.0,18.7,21.6,48,5.4,南南西,0.8,2.08,晴れ,17.2
20250715,17:00,0.0,30.4,18.8,21.7,50,6.3,南南西,1.0,1.73,晴れ,17.7
20250715,18:00,0.0,29.7,19.4,22.5,54,5.6,南,1.0,0.88,晴れ,18.7
20250715,19:00,0.0,29.5,19.5,22.7,55,3.6,南南西,0.5,0.31,晴れ,17.4
20250715,20:00,0.0,29.0,19.9,23.2,58,3.2,南,0.0,0.01,晴れ,17.7
20250715,21:00,0.0,28.6,20.4,23.9,61,3.7,南,0.0,0.0,晴れ,16.4
20250715,22:00,0.0,28.1,20.7,24.3,64,3.1,南南西,0.0,0.0,晴れ,15.4
20250715,23:00,0.0,27.7,21.3,25.3,68,2.0,南南西,0.0,0.0,雨,6.07
20250715,24:00,0.0,27.7,20.8,24.5,66,2.3,南南西,0.0,0.0,曇,14.7
20250716,01:00,0.0,27.6,20.2,23.6,64,1.3,南,0.0,0.0,晴れ,16.1
20250716,02:00,0.0,27.2,19.8,23.1,64,2.1,南西,0.0,0.0,晴れ,16.3
20250716,03:00,0.0,26.9,19.8,23.0,65,1.5,南南西,0.0,0.0,晴れ,16.7
20250716,04:00,0.0,26.3,19.5,22.6,66,1.9,南東,0.0,0.0,晴れ,13.6
20250716,05:00,0.0,26.4,19.3,22.4,65,0.9,南東,0.0,0.00,晴れ,14.4
20250716,06:00,0.0,25.4,20.0,23.4,72,1.4,北北東,0.4,0.11,晴れ,12.8
20250716,07:00,0.0,25.9,19.8,23.1,69,1.3,北北東,1.0,0.63,晴れ,13.4
20250716,08:00,0.0,27.9,18.9,21.8,58,2.3,南,1.0,1.33,晴れ,19.6
20250716,09:00,0.0,28.8,18.3,21.0,53,4.1,南南西,1.0,2.08,晴れ,19.7
20250716,10:00,0.0,30.0,17.5,20.0,47,3.6,南南西,1.0,2.72,晴れ,20.0
20250716,11:00,0.0,30.7,17.1,19.4,44,4.7,南南西,1.0,3.17,晴れ,20.0
20250716,12:00,0.0,32.0,15.9,18.1,38,4.2,南南西,1.0,3.40,晴れ,20.0
20250716,13:00,0.0,31.8,16.5,18.8,40,5.8,南西,1.0,3.47,晴れ,20.0
20250716,14:00,0.0,32.5,16.4,18.6,38,3.7,南南西,1.0,3.31,晴れ,19.9
20250716,15:00,0.0,31.9,17.0,19.4,41,5.2,南南西,1.0,2.83,晴れ,17.3
20250716,16:00,0.0,32.4,18.2,20.9,43,5.5,南南西,1.0,2.32,晴れ,20.0
20250716,17:00,0.0,31.3,18.3,21.0,46,5.1,南南西,1.0,1.52,晴れ,20.0
20250716,18:00,0.0,30.6,19.6,22.8,52,3.2,南西,0.0,0.41,曇,18.6
20250716,19:00,0.0,30.1,20.4,23.9,56,4.3,南,0.0,0.09,曇,20.0
20250716,20:00,0.0,29.8,20.7,24.3,58,4.5,南,0.0,0.00,曇,20.0
20250716,21:00,0.0,29.3,21.5,25.7,63,4.5,南南西,0.0,0.0,曇,19.1
20250716,22:00,0.0,29.1,21.9,26.2,65,3.0,南南西,0.0,0.0,晴れ,14.9
20250716,23:00,0.0,28.7,21.7,26.0,66,3.3,南南西,0.0,0.0,晴れ,15.4
20250716,24:00,0.0,28.5,21.5,25.7,66,2.9,南,0.0,0.0,晴れ,16.8
20250717,01:00,0.0,28.3,21.6,25.8,67,2.3,南西,0.0,0.0,晴れ,16.1
20250717,02:00,0.0,28.1,21.4,25.5,67,3.1,南,0.0,0.0,晴れ,14.6
20250717,03:00,0.0,28.3,21.1,25.0,65,2.7,南南東,0.0,0.0,晴れ,15.6
20250717,04:00,0.0,27.7,21.0,24.9,67,2.4,南東,0.0,0.0,晴れ,15.0
20250717,05:00,0.0,27.3,21.1,25.0,69,1.5,東北東,0.0,0.00,晴れ,14.4
20250717,06:00,0.0,26.8,21.3,25.4,72,1.5,北,0.2,0.08,晴れ,13.9
20250717,07:00,0.0,27.3,21.1,25.0,69,1.8,北,1.0,0.62,晴れ,14.1
20250717,08:00,0.0,29.2,20.9,24.7,61,1.9,北西,1.0,1.31,晴れ,17.0
20250717,09:00,0.0,31.0,20.0,23.4,52,3.7,南,1.0,2.11,晴れ,20.0
20250717,10:00,0.0,32.1,21.3,25.4,53,2.9,南南西,1.0,2.64,晴れ,20.0
20250717,11:00,0.0,32.5,21.4,25.4,52,4.2,南南東,1.0,3.11,晴れ,20.0
20250717,12:00,0.0,32.9,20.8,24.5,49,4.4,南南西,1.0,3.41,晴れ,20.0
20250717,13:00,0.0,33.3,20.1,23.5,46,3.9,南南西,1.0,3.53,晴れ,20.0
20250717,14:00,0.0,32.5,20.1,23.5,48,4.2,南南東,0.1,1.57,曇,20.0
20250717,15:00,0.0,31.3,21.8,26.1,57,4.4,東南東,0.0,1.14,曇,20.0
20250717,16:00,0.0,29.9,21.8,26.2,62,6.7,南南東,0.0,0.73,雨,16.4
20250717,17:00,1.0,27.1,22.3,26.9,75,5.2,南,0.0,0.26,雨,13.8
20250717,18:00,0.0,26.9,23.4,28.7,81,3.9,南東,0.0,0.25,雨,20.0
20250717,19:00,9.5,26.0,23.5,28.9,86,2.1,南東,0.0,0.09,雨,4.49
20250717,20:00,0.0,26.7,23.2,28.4,81,1.3,南東,0.0,0.01,曇,17.0
20250717,21:00,0.0,26.7,22.1,26.6,76,3.4,南南東,0.0,0.0,雨,14.0
20250717,22:00,1.5,26.2,23.1,28.2,83,2.1,南南東,0.0,0.0,雨,15.9
20250717,23:00,3.0,25.6,22.9,27.9,85,3.5,南,0.0,0.0,雨,7.18
20250717,24:00,1.0,25.9,22.6,27.4,82,2.7,南,0.0,0.0,雨,20.0
20250718,01:00,4.5,25.1,22.4,27.1,85,5.7,南,0.0,0.0,雨,2.61
20250718,02:00,5.5,25.5,23.0,28.1,86,3.4,南南東,0.0,0.0,雨,7.88
20250718,03:00,0.0,25.8,22.1,26.6,80,2.8,南南東,0.0,0.0,雨,20.0
20250718,04:00,0.5,25.6,21.9,26.3,80,1.5,南,0.0,0.0,雨,7.96
20250718,05:00,4.5,25.1,22.4,27.1,85,2.0,南,0.0,0.00,雨,6.81
20250718,06:00,0.0,25.1,22.4,27.1,85,2.1,南,0.0,0.01,雨,13.5
20250718,07:00,0.0,25.6,22.7,27.6,84,2.5,南東,0.0,0.17,雨,20.0
20250718,08:00,1.0,26.1,22.4,27.1,80,1.9,南南東,0.0,0.36,曇,20.0
20250718,09:00,0.0,26.3,22.6,27.4,80,3.2,南南西,0.0,0.51,雨,15.6
20250718,10:00,0.5,27.1,22.3,26.9,75,2.7,南南西,0.0,1.00,曇,20.0
20250718,11:00,0.0,27.3,22.3,26.9,74,5.1,南,0.0,0.99,雨,20.0
20250718,12:00,0.0,27.5,21.8,26.1,71,4.0,南,0.0,1.46,雨,20.0
20250718,13:00,0.0,27.5,21.1,25.0,68,3.5,南南西,0.0,1.34,雨,20.0
20250718,14:00,0.0,28.8,21.8,26.1,66,3.5,南西,0.0,1.82,雨,20.0
20250718,15:00,0.0,28.9,20.6,24.3,61,2.2,南,0.0,1.50,曇,20.0
20250718,16:00,0.0,28.6,20.6,24.3,62,3.1,南西,0.0,0.79,雨,20.0
20250718,17:00,0.0,28.5,20.5,24.1,62,2.8,南西,0.0,0.63,曇,20.0
20250718,18:00,0.0,28.7,20.2,23.6,60,2.8,南,0.0,0.30,曇,20.0
20250718,19:00,0.0,28.3,20.1,23.5,61,2.6,南,0.0,0.11,曇,20.0
20250718,20:00,0.0,28.1,20.1,23.6,62,3.0,南南西,0.0,0.01,曇,20.0
20250718,21:00,0.0,27.7,20.8,24.5,66,2.1,東南東,0.0,0.0,曇,20.0
20250718,22:00,0.0,27.4,20.5,24.1,66,2.5,南東,0.0,0.0,曇,20.0
20250718,23:00,0.0,26.4,21.4,25.5,74,1.7,北,0.0,0.0,曇,20.0
20250718,24:00,0.0,26.1,21.3,25.4,75,1.9,北,0.0,0.0,曇,20.0
20250719,01:00,0.0,25.7,21.4,25.4,77,2.3,北,0.0,0.0,曇,20.0
20250719,02:00,0.0,25.7,21.4,25.4,77,1.2,東北東,0.0,0.0,曇,20.0
20250719,03:00,0.0,25.4,21.3,25.3,78,1.7,北,0.0,0.0,曇,20.0
20250719,04:00,0.0,25.4,21.3,25.3,78,1.0,北,0.0,0.0,曇,20.0
20250719,05:00,0.0,25.4,21.3,25.3,78,1.6,北,0.0,0.00,曇,20.0
20250719,06:00,0.0,25.4,21.3,25.3,78,2.2,北,0.0,0.08,曇,20.0
20250719,07:00,0.0,26.4,21.8,26.2,76,2.4,北,0.2,0.65,曇,20.0
20250719,08:00,0.0,27.6,21.2,25.1,68,1.7,北,0.5,0.97,曇,20.0
20250719,09:00,0.0,29.1,21.3,25.4,63,1.2,北北西,1.0,1.66,晴れ,20.0
20250719,10:00,0.0,30.0,19.7,22.9,54,4.2,南南西,0.9,2.52,晴れ,20.0
20250719,11:00,0.0,31.1,20.1,23.5,52,3.6,南西,1.0,3.05,晴れ,20.0
20250719,12:00,0.0,31.3,19.3,22.4,49,4.0,南西,0.8,3.15,晴れ,20.0
20250719,13:00,0.0,32.1,19.4,22.5,47,4.3,南西,1.0,3.43,晴れ,20.0
20250719,14:00,0.0,32.9,20.8,24.5,49,5.3,南西,1.0,3.32,晴れ,20.0
20250719,15:00,0.0,33.1,20.3,23.8,47,3.7,南西,0.9,2.96,曇,20.0
20250719,16:00,0.0,32.7,19.9,23.3,47,3.8,南南西,1.0,2.46,晴れ,20.0
20250719,17:00,0.0,32.4,21.3,25.3,52,4.1,南,1.0,1.74,晴れ,20.0
20250719,18:00,0.0,31.4,21.0,24.8,54,5.1,南南西,1.0,0.91,晴れ,20.0
20250719,19:00,0.0,30.0,21.9,26.3,62,2.9,南南西,0.6,0.34,曇,20.0
20250719,20:00,0.0,29.2,21.7,25.9,64,4.2,南西,0.0,0.01,曇,20.0
20250719,21:00,0.0,29.0,22.0,26.4,66,3.5,南西,0.0,0.0,曇,20.0
20250719,22:00,0.0,28.7,22.2,26.8,68,2.7,南南西,0.0,0.0,晴れ,20.0
20250719,23:00,0.0,28.2,22.4,27.2,71,2.1,南西,0.0,0.0,晴れ,20.0
20250719,24:00,0.0,27.9,22.4,27.1,72,2.9,南,0.0,0.0,晴れ,20.0
20250720,01:00,0.0,27.7,22.2,26.8,72,1.5,南南西,0.0,0.0,晴れ,20.0
20250720,02:00,0.0,27.4,22.1,26.7,73,0.5,西北西,0.0,0.0,晴れ,20.0
20250720,03:00,0.0,27.1,21.8,26.2,73,0.8,東,0.0,0.0,晴れ,20.0
20250720,04:00,0.0,26.4,22.3,26.9,78,2.0,北北東,0.0,0.0,晴れ,20.0
20250720,05:00,0.0,25.9,22.0,26.4,79,3.3,北,0.0,0.00,曇,20.0
20250720,06:00,0.0,26.0,21.4,25.6,76,1.4,東北東,0.4,0.14,曇,20.0
20250720,07:00,0.0,26.5,21.7,26.0,75,1.8,北,0.3,0.49,曇,20.0
20250720,08:00,0.0,27.4,20.7,24.5,67,1.2,北,0.6,1.12,曇,20.0
20250720,09:00,0.0,28.8,19.2,22.2,56,1.0,西北西,0.8,1.48,晴れ,20.0
20250720,10:00,0.0,31.4,20.7,24.4,53,1.7,南南東,1.0,2.73,晴れ,20.0
20250720,11:00,0.0,30.8,19.2,22.2,50,3.0,南南西,1.0,2.67,晴れ,20.0
20250720,12:00,0.0,32.1,20.1,23.4,49,3.4,南南西,1.0,3.22,晴れ,20.0
20250720,13:00,0.0,32.7,20.3,23.8,48,4.3,西南西,1.0,3.38,晴れ,20.0
20250720,14:00,0.0,32.6,20.5,24.1,49,3.3,南西,1.0,3.39,晴れ,20.0
20250720,15:00,0.0,32.9,20.4,24.0,48,4.7,南西,1.0,2.62,晴れ,20.0
20250720,16:00,0.0,33.1,21.3,25.3,50,2.6,南南西,1.0,2.42,晴れ,20.0
20250720,17:00,0.0,31.7,21.3,25.3,54,5.8,南西,0.7,1.61,晴れ,20.0
20250720,18:00,0.0,30.8,21.0,24.9,56,4.5,南南西,1.0,1.10,晴れ,20.0
20250720,19:00,0.0,30.3,21.7,25.9,60,2.6,南南西,0.4,0.24,晴れ,20.0
20250720,20:00,0.0,29.7,21.6,25.9,62,2.3,南,0.0,0.01,曇,20.0
20250720,21:00,0.0,29.5,21.7,26.0,63,4.1,南,0.0,0.0,曇,20.0
20250720,22:00,0.0,29.4,21.9,26.2,64,3.0,南南西,0.0,0.0,曇,20.0
20250720,23:00,0.0,28.9,21.7,25.9,65,4.2,南西,0.0,0.0,晴れ,20.0
20250720,24:00,0.0,28.6,21.9,26.2,67,2.4,南南西,0.0,0.0,晴れ,20.0
20250721,01:00,0.0,28.2,22.2,26.8,70,2.3,南,0.0,0.0,晴れ,20.0
20250721,02:00,0.0,28.1,22.1,26.6,70,2.1,南西,0.0,0.0,晴れ,20.0
20250721,03:00,0.0,27.3,22.0,26.5,73,2.5,北,0.0,0.0,晴れ,20.0
20250721,04:00,0.0,27.0,22.2,26.8,75,2.0,北北東,0.0,0.0,晴れ,20.0
20250721,05:00,0.0,26.7,21.9,26.3,75,2.0,北北東,0.0,0.00,晴れ,20.0
20250721,06:00,0.0,26.2,21.9,26.2,77,2.1,北,0.4,0.10,晴れ,20.0
20250721,07:00,0.0,26.8,21.8,26.1,74,1.0,北,1.0,0.64,晴れ,20.0
20250721,08:00,0.0,28.3,21.8,26.2,68,0.6,北北西,0.8,1.14,晴れ,20.0
20250721,09:00,0.0,29.4,20.3,23.8,58,3.1,南西,1.0,2.08,晴れ,20.0
20250721,10:00,0.0,31.3,20.6,24.2,53,2.0,西南西,1.0,2.65,晴れ,20.0
20250721,11:00,0.0,31.4,20.1,23.5,51,1.9,南南西,1.0,3.00,晴れ,20.0
20250721,12:00,0.0,32.2,19.5,22.6,47,4.1,南南西,1.0,3.40,晴れ,20.0
20250721,13:00,0.0,33.4,20.6,24.2,47,3.7,南南西,1.0,3.46,晴れ,20.0
20250721,14:00,0.0,33.2,19.7,22.9,45,5.1,南南西,1.0,3.30,晴れ,20.0
20250721,15:00,0.0,33.3,19.4,22.5,44,4.3,南南西,1.0,2.93,晴れ,20.0
20250721,16:00,0.0,32.6,20.2,23.6,48,2.4,南,1.0,2.40,晴れ,20.0
20250721,17:00,0.0,32.1,21.0,24.9,52,5.4,南西,1.0,1.74,晴れ,20.0
20250721,18:00,0.0,31.7,21.8,26.2,56,4.6,南南西,1.0,1.04,晴れ,20.0
20250721,19:00,0.0,31.0,21.8,26.1,58,3.7,南西,1.0,0.36,晴れ,20.0
20250721,20:00,0.0,30.3,21.4,25.5,59,3.7,南西,0.1,0.01,晴れ,20.0
20250721,21:00,0.0,30.0,21.7,25.9,61,3.4,南,0.0,0.0,晴れ,20.0
20250721,22:00,0.0,29.2,21.7,25.9,64,2.8,南,0.0,0.0,晴れ,20.0
20250721,23:00,0.0,29.0,21.2,25.2,63,2.5,南,0.0,0.0,晴れ,20.0
20250721,24:00,0.0,28.7,21.2,25.2,64,2.8,南,0.0,0.0,晴れ,20.0
20250722,01:00,0.0,28.2,21.5,25.6,67,2.2,南,0.0,0.0,晴れ,20.0
20250722,02:00,0.0,28.3,21.1,25.0,65,2.7,南,0.0,0.0,晴れ,20.0
20250722,03:00,0.0,28.1,20.1,23.6,62,4.1,南西,0.0,0.0,晴れ,20.0
20250722,04:00,0.0,27.8,20.9,24.7,66,3.4,南西,0.0,0.0,晴れ,20.0
20250722,05:00,0.0,27.3,20.4,24.0,66,1.5,西北西,0.0,0.00,晴れ,20.0
20250722,06:00,0.0,26.5,21.7,26.0,75,3.0,北,0.1,0.06,曇,20.0
20250722,07:00,0.0,27.3,21.6,25.8,71,1.3,北,1.0,0.66,晴れ,20.0
20250722,08:00,0.0,28.5,21.0,24.9,64,1.1,北西,0.9,1.19,晴れ,20.0
20250722,09:00,0.0,29.8,20.7,24.3,58,1.0,北北西,0.7,1.74,晴れ,20.0
20250722,10:00,0.0,31.0,18.4,21.1,47,3.4,南南西,1.0,2.70,晴れ,20.0
20250722,11:00,0.0,32.2,19.8,23.1,48,3.5,南西,1.0,3.14,晴れ,20.0
20250722,12:00,0.0,33.0,19.1,22.1,44,3.1,南南西,1.0,3.41,晴れ,20.0
20250722,13:00,0.0,32.5,20.4,24.0,49,4.5,南南西,1.0,3.48,晴れ,20.0
20250722,14:00,0.0,33.4,18.7,21.6,42,4.1,南,1.0,3.31,晴れ,20.0
20250722,15:00,0.0,33.7,18.6,21.5,41,3.3,南南西,1.0,2.95,晴れ,20.0
20250722,16:00,0.0,33.3,18.3,21.0,41,4.0,南南西,1.0,2.43,晴れ,20.0
20250722,17:00,0.0,33.6,18.9,21.9,42,3.1,南西,1.0,1.77,晴れ,20.0
20250722,18:00,0.0,32.3,19.2,22.3,46,3.4,南西,1.0,1.05,晴れ,20.0
20250722,19:00,0.0,30.8,20.7,24.4,55,5.0,南西,1.0,0.36,晴れ,20.0
20250722,20:00,0.0,30.1,21.2,25.2,59,3.3,南西,0.1,0.01,晴れ,20.0
20250722,21:00,0.0,30.1,20.7,24.3,57,2.0,南南西,0.0,0.0,晴れ,20.0
20250722,22:00,0.0,29.4,20.6,24.2,59,1.6,南西,0.0,0.0,晴れ,20.0
20250722,23:00,0.0,29.0,21.0,24.8,62,1.7,西北西,0.0,0.0,晴れ,20.0
20250722,24:00,0.0,28.4,20.9,24.8,64,1.7,北西,0.0,0.0,晴れ,20.0
20250723,01:00,0.0,27.9,21.0,24.8,66,1.3,北北西,0.0,0.0,晴れ,20.0
20250723,02:00,0.0,27.3,20.9,24.7,68,1.3,北,0.0,0.0,晴れ,20.0
20250723,03:00,0.0,26.7,20.8,24.5,70,2.2,北北東,0.0,0.0,晴れ,20.0
20250723,04:00,0.0,25.9,20.7,24.4,73,3.4,北,0.0,0.0,晴れ,20.0
20250723,05:00,0.0,25.8,20.6,24.3,73,3.5,北北東,0.0,0.00,晴れ,20.0
20250723,06:00,0.0,25.7,20.5,24.1,73,2.7,北,0.4,0.09,晴れ,20.0
20250723,07:00,0.0,26.2,20.8,24.5,72,1.6,北北東,1.0,0.62,晴れ,20.0
20250723,08:00,0.0,28.0,21.1,25.0,66,1.8,北北西,1.0,1.33,晴れ,20.0
20250723,09:00,0.0,29.7,20.0,23.4,56,1.2,北西,1.0,1.95,晴れ,20.0
20250723,10:00,0.0,30.5,20.2,23.6,54,1.3,西,0.3,1.38,晴れ,20.0
20250723,11:00,0.0,32.1,19.7,23.0,48,4.1,南西,0.8,2.70,晴れ,20.0
20250723,12:00,0.0,33.1,20.3,23.8,47,2.0,南南西,1.0,3.40,晴れ,20.0
20250723,13:00,0.0,32.8,19.7,22.9,46,3.6,南西,1.0,3.46,晴れ,20.0
20250723,14:00,0.0,33.4,20.6,24.2,47,2.4,南南西,1.0,3.30,晴れ,20.0
20250723,15:00,0.0,33.6,20.0,23.4,45,3.9,南西,1.0,2.92,晴れ,20.0
20250723,16:00,0.0,33.8,18.3,21.1,40,3.8,南西,1.0,2.38,晴れ,20.0
20250723,17:00,0.0,34.2,16.1,18.3,34,3.4,南西,1.0,1.72,晴れ,20.0
20250723,18:00,0.0,32.4,20.3,23.8,49,4.4,南西,1.0,1.00,晴れ,20.0
20250723,19:00,0.0,31.1,21.6,25.8,57,4.0,南西,1.0,0.33,晴れ,20.0
20250723,20:00,0.0,30.1,20.7,24.3,57,3.4,南西,0.0,0.01,晴れ,20.0
20250723,21:00,0.0,29.7,21.1,25.0,60,4.6,南西,0.0,0.0,晴れ,20.0
20250723,22:00,0.0,29.5,21.5,25.6,62,2.3,南南西,0.0,0.0,晴れ,20.0
20250723,23:00,0.0,29.0,20.7,24.4,61,2.6,南,0.0,0.0,晴れ,20.0
20250723,24:00,0.0,28.7,20.2,23.6,60,2.6,南西,0.0,0.0,晴れ,20.0
20250724,01:00,0.0,28.4,19.9,23.2,60,2.1,西,0.0,0.0,晴れ,20.0
20250724,02:00,0.0,27.9,20.5,24.1,64,2.0,北北西,0.0,0.0,晴れ,20.0
20250724,03:00,0.0,27.1,20.7,24.4,68,2.6,北,0.0,0.0,晴れ,20.0
20250724,04:00,0.0,26.6,20.5,24.0,69,3.3,北,0.0,0.0,晴れ,20.0
20250724,05:00,0.0,26.1,20.4,24.0,71,3.8,北北東,0.0,0.00,晴れ,20.0
20250724,06:00,0.0,25.8,20.4,23.9,72,3.8,北,0.4,0.09,晴れ,20.0
20250724,07:00,0.0,26.2,20.3,23.8,70,2.3,北北東,1.0,0.63,晴れ,20.0
20250724,08:00,0.0,28.1,20.7,24.3,64,2.3,北,1.0,1.32,晴れ,20.0
20250724,09:00,0.0,30.1,18.5,21.3,50,1.4,北東,1.0,2.03,晴れ,20.0
20250724,10:00,0.0,32.6,19.8,23.1,47,0.9,西,1.0,2.64,晴れ,20.0
20250724,11:00,0.0,33.3,20.1,23.5,46,2.7,南西,1.0,3.07,晴れ,20.0
20250724,12:00,0.0,32.9,20.8,24.5,49,3.7,南西,1.0,3.37,晴れ,20.0
20250724,13:00,0.0,33.2,20.7,24.4,48,3.8,南西,1.0,3.42,晴れ,20.0
20250724,14:00,0.0,34.5,21.6,25.7,47,4.3,南西,1.0,3.27,晴れ,20.0
20250724,15:00,0.0,35.0,20.6,24.2,43,3.7,南西,1.0,2.93,晴れ,20.0
20250724,16:00,0.0,34.4,20.4,23.9,44,4.0,南西,1.0,2.39,晴れ,20.0
20250724,17:00,0.0,33.5,20.3,23.8,46,4.4,南西,1.0,1.71,晴れ,20.0
20250724,18:00,0.0,32.6,21.2,25.1,51,4.1,南南西,1.0,0.98,晴れ,20.0
20250724,19:00,0.0,31.2,22.0,26.4,58,4.1,南西,1.0,0.33,晴れ,20.0
20250724,20:00,0.0,30.9,20.5,24.1,54,4.8,南南西,0.0,0.01,晴れ,20.0
20250724,21:00,0.0,31.3,20.9,24.7,54,1.7,南南西,0.0,0.0,曇,20.0
20250724,22:00,0.0,30.9,21.4,25.5,57,1.9,南南西,0.0,0.0,晴れ,20.0
20250724,23:00,0.0,29.9,22.4,27.0,64,2.7,南南西,0.0,0.0,晴れ,20.0
20250724,24:00,0.0,29.5,22.7,27.6,67,2.0,南西,0.0,0.0,晴れ,20.0
20250725,01:00,0.0,29.0,22.3,26.9,67,1.5,西北西,0.0,0.0,晴れ,20.0
20250725,02:00,0.0,28.6,21.1,25.1,64,1.8,北北東,0.0,0.0,晴れ,20.0
20250725,03:00,0.0,28.0,21.3,25.3,67,3.4,北,0.0,0.0,晴れ,20.0
20250725,04:00,0.0,27.4,21.2,25.2,69,4.2,北北東,0.0,0.0,晴れ,20.0
20250725,05:00,0.0,27.2,21.0,24.9,69,3.6,北北東,0.0,0.00,晴れ,20.0
20250725,06:00,0.0,26.9,21.0,24.8,70,3.4,北北東,0.3,0.08,晴れ,20.0
20250725,07:00,0.0,27.4,21.0,24.8,68,3.4,北,1.0,0.59,晴れ,20.0
20250725,08:00,0.0,29.2,21.4,25.5,63,1.5,北東,1.0,1.29,晴れ,20.0
20250725,09:00,0.0,30.3,21.7,25.9,60,2.1,北北西,0.7,1.52,晴れ,19.0
20250725,10:00,0.0,32.3,20.2,23.7,49,3.9,東南東,0.7,2.24,晴れ,20.0
20250725,11:00,0.0,32.9,19.4,22.5,45,4.0,南東,0.3,1.59,晴れ,20.0
20250725,12:00,0.0,33.2,20.7,24.4,48,1.5,南南西,0.8,3.13,晴れ,20.0
20250725,13:00,0.0,33.5,20.0,23.3,45,4.4,南西,1.0,3.39,晴れ,20.0
20250725,14:00,0.0,34.8,19.6,22.8,41,4.3,西南西,1.0,3.30,晴れ,20.0
20250725,15:00,0.0,34.9,17.6,20.1,36,3.1,南南西,1.0,2.93,晴れ,20.0
20250725,16:00,0.0,34.9,18.9,21.8,39,4.5,南西,1.0,2.40,晴れ,20.0
20250725,17:00,0.0,34.3,19.6,22.7,42,3.8,南南西,1.0,1.70,晴れ,20.0
20250725,18:00,0.0,33.8,19.5,22.6,43,3.3,南南西,1.0,0.99,晴れ,20.0
20250725,19:00,0.0,33.2,20.4,23.9,47,3.4,南西,1.0,0.33,晴れ,20.0
20250725,20:00,0.0,32.6,19.8,23.1,47,1.9,東北東,0.0,0.01,晴れ,20.0
20250725,21:00,0.0,32.7,19.6,22.8,46,2.1,南南東,0.0,0.0,晴れ,20.0
20250725,22:00,0.0,31.3,20.9,24.7,54,3.5,南西,0.0,0.0,晴れ,20.0
20250725,23:00,0.0,30.8,20.7,24.4,55,2.2,南西,0.0,0.0,晴れ,20.0
20250725,24:00,0.0,30.0,20.3,23.8,56,0.7,北,0.0,0.0,晴れ,20.0
20250726,01:00,0.0,29.2,20.6,24.3,60,1.7,北,0.0,0.0,晴れ,20.0
20250726,02:00,0.0,28.3,20.6,24.2,63,3.0,北,0.0,0.0,晴れ,20.0
20250726,03:00,0.0,27.8,20.6,24.3,65,3.3,北,0.0,0.0,晴れ,20.0
20250726,04:00,0.0,27.4,20.7,24.5,67,2.9,北,0.0,0.0,晴れ,20.0
20250726,05:00,0.0,26.9,20.7,24.5,69,3.4,北,0.0,0.00,晴れ,20.0
20250726,06:00,0.0,27.1,20.7,24.4,68,4.4,北北東,0.4,0.08,晴れ,20.0
20250726,07:00,0.0,27.7,20.5,24.2,65,4.4,北北東,1.0,0.61,晴れ,20.0
20250726,08:00,0.0,29.6,20.5,24.1,58,3.4,北北東,1.0,1.30,晴れ,20.0
20250726,09:00,0.0,31.0,20.9,24.7,55,2.8,北,1.0,2.00,晴れ,20.0
20250726,10:00,0.0,32.6,21.5,25.6,52,0.7,北,0.4,1.57,晴れ,20.0
20250726,11:00,0.0,32.6,20.5,24.1,49,2.7,東北東,0.2,1.43,曇,20.0
20250726,12:00,0.0,32.4,21.0,24.8,51,4.8,南南西,0.1,1.11,曇,20.0
20250726,13:00,0.0,33.5,21.7,25.9,50,4.3,南西,0.9,3.35,晴れ,20.0
20250726,14:00,0.0,32.5,21.7,25.9,53,5.1,南西,0.4,1.87,晴れ,20.0
20250726,15:00,0.0,32.5,22.0,26.4,54,3.9,南西,0.4,1.49,晴れ,20.0
20250726,16:00,0.0,33.7,20.8,24.6,47,5.3,南南西,0.9,2.27,晴れ,20.0
20250726,17:00,0.0,33.1,20.6,24.3,48,3.3,南西,1.0,1.67,晴れ,20.0
20250726,18:00,0.0,32.2,21.1,25.0,52,4.6,南西,1.0,0.99,晴れ,20.0
20250726,19:00,0.0,31.3,20.3,23.8,52,3.9,南西,1.0,0.33,晴れ,20.0
20250726,20:00,0.0,31.1,20.1,23.5,52,4.0,南南西,0.0,0.01,晴れ,20.0
20250726,21:00,0.0,30.6,20.2,23.7,54,3.2,南西,0.0,0.0,晴れ,20.0
20250726,22:00,0.0,30.2,19.6,22.8,53,2.3,南西,0.0,0.0,晴れ,20.0
20250726,23:00,0.0,29.7,19.7,22.9,55,2.4,南西,0.0,0.0,晴れ,20.0
20250726,24:00,0.0,29.3,19.6,22.8,56,1.6,北西,0.0,0.0,晴れ,20.0
20250727,01:00,0.0,28.5,21.0,24.9,64,1.9,北,0.0,0.0,晴れ,20.0
20250727,02:00,0.0,27.4,21.0,24.8,68,2.7,北,0.0,0.0,晴れ,20.0
20250727,03:00,0.0,27.1,20.9,24.8,69,2.9,北,0.0,0.0,晴れ,20.0
20250727,04:00,0.0,26.7,20.8,24.5,70,3.8,北,0.0,0.0,晴れ,20.0
20250727,05:00,0.0,26.3,20.2,23.6,69,4.5,北北東,0.0,0.00,晴れ,20.0
20250727,06:00,0.0,25.9,20.2,23.7,71,3.7,北北東,0.4,0.08,晴れ,20.0
20250727,07:00,0.0,26.9,20.0,23.4,66,3.9,北北東,1.0,0.62,晴れ,20.0
20250727,08:00,0.0,28.9,19.8,23.1,58,3.1,北,1.0,1.33,晴れ,20.0
20250727,09:00,0.0,30.5,18.9,21.8,50,1.4,北西,1.0,2.03,晴れ,20.0
20250727,10:00,0.0,32.1,18.7,21.5,45,3.5,東北東,1.0,2.53,晴れ,20.0
20250727,11:00,0.0,33.5,19.2,22.3,43,2.5,北東,1.0,3.03,晴れ,20.0
20250727,12:00,0.0,34.1,19.0,21.9,41,4.4,南西,1.0,3.29,晴れ,20.0
20250727,13:00,0.0,34.7,19.9,23.2,42,4.9,南西,1.0,3.46,晴れ,20.0
20250727,14:00,0.0,35.1,19.1,22.1,39,3.3,南西,1.0,3.29,晴れ,20.0
20250727,15:00,0.0,34.8,18.4,21.1,38,5.1,南西,1.0,2.94,晴れ,20.0
20250727,16:00,0.0,34.6,17.8,20.4,37,5.9,南西,1.0,2.40,晴れ,20.0
20250727,17:00,0.0,34.7,17.9,20.5,37,3.0,南南西,1.0,1.72,晴れ,20.0
20250727,18:00,0.0,33.0,19.1,22.1,44,3.9,南南西,1.0,1.00,晴れ,20.0
20250727,19:00,0.0,32.0,20.0,23.3,49,4.2,南西,1.0,0.33,晴れ,20.0
20250727,20:00,0.0,31.1,20.1,23.5,52,3.2,南西,0.0,0.01,晴れ,20.0
20250727,21:00,0.0,31.1,19.5,22.6,50,2.3,南西,0.0,0.0,晴れ,20.0
20250727,22:00,0.0,30.8,19.5,22.7,51,2.5,南,0.0,0.0,晴れ,20.0
20250727,23:00,0.0,29.7,20.6,24.2,58,2.6,南西,0.0,0.0,晴れ,20.0
20250727,24:00,0.0,29.6,20.7,24.5,59,1.2,西南西,0.0,0.0,晴れ,20.0
20250728,01:00,0.0,28.6,20.4,23.9,61,1.7,北,0.0,0.0,晴れ,20.0
20250728,02:00,0.0,27.8,20.1,23.5,63,1.7,北,0.0,0.0,晴れ,20.0
20250728,03:00,0.0,27.4,20.2,23.7,65,2.1,北,0.0,0.0,晴れ,20.0
20250728,04:00,0.0,26.6,20.0,23.3,67,3.6,北北東,0.0,0.0,晴れ,20.0
20250728,05:00,0.0,26.3,20.2,23.6,69,3.0,北北東,0.0,0.00,晴れ,20.0
20250728,06:00,0.0,25.9,20.0,23.4,70,3.9,北北東,0.3,0.08,晴れ,20.0
20250728,07:00,0.0,26.4,20.0,23.4,68,2.9,北北東,1.0,0.60,晴れ,20.0
20250728,08:00,0.0,28.7,20.2,23.6,60,2.5,北,1.0,1.32,晴れ,20.0
20250728,09:00,0.0,30.3,19.7,22.9,53,2.5,北北西,0.9,1.92,晴れ,20.0
20250728,10:00,0.0,31.1,19.8,23.1,51,2.0,西南西,0.5,1.56,晴れ,20.0
20250728,11:00,0.0,32.0,18.9,21.9,46,1.7,西南西,0.7,2.37,晴れ,20.0
20250728,12:00,0.0,33.6,20.0,23.4,45,2.4,南西,0.9,3.21,晴れ,20.0
20250728,13:00,0.0,33.8,20.2,23.7,45,4.8,南西,1.0,3.42,晴れ,20.0
20250728,14:00,0.0,34.0,20.4,24.0,45,3.9,南西,1.0,3.27,晴れ,20.0
20250728,15:00,0.0,33.3,20.1,23.5,46,4.7,南南西,1.0,2.90,晴れ,20.0
20250728,16:00,0.0,33.4,19.9,23.2,45,4.5,南西,0.9,1.73,曇,20.0
20250728,17:00,0.0,33.3,19.0,22.0,43,4.3,南西,1.0,1.33,晴れ,20.0
20250728,18:00,0.0,32.9,19.4,22.5,45,3.8,南西,1.0,0.97,晴れ,20.0
20250728,19:00,0.0,31.7,19.7,22.9,49,3.3,南西,1.0,0.30,晴れ,20.0
20250728,20:00,0.0,30.6,20.5,24.2,55,3.5,南西,0.0,0.01,晴れ,20.0
20250728,21:00,0.0,30.2,20.5,24.0,56,3.3,南西,0.0,0.0,晴れ,20.0
20250728,22:00,0.0,29.9,20.7,24.5,58,2.1,南南西,0.0,0.0,晴れ,20.0
20250728,23:00,0.0,28.7,21.0,24.8,63,3.0,南,0.0,0.0,晴れ,20.0
20250728,24:00,0.0,28.6,21.1,25.1,64,1.6,南南西,0.0,0.0,晴れ,20.0
20250729,01:00,0.0,28.4,21.2,25.2,65,1.6,南南西,0.0,0.0,晴れ,20.0
20250729,02:00,0.0,27.4,20.5,24.1,66,3.2,北北東,0.0,0.0,晴れ,20.0
20250729,03:00,0.0,27.0,20.4,23.9,67,2.4,北北東,0.0,0.0,晴れ,20.0
20250729,04:00,0.0,26.3,20.2,23.6,69,2.9,北,0.0,0.0,晴れ,20.0
20250729,05:00,0.0,26.0,20.1,23.5,70,3.8,北,0.0,0.00,晴れ,20.0
20250729,06:00,0.0,25.8,19.9,23.3,70,2.9,北北東,0.3,0.08,曇,20.0
20250729,07:00,0.0,26.3,19.9,23.3,68,3.4,北,1.0,0.58,晴れ,20.0
20250729,08:00,0.0,28.2,20.2,23.7,62,2.3,北北東,1.0,1.25,晴れ,20.0
20250729,09:00,0.0,29.6,20.2,23.6,57,1.4,北,1.0,1.87,晴れ,20.0
20250729,10:00,0.0,31.4,20.1,23.5,51,1.4,南東,1.0,2.61,晴れ,20.0
20250729,11:00,0.0,33.4,19.9,23.2,45,2.4,西,1.0,3.04,晴れ,20.0
20250729,12:00,0.0,33.3,20.1,23.5,46,4.4,南西,1.0,3.36,晴れ,20.0
20250729,13:00,0.0,34.2,20.9,24.8,46,3.6,南西,1.0,3.43,晴れ,20.0
20250729,14:00,0.0,34.5,20.5,24.1,44,4.8,南西,1.0,3.27,晴れ,20.0
20250729,15:00,0.0,34.0,19.7,22.9,43,4.7,南西,1.0,2.89,晴れ,20.0
20250729,16:00,0.0,34.2,19.9,23.1,43,5.3,南南西,1.0,2.34,晴れ,20.0
20250729,17:00,0.0,33.6,19.7,22.9,44,3.8,南南西,1.0,1.66,晴れ,20.0
20250729,18:00,0.0,32.1,19.7,23.0,48,4.5,南西,1.0,0.95,晴れ,20.0
20250729,19:00,0.0,31.3,21.2,25.1,55,3.6,南西,1.0,0.30,晴れ,20.0
20250729,20:00,0.0,30.5,20.7,24.5,56,4.2,南西,0.0,0.01,晴れ,20.0
20250729,21:00,0.0,30.0,21.4,25.5,60,2.7,南西,0.0,0.0,晴れ,20.0
20250729,22:00,0.0,29.6,21.3,25.3,61,1.6,西南西,0.0,0.0,晴れ,20.0
20250729,23:00,0.0,29.3,21.3,25.3,62,2.4,南西,0.0,0.0,晴れ,20.0
20250729,24:00,0.0,28.5,21.5,25.7,66,2.1,南西,0.0,0.0,晴れ,20.0
20250730,01:00,0.0,28.4,21.4,25.5,66,1.9,西南西,0.0,0.0,晴れ,20.0
20250730,02:00,0.0,28.0,21.1,25.0,66,2.6,南西,0.0,0.0,晴れ,20.0
20250730,03:00,0.0,27.6,21.2,25.1,68,1.4,西北西,0.0,0.0,晴れ,20.0
20250730,04:00,0.0,26.8,20.6,24.3,69,2.2,北,0.0,0.0,晴れ,20.0
20250730,05:00,0.0,26.4,20.3,23.8,69,2.7,北,0.0,0.00,晴れ,20.0
20250730,06:00,0.0,26.0,20.1,23.5,70,3.5,北,0.3,0.07,晴れ,20.0
20250730,07:00,0.0,26.6,20.2,23.7,68,3.6,北,1.0,0.56,晴れ,20.0
20250730,08:00,0.0,28.2,20.5,24.1,63,2.3,北,1.0,1.28,晴れ,20.0
20250730,09:00,0.0,29.4,21.1,25.0,61,1.2,北,1.0,1.93,晴れ,20.0
20250730,10:00,0.0,31.1,21.0,24.9,55,1.1,北東,0.8,2.14,晴れ,20.0
20250730,11:00,0.0,33.0,20.9,24.7,49,2.2,南西,0.9,2.72,晴れ,20.0
20250730,12:00,0.0,33.4,21.6,25.7,50,4.4,南西,1.0,3.20,晴れ,20.0
20250730,13:00,0.0,32.7,21.2,25.2,51,5.3,南南西,1.0,3.40,晴れ,20.0
20250730,14:00,0.0,33.5,20.3,23.8,46,4.9,南西,1.0,3.24,晴れ,20.0
20250730,15:00,0.0,33.4,20.2,23.7,46,4.9,南南西,1.0,2.86,晴れ,20.0
20250730,16:00,0.0,33.4,19.9,23.2,45,3.1,南西,1.0,2.31,晴れ,20.0
20250730,17:00,0.0,32.8,19.3,22.4,45,4.3,南西,1.0,1.58,晴れ,20.0
20250730,18:00,0.0,31.3,20.0,23.3,51,4.6,南西,1.0,0.94,晴れ,20.0
20250730,19:00,0.0,31.5,19.2,22.2,48,2.9,南南西,0.9,0.28,晴れ,20.0
20250730,20:00,0.0,30.1,20.4,23.9,56,2.4,南西,0.0,0.00,晴れ,20.0
20250730,21:00,0.0,29.7,20.3,23.8,57,2.5,西南西,0.0,0.0,晴れ,20.0
20250730,22:00,0.0,29.1,20.8,24.6,61,2.4,南西,0.0,0.0,晴れ,20.0
20250730,23:00,0.0,28.8,20.8,24.6,62,2.6,南南西,0.0,0.0,晴れ,20.0
20250730,24:00,0.0,28.4,20.9,24.8,64,1.3,南東,0.0,0.0,晴れ,20.0
20250731,01:00,0.0,28.3,21.1,25.0,65,0.8,北東,0.0,0.0,晴れ,20.0
20250731,02:00,0.0,28.1,20.9,24.7,65,2.4,南西,0.0,0.0,晴れ,20.0
20250731,03:00,0.0,27.6,20.7,24.4,66,2.0,南南西,0.0,0.0,晴れ,20.0
20250731,04:00,0.0,26.8,20.6,24.3,69,2.7,北,0.0,0.0,晴れ,20.0
20250731,05:00,0.0,26.3,20.4,24.0,70,2.7,北,0.0,0.00,晴れ,20.0
20250731,06:00,0.0,26.0,20.1,23.5,70,2.3,北北東,0.3,0.07,晴れ,20.0
20250731,07:00,0.0,26.2,20.1,23.5,69,3.4,北北東,1.0,0.57,晴れ,20.0
20250731,08:00,0.0,28.1,20.4,24.0,63,2.3,北北東,1.0,1.20,晴れ,20.0
20250731,09:00,0.0,29.4,19.1,22.1,54,1.9,北,1.0,1.92,晴れ,20.0
20250731,10:00,0.0,31.8,19.1,22.1,47,1.0,北西,1.0,2.54,晴れ,20.0
20250731,11:00,0.0,33.8,18.7,21.6,41,1.9,西,1.0,3.05,晴れ,20.0
20250731,12:00,0.0,34.9,19.7,22.9,41,2.9,南南西,1.0,3.34,晴れ,20.0
20250731,13:00,0.0,34.6,18.6,21.5,39,4.0,南南西,1.0,3.39,晴れ,12.2
20250731,14:00,0.0,34.7,17.9,20.5,37,4.7,南,1.0,3.25,晴れ,20.0
20250731,15:00,0.0,34.8,19.2,22.3,40,3.6,南南西,1.0,2.83,晴れ,20.0
20250731,16:00,0.0,34.6,19.4,22.6,41,4.3,南西,1.0,2.29,晴れ,20.0
20250731,17:00,0.0,33.5,17.2,19.7,38,5.6,南南西,1.0,1.58,晴れ,20.0
20250731,18:00,0.0,32.7,19.9,23.3,47,1.7,南西,1.0,0.88,晴れ,20.0
20250731,19:00,0.0,32.1,19.4,22.5,47,3.3,南南東,0.1,0.10,曇,20.0
20250731,20:00,0.0,31.2,19.6,22.7,50,3.2,南,0.0,0.00,晴れ,20.0
20250731,21:00,0.0,30.7,19.1,22.1,50,3.4,南,0.0,0.0,晴れ,20.0
20250731,22:00,0.0,30.1,20.1,23.5,55,3.5,南,0.0,0.0,晴れ,20.0
20250731,23:00,0.0,29.8,20.4,23.9,57,2.1,南,0.0,0.0,晴れ,20.0
20250731,24:00,0.0,29.3,20.5,24.1,59,2.9,南,0.0,0.0,晴れ,20.0
20250801,01:00,0.0,29.0,20.7,24.4,61,2.1,南南西,0.0,0.0,晴れ,20.0
20250801,02:00,0.0,28.9,21.2,25.1,63,1.4,南西,0.0,0.0,晴れ,20.0
20250801,03:00,0.0,28.5,21.3,25.3,65,1.4,西南西,0.0,0.0,晴れ,20.0
20250801,04:00,0.0,27.9,21.5,25.6,68,1.5,北,0.0,0.0,晴れ,20.0
20250801,05:00,0.0,27.1,21.2,25.1,70,2.4,北,0.0,0.00,晴れ,20.0
20250801,06:00,0.0,26.9,21.2,25.2,71,3.2,北,0.1,0.05,晴れ,20.0
20250801,07:00,0.0,27.2,21.3,25.3,70,3.1,北北東,1.0,0.51,晴れ,20.0
20250801,08:00,0.0,28.7,21.0,24.8,63,1.3,北,1.0,1.20,晴れ,20.0
20250801,09:00,0.0,30.3,21.1,25.0,58,0.6,北東,1.0,1.89,晴れ,20.0
20250801,10:00,0.0,31.6,20.9,24.6,53,2.9,南西,1.0,2.51,晴れ,20.0
20250801,11:00,0.0,33.5,22.0,26.4,51,3.0,西南西,1.0,2.99,晴れ,20.0
20250801,12:00,0.0,33.5,21.0,24.8,48,4.1,南西,1.0,3.29,晴れ,20.0
20250801,13:00,0.0,34.1,20.8,24.6,46,4.2,南西,1.0,3.39,晴れ,20.0
20250801,14:00,0.0,34.4,20.8,24.5,45,3.6,南西,1.0,3.24,晴れ,20.0
20250801,15:00,0.0,34.4,22.1,26.7,49,5.1,南西,1.0,2.82,晴れ,20.0
20250801,16:00,0.0,33.7,21.5,25.6,49,5.0,南西,1.0,2.26,晴れ,20.0
20250801,17:00,0.0,32.8,21.0,24.9,50,3.8,南西,0.5,0.95,雷電,20.0
20250801,18:00,0.0,32.0,21.8,26.2,55,4.3,南西,0.3,0.48,晴れ,20.0
20250801,19:00,0.0,31.7,22.1,26.7,57,1.8,南西,0.3,0.23,曇,20.0
20250801,20:00,0.0,31.5,21.7,25.9,56,1.9,西,0.0,0.01,晴れ,20.0
20250801,21:00,0.0,31.6,21.5,25.6,55,3.7,北,0.0,0.0,晴れ,20.0
20250801,22:00,0.0,30.9,21.1,25.0,56,2.9,北,0.0,0.0,晴れ,20.0
20250801,23:00,0.0,30.4,21.5,25.6,59,2.5,北北東,0.0,0.0,晴れ,20.0
20250801,24:00,0.0,29.9,21.3,25.3,60,2.0,北北東,0.0,0.0,晴れ,20.0
20250802,01:00,0.0,29.1,21.6,25.8,64,3.5,北北東,0.0,0.0,晴れ,20.0
20250802,02:00,0.0,28.6,21.6,25.8,66,3.2,北北東,0.0,0.0,晴れ,20.0
20250802,03:00,0.0,28.1,20.9,24.7,65,3.7,北北東,0.0,0.0,晴れ,20.0
20250802,04:00,0.0,27.5,21.3,25.3,69,4.1,北北東,0.0,0.0,晴れ,20.0
20250802,05:00,0.0,27.3,20.9,24.7,68,3.8,北北東,0.0,0.00,晴れ,20.0
20250802,06:00,0.0,27.2,20.5,24.2,67,5.3,北北東,0.3,0.06,晴れ,20.0
20250802,07:00,0.0,27.5,20.8,24.6,67,3.9,北北東,1.0,0.55,晴れ,20.0
20250802,08:00,0.0,29.1,20.8,24.6,61,2.8,北北東,1.0,1.28,晴れ,20.0
20250802,09:00,0.0,30.9,20.8,24.6,55,4.8,北北東,1.0,2.00,晴れ,20.0
20250802,10:00,0.0,33.3,18.7,21.5,42,3.1,北北東,1.0,2.64,晴れ,20.0
20250802,11:00,0.0,35.5,18.1,20.8,36,2.3,北北西,1.0,3.11,晴れ,20.0
20250802,12:00,0.0,36.7,14.7,16.7,27,2.6,北北東,1.0,3.39,晴れ,20.0
20250802,13:00,0.0,35.5,19.4,22.6,39,4.7,南西,1.0,3.46,晴れ,20.0
20250802,14:00,0.0,34.8,20.0,23.4,42,4.1,南南西,1.0,3.29,晴れ,20.0
20250802,15:00,0.0,35.3,21.9,26.3,46,4.1,南西,1.0,2.89,晴れ,20.0
20250802,16:00,0.0,34.5,20.8,24.6,45,3.9,南西,1.0,2.33,晴れ,20.0
20250802,17:00,0.0,33.8,21.3,25.3,48,3.5,南西,1.0,1.64,晴れ,20.0
20250802,18:00,0.0,33.9,20.0,23.3,44,2.4,南西,1.0,0.91,晴れ,20.0
20250802,19:00,0.0,33.6,20.4,23.9,46,1.9,西南西,0.9,0.27,晴れ,20.0
20250802,20:00,0.0,33.2,20.0,23.4,46,2.1,西北西,0.0,0.00,晴れ,20.0
20250802,21:00,0.0,32.5,21.1,25.0,51,4.1,北北東,0.0,0.0,晴れ,20.0
20250802,22:00,0.0,31.4,20.7,24.4,53,3.1,北東,0.0,0.0,晴れ,20.0
20250802,23:00,0.0,30.6,20.8,24.6,56,4.6,北北東,0.0,0.0,晴れ,20.0
20250802,24:00,0.0,29.6,20.5,24.1,58,4.3,北北東,0.0,0.0,晴れ,20.0
20250803,01:00,0.0,29.3,18.7,21.6,53,2.9,北北東,0.0,0.0,晴れ,20.0
20250803,02:00,0.0,28.1,19.3,22.4,59,4.9,北北東,0.0,0.0,晴れ,20.0
20250803,03:00,0.0,27.4,19.0,21.9,60,5.1,北北東,0.0,0.0,晴れ,20.0
20250803,04:00,0.0,26.7,18.3,21.0,60,4.5,北北東,0.0,0.0,晴れ,20.0
20250803,05:00,0.0,26.3,17.9,20.5,60,4.3,北北東,0.0,0.00,晴れ,20.0
20250803,06:00,0.0,25.5,16.9,19.3,59,3.8,北,0.2,0.06,晴れ,20.0
20250803,07:00,0.0,25.9,17.0,19.4,58,4.8,北北東,0.9,0.54,晴れ,20.0
20250803,08:00,0.0,27.8,15.5,17.6,47,4.0,北北東,1.0,1.29,晴れ,20.0
20250803,09:00,0.0,29.4,15.2,17.2,42,2.0,北,1.0,2.05,晴れ,20.0
20250803,10:00,0.0,32.5,17.9,20.6,42,0.6,西,1.0,2.73,晴れ,20.0
20250803,11:00,0.0,34.0,18.1,20.8,39,3.6,南,1.0,3.15,晴れ,20.0
20250803,12:00,0.0,33.0,19.1,22.1,44,3.8,南西,1.0,2.82,晴れ,20.0
20250803,13:00,0.0,33.8,19.5,22.6,43,3.4,南南西,1.0,2.81,晴れ,20.0
20250803,14:00,0.0,35.1,19.5,22.6,40,2.8,南,1.0,3.23,晴れ,20.0
20250803,15:00,0.0,35.6,17.3,19.8,34,3.1,南西,1.0,2.95,晴れ,20.0
20250803,16:00,0.0,36.4,12.0,14.0,23,3.7,南,1.0,2.28,晴れ,20.0
20250803,17:00,0.0,34.1,21.2,25.2,47,3.2,南西,1.0,1.69,晴れ,20.0
20250803,18:00,0.0,32.5,19.7,23.0,47,4.2,南南西,1.0,0.88,晴れ,20.0
20250803,19:00,0.0,31.6,21.5,25.6,55,4.1,南南西,0.8,0.30,晴れ,20.0
20250803,20:00,0.0,31.1,21.9,26.2,58,3.1,南南西,0.0,0.00,晴れ,20.0
20250803,21:00,0.0,31.0,20.6,24.3,54,3.0,南南西,0.0,0.0,晴れ,20.0
20250803,22:00,0.0,30.8,20.1,23.6,53,3.1,南,0.0,0.0,晴れ,20.0
20250803,23:00,0.0,30.4,20.1,23.5,54,3.6,南,0.0,0.0,晴れ,20.0
20250803,24:00,0.0,30.1,20.4,23.9,56,2.2,南南西,0.0,0.0,曇,20.0
20250804,01:00,0.0,29.6,21.0,24.9,60,2.1,南,0.0,0.0,曇,20.0
20250804,02:00,0.0,29.3,21.0,24.9,61,2.4,南南西,0.0,0.0,曇,20.0
20250804,03:00,0.0,28.8,21.6,25.7,65,2.1,西南西,0.0,0.0,曇,20.0
20250804,04:00,0.0,28.1,20.7,24.3,64,2.0,北,0.0,0.0,曇,20.0
20250804,05:00,0.0,27.7,20.5,24.2,65,0.8,北,0.0,0.00,晴れ,20.0
20250804,06:00,0.0,27.9,20.7,24.4,65,1.1,北,0.0,0.02,曇,20.0
20250804,07:00,0.0,28.4,20.9,24.8,64,0.8,東北東,0.1,0.35,曇,20.0
20250804,08:00,0.0,29.8,22.3,26.9,64,1.4,西南西,0.7,1.12,曇,16.1
20250804,09:00,0.0,29.7,21.9,26.3,63,3.0,南西,0.1,1.18,曇,15.7
20250804,10:00,0.0,30.9,22.0,26.4,59,4.3,南南西,0.6,1.97,曇,14.3
20250804,11:00,0.0,31.3,20.6,24.2,53,5.2,南南西,0.3,1.82,曇,15.8
20250804,12:00,0.0,30.5,21.6,25.8,59,4.8,南西,0.0,0.72,曇,12.8
20250804,13:00,0.0,30.0,22.4,27.2,64,5.5,南南西,0.0,0.66,雨,10.5
20250804,14:00,0.0,29.0,22.3,26.9,67,6.6,南南西,0.0,0.62,雨,10.0
20250804,15:00,0.0,28.1,23.0,28.1,74,2.4,南,0.0,0.74,曇,13.1
20250804,16:00,0.0,29.0,23.4,28.9,72,2.2,南南西,0.0,0.35,雨,12.5
20250804,17:00,0.0,28.5,24.3,30.4,78,3.1,南,0.0,0.16,雨,8.66
20250804,18:00,0.0,29.1,23.5,29.0,72,2.8,南,0.0,0.34,曇,20.0
20250804,19:00,0.0,29.2,23.6,29.2,72,3.2,南,0.0,0.10,曇,19.7
20250804,20:00,0.0,29.1,23.8,29.4,73,3.5,南,0.0,0.00,曇,15.4
20250804,21:00,0.0,29.0,23.9,29.7,74,3.3,南,0.0,0.0,曇,15.9
20250804,22:00,0.0,29.0,23.9,29.7,74,3.6,南,0.0,0.0,曇,17.4
20250804,23:00,0.0,28.9,23.6,29.1,73,3.5,南,0.0,0.0,曇,17.2
20250804,24:00,0.0,28.9,23.8,29.5,74,3.4,南南西,0.0,0.0,曇,16.4
20250805,01:00,0.0,28.8,23.5,28.9,73,2.9,南,0.0,0.0,曇,18.5
20250805,02:00,0.0,28.6,23.7,29.4,75,4.4,南西,0.0,0.0,曇,20.0
20250805,03:00,0.0,28.7,24.1,29.9,76,1.8,南,0.0,0.0,曇,20.0
20250805,04:00,0.0,28.7,23.8,29.5,75,2.4,南南西,0.0,0.0,晴れ,20.0
20250805,05:00,0.0,28.7,24.1,29.9,76,2.5,南,0.0,0.00,晴れ,20.0
20250805,06:00,0.0,28.7,24.1,29.9,76,2.1,南南西,0.0,0.03,曇,20.0
20250805,07:00,0.0,28.8,24.4,30.5,77,2.3,南南西,0.0,0.16,曇,14.7
20250805,08:00,0.0,29.5,24.2,30.1,73,2.6,南,0.1,0.43,晴れ,17.0
20250805,09:00,0.0,30.5,23.7,29.3,67,4.6,南南西,0.6,1.51,晴れ,15.2
20250805,10:00,0.0,32.0,23.3,28.5,60,4.0,南南西,0.6,1.98,曇,15.0
20250805,11:00,0.0,33.0,23.1,28.2,56,4.2,南,0.7,2.51,晴れ,20.0
20250805,12:00,0.0,33.6,22.4,27.1,52,3.4,南,0.9,3.03,晴れ,19.0
20250805,13:00,0.0,33.5,22.0,26.4,51,6.7,南南西,0.9,3.17,晴れ,19.8
20250805,14:00,0.0,34.8,21.8,26.2,47,4.2,南南西,0.3,1.63,晴れ,20.0
20250805,15:00,0.0,34.6,21.3,25.3,46,6.9,南南西,0.8,2.66,晴れ,20.0
20250805,16:00,0.0,34.3,21.0,24.9,46,4.8,南南西,0.9,2.02,晴れ,20.0
20250805,17:00,0.0,33.5,20.3,23.8,46,5.6,南,0.4,1.00,晴れ,20.0
20250805,18:00,0.0,32.8,20.7,24.4,49,5.5,南,0.1,0.47,晴れ,20.0
20250805,19:00,0.0,32.3,21.5,25.6,53,5.7,南,0.3,0.22,晴れ,20.0
20250805,20:00,0.0,31.5,22.2,26.8,58,3.6,南南西,0.0,0.00,曇,20.0
20250805,21:00,0.0,31.0,22.3,27.0,60,3.4,南,0.0,0.0,晴れ,20.0
20250805,22:00,0.0,30.4,22.6,27.4,63,4.4,南,0.0,0.0,晴れ,20.0
20250805,23:00,0.0,29.8,23.3,28.5,68,3.9,南南西,0.0,0.0,晴れ,20.0
20250805,24:00,0.0,29.6,23.3,28.6,69,1.9,南,0.0,0.0,晴れ,20.0
20250806,01:00,0.0,29.6,22.8,27.8,67,3.0,南南西,0.0,0.0,晴れ,20.0
20250806,02:00,0.0,29.3,23.0,28.1,69,3.1,南西,0.0,0.0,晴れ,20.0
20250806,03:00,0.0,28.8,23.7,29.3,74,3.0,南南西,0.0,0.0,晴れ,20.0
20250806,04:00,0.0,28.6,23.7,29.4,75,2.8,南南西,0.0,0.0,晴れ,20.0
20250806,05:00,0.0,28.6,22.8,27.8,71,2.2,南西,0.0,0.00,晴れ,20.0
20250806,06:00,0.0,28.5,23.2,28.4,73,2.1,南南西,0.0,0.02,晴れ,20.0
20250806,07:00,0.0,29.0,23.7,29.3,73,1.5,南南西,0.8,0.45,晴れ,19.9
20250806,08:00,0.0,30.2,23.4,28.8,67,4.6,南西,0.7,0.96,晴れ,18.0
20250806,09:00,0.0,31.1,23.2,28.5,63,4.0,南,0.9,1.82,晴れ,19.4
20250806,10:00,0.0,32.4,22.5,27.3,56,3.4,南南西,0.7,2.06,曇,20.0
20250806,11:00,0.0,32.5,22.6,27.4,56,3.4,南南西,0.1,1.41,雨,20.0
20250806,12:00,0.0,32.6,22.1,26.6,54,4.6,南南東,0.2,1.48,曇,20.0
20250806,13:00,0.0,34.0,21.1,25.0,47,5.7,南,0.9,3.16,晴れ,20.0
20250806,14:00,0.0,33.9,21.7,25.9,49,5.2,南,0.4,2.18,曇,20.0
20250806,15:00,0.0,34.0,21.4,25.5,48,5.9,南,0.6,2.25,晴れ,20.0
20250806,16:00,0.0,34.5,21.6,25.7,47,5.3,南,0.3,1.23,曇,20.0
20250806,17:00,0.0,33.9,21.7,25.9,49,6.0,南南西,0.3,0.78,雨,20.0
20250806,18:00,0.0,33.1,22.2,26.8,53,4.0,南南西,0.5,0.67,晴れ,20.0
20250806,19:00,0.0,32.0,22.4,27.1,57,6.1,南,0.1,0.10,曇,20.0
20250806,20:00,0.0,31.6,22.6,27.4,59,4.7,南,0.0,0.00,晴れ,20.0
20250806,21:00,0.0,31.1,21.9,26.2,58,5.8,南,0.0,0.0,晴れ,20.0
20250806,22:00,0.0,31.0,22.3,27.0,60,5.4,南南西,0.0,0.0,曇,20.0
20250806,23:00,0.0,30.9,22.5,27.3,61,3.8,南南西,0.0,0.0,曇,20.0
20250806,24:00,0.0,30.7,22.3,27.0,61,4.6,南南西,0.0,0.0,曇,20.0
20250807,01:00,0.0,30.8,21.9,26.2,59,6.0,南南西,0.0,0.0,雨,20.0
20250807,02:00,0.0,30.7,21.5,25.6,58,5.9,南,0.0,0.0,曇,20.0
20250807,03:00,0.0,30.6,22.0,26.4,60,7.2,南南西,0.0,0.0,曇,20.0
20250807,04:00,0.0,30.6,22.0,26.4,60,6.5,南南西,0.0,0.0,曇,20.0
20250807,05:00,0.0,29.8,22.8,27.7,66,5.3,南南西,0.0,0.00,雨,14.7
20250807,06:00,4.0,27.2,23.7,29.2,81,2.6,南西,0.0,0.00,雷電,7.37
20250807,07:00,8.0,26.9,24.0,29.8,84,2.1,南,0.0,0.03,雷電,8.52
20250807,08:00,0.0,28.0,24.4,30.6,81,2.0,南,0.1,0.31,雨,20.0
20250807,09:00,0.0,28.1,23.3,28.5,75,1.8,南,0.1,1.01,曇,20.0
20250807,10:00,0.0,29.2,22.9,28.0,69,1.9,南南東,0.0,1.12,曇,20.0
20250807,11:00,0.0,30.5,22.4,27.1,62,2.8,南,0.3,1.95,曇,20.0
20250807,12:00,0.0,30.3,22.5,27.2,63,4.4,南,0.4,2.25,曇,20.0
20250807,13:00,0.0,30.8,22.9,28.0,63,3.6,南,0.6,2.71,曇,20.0
20250807,14:00,0.0,31.3,23.4,28.8,63,4.3,南,0.8,2.60,曇,18.1
20250807,15:00,0.0,31.4,23.8,29.4,64,3.8,南南西,0.4,1.54,雨,20.0
20250807,16:00,0.0,31.0,23.4,28.8,64,3.7,南南東,0.2,1.12,曇,20.0
20250807,17:00,0.0,30.5,23.2,28.4,65,3.6,南南西,0.0,0.66,曇,18.7
20250807,18:00,0.0,30.0,23.7,29.3,69,3.4,南,0.0,0.19,曇,17.5
20250807,19:00,0.0,29.4,21.4,25.4,62,4.6,南南西,0.0,0.09,曇,20.0
20250807,20:00,0.0,29.4,21.9,26.2,64,2.5,南,0.0,0.00,曇,20.0
20250807,21:00,0.0,28.7,22.9,28.0,71,3.8,南西,0.0,0.0,曇,20.0
20250807,22:00,0.0,28.3,23.4,28.9,75,3.3,南西,0.0,0.0,曇,19.0
20250807,23:00,0.0,28.2,23.4,28.7,75,1.9,南南西,0.0,0.0,曇,16.3
20250807,24:00,0.0,28.3,23.4,28.9,75,2.4,北西,0.0,0.0,曇,17.8
20250808,01:00,0.0,27.8,22.7,27.7,74,1.3,北,0.0,0.0,曇,20.0
20250808,02:00,0.0,27.3,22.5,27.2,75,2.5,北北東,0.0,0.0,曇,20.0
20250808,03:00,0.0,27.2,22.6,27.4,76,2.0,北,0.0,0.0,雨,19.6
20250808,04:00,0.0,26.9,22.3,26.9,76,2.8,北,0.0,0.0,晴れ,18.6
20250808,05:00,0.0,26.6,22.0,26.5,76,2.3,北北東,0.0,0.00,曇,18.7
20250808,06:00,0.0,26.5,21.7,26.0,75,3.9,北,0.0,0.01,曇,20.0
20250808,07:00,0.0,26.9,21.9,26.2,74,2.1,北,0.0,0.22,曇,20.0
20250808,08:00,0.0,27.6,21.6,25.9,70,1.5,北,0.1,0.63,曇,20.0
20250808,09:00,0.0,28.1,21.9,26.2,69,1.7,北北西,0.0,0.54,曇,20.0
20250808,10:00,0.0,29.7,22.2,26.7,64,2.4,南西,0.3,1.65,曇,19.1
20250808,11:00,0.0,29.7,22.7,27.5,66,5.0,南西,0.3,1.77,曇,17.4
20250808,12:00,0.0,31.1,21.9,26.2,58,3.0,南南西,0.1,2.12,曇,18.6
20250808,13:00,0.0,31.3,20.9,24.7,54,5.8,南南西,0.1,2.01,曇,20.0
20250808,14:00,0.0,30.2,21.6,25.8,60,5.4,南南西,0.0,1.03,曇,19.9
20250808,15:00,0.0,30.1,20.1,23.5,55,5.2,南,0.1,1.34,曇,20.0
20250808,16:00,0.0,30.7,21.2,25.2,57,1.5,南,0.0,0.87,曇,20.0
20250808,17:00,0.0,31.5,21.7,25.9,56,2.5,南南東,0.4,1.18,晴れ,20.0
20250808,18:00,0.0,31.3,20.3,23.8,52,1.6,南南西,0.9,0.75,晴れ,20.0
20250808,19:00,0.0,31.0,18.4,21.1,47,3.7,西北西,0.6,0.24,曇,20.0
20250808,20:00,0.0,29.8,18.9,21.8,52,3.0,西北西,0.0,0.00,晴れ,20.0
20250808,21:00,0.0,29.5,18.9,21.9,53,1.1,西北西,0.0,0.0,晴れ,20.0
20250808,22:00,0.0,29.0,19.1,22.0,55,1.6,北,0.0,0.0,晴れ,20.0
20250808,23:00,0.0,27.7,21.0,24.9,67,2.9,北,0.0,0.0,曇,20.0
20250808,24:00,0.0,27.1,20.7,24.4,68,2.2,北北東,0.0,0.0,曇,20.0
20250809,01:00,0.0,26.4,20.7,24.4,71,2.2,北北東,0.0,0.0,曇,20.0
20250809,02:00,0.0,26.1,20.2,23.7,70,3.3,北,0.0,0.0,曇,20.0
20250809,03:00,0.0,25.8,20.2,23.6,71,3.3,北北東,0.0,0.0,曇,20.0
20250809,04:00,0.0,25.6,20.0,23.3,71,3.6,北北東,0.0,0.0,曇,20.0
20250809,05:00,0.0,25.3,19.4,22.6,70,3.8,北北東,0.0,0.00,曇,20.0
20250809,06:00,0.0,25.3,19.7,22.9,71,2.1,北,0.0,0.01,曇,20.0
20250809,07:00,0.0,25.4,20.0,23.4,72,2.6,北北東,0.0,0.12,曇,20.0
20250809,08:00,0.0,26.1,19.7,23.0,68,2.9,北北東,0.1,0.53,曇,20.0
20250809,09:00,0.0,26.6,20.7,24.4,70,1.7,北北西,0.0,0.48,雨,18.0
20250809,10:00,0.0,26.9,20.3,23.8,67,1.9,北北西,0.0,0.46,雨,20.0
20250809,11:00,0.0,27.2,20.3,23.8,66,0.5,西南西,0.0,0.61,曇,20.0
20250809,12:00,0.0,27.6,20.2,23.6,64,2.6,南南西,0.0,0.84,曇,20.0
20250809,13:00,0.0,27.9,21.2,25.2,67,4.9,南南西,0.0,1.02,曇,20.0
20250809,14:00,0.0,27.7,20.5,24.2,65,6.2,南南西,0.0,1.05,曇,20.0
20250809,15:00,0.0,28.1,20.7,24.3,64,4.4,南,0.0,0.94,曇,20.0
20250809,16:00,0.0,27.1,20.5,24.0,67,4.6,南,0.0,0.55,曇,20.0
20250809,17:00,0.0,26.2,19.8,23.1,68,4.3,南,0.0,0.23,雨,20.0
20250809,18:00,0.0,25.8,20.2,23.6,71,2.7,南,0.0,0.12,雨,20.0
20250809,19:00,0.5,24.8,20.9,24.7,79,2.0,南西,0.0,0.01,雨,5.32
20250809,20:00,1.5,24.7,21.2,25.2,81,2.3,南,0.0,0.00,雨,13.2
20250809,21:00,1.0,24.7,21.0,24.9,80,1.4,南南西,0.0,0.0,雨,8.56
20250809,22:00,2.0,24.2,20.9,24.8,82,1.5,西南西,0.0,0.0,雨,10.7
20250809,23:00,4.0,24.0,21.3,25.4,85,0.6,西,0.0,0.0,雨,8.10
20250809,24:00,2.5,24.0,21.3,25.4,85,2.0,南,0.0,0.0,雨,7.67
20250810,01:00,3.0,24.2,21.5,25.7,85,2.2,南南西,0.0,0.0,雨,9.66
20250810,02:00,1.0,24.1,21.8,26.1,87,1.7,西南西,0.0,0.0,雨,20.0
20250810,03:00,1.5,24.7,22.4,27.1,87,2.9,南西,0.0,0.0,雨,3.47
20250810,04:00,1.5,25.6,23.3,28.6,87,4.3,南西,0.0,0.0,雨,10.3
20250810,05:00,0.5,26.2,23.1,28.2,83,4.3,南南西,0.0,0.00,雨,5.28
20250810,06:00,1.5,25.9,23.0,28.1,84,4.0,南南西,0.0,0.00,雨,9.67
20250810,07:00,2.5,25.7,23.4,28.7,87,3.8,南南西,0.0,0.03,雨,9.28
20250810,08:00,4.0,25.8,23.5,28.9,87,3.5,南西,0.0,0.04,雨,1.75
20250810,09:00,20.5,25.4,23.5,28.9,89,4.4,南南西,0.0,0.06,雨,1.85
20250810,10:00,4.5,26.0,23.7,29.3,87,4.1,南南西,0.0,0.18,雨,7.12
20250810,11:00,1.5,26.6,23.9,29.6,85,3.9,南南西,0.0,0.25,雨,7.29
20250810,12:00,3.5,26.5,23.8,29.4,85,4.8,南南東,0.0,0.19,雨,3.47
20250810,13:00,5.5,26.3,23.4,28.8,84,5.3,南,0.0,0.11,雨,5.00
20250810,14:00,7.5,25.9,22.2,26.7,80,7.1,南南西,0.0,0.06,雨,4.64
20250810,15:00,6.0,25.7,22.2,26.8,81,6.9,南,0.0,0.04,雨,6.17
20250810,16:00,8.5,24.2,21.1,25.1,83,5.3,南南東,0.0,0.03,雨,4.15
20250810,17:00,12.0,24.0,21.9,26.3,88,1.9,南南西,0.0,0.01,雨,1.83
20250810,18:00,17.0,24.0,22.3,26.9,90,2.3,南東,0.0,0.01,雨,4.59
20250810,19:00,4.5,24.6,22.7,27.5,89,2.3,南南西,0.0,0.00,雨,4.60
20250810,20:00,3.0,24.7,23.0,28.0,90,0.9,南南東,0.0,0.00,雨,3.23
20250810,21:00,4.5,24.4,22.8,27.8,91,1.8,北北西,0.0,0.0,雨,2.46
20250810,22:00,1.5,24.4,22.8,27.8,91,2.0,北,0.0,0.0,雨,1.89
20250810,23:00,0.5,24.4,22.8,27.8,91,1.8,北,0.0,0.0,雨,5.44
20250810,24:00,2.0,24.3,22.7,27.7,91,1.3,北,0.0,0.0,雨,2.11
20250811,01:00,6.5,24.3,22.9,28.0,92,0.6,北西,0.0,0.0,雨,2.78
20250811,02:00,4.0,24.6,23.2,28.5,92,2.7,南西,0.0,0.0,雨,2.81
20250811,03:00,2.0,25.5,23.2,28.4,87,6.1,南南西,0.0,0.0,雨,13.3
20250811,04:00,0.5,25.3,22.8,27.7,86,3.3,南,0.0,0.0,雨,6.96
20250811,05:00,14.0,24.9,23.0,28.0,89,4.2,南南西,0.0,0.00,雨,1.60
20250811,06:00,8.0,25.1,23.2,28.4,89,2.2,南西,0.0,0.00,雨,17.9
20250811,07:00,9.5,25.0,23.3,28.5,90,1.5,南,0.0,0.02,雨,3.75
20250811,08:00,13.0,25.0,23.4,28.8,91,2.4,南東,0.0,0.05,雨,5.05
20250811,09:00,4.0,25.3,23.5,29.0,90,0.9,南西,0.0,0.09,雨,6.55
20250811,10:00,4.0,25.4,23.5,28.9,89,4.3,南西,0.0,0.19,雨,7.86
20250811,11:00,2.0,26.0,23.9,29.6,88,3.3,南南西,0.0,0.27,雨,6.39
20250811,12:00,5.5,25.9,23.8,29.4,88,3.2,南,0.0,0.26,雨,4.73
20250811,13:00,5.5,25.8,23.9,29.6,89,3.9,南南西,0.0,0.23,雨,6.11
20250811,14:00,1.0,25.7,23.4,28.7,87,6.3,南南西,0.0,0.32,雨,2.07
20250811,15:00,0.5,26.6,23.1,28.2,81,5.9,南,0.0,0.35,曇,20.0
20250811,16:00,5.5,25.9,23.6,29.1,87,4.6,南,0.0,0.21,雨,2.87
20250811,17:00,2.5,26.2,23.7,29.3,86,3.3,南,0.0,0.19,雨,15.5
20250811,18:00,1.0,26.2,23.1,28.2,83,3.6,南南西,0.0,0.08,雨,4.89
20250811,19:00,9.0,25.4,22.3,26.9,83,4.8,南南西,0.0,0.01,雨,10.6
20250811,20:00,0.5,25.8,22.9,27.9,84,2.7,南南西,0.0,0.00,雨,13.0
20250811,21:00,0.0,25.9,23.0,28.1,84,2.3,南,0.0,0.0,雨,17.4
20250811,22:00,0.0,25.7,22.8,27.7,84,2.0,南南西,0.0,0.0,雨,20.0
20250811,23:00,0.0,25.9,23.0,28.1,84,2.1,南南西,0.0,0.0,曇,20.0
20250811,24:00,0.0,26.1,23.2,28.4,84,1.9,南,0.0,0.0,曇,20.0
20250812,01:00,0.0,25.8,23.5,28.9,87,2.2,南南西,0.0,0.0,曇,18.8
20250812,02:00,0.0,26.2,23.9,29.6,87,2.9,南南西,0.0,0.0,雨,14.3
20250812,03:00,0.0,26.5,23.8,29.4,85,4.2,南西,0.0,0.0,曇,14.1
20250812,04:00,0.0,26.6,23.7,29.3,84,4.5,南南西,0.0,0.0,曇,14.6
20250812,05:00,0.0,26.7,23.6,29.1,83,4.4,南南西,0.0,0.00,曇,17.1
20250812,06:00,0.0,26.7,23.6,29.1,83,5.3,南西,0.0,0.00,曇,16.4
20250812,07:00,1.0,26.4,24.1,30.0,87,3.0,南南西,0.0,0.06,雨,3.57
20250812,08:00,0.5,27.1,23.8,29.4,82,4.2,南南西,0.0,0.34,曇,17.6
20250812,09:00,0.0,27.8,24.0,29.9,80,1.7,南西,0.0,0.72,曇,17.5
20250812,10:00,0.0,28.0,23.6,29.1,77,3.5,南,0.0,0.76,雨,20.0
20250812,11:00,0.0,28.5,23.6,29.2,75,3.7,南西,0.0,1.33,曇,20.0
20250812,12:00,0.0,29.4,22.9,27.9,68,4.9,南南西,0.2,1.94,曇,20.0
20250812,13:00,0.0,29.9,23.4,28.7,68,4.0,南南西,0.2,1.80,曇,20.0
20250812,14:00,0.0,29.4,22.9,27.9,68,3.9,南,0.0,1.00,曇,20.0
20250812,15:00,0.0,30.0,23.0,28.0,66,2.2,南南西,0.0,1.21,曇,20.0
20250812,16:00,0.0,29.7,23.4,28.8,69,3.0,南南東,0.0,0.84,雷電,20.0
20250812,17:00,0.0,29.8,23.0,28.1,67,2.0,南西,0.0,0.63,雨,20.0
20250812,18:00,0.5,27.3,23.8,29.4,81,3.0,北,0.0,0.18,雨,8.55
20250812,19:00,0.0,27.2,23.9,29.6,82,2.0,北,0.0,0.06,曇,20.0
20250812,20:00,0.0,27.1,24.0,29.8,83,2.3,北,0.0,0.00,曇,20.0
20250812,21:00,0.0,26.8,24.1,30.0,85,1.7,北,0.0,0.0,曇,20.0
20250812,22:00,0.0,26.7,24.0,29.8,85,2.9,北,0.0,0.0,曇,20.0
20250812,23:00,0.0,26.4,23.7,29.3,85,2.2,北北東,0.0,0.0,曇,20.0
20250812,24:00,0.0,26.3,23.8,29.4,86,1.9,北,0.0,0.0,曇,20.0
20250813,01:00,0.0,26.0,23.5,28.9,86,2.2,北,0.0,0.0,曇,20.0
20250813,02:00,0.0,25.9,23.4,28.7,86,3.0,北北東,0.0,0.0,曇,20.0
20250813,03:00,0.0,25.9,23.4,28.7,86,1.9,北北東,0.0,0.0,曇,20.0
20250813,04:00,0.0,25.9,23.4,28.7,86,2.1,北,0.0,0.0,曇,20.0
20250813,05:00,0.0,25.9,23.2,28.4,85,2.1,北北東,0.0,0.00,曇,20.0
20250813,06:00,0.0,26.0,23.3,28.6,85,2.4,北北東,0.0,0.00,雨,20.0
20250813,07:00,0.0,26.1,23.2,28.4,84,2.5,北北東,0.0,0.08,曇,20.0
20250813,08:00,0.0,26.6,23.5,28.9,83,1.3,北北東,0.0,0.23,雨,20.0
20250813,09:00,0.0,28.3,23.7,29.2,76,1.1,北北西,0.3,1.33,雨,20.0
20250813,10:00,0.0,29.4,23.8,29.5,72,0.7,西北西,0.1,0.90,曇,20.0
20250813,11:00,0.0,30.8,23.2,28.4,64,2.7,南南西,0.8,2.72,曇,20.0
20250813,12:00,0.0,31.1,23.2,28.5,63,4.6,南西,0.8,2.83,曇,20.0
20250813,13:00,0.0,32.4,23.9,29.7,61,4.7,南西,1.0,3.19,晴れ,18.4
20250813,14:00,0.0,32.2,22.3,26.9,56,4.1,南南西,1.0,3.07,晴れ,20.0
20250813,15:00,0.0,32.0,22.1,26.6,56,2.7,南,1.0,2.78,晴れ,20.0
20250813,16:00,0.0,31.9,22.9,27.9,59,3.2,南南西,0.7,1.70,晴れ,20.0
20250813,17:00,0.0,32.0,22.4,27.1,57,3.5,南西,0.8,1.21,晴れ,20.0
20250813,18:00,0.0,31.7,22.4,27.1,58,2.1,西,1.0,0.70,雷電,20.0
20250813,19:00,0.0,30.7,22.3,27.0,61,2.3,西北西,0.0,0.10,晴れ,20.0
20250813,20:00,0.0,30.1,23.3,28.6,67,2.8,北,0.0,0.00,晴れ,20.0
20250813,21:00,0.0,29.4,23.4,28.7,70,2.2,北北東,0.0,0.0,晴れ,20.0
20250813,22:00,0.0,28.8,23.3,28.5,72,1.6,北東,0.0,0.0,晴れ,20.0
20250813,23:00,0.0,28.2,23.6,29.1,76,1.6,北,0.0,0.0,晴れ,20.0
20250813,24:00,0.0,27.8,23.6,29.2,78,2.0,北,0.0,0.0,晴れ,19.0
20250814,01:00,0.0,27.3,23.6,29.0,80,2.4,北北東,0.0,0.0,晴れ,17.0
20250814,02:00,0.0,26.8,23.5,28.9,82,2.8,北,0.0,0.0,晴れ,15.3
20250814,03:00,0.0,26.6,23.5,28.9,83,1.7,北,0.0,0.0,晴れ,15.1
20250814,04:00,0.0,26.8,23.3,28.6,81,2.2,北北東,0.0,0.0,曇,16.1
20250814,05:00,0.0,26.9,23.0,28.0,79,1.6,北北東,0.0,0.00,曇,16.6
20250814,06:00,0.0,26.8,23.1,28.2,80,3.0,北北東,0.0,0.02,曇,16.1
20250814,07:00,0.0,26.8,22.9,27.8,79,2.4,北,0.3,0.31,晴れ,16.3
20250814,08:00,0.0,27.9,22.8,27.8,74,2.6,北北東,1.0,1.09,晴れ,16.1
20250814,09:00,0.0,29.5,23.0,28.0,68,1.6,北,1.0,1.85,晴れ,15.7
20250814,10:00,0.0,31.4,23.2,28.5,62,1.5,西,1.0,2.42,晴れ,15.2
20250814,11:00,0.0,32.2,22.3,26.9,56,2.9,南,0.7,2.35,晴れ,17.6
20250814,12:00,0.0,32.3,23.0,28.1,58,3.7,南南西,1.0,3.17,晴れ,14.8
20250814,13:00,0.0,33.3,22.4,27.1,53,2.8,南西,1.0,3.23,晴れ,18.0
20250814,14:00,0.0,33.3,22.1,26.6,52,3.9,南西,1.0,3.03,晴れ,20.0
20250814,15:00,0.0,33.0,21.5,25.7,51,4.9,南西,1.0,2.60,晴れ,20.0
20250814,16:00,0.0,32.6,21.5,25.6,52,3.8,南西,0.9,1.68,雷電,20.0
20250814,17:00,0.0,32.6,22.4,27.1,55,1.7,南南西,0.5,1.08,晴れ,20.0
20250814,18:00,0.0,32.6,22.7,27.6,56,1.5,西南西,0.4,0.57,晴れ,20.0
20250814,19:00,0.0,31.8,22.8,27.8,59,2.4,北北西,0.3,0.19,曇,20.0
20250814,20:00,0.0,31.0,22.9,27.9,62,2.3,北,0.0,0.00,晴れ,19.0
20250814,21:00,0.0,29.9,23.1,28.3,67,3.4,北,0.0,0.0,晴れ,18.4
20250814,22:00,0.0,29.2,23.2,28.4,70,3.6,北北東,0.0,0.0,晴れ,17.3
20250814,23:00,0.0,28.6,23.3,28.6,73,2.5,北北東,0.0,0.0,晴れ,16.3
20250814,24:00,0.0,28.2,23.4,28.7,75,2.8,北,0.0,0.0,晴れ,15.0
20250815,01:00,0.0,27.9,23.1,28.2,75,3.5,北,0.0,0.0,晴れ,15.3
20250815,02:00,0.0,27.3,22.9,28.0,77,2.5,北北東,0.0,0.0,晴れ,14.5
20250815,03:00,0.0,27.0,22.4,27.1,76,2.9,北北東,0.0,0.0,晴れ,15.8
20250815,04:00,0.0,26.7,22.3,27.0,77,3.0,北,0.0,0.0,晴れ,16.5
20250815,05:00,0.0,26.4,21.8,26.2,76,3.2,北北東,0.0,0.00,晴れ,17.8
20250815,06:00,0.0,26.6,21.6,25.8,74,3.8,北北東,0.0,0.02,晴れ,20.0
20250815,07:00,0.0,26.7,21.7,25.9,74,3.0,北北東,0.5,0.38,晴れ,20.0
20250815,08:00,0.0,27.9,21.5,25.6,68,2.0,北北東,1.0,1.12,晴れ,20.0
20250815,09:00,0.0,29.5,21.7,26.0,63,0.7,北北西,1.0,1.86,晴れ,20.0
20250815,10:00,0.0,31.6,20.6,24.2,52,0.8,西,1.0,2.51,晴れ,20.0
20250815,11:00,0.0,32.5,21.7,25.9,53,2.4,南南西,1.0,2.98,晴れ,20.0
20250815,12:00,0.0,32.9,23.3,28.5,57,3.0,南南西,1.0,3.25,晴れ,19.7
20250815,13:00,0.0,33.8,21.9,26.3,50,3.0,南南西,1.0,3.31,晴れ,20.0
20250815,14:00,0.0,33.2,21.7,26.0,51,4.2,南南西,1.0,3.14,晴れ,20.0
20250815,15:00,0.0,33.0,22.1,26.7,53,5.1,南西,1.0,2.76,晴れ,20.0
20250815,16:00,0.0,32.9,21.4,25.5,51,4.1,南西,0.9,2.02,晴れ,20.0
20250815,17:00,0.0,32.6,20.8,24.6,50,4.3,南西,0.8,1.27,晴れ,20.0
20250815,18:00,0.0,32.4,21.0,24.8,51,1.9,南西,0.2,0.43,晴れ,20.0
20250815,19:00,0.0,32.1,22.5,27.3,57,1.9,西南西,0.0,0.08,晴れ,20.0
20250815,20:00,0.0,31.9,22.6,27.4,58,1.1,西,0.0,0.00,晴れ,20.0
20250815,21:00,0.0,30.8,22.9,28.0,63,4.8,北北東,0.0,0.0,晴れ,20.0
20250815,22:00,0.0,30.2,22.6,27.5,64,2.4,北北東,0.0,0.0,晴れ,20.0
20250815,23:00,0.0,29.4,22.6,27.5,67,3.6,北北東,0.0,0.0,晴れ,20.0
20250815,24:00,0.0,28.8,22.5,27.3,69,4.3,北北東,0.0,0.0,晴れ,20.0
20250816,01:00,0.0,28.4,22.4,27.1,70,3.2,北北東,0.0,0.0,晴れ,20.0
20250816,02:00,0.0,28.0,22.5,27.2,72,2.8,北北東,0.0,0.0,晴れ,20.0
20250816,03:00,0.0,27.7,22.2,26.8,72,2.9,北北東,0.0,0.0,晴れ,20.0
20250816,04:00,0.0,27.5,22.0,26.4,72,3.5,北北東,0.0,0.0,晴れ,20.0
20250816,05:00,0.0,27.4,21.9,26.3,72,4.3,北北東,0.0,0.0,晴れ,20.0
20250816,06:00,0.0,27.3,22.3,26.9,74,1.4,北北東,0.0,0.01,晴れ,20.0
20250816,07:00,0.0,27.5,22.0,26.4,72,2.8,北北東,0.7,0.37,晴れ,20.0
20250816,08:00,0.0,28.5,22.3,26.9,69,0.8,北西,0.4,0.85,晴れ,20.0
20250816,09:00,0.0,29.7,22.2,26.7,64,0.5,南東,0.7,1.61,晴れ,20.0
20250816,10:00,0.0,30.6,22.5,27.2,62,1.5,南南西,0.6,1.93,晴れ,20.0
20250816,11:00,0.0,32.8,22.9,27.9,56,2.4,南,0.7,2.37,晴れ,20.0
20250816,12:00,0.0,32.7,22.5,27.2,55,3.3,南南東,1.0,3.26,晴れ,20.0
20250816,13:00,0.0,33.5,22.3,26.9,52,4.1,南西,1.0,3.27,晴れ,20.0
20250816,14:00,0.0,33.7,22.2,26.7,51,4.2,南南西,1.0,3.09,晴れ,20.0
20250816,15:00,0.0,33.7,21.8,26.2,50,4.1,南西,1.0,2.71,晴れ,20.0
20250816,16:00,0.0,33.2,22.3,27.0,53,4.5,南南西,1.0,2.13,晴れ,20.0
20250816,17:00,0.0,32.9,22.7,27.5,55,3.3,南西,1.0,1.61,雷電,20.0
20250816,18:00,0.0,32.0,21.5,25.7,54,3.9,南西,0.2,0.37,晴れ,20.0
20250816,19:00,0.0,31.4,21.6,25.8,56,2.9,南西,0.1,0.11,晴れ,20.0
20250816,20:00,0.0,31.0,22.6,27.4,61,2.5,南西,0.0,0.00,晴れ,20.0
20250816,21:00,0.0,30.8,21.9,26.2,59,2.1,南西,0.0,0.0,晴れ,20.0
20250816,22:00,0.0,30.4,21.8,26.1,60,1.8,南,0.0,0.0,晴れ,20.0
20250816,23:00,0.0,29.8,22.5,27.3,65,1.8,南南西,0.0,0.0,晴れ,20.0
20250816,24:00,0.0,29.4,22.9,27.9,68,2.6,南西,0.0,0.0,晴れ,20.0
20250817,01:00,0.0,29.3,22.8,27.7,68,1.7,西南西,0.0,0.0,晴れ,20.0
20250817,02:00,0.0,28.7,22.9,28.0,71,1.0,西北西,0.0,0.0,晴れ,20.0
20250817,03:00,0.0,29.0,22.7,27.7,69,1.9,南南西,0.0,0.0,晴れ,20.0
20250817,04:00,0.0,28.7,22.7,27.6,70,3.1,南西,0.0,0.0,晴れ,20.0
20250817,05:00,0.0,28.0,22.9,28.0,74,1.2,北,0.0,0.0,曇,20.0
20250817,06:00,0.0,28.0,22.7,27.6,73,1.4,北,0.0,0.01,曇,20.0
20250817,07:00,0.0,28.3,23.0,28.1,73,0.9,北,0.0,0.28,曇,20.0
20250817,08:00,0.0,29.4,23.1,28.3,69,2.7,南南西,0.2,0.68,晴れ,20.0
20250817,09:00,0.0,29.8,22.3,26.9,64,4.2,南,0.1,0.91,曇,20.0
20250817,10:00,0.0,30.7,22.3,27.0,61,3.9,南,0.4,1.75,晴れ,20.0
20250817,11:00,0.0,31.9,22.6,27.4,58,3.0,南,1.0,2.88,晴れ,20.0
20250817,12:00,0.0,32.6,22.1,26.6,54,3.4,南南東,1.0,3.23,晴れ,20.0
20250817,13:00,0.0,33.5,22.3,26.9,52,3.4,南西,1.0,3.24,晴れ,20.0
20250817,14:00,0.0,33.3,22.1,26.6,52,3.8,南南西,1.0,2.96,晴れ,20.0
20250817,15:00,0.0,33.6,22.4,27.1,52,2.2,南南西,1.0,2.56,晴れ,20.0
20250817,16:00,0.0,33.5,22.6,27.4,53,3.7,西南西,0.9,1.92,晴れ,20.0
20250817,17:00,0.0,33.0,22.5,27.2,54,3.1,南西,1.0,1.31,晴れ,20.0
20250817,18:00,0.0,31.2,23.1,28.2,62,3.3,南南西,0.1,0.24,雷電,20.0
20250817,19:00,0.0,31.2,23.1,28.2,62,2.4,南,0.0,0.06,晴れ,20.0
20250817,20:00,0.0,30.7,22.9,27.8,63,4.6,南南東,0.0,0.00,曇,20.0
20250817,21:00,0.0,30.1,23.1,28.2,66,1.8,南,0.0,0.0,曇,20.0
20250817,22:00,0.0,29.7,22.7,27.5,66,2.9,南南東,0.0,0.0,晴れ,20.0
20250817,23:00,0.0,29.5,23.0,28.0,68,2.4,南南東,0.0,0.0,晴れ,20.0
20250817,24:00,0.0,29.1,23.3,28.6,71,0.9,南西,0.0,0.0,晴れ,20.0
20250818,01:00,0.0,29.2,23.2,28.4,70,1.2,南南西,0.0,0.0,曇,20.0
20250818,02:00,0.0,28.8,23.0,28.1,71,2.4,南,0.0,0.0,曇,20.0
20250818,03:00,0.0,28.7,23.2,28.4,72,2.4,南,0.0,0.0,曇,20.0
20250818,04:00,0.0,28.7,22.9,28.0,71,1.5,南西,0.0,0.0,曇,20.0
20250818,05:00,0.0,28.6,23.1,28.2,72,2.2,南南東,0.0,0.0,曇,20.0
20250818,06:00,0.0,28.5,23.0,28.0,72,1.9,南,0.0,0.00,曇,17.9
20250818,07:00,0.0,28.6,23.3,28.6,73,1.0,南西,0.0,0.13,曇,19.2
20250818,08:00,0.0,28.9,22.9,27.9,70,1.6,南南西,0.2,0.49,晴れ,20.0
20250818,09:00,0.0,29.4,22.9,27.9,68,3.1,南西,0.1,0.93,晴れ,18.3
20250818,10:00,0.0,31.5,22.8,27.7,60,1.6,南南東,0.5,1.80,晴れ,20.0
20250818,11:00,0.0,31.7,22.1,26.7,57,3.4,南,1.0,2.94,晴れ,20.0
20250818,12:00,0.0,32.1,21.6,25.8,54,3.2,南,1.0,3.28,晴れ,20.0
20250818,13:00,0.0,33.2,21.4,25.4,50,3.1,南南東,1.0,3.27,晴れ,20.0
20250818,14:00,0.0,33.3,21.5,25.6,50,4.0,南西,1.0,3.13,晴れ,20.0
20250818,15:00,0.0,33.3,21.8,26.1,51,3.9,南南西,1.0,2.72,晴れ,20.0
20250818,16:00,0.0,33.2,21.7,26.0,51,2.1,南西,1.0,2.01,雷電,20.0
20250818,17:00,0.0,33.0,22.1,26.7,53,2.9,南,1.0,1.53,晴れ,20.0
20250818,18:00,0.0,32.1,22.5,27.3,57,2.9,南西,0.3,0.43,晴れ,20.0
20250818,19:00,0.0,30.8,22.7,27.6,62,4.3,南西,0.0,0.09,曇,20.0
20250818,20:00,0.0,30.4,22.0,26.5,61,3.0,南西,0.0,0.00,晴れ,20.0
20250818,21:00,0.0,30.3,21.1,25.0,58,2.9,南,0.0,0.0,晴れ,20.0
20250818,22:00,0.0,29.7,22.2,26.7,64,4.1,南,0.0,0.0,晴れ,20.0
20250818,23:00,0.0,29.5,22.7,27.6,67,3.6,南南西,0.0,0.0,晴れ,20.0
20250818,24:00,0.0,29.3,21.0,24.9,61,3.5,南,0.0,0.0,晴れ,20.0
20250819,01:00,0.0,28.8,20.3,23.8,60,2.9,南,0.0,0.0,晴れ,20.0
20250819,02:00,0.0,28.5,21.3,25.3,65,2.6,南,0.0,0.0,晴れ,20.0
20250819,03:00,0.0,28.2,22.0,26.4,69,2.0,南,0.0,0.0,晴れ,20.0
20250819,04:00,0.0,28.1,21.2,25.1,66,1.8,南西,0.0,0.0,晴れ,20.0
20250819,05:00,0.0,27.5,21.5,25.7,70,2.0,北,0.0,0.0,晴れ,20.0
20250819,06:00,0.0,27.1,21.4,25.5,71,1.9,北北東,0.0,0.03,晴れ,20.0
20250819,07:00,0.0,27.3,22.0,26.5,73,1.7,北,0.9,0.39,晴れ,20.0
20250819,08:00,0.0,28.3,21.8,26.2,68,1.7,西南西,0.3,0.62,晴れ,20.0
20250819,09:00,0.0,29.2,21.9,26.4,65,4.4,南西,0.2,1.14,晴れ,20.0
20250819,10:00,0.0,30.4,22.0,26.5,61,2.8,南,0.7,1.95,晴れ,20.0
20250819,11:00,0.0,31.3,21.2,25.1,55,3.2,南南東,0.7,2.35,晴れ,20.0
20250819,12:00,0.0,32.2,22.3,26.9,56,3.7,南南西,1.0,3.10,晴れ,20.0
20250819,13:00,0.0,32.1,21.0,24.9,52,2.8,南西,1.0,3.11,晴れ,20.0
20250819,14:00,0.0,32.6,22.1,26.6,54,3.5,南南西,1.0,3.04,晴れ,20.0
20250819,15:00,0.0,32.5,22.0,26.4,54,5.1,南西,0.8,2.20,雷電,20.0
20250819,16:00,0.0,33.2,21.4,25.4,50,3.6,南西,1.0,1.94,雷電,19.3
20250819,17:00,0.0,32.8,22.3,26.9,54,3.0,南西,0.5,0.95,雷電,18.2
20250819,18:00,0.0,32.0,22.4,27.1,57,3.3,南西,0.7,0.60,曇,19.6
20250819,19:00,0.0,31.0,22.9,27.9,62,2.7,南西,0.0,0.09,曇,18.4
20250819,20:00,0.0,30.9,21.7,25.9,58,3.5,南,0.0,0.00,晴れ,16.3
20250819,21:00,0.0,29.6,22.8,27.8,67,4.4,南,0.0,0.0,晴れ,18.8
20250819,22:00,0.0,29.4,22.6,27.5,67,4.6,南,0.0,0.0,晴れ,20.0
20250819,23:00,0.0,29.2,22.2,26.8,66,3.3,南,0.0,0.0,晴れ,20.0
20250819,24:00,0.0,28.9,22.2,26.7,67,3.4,南西,0.0,0.0,晴れ,20.0
20250820,01:00,0.0,28.5,22.0,26.5,68,2.9,南西,0.0,0.0,晴れ,20.0
20250820,02:00,0.0,28.5,22.0,26.5,68,2.8,南西,0.0,0.0,晴れ,20.0
20250820,03:00,0.0,28.5,21.8,26.1,67,1.9,南南西,0.0,0.0,晴れ,20.0
20250820,04:00,0.0,28.0,22.0,26.5,70,2.3,西,0.0,0.0,晴れ,20.0
20250820,05:00,0.0,27.7,22.2,26.8,72,2.7,北,0.0,0.0,曇,20.0
20250820,06:00,0.0,27.5,22.5,27.2,74,2.4,北,0.0,0.01,曇,17.6
20250820,07:00,0.0,27.4,21.9,26.3,72,2.6,北,0.0,0.23,曇,17.9
20250820,08:00,0.0,28.5,22.3,26.9,69,1.8,北,0.2,0.67,晴れ,20.0
20250820,09:00,0.0,29.3,22.5,27.3,67,1.1,南南西,0.0,0.61,曇,19.7
20250820,10:00,0.0,30.9,22.5,27.3,61,1.4,東南東,0.7,1.92,晴れ,20.0
20250820,11:00,0.0,31.5,23.1,28.2,61,3.4,南,0.9,2.67,晴れ,20.0
20250820,12:00,0.0,32.1,23.1,28.2,59,3.6,南南西,0.9,3.10,晴れ,20.0
20250820,13:00,0.0,32.2,22.3,26.9,56,6.4,南西,1.0,3.31,晴れ,20.0
20250820,14:00,0.0,31.0,22.6,27.4,61,4.1,南西,0.4,1.85,曇,18.7
20250820,15:00,0.0,32.0,19.6,22.8,48,3.2,南,0.9,2.14,曇,20.0
20250820,16:00,0.0,32.7,21.9,26.2,53,3.8,南南西,0.5,1.48,晴れ,16.9
20250820,17:00,0.0,32.0,22.1,26.6,56,3.2,南南西,1.0,1.54,晴れ,18.2
20250820,18:00,0.0,31.3,21.5,25.6,56,3.2,南,0.3,0.42,晴れ,20.0
20250820,19:00,0.0,30.8,22.1,26.7,60,4.0,南,0.2,0.10,晴れ,20.0
20250820,20:00,0.0,29.9,21.8,26.2,62,2.8,南,0.0,0.00,曇,20.0
20250820,21:00,0.0,29.7,21.9,26.3,63,3.7,南,0.0,0.0,晴れ,20.0
20250820,22:00,0.0,29.4,20.6,24.2,59,3.7,南,0.0,0.0,晴れ,20.0
20250820,23:00,0.0,28.9,22.2,26.7,67,3.5,南南西,0.0,0.0,晴れ,20.0
20250820,24:00,0.0,28.9,20.6,24.3,61,3.1,南,0.0,0.0,晴れ,20.0
20250821,01:00,0.0,28.7,21.5,25.6,65,3.1,南南西,0.0,0.0,晴れ,20.0
20250821,02:00,0.0,28.3,20.8,24.6,64,1.3,西南西,0.0,0.0,晴れ,20.0
20250821,03:00,0.0,28.0,21.1,25.0,66,1.2,北北東,0.0,0.0,晴れ,20.0
20250821,04:00,0.0,27.3,21.8,26.1,72,2.2,北,0.0,0.0,晴れ,20.0
20250821,05:00,0.0,27.0,21.8,26.0,73,2.1,北北東,0.0,0.0,曇,20.0
20250821,06:00,0.0,27.0,21.8,26.0,73,1.4,北北東,0.0,0.01,晴れ,20.0
20250821,07:00,0.0,27.2,21.5,25.6,71,2.5,北,0.1,0.17,晴れ,20.0
20250821,08:00,0.0,28.3,21.3,25.4,66,0.9,北北西,0.5,0.90,晴れ,20.0
20250821,09:00,0.0,29.7,21.4,25.5,61,2.1,南南東,0.3,1.14,晴れ,20.0
20250821,10:00,0.0,30.9,21.4,25.5,57,2.5,西南西,0.5,1.84,曇,20.0
20250821,11:00,0.0,31.9,20.8,24.6,52,3.0,南南東,0.9,2.88,晴れ,20.0
20250821,12:00,0.0,32.2,21.1,25.0,52,5.1,南,1.0,3.21,晴れ,20.0
20250821,13:00,0.0,33.2,20.7,24.4,48,5.2,南西,1.0,3.26,晴れ,20.0
20250821,14:00,0.0,33.2,21.1,24.9,49,5.0,南南西,1.0,3.11,晴れ,20.0
20250821,15:00,0.0,33.3,21.1,25.1,49,4.0,南,1.0,2.66,晴れ,20.0
20250821,16:00,0.0,33.5,21.3,25.4,49,3.9,南西,1.0,2.14,晴れ,20.0
20250821,17:00,0.0,32.4,21.0,24.8,51,5.3,南南西,1.0,1.46,晴れ,20.0
20250821,18:00,0.0,31.7,20.6,24.3,52,3.6,南南西,1.0,0.73,晴れ,20.0
20250821,19:00,0.0,31.4,21.6,25.8,56,3.1,南南西,0.6,0.14,晴れ,20.0
20250821,20:00,0.0,30.7,21.8,26.1,59,3.4,南南西,0.0,0.00,晴れ,20.0
20250821,21:00,0.0,30.6,21.4,25.5,58,4.5,南,0.0,0.0,晴れ,20.0
20250821,22:00,0.0,30.0,21.9,26.3,62,4.5,南,0.0,0.0,晴れ,20.0
20250821,23:00,0.0,30.1,21.5,25.6,60,1.5,南南西,0.0,0.0,曇,20.0
20250821,24:00,0.0,29.5,22.0,26.4,64,2.1,南西,0.0,0.0,晴れ,20.0
20250822,01:00,0.0,29.3,22.0,26.5,65,1.4,西南西,0.0,0.0,晴れ,20.0
20250822,02:00,0.0,28.3,22.1,26.6,69,2.4,北,0.0,0.0,晴れ,20.0
20250822,03:00,0.0,27.7,22.2,26.8,72,1.9,北北東,0.0,0.0,晴れ,20.0
20250822,04:00,0.0,27.2,21.9,26.3,73,3.1,北,0.0,0.0,晴れ,20.0
20250822,05:00,0.0,26.7,21.9,26.3,75,3.2,北,0.0,0.0,晴れ,20.0
20250822,06:00,0.0,26.5,21.7,26.0,75,4.9,北北東,0.0,0.01,晴れ,20.0
20250822,07:00,0.0,26.9,21.9,26.2,74,3.3,北北東,0.8,0.39,晴れ,20.0
20250822,08:00,0.0,28.4,21.7,25.9,67,2.2,北北東,1.0,1.08,晴れ,20.0
20250822,09:00,0.0,29.9,21.3,25.3,60,1.9,北北西,0.9,1.56,晴れ,20.0
20250822,10:00,0.0,31.9,20.8,24.6,52,1.6,東南東,0.8,2.19,曇,20.0
20250822,11:00,0.0,31.8,21.3,25.4,54,2.1,北西,0.2,1.34,曇,20.0
20250822,12:00,0.0,32.2,20.5,24.1,50,1.8,西南西,0.4,1.95,曇,20.0
20250822,13:00,0.0,32.4,20.3,23.8,49,1.5,西南西,0.0,0.58,曇,20.0
20250822,14:00,0.0,33.2,20.7,24.4,48,3.1,北北東,0.3,1.89,曇,20.0
20250822,15:00,0.0,33.8,21.3,25.3,48,1.5,南南東,0.9,2.44,晴れ,20.0
20250822,16:00,0.0,33.6,21.7,26.0,50,3.6,南南西,0.3,1.20,曇,20.0
20250822,17:00,0.0,33.2,22.0,26.5,52,3.3,南西,1.0,1.36,晴れ,20.0
20250822,18:00,0.0,32.1,21.3,25.4,53,2.2,南南西,0.2,0.41,曇,20.0
20250822,19:00,0.0,32.0,21.8,26.2,55,2.3,南,0.1,0.05,曇,20.0
20250822,20:00,0.0,31.5,22.0,26.4,57,2.4,西南西,0.0,0.00,曇,20.0
20250822,21:00,0.0,31.3,20.9,24.7,54,1.7,西南西,0.0,0.0,曇,20.0
20250822,22:00,0.0,31.0,20.6,24.3,54,2.3,南,0.0,0.0,曇,20.0
20250822,23:00,0.0,30.4,21.5,25.6,59,2.0,西南西,0.0,0.0,晴れ,20.0
20250822,24:00,0.0,30.0,22.4,27.2,64,1.5,北北東,0.0,0.0,晴れ,20.0
20250823,01:00,0.0,29.2,22.4,27.2,67,1.6,北,0.0,0.0,晴れ,20.0
20250823,02:00,0.0,28.6,22.6,27.4,70,2.0,北北東,0.0,0.0,晴れ,20.0
20250823,03:00,0.0,28.2,22.4,27.2,71,2.3,北北東,0.0,0.0,晴れ,20.0
20250823,04:00,0.0,27.6,22.3,27.0,73,2.4,北,0.0,0.0,晴れ,20.0
20250823,05:00,0.0,27.4,22.1,26.7,73,2.2,北北東,0.0,0.0,晴れ,20.0
20250823,06:00,0.0,27.4,22.1,26.7,73,2.1,北,0.0,0.01,晴れ,20.0
20250823,07:00,0.0,27.6,22.3,27.0,73,2.7,北,0.5,0.30,晴れ,20.0
20250823,08:00,0.0,28.8,22.1,26.5,67,2.5,北,0.3,0.75,晴れ,20.0
20250823,09:00,0.0,29.7,22.2,26.7,64,1.6,西北西,0.7,1.64,晴れ,20.0
20250823,10:00,0.0,30.9,22.0,26.4,59,1.7,北北西,0.2,1.70,曇,20.0
20250823,11:00,0.0,32.6,21.2,25.1,51,1.6,北北東,0.4,2.16,晴れ,20.0
20250823,12:00,0.0,32.7,23.1,28.2,57,4.3,南西,0.7,2.51,曇,20.0
20250823,13:00,0.0,33.4,22.5,27.3,53,3.4,南南西,0.4,2.49,曇,20.0
20250823,14:00,0.0,33.5,22.3,26.9,52,5.4,南西,1.0,3.02,晴れ,20.0
20250823,15:00,0.0,33.1,22.2,26.8,53,5.5,南西,1.0,2.67,晴れ,20.0
20250823,16:00,0.0,32.3,22.4,27.1,56,4.4,南南西,1.0,1.95,晴れ,20.0
20250823,17:00,0.0,32.5,22.6,27.4,56,2.7,南,1.0,1.44,晴れ,20.0
20250823,18:00,0.0,31.9,22.9,27.9,59,2.1,南,0.8,0.58,晴れ,20.0
20250823,19:00,0.0,31.4,23.5,29.0,63,2.5,南西,0.0,0.10,曇,20.0
20250823,20:00,0.0,31.2,23.6,29.1,64,2.4,西,0.0,0.00,曇,20.0
20250823,21:00,0.0,30.8,22.7,27.6,62,2.4,北北東,0.0,0.0,曇,20.0
20250823,22:00,0.0,30.6,22.8,27.7,63,2.0,北,0.0,0.0,曇,20.0
20250823,23:00,0.0,30.4,21.5,25.6,59,2.4,北,0.0,0.0,曇,20.0
20250823,24:00,0.0,29.8,22.3,26.9,64,3.2,北,0.0,0.0,曇,20.0
20250824,01:00,0.0,29.0,21.5,25.6,64,2.1,北北東,0.0,0.0,曇,20.0
20250824,02:00,0.0,28.4,21.2,25.2,65,3.6,北北東,0.0,0.0,曇,20.0
20250824,03:00,0.0,28.0,21.3,25.3,67,3.6,北北東,0.0,0.0,曇,20.0
20250824,04:00,0.0,27.8,21.1,25.0,67,3.4,北北東,0.0,0.0,曇,20.0
20250824,05:00,0.0,27.7,21.3,25.3,68,3.9,北,0.0,0.0,曇,20.0
20250824,06:00,0.0,27.6,21.2,25.1,68,3.3,北北東,0.0,0.01,曇,20.0
20250824,07:00,0.0,27.8,21.1,25.0,67,2.4,北,0.0,0.11,曇,20.0
20250824,08:00,0.0,28.4,21.4,25.5,66,2.6,北,0.0,0.51,曇,20.0
20250824,09:00,0.0,29.3,20.7,24.5,60,1.8,北,0.5,1.40,晴れ,20.0
20250824,10:00,0.0,31.4,21.3,25.3,55,0.9,北西,0.5,1.82,晴れ,20.0
20250824,11:00,0.0,33.5,21.7,25.9,50,2.0,西北西,1.0,2.82,晴れ,20.0
20250824,12:00,0.0,33.8,21.3,25.3,48,3.2,南南西,1.0,3.13,晴れ,20.0
20250824,13:00,0.0,32.6,22.1,26.6,54,4.0,南,0.5,2.05,曇,20.0
20250824,14:00,0.0,32.9,22.7,27.5,55,3.4,南南西,0.1,1.71,曇,20.0
20250824,15:00,0.0,32.9,22.4,27.0,54,3.9,南西,0.1,1.35,晴れ,20.0
20250824,16:00,0.0,32.7,21.9,26.2,53,3.8,南南西,0.6,1.68,晴れ,20.0
20250824,17:00,0.0,32.3,23.0,28.1,58,5.5,南西,1.0,1.34,晴れ,20.0
20250824,18:00,0.0,31.9,23.4,28.9,61,3.4,南西,0.8,0.57,晴れ,20.0
20250824,19:00,0.0,31.5,23.1,28.2,61,2.5,南南西,0.2,0.11,曇,20.0
20250824,20:00,0.0,31.5,22.5,27.3,59,1.6,南南西,0.0,0.00,曇,20.0
20250824,21:00,0.0,31.3,22.9,27.9,61,1.6,西南西,0.0,0.0,晴れ,20.0
20250824,22:00,0.0,31.0,22.9,27.9,62,1.5,北東,0.0,0.0,曇,20.0
20250824,23:00,0.0,30.3,23.2,28.5,66,2.3,北,0.0,0.0,晴れ,20.0
20250824,24:00,0.0,30.2,23.1,28.3,66,1.9,北,0.0,0.0,晴れ,20.0
20250825,01:00,0.0,29.5,23.2,28.5,69,2.6,北北東,0.0,0.0,曇,20.0
20250825,02:00,0.0,29.5,23.2,28.5,69,2.1,北北東,0.0,0.0,晴れ,20.0
20250825,03:00,0.0,29.0,23.2,28.5,71,1.5,北,0.0,0.0,晴れ,20.0
20250825,04:00,0.0,28.8,23.3,28.5,72,2.3,北,0.0,0.0,晴れ,20.0
20250825,05:00,0.0,28.5,23.2,28.4,73,2.3,北北東,0.0,0.0,晴れ,20.0
20250825,06:00,0.0,28.4,23.1,28.3,73,2.4,北,0.0,0.01,晴れ,20.0
20250825,07:00,0.0,28.6,23.3,28.6,73,2.5,北,0.1,0.24,晴れ,20.0
20250825,08:00,0.0,29.0,23.0,28.1,70,1.2,北北東,0.0,0.27,曇,20.0
20250825,09:00,0.0,30.0,23.2,28.4,67,1.9,北,0.3,0.96,晴れ,20.0
20250825,10:00,0.0,31.5,24.1,30.1,65,1.3,東南東,0.5,1.58,晴れ,20.0
20250825,11:00,0.0,32.8,22.9,27.9,56,3.0,南南西,1.0,2.87,晴れ,20.0
20250825,12:00,0.0,33.6,23.0,28.1,54,3.1,南南西,1.0,3.11,晴れ,20.0
20250825,13:00,0.0,34.2,22.6,27.4,51,3.0,南,1.0,3.16,晴れ,20.0
20250825,14:00,0.0,34.4,21.1,25.0,46,4.2,南西,1.0,2.98,晴れ,20.0
20250825,15:00,0.0,34.3,21.4,25.4,47,2.5,南南西,1.0,2.59,晴れ,20.0
20250825,16:00,0.0,34.0,22.8,27.7,52,3.9,南南西,1.0,2.00,晴れ,20.0
20250825,17:00,0.0,33.2,23.2,28.5,56,3.5,南西,1.0,1.31,晴れ,20.0
20250825,18:00,0.0,32.6,23.3,28.5,58,3.2,南南西,0.9,0.58,晴れ,20.0
20250825,19:00,0.0,32.0,22.7,27.6,58,4.2,南,0.0,0.08,曇,20.0
20250825,20:00,0.0,31.5,22.5,27.3,59,4.0,南南東,0.0,0.00,曇,20.0
20250825,21:00,0.0,30.6,22.2,26.8,61,3.7,南南西,0.0,0.0,曇,20.0
20250825,22:00,0.0,30.3,22.2,26.8,62,4.8,南南東,0.0,0.0,曇,20.0
20250825,23:00,0.0,29.8,22.0,26.4,63,3.7,南,0.0,0.0,晴れ,20.0
20250825,24:00,0.0,29.7,22.4,27.1,65,3.3,南南東,0.0,0.0,晴れ,20.0
20250826,01:00,0.0,29.1,22.8,27.8,69,3.4,南,0.0,0.0,曇,19.1
20250826,02:00,0.0,28.9,23.1,28.3,71,2.9,南南西,0.0,0.0,曇,14.6
20250826,03:00,0.0,28.6,23.1,28.2,72,3.1,南西,0.0,0.0,晴れ,14.3
20250826,04:00,0.0,28.6,23.5,29.0,74,3.1,南南西,0.0,0.0,晴れ,12.2
20250826,05:00,0.0,28.5,23.2,28.4,73,2.8,南南西,0.0,0.0,晴れ,12.5
20250826,06:00,0.0,28.4,23.1,28.3,73,3.1,南南西,0.0,0.01,晴れ,14.9
20250826,07:00,0.0,28.6,23.1,28.2,72,3.4,南,0.0,0.22,曇,15.1
20250826,08:00,0.0,29.2,22.9,28.0,69,4.4,南西,0.1,0.47,曇,13.0
20250826,09:00,0.0,29.6,22.8,27.8,67,3.1,南西,0.0,0.62,雷電,12.7
20250826,10:00,5.0,27.7,23.7,29.4,79,1.3,南南西,0.1,0.95,雷電,10.7
20250826,11:00,0.0,27.6,22.6,27.3,74,2.7,南,0.0,0.58,雷電,19.2
20250826,12:00,0.0,29.5,23.2,28.5,69,3.8,南東,0.3,1.86,曇,19.6
20250826,13:00,0.0,30.1,22.0,26.5,62,4.0,南,0.9,3.09,晴れ,17.4
20250826,14:00,0.0,30.9,23.6,29.1,65,3.8,南,0.7,2.47,晴れ,13.5
20250826,15:00,0.0,32.5,23.7,29.4,60,3.1,南南東,0.9,2.51,晴れ,12.6
20250826,16:00,0.0,32.1,23.1,28.2,59,3.0,南南西,0.9,1.92,晴れ,15.0
20250826,17:00,0.0,31.6,22.3,27.0,58,4.7,南,1.0,1.40,晴れ,19.4
20250826,18:00,0.0,31.4,22.1,26.7,58,4.4,南南西,1.0,0.80,晴れ,20.0
20250826,19:00,0.0,30.6,22.0,26.4,60,4.3,南,0.2,0.13,曇,20.0
20250826,20:00,0.0,30.1,22.8,27.8,65,4.9,南,0.0,0.00,曇,20.0
20250826,21:00,0.0,30.0,22.7,27.6,65,4.3,南南西,0.0,0.0,曇,19.4
20250826,22:00,0.0,29.5,22.2,26.8,65,3.9,南南西,0.0,0.0,晴れ,20.0
20250826,23:00,0.0,29.0,22.3,26.9,67,3.9,南,0.0,0.0,晴れ,16.7
20250826,24:00,0.0,28.9,22.2,26.7,67,2.5,南,0.0,0.0,晴れ,18.3
20250827,01:00,0.0,28.7,22.0,26.4,67,2.8,南,0.0,0.0,曇,20.0
20250827,02:00,0.0,28.6,22.4,27.0,69,2.9,南,0.0,0.0,曇,20.0
20250827,03:00,0.0,28.4,22.6,27.5,71,2.4,南,0.0,0.0,晴れ,17.4
20250827,04:00,0.0,28.3,22.8,27.7,72,2.5,南南東,0.0,0.0,曇,17.2
20250827,05:00,0.0,28.2,23.1,28.3,74,3.4,南西,0.0,0.0,曇,17.5
20250827,06:00,0.0,28.2,23.4,28.7,75,2.8,南南西,0.0,0.00,曇,18.1
20250827,07:00,0.0,28.0,23.6,29.1,77,3.1,南西,0.0,0.03,曇,15.5
20250827,08:00,0.0,28.2,23.4,28.7,75,3.6,南南西,0.0,0.06,雨,18.9
20250827,09:00,0.0,28.5,23.4,28.8,74,3.0,南西,0.0,0.24,曇,17.3
20250827,10:00,0.0,28.8,23.5,28.9,73,2.8,南,0.0,0.38,曇,18.5
20250827,11:00,0.0,29.2,23.2,28.4,70,2.6,南西,0.0,0.82,曇,19.0
20250827,12:00,0.0,29.6,22.6,27.4,66,2.2,南南西,0.0,1.11,曇,20.0
20250827,13:00,0.0,31.0,22.3,27.0,60,2.3,南西,0.3,1.74,曇,20.0
20250827,14:00,0.0,32.5,22.9,27.9,57,2.3,南南西,0.9,2.78,曇,20.0
20250827,15:00,0.0,32.8,22.3,26.9,54,2.5,南,0.9,2.63,晴れ,20.0
20250827,16:00,0.0,31.0,23.1,28.3,63,3.8,南南西,0.3,1.13,雷電,20.0
20250827,17:00,0.0,29.0,21.5,25.6,64,4.3,北,0.0,0.16,雷電,9.29
20250827,18:00,25.5,25.4,22.5,27.3,84,2.4,東北東,0.0,0.04,雷電,3.10
20250827,19:00,0.5,26.3,23.0,28.1,82,1.2,北北西,0.0,0.11,曇,20.0
20250827,20:00,0.0,26.5,22.1,26.7,77,2.2,北東,0.0,0.00,晴れ,20.0
20250827,21:00,0.0,26.2,23.1,28.2,83,1.6,北東,0.0,0.0,晴れ,20.0
20250827,22:00,0.0,25.9,22.8,27.7,83,2.8,北,0.0,0.0,晴れ,20.0
20250827,23:00,0.0,25.9,22.8,27.7,83,1.8,北,0.0,0.0,晴れ,20.0
20250827,24:00,0.0,25.8,22.5,27.2,82,1.8,北北東,0.0,0.0,晴れ,20.0
20250828,01:00,0.0,25.7,22.6,27.4,83,1.4,北北東,0.0,0.0,晴れ,20.0
20250828,02:00,0.0,25.6,22.5,27.3,83,0.9,北,0.0,0.0,晴れ,20.0
20250828,03:00,0.0,25.5,22.4,27.1,83,2.1,北,0.0,0.0,晴れ,20.0
20250828,04:00,0.0,25.3,22.4,27.1,84,2.9,北北東,0.0,0.0,晴れ,20.0
20250828,05:00,0.0,25.2,22.3,26.9,84,2.6,北北東,0.0,0.0,曇,20.0
20250828,06:00,0.0,25.3,22.4,27.1,84,2.3,北北東,0.0,0.01,曇,20.0
20250828,07:00,0.0,25.8,22.3,26.9,81,2.3,北北東,0.5,0.34,曇,20.0
20250828,08:00,0.0,27.0,22.4,27.1,76,2.1,北,1.0,1.02,晴れ,20.0
20250828,09:00,0.0,28.0,22.5,27.2,72,1.1,北東,1.0,1.63,晴れ,20.0
20250828,10:00,0.0,30.3,22.5,27.2,63,1.6,北,0.9,2.39,曇,20.0
20250828,11:00,0.0,31.9,22.3,27.0,57,1.8,南,1.0,2.87,晴れ,20.0
20250828,12:00,0.0,32.4,21.6,25.8,53,3.4,西南西,1.0,3.09,晴れ,20.0
20250828,13:00,0.0,32.2,21.4,25.5,53,4.9,南西,1.0,3.18,晴れ,20.0
20250828,14:00,0.0,32.2,22.6,27.4,57,4.1,南南西,1.0,3.00,晴れ,20.0
20250828,15:00,0.0,33.3,22.7,27.6,54,2.3,南西,1.0,2.61,晴れ,20.0
20250828,16:00,0.0,32.7,21.2,25.2,51,3.9,南南西,0.8,1.68,晴れ,20.0
20250828,17:00,0.0,32.3,19.9,23.2,48,4.2,南南西,1.0,1.29,晴れ,20.0
20250828,18:00,0.0,31.9,20.5,24.1,51,2.6,南西,0.9,0.52,晴れ,20.0
20250828,19:00,0.0,31.4,21.0,24.8,54,1.7,西,0.1,0.05,曇,20.0
20250828,20:00,0.0,31.1,22.1,26.7,59,0.8,北北西,0.0,0.00,曇,20.0
20250828,21:00,0.0,30.7,22.0,26.5,60,1.7,北北東,0.0,0.0,曇,20.0
20250828,22:00,0.0,29.8,22.5,27.3,65,0.9,西北西,0.0,0.0,曇,20.0
20250828,23:00,0.0,29.2,22.7,27.6,68,3.2,南,0.0,0.0,曇,20.0
20250828,24:00,0.0,28.8,22.3,26.9,68,1.3,北,0.0,0.0,曇,20.0
20250829,01:00,0.0,28.0,22.3,26.8,71,3.4,北,0.0,0.0,晴れ,20.0
20250829,02:00,0.0,27.9,22.2,26.7,71,1.6,北,0.0,0.0,晴れ,20.0
20250829,03:00,0.0,27.2,21.7,26.0,72,3.5,北北東,0.0,0.0,晴れ,20.0
20250829,04:00,0.0,27.0,21.8,26.0,73,2.0,北北東,0.0,0.0,晴れ,20.0
20250829,05:00,0.0,26.7,21.5,25.6,73,3.0,北北東,0.0,0.0,晴れ,20.0
20250829,06:00,0.0,26.7,21.5,25.6,73,2.4,北,0.0,0.01,晴れ,20.0
20250829,07:00,0.0,26.6,21.4,25.4,73,1.6,北,0.4,0.29,晴れ,20.0
20250829,08:00,0.0,27.9,21.9,26.3,70,1.4,北,0.6,0.81,晴れ,20.0
20250829,09:00,0.0,28.6,22.1,26.6,68,1.0,北西,0.8,1.44,晴れ,19.6
20250829,10:00,0.0,30.3,22.5,27.2,63,2.4,南南東,0.6,1.70,晴れ,16.5
20250829,11:00,0.0,32.1,21.9,26.3,55,2.0,南西,1.0,2.81,晴れ,20.0
20250829,12:00,0.0,32.4,22.8,27.7,57,3.5,南南西,1.0,3.13,晴れ,18.9
20250829,13:00,0.0,32.9,21.4,25.5,51,4.5,南西,1.0,3.15,晴れ,20.0
20250829,14:00,0.0,33.5,22.6,27.4,53,4.1,南西,1.0,2.93,晴れ,20.0
20250829,15:00,0.0,33.1,22.5,27.3,54,4.1,南西,1.0,2.52,晴れ,20.0
20250829,16:00,0.0,32.8,22.3,26.9,54,4.5,南西,1.0,1.93,晴れ,18.2
20250829,17:00,0.0,32.8,23.2,28.4,57,3.3,南西,1.0,1.23,晴れ,18.0
20250829,18:00,0.0,32.1,22.5,27.3,57,3.3,南西,1.0,0.55,晴れ,19.2
20250829,19:00,0.0,31.6,21.8,26.0,56,2.0,南西,0.2,0.07,晴れ,20.0
20250829,20:00,0.0,30.8,23.2,28.4,64,3.1,南南西,0.0,0.00,晴れ,18.0
20250829,21:00,0.0,29.9,22.6,27.4,65,3.6,南,0.0,0.0,晴れ,18.9
20250829,22:00,0.0,29.5,23.2,28.5,69,4.2,南,0.0,0.0,晴れ,16.9
20250829,23:00,0.0,29.5,23.2,28.5,69,3.2,南,0.0,0.0,晴れ,16.3
20250829,24:00,0.0,29.2,23.2,28.4,70,2.5,南,0.0,0.0,晴れ,14.4
20250830,01:00,0.0,28.8,23.5,28.9,73,3.0,南南東,0.0,0.0,曇,13.6
20250830,02:00,0.0,28.6,23.3,28.6,73,2.4,南,0.0,0.0,晴れ,13.2
20250830,03:00,0.0,28.4,22.9,27.9,72,1.9,南南西,0.0,0.0,晴れ,15.0
20250830,04:00,0.0,28.1,23.0,28.1,74,2.1,南西,0.0,0.0,晴れ,12.6
20250830,05:00,0.0,28.1,23.0,28.1,74,0.7,東,0.0,0.0,晴れ,12.3
20250830,06:00,0.0,28.1,23.3,28.5,75,1.9,西,0.0,0.00,晴れ,11.9
20250830,07:00,0.0,28.1,23.3,28.5,75,1.5,南,0.0,0.13,曇,13.2
20250830,08:00,0.0,28.3,23.2,28.5,74,3.0,南南西,0.1,0.39,晴れ,17.5
20250830,09:00,0.0,29.2,22.4,27.2,67,1.7,南,0.3,0.91,晴れ, 17.5
20250830,10:00,0.0,30.9,22.5,27.3,61,2.0,南西,0.7,1.90,晴れ,20.0
20250830,11:00,0.0,32.2,21.7,26.0,54,2.3,南西,1.0,2.82,晴れ,20.0
20250830,12:00,0.0,32.9,22.1,26.5,53,2.3,西南西,1.0,3.12,晴れ,19.5
20250830,13:00,0.0,33.0,21.5,25.7,51,3.2,南南西,1.0,3.16,晴れ,20.0
20250830,14:00,0.0,33.6,21.4,25.5,49,3.0,南,1.0,2.99,晴れ,20.0
20250830,15:00,0.0,34.1,22.8,27.8,52,4.4,南西,1.0,2.58,晴れ,20.0
20250830,16:00,0.0,33.2,21.4,25.4,50,3.5,南西,1.0,2.00,晴れ,20.0
20250830,17:00,0.0,32.6,21.5,25.6,52,3.2,南西,0.9,1.20,晴れ,20.0
20250830,18:00,0.0,32.3,19.9,23.2,48,4.0,南西,0.1,0.12,晴れ,20.0
20250830,19:00,0.0,31.7,19.7,22.9,49,2.4,南西,0.0,0.02,晴れ,20.0
20250830,20:00,0.0,30.9,21.4,25.5,57,2.2,南南西,0.0,0.00,曇,20.0
20250830,21:00,0.0,30.6,22.2,26.8,61,1.2,西南西,0.0,0.0,曇,20.0
20250830,22:00,0.0,30.1,22.3,26.9,63,1.6,南西,0.0,0.0,晴れ,20.0
20250830,23:00,0.0,29.8,22.5,27.3,65,1.5,南南西,0.0,0.0,晴れ,20.0
20250830,24:00,0.0,29.4,22.6,27.5,67,2.1,南,0.0,0.0,曇,20.0
20250831,01:00,0.0,28.9,23.1,28.3,71,1.6,南南西,0.0,0.0,晴れ,20.0
20250831,02:00,0.0,28.6,23.3,28.6,73,1.0,南南西,0.0,0.0,晴れ,14.8
20250831,03:00,0.0,28.2,22.7,27.5,72,2.1,北,0.0,0.0,晴れ,20.0
20250831,04:00,0.0,27.8,22.7,27.7,74,1.5,北北東,0.0,0.0,晴れ,20.0
20250831,05:00,0.0,27.5,22.9,27.9,76,2.3,北,0.0,0.0,晴れ,20.0
20250831,06:00,0.0,27.2,22.6,27.4,76,1.7,北,0.0,0.01,晴れ,18.4
20250831,07:00,0.0,27.4,22.8,27.7,76,2.3,北,0.4,0.27,晴れ,18.4
20250831,08:00,0.0,28.1,22.6,27.4,72,2.1,北北東,1.0,1.02,晴れ,18.0
20250831,09:00,0.0,29.6,22.1,26.6,64,0.7,西南西,1.0,1.77,晴れ,20.0
20250831,10:00,0.0,31.0,20.6,24.3,54,2.5,南西,1.0,2.42,晴れ,20.0
20250831,11:00,0.0,31.9,19.9,23.2,49,3.6,南西,1.0,2.85,晴れ,20.0
20250831,12:00,0.0,33.1,21.3,25.3,50,4.4,南西,1.0,3.15,晴れ,20.0
20250831,13:00,0.0,33.7,21.2,25.1,48,3.6,南,1.0,3.17,晴れ,20.0
20250831,14:00,0.0,33.6,19.7,22.9,44,2.4,南,1.0,2.99,晴れ,20.0
20250831,15:00,0.0,33.2,19.3,22.4,44,3.7,南西,1.0,2.60,晴れ,20.0
20250831,16:00,0.0,34.0,20.4,24.0,45,3.6,西南西,1.0,1.96,晴れ,20.0
20250831,17:00,0.0,33.9,19.6,22.8,43,3.5,南南西,1.0,1.29,晴れ,20.0
20250831,18:00,0.0,31.7,21.6,25.7,55,4.5,南,0.1,0.24,晴れ,20.0
20250831,19:00,0.0,31.1,21.0,24.9,55,4.8,南,0.0,0.03,曇,20.0
20250831,20:00,0.0,30.4,20.9,24.8,57,3.2,南南西,0.0,0.00,曇,20.0
20250831,21:00,0.0,29.8,21.2,25.2,60,3.8,南,0.0,0.0,晴れ,20.0
20250831,22:00,0.0,29.5,21.7,26.0,63,3.8,南西,0.0,0.0,晴れ,20.0
20250831,23:00,0.0,29.4,21.9,26.2,64,3.3,南西,0.0,0.0,晴れ,20.0
20250831,24:00,0.0,29.0,22.0,26.4,66,3.9,南西,0.0,0.0,晴れ,20.0
20250901,01:00,0.0,29.1,22.6,27.4,68,5.5,南南西,0.0,0.0,曇,20.0
20250901,02:00,0.0,29.1,22.8,27.8,69,3.6,南,0.0,0.0,晴れ,20.0
20250901,03:00,0.0,29.3,22.5,27.3,67,4.6,南,0.0,0.0,曇,20.0
20250901,04:00,0.0,29.1,22.4,27.0,67,3.4,南,0.0,0.0,曇,20.0
20250901,05:00,0.0,29.0,22.7,27.7,69,3.6,南,0.0,0.0,曇,20.0
20250901,06:00,0.0,28.9,22.6,27.5,69,2.5,南,0.0,0.01,晴れ,20.0
20250901,07:00,0.0,28.8,22.8,27.7,70,3.8,南,0.0,0.13,曇,20.0
20250901,08:00,0.0,29.0,23.2,28.5,71,3.1,南南西,0.0,0.39,曇,20.0
20250901,09:00,0.0,29.6,23.6,29.0,70,4.2,南南西,0.1,0.58,曇,20.0
20250901,10:00,0.0,30.9,22.8,27.7,62,4.8,南南西,0.7,1.94,晴れ,20.0
20250901,11:00,0.0,32.0,22.7,27.6,58,5.2,南西,0.7,2.43,晴れ,20.0
20250901,12:00,0.0,32.9,22.4,27.0,54,4.1,南,1.0,3.13,晴れ,20.0
20250901,13:00,0.0,32.7,21.6,25.7,52,4.7,南南西,1.0,3.20,晴れ,20.0
20250901,14:00,0.0,33.8,21.3,25.3,48,3.9,南南西,0.9,2.66,晴れ,20.0
20250901,15:00,0.0,33.9,20.3,23.8,45,4.1,南南西,1.0,2.56,晴れ,20.0
20250901,16:00,0.0,32.8,19.7,22.9,46,6.6,南西,1.0,1.99,晴れ,20.0
20250901,17:00,0.0,33.0,18.8,21.6,43,4.2,南,1.0,1.28,晴れ,20.0
20250901,18:00,0.0,32.7,18.1,20.8,42,4.1,南,1.0,0.57,晴れ,20.0
20250901,19:00,0.0,31.8,18.1,20.7,44,5.1,南,0.4,0.06,晴れ,20.0
20250901,20:00,0.0,30.5,19.2,22.3,51,5.7,南,0.0,0.00,晴れ,20.0
20250901,21:00,0.0,30.1,21.5,25.6,60,3.6,南南西,0.0,0.0,晴れ,20.0
20250901,22:00,0.0,29.8,20.9,24.8,59,3.2,南南西,0.0,0.0,晴れ,20.0
20250901,23:00,0.0,29.6,21.3,25.3,61,5.6,南南西,0.0,0.0,晴れ,20.0
20250901,24:00,0.0,29.2,22.4,27.2,67,6.0,南南西,0.0,0.0,晴れ,20.0
20250902,01:00,0.0,29.2,22.2,26.8,66,5.6,南西,0.0,0.0,曇,20.0
20250902,02:00,0.0,29.0,22.3,26.9,67,5.9,南南西,0.0,0.0,曇,20.0
20250902,03:00,0.0,29.2,21.2,25.1,62,3.2,南,0.0,0.0,雨,20.0
20250902,04:00,0.0,29.2,21.2,25.1,62,4.4,南,0.0,0.0,雨,20.0
20250902,05:00,0.0,29.1,22.1,26.6,66,3.7,南,0.0,0.0,曇,20.0
20250902,06:00,0.0,28.7,22.2,26.8,68,3.9,南南西,0.0,0.01,晴れ,20.0
20250902,07:00,0.0,28.5,23.2,28.4,73,4.5,南西,0.0,0.15,晴れ,20.0
20250902,08:00,0.0,29.0,22.5,27.3,68,4.2,南南西,0.0,0.40,曇,20.0
20250902,09:00,0.0,29.5,22.0,26.4,64,4.2,南,0.1,0.72,曇,20.0
20250902,10:00,0.0,30.5,21.6,25.8,59,5.1,南,0.5,1.74,晴れ,20.0
20250902,11:00,0.0,31.1,21.9,26.2,58,2.7,南,0.7,2.55,曇,20.0
20250902,12:00,0.0,32.0,21.8,26.2,55,4.0,南,0.8,2.72,曇,20.0
20250902,13:00,0.0,33.4,21.9,26.3,51,4.1,南南西,1.0,2.79,晴れ,20.0
20250902,14:00,0.0,33.0,21.8,26.2,52,3.5,南南西,1.0,2.38,晴れ,20.0
20250902,15:00,0.0,32.4,21.3,25.3,52,4.3,南西,1.0,2.53,晴れ,20.0
20250902,16:00,0.0,33.4,21.2,25.2,49,2.1,南南西,1.0,2.00,晴れ,20.0
20250902,17:00,0.0,32.0,21.8,26.2,55,3.8,南西,0.8,1.14,晴れ,20.0
20250902,18:00,0.0,31.5,21.1,25.0,54,2.1,南西,0.3,0.37,晴れ,20.0
20250902,19:00,0.0,31.3,22.1,26.5,58,2.8,南東,0.1,0.04,晴れ,20.0
20250902,20:00,0.0,30.8,21.9,26.2,59,4.2,南南東,0.0,0.00,晴れ,20.0
20250902,21:00,0.0,30.4,22.3,26.9,62,2.3,南,0.0,0.0,晴れ,20.0
20250902,22:00,0.0,30.0,21.9,26.3,62,1.3,南,0.0,0.0,晴れ,20.0
20250902,23:00,0.0,29.4,21.4,25.4,62,1.0,北北東,0.0,0.0,晴れ,20.0
20250902,24:00,0.0,29.2,21.4,25.5,63,1.6,北北東,0.0,0.0,晴れ,20.0
20250903,01:00,0.0,28.5,21.8,26.1,67,2.0,北,0.0,0.0,晴れ,20.0
20250903,02:00,0.0,28.1,21.6,25.9,68,2.0,北,0.0,0.0,曇,20.0
20250903,03:00,0.0,27.6,21.6,25.9,70,1.7,北,0.0,0.0,晴れ,20.0
20250903,04:00,0.0,27.0,21.5,25.7,72,1.6,北,0.0,0.0,晴れ,20.0
20250903,05:00,0.0,26.6,21.6,25.8,74,2.9,北,0.0,0.0,晴れ,20.0
20250903,06:00,0.0,26.6,21.4,25.4,73,4.4,北北東,0.0,0.01,晴れ,20.0
20250903,07:00,0.0,26.6,21.4,25.4,73,4.2,北北東,0.8,0.31,晴れ,20.0
20250903,08:00,0.0,27.7,21.5,25.6,69,4.4,北,1.0,1.00,晴れ,20.0
20250903,09:00,0.0,29.8,21.5,25.6,61,4.5,北北東,1.0,1.72,晴れ,20.0
20250903,10:00,0.0,31.5,20.2,23.6,51,3.4,北,1.0,2.33,晴れ,20.0
20250903,11:00,0.0,33.4,21.2,25.2,49,1.2,南南西,0.9,2.65,晴れ,20.0
20250903,12:00,0.0,32.8,22.0,26.4,53,3.3,南南西,0.3,1.36,曇,20.0
20250903,13:00,0.0,32.9,22.1,26.5,53,2.9,南南西,0.7,2.05,曇,20.0
20250903,14:00,0.0,32.7,21.2,25.2,51,3.0,南西,0.8,2.17,曇,20.0
20250903,15:00,0.0,33.4,21.2,25.2,49,3.5,南西,0.7,1.88,曇,20.0
20250903,16:00,0.0,33.8,20.9,24.7,47,2.3,南西,0.9,1.57,曇,20.0
20250903,17:00,0.0,33.4,20.2,23.7,46,1.2,西,0.4,0.84,曇,20.0
20250903,18:00,0.0,33.2,20.7,24.4,48,1.8,南,0.2,0.35,曇,20.0
20250903,19:00,0.0,32.4,21.0,24.8,51,2.5,西南西,0.0,0.07,曇,20.0
20250903,20:00,0.0,31.8,21.0,24.9,53,2.0,南南西,0.0,0.00,曇,20.0
20250903,21:00,0.0,31.0,22.9,27.9,62,2.7,西,0.0,0.0,曇,20.0
20250903,22:00,0.0,29.4,21.9,26.2,64,4.4,南,0.0,0.0,雨,20.0
20250903,23:00,0.0,29.6,21.8,26.1,63,2.7,南南西,0.0,0.0,曇,20.0
20250903,24:00,0.0,29.8,21.2,25.2,60,0.9,南,0.0,0.0,曇,20.0
20250904,01:00,0.0,29.3,21.5,25.7,63,1.1,南東,0.0,0.0,曇,20.0
20250904,02:00,0.0,28.7,22.0,26.4,67,1.7,北北東,0.0,0.0,晴れ,20.0
20250904,03:00,0.0,28.2,22.0,26.4,69,2.6,北北東,0.0,0.0,晴れ,20.0
20250904,04:00,0.0,28.0,21.8,26.1,69,3.0,北北東,0.0,0.0,晴れ,20.0
20250904,05:00,0.0,27.5,21.8,26.1,71,3.1,北北東,0.0,0.0,晴れ,20.0
20250904,06:00,0.0,27.5,21.5,25.7,70,1.9,北北東,0.0,0.00,晴れ,20.0
20250904,07:00,0.0,27.6,21.6,25.9,70,2.9,北北東,0.5,0.25,晴れ,20.0
20250904,08:00,0.0,28.4,21.7,25.9,67,1.4,北,0.6,0.73,曇,20.0
20250904,09:00,2.5,27.3,22.9,28.0,77,3.8,南南東,0.0,0.34,雨,3.12
20250904,10:00,0.0,28.1,22.6,27.4,72,2.6,北東,0.0,0.99,曇,20.0
20250904,11:00,0.0,29.0,23.0,28.1,70,2.4,北北東,0.0,1.11,曇,20.0
20250904,12:00,0.0,29.1,21.9,26.2,65,1.6,北北東,0.0,0.79,曇,20.0
20250904,13:00,0.0,29.7,21.6,25.9,62,2.3,北東,0.0,0.82,曇,20.0
20250904,14:00,0.0,30.0,21.7,25.9,61,2.3,北東,0.0,0.90,曇,20.0
20250904,15:00,0.0,29.9,21.6,25.7,61,1.6,東北東,0.0,0.69,曇,20.0
20250904,16:00,0.0,28.9,22.2,26.7,67,2.6,東北東,0.0,0.22,雨,10.0
20250904,17:00,1.0,28.0,22.5,27.2,72,1.1,北東,0.0,0.09,雨,13.5
20250904,18:00,1.0,27.4,23.2,28.5,78,2.4,北東,0.0,0.04,雨,10.6
20250904,19:00,2.5,26.8,23.9,29.6,84,1.3,北北西,0.0,0.00,雨,7.19
20250904,20:00,1.5,26.4,23.5,28.9,84,4.2,北北東,0.0,0.00,雨,12.0
20250904,21:00,1.0,26.4,23.1,28.2,82,6.6,北北東,0.0,0.0,雨,4.78
20250904,22:00,4.5,26.0,23.1,28.2,84,5.2,北北東,0.0,0.0,雨,5.91
20250904,23:00,4.5,25.8,23.1,28.2,85,5.1,北北東,0.0,0.0,雨,5.45
20250904,24:00,3.5,25.9,22.6,27.4,82,7.3,北北東,0.0,0.0,雨,4.96
20250905,01:00,1.0,25.8,22.5,27.2,82,4.5,北,0.0,0.0,雨,20.0
20250905,02:00,0.5,25.8,22.3,26.9,81,3.9,北北東,0.0,0.0,雨,20.0
20250905,03:00,0.0,25.9,22.6,27.4,82,3.8,北北東,0.0,0.0,曇,20.0
20250905,04:00,0.0,25.9,22.2,26.7,80,3.9,北,0.0,0.0,曇,20.0
20250905,05:00,0.0,26.3,21.9,26.4,77,3.7,北北東,0.0,0.0,曇,20.0
20250905,06:00,0.0,26.2,21.9,26.2,77,1.9,北東,0.0,0.00,曇,20.0
20250905,07:00,0.0,26.2,22.3,26.9,79,0.5,南東,0.1,0.16,曇,20.0
20250905,08:00,0.0,27.5,22.5,27.2,74,1.8,東南東,0.9,0.89,曇,20.0
20250905,09:00,0.0,29.2,21.9,26.4,65,1.0,東北東,0.9,1.45,曇,20.0
20250905,10:00,0.0,30.5,21.6,25.8,59,1.2,北北西,0.6,1.89,曇,20.0
20250905,11:00,0.0,31.8,21.6,25.9,55,1.5,北西,0.6,2.21,晴れ,20.0
20250905,12:00,0.0,32.9,21.1,25.0,50,2.6,北,0.2,1.63,晴れ,20.0
20250905,13:00,0.0,33.6,21.1,25.0,48,3.5,北,0.3,1.77,晴れ,20.0
20250905,14:00,0.0,32.4,21.0,24.8,51,5.9,北東,0.7,2.60,晴れ,20.0
20250905,15:00,0.0,31.7,21.6,25.7,55,5.8,北北西,0.3,1.34,晴れ,20.0
20250905,16:00,0.0,33.1,21.0,24.8,49,6.2,北北西,0.6,1.30,晴れ,20.0
20250905,17:00,0.0,33.3,20.8,24.6,48,4.3,北北西,1.0,1.31,晴れ,20.0
20250905,18:00,0.0,31.5,21.4,25.4,55,4.2,北,0.7,0.59,晴れ,20.0
20250905,19:00,0.0,30.5,21.3,25.3,58,4.0,北,0.2,0.04,雨,20.0
20250905,20:00,0.0,29.6,21.0,24.9,60,5.2,北,0.0,0.00,晴れ,20.0
20250905,21:00,0.0,28.9,20.9,24.7,62,6.4,北北東,0.0,0.0,晴れ,20.0
20250905,22:00,0.0,28.5,20.3,23.7,61,3.8,北北東,0.0,0.0,晴れ,20.0
20250905,23:00,0.0,28.0,20.8,24.6,65,3.8,北北東,0.0,0.0,晴れ,20.0
20250905,24:00,0.0,27.5,20.8,24.6,67,3.2,北北東,0.0,0.0,晴れ,20.0
20250906,01:00,0.0,27.1,20.9,24.8,69,3.0,北北東,0.0,0.0,晴れ,20.0
20250906,02:00,0.0,26.5,21.0,24.9,72,2.7,北,0.0,0.0,晴れ,20.0
20250906,03:00,0.0,25.9,20.7,24.4,73,3.9,北北東,0.0,0.0,晴れ,20.0
20250906,04:00,0.0,25.6,20.6,24.3,74,3.6,北北東,0.0,0.0,晴れ,20.0
20250906,05:00,0.0,25.3,20.6,24.2,75,4.0,北北東,0.0,0.0,晴れ,20.0
20250906,06:00,0.0,24.9,20.4,23.9,76,4.5,北北東,0.0,0.01,晴れ,20.0
20250906,07:00,0.0,25.1,20.4,23.9,75,4.1,北北東,1.0,0.33,晴れ,20.0
20250906,08:00,0.0,26.3,20.6,24.3,71,4.3,北,1.0,1.03,晴れ,20.0
20250906,09:00,0.0,27.9,20.5,24.1,64,2.0,北,1.0,1.74,晴れ,20.0
20250906,10:00,0.0,29.6,19.9,23.2,56,1.0,西,1.0,2.33,晴れ,20.0
20250906,11:00,0.0,30.7,19.7,23.0,52,2.5,南南西,1.0,2.75,晴れ,20.0
20250906,12:00,0.0,32.0,20.9,24.7,52,3.5,南西,1.0,3.11,晴れ,20.0
20250906,13:00,0.0,31.9,21.1,25.1,53,3.5,南南西,1.0,3.14,晴れ,20.0
20250906,14:00,0.0,32.6,21.2,25.1,51,4.5,南西,1.0,2.92,晴れ,20.0
20250906,15:00,0.0,32.2,21.1,25.0,52,4.4,南西,1.0,2.50,晴れ,20.0
20250906,16:00,0.0,32.1,21.3,25.4,53,3.9,南,1.0,1.90,晴れ,20.0
20250906,17:00,0.0,31.9,21.4,25.5,54,2.9,南西,1.0,1.20,晴れ,20.0
20250906,18:00,0.0,31.2,21.4,25.5,56,2.3,南,1.0,0.48,晴れ,20.0
20250906,19:00,0.0,30.8,21.0,24.9,56,2.0,南西,0.2,0.04,晴れ,20.0
20250906,20:00,0.0,30.2,21.3,25.3,59,3.0,南西,0.0,0.00,晴れ,20.0
20250906,21:00,0.0,29.7,21.9,26.3,63,2.4,南西,0.0,0.0,晴れ,20.0
20250906,22:00,0.0,29.1,23.1,28.2,70,2.4,南南西,0.0,0.0,晴れ,20.0
20250906,23:00,0.0,28.8,22.3,26.9,68,1.1,南南東,0.0,0.0,晴れ,20.0
20250906,24:00,0.0,28.6,22.4,27.0,69,1.4,南南西,0.0,0.0,晴れ,20.0
20250907,01:00,0.0,27.8,22.3,26.9,72,1.0,北東,0.0,0.0,晴れ,20.0
20250907,02:00,0.0,27.3,22.3,26.9,74,0.7,北東,0.0,0.0,晴れ,20.0
20250907,03:00,0.0,27.0,22.4,27.1,76,2.3,北,0.0,0.0,晴れ,20.0
20250907,04:00,0.0,26.9,22.3,26.9,76,0.5,北北東,0.0,0.0,晴れ,20.0
20250907,05:00,0.0,27.0,22.4,27.1,76,0.8,東,0.0,0.0,晴れ,20.0
20250907,06:00,0.0,26.5,22.4,27.0,78,0.7,北,0.0,0.01,晴れ,20.0
20250907,07:00,0.0,26.8,22.4,27.1,77,1.1,西,0.0,0.16,曇,20.0
20250907,08:00,0.0,28.5,23.0,28.0,72,2.2,南南西,0.5,0.76,曇,20.0
20250907,09:00,0.0,29.4,21.6,25.8,63,5.0,南南西,0.8,1.43,曇,20.0
20250907,10:00,0.0,31.1,21.9,26.2,58,4.5,南南西,0.9,2.28,曇,20.0
20250907,11:00,0.0,31.3,21.8,26.1,57,4.3,南,1.0,2.15,晴れ,20.0
20250907,12:00,0.0,31.2,22.0,26.4,58,4.8,南,0.6,2.05,曇,20.0
20250907,13:00,0.0,31.5,21.7,25.9,56,3.6,南,0.2,1.56,曇,20.0
20250907,14:00,0.0,32.0,21.2,25.2,53,4.0,南,0.2,1.20,曇,20.0
20250907,15:00,0.0,33.0,21.8,26.2,52,3.7,南,0.4,1.76,晴れ,20.0
20250907,16:00,0.0,32.8,21.3,25.4,51,4.4,南,0.9,1.70,晴れ,20.0
20250907,17:00,0.0,32.1,21.0,24.9,52,3.8,南南東,0.3,0.69,晴れ,20.0
20250907,18:00,0.0,31.8,21.0,24.9,53,4.2,南西,0.0,0.23,曇,20.0
20250907,19:00,0.0,31.2,22.0,26.4,58,2.8,南西,0.1,0.04,曇,20.0
20250907,20:00,0.0,30.7,22.3,27.0,61,2.6,南西,0.0,0.0,晴れ,20.0
20250907,21:00,0.0,30.4,22.6,27.4,63,3.0,南,0.0,0.0,晴れ,20.0
20250907,22:00,0.0,29.6,23.1,28.2,68,4.3,南南西,0.0,0.0,晴れ,20.0
20250907,23:00,0.0,29.1,22.8,27.8,69,2.9,南南西,0.0,0.0,晴れ,20.0
20250907,24:00,0.0,28.8,22.5,27.3,69,2.4,南西,0.0,0.0,晴れ,20.0
20250908,01:00,0.0,28.6,22.8,27.8,71,2.9,南西,0.0,0.0,晴れ,20.0
20250908,02:00,0.0,28.7,22.7,27.6,70,2.0,南西,0.0,0.0,晴れ,20.0
20250908,03:00,0.0,28.6,22.8,27.8,71,2.3,南,0.0,0.0,晴れ,20.0
20250908,04:00,0.0,28.4,22.9,27.9,72,1.6,南西,0.0,0.0,晴れ,20.0
20250908,05:00,0.0,28.3,22.3,26.9,70,2.1,南,0.0,0.0,曇,20.0
20250908,06:00,0.0,27.7,22.6,27.5,74,0.5,北東,0.0,0.02,曇,20.0
20250908,07:00,0.0,27.5,23.1,28.3,77,2.5,北,0.0,0.09,曇,20.0
20250908,08:00,0.0,27.2,23.2,28.5,79,2.5,北北東,0.0,0.19,雨,6.17
20250908,09:00,1.5,26.8,23.5,28.9,82,2.5,北北東,0.0,0.17,雨,6.86
20250908,10:00,0.5,27.0,23.5,28.9,81,1.7,北北東,0.0,0.47,曇,15.3
20250908,11:00,0.5,29.0,23.2,28.5,71,3.2,南南西,0.3,1.59,曇,20.0
20250908,12:00,0.0,30.4,22.6,27.4,63,2.7,南,0.6,2.20,曇,20.0
20250908,13:00,0.0,31.1,22.1,26.7,59,1.8,南,0.6,2.46,曇,20.0
20250908,14:00,0.0,32.0,22.7,27.6,58,2.7,南,0.9,2.79,曇,20.0
20250908,15:00,0.0,31.9,22.6,27.4,58,2.1,南西,0.6,1.87,曇,20.0
20250908,16:00,2.0,28.7,24.7,31.1,79,3.8,北,0.2,0.90,雷電,3.81
20250908,17:00,0.5,29.1,24.7,31.0,77,2.4,北,0.0,0.20,曇,20.0
20250908,18:00,0.0,28.9,24.2,30.3,76,2.8,北,0.2,0.29,曇,20.0
20250908,19:00,0.0,28.6,24.4,30.5,78,3.7,北,0.0,0.03,曇,20.0
20250908,20:00,0.0,28.2,24.4,30.6,80,2.9,北,0.0,0.0,曇,20.0
20250908,21:00,0.0,27.6,24.1,29.9,81,3.7,北,0.0,0.0,曇,20.0
20250908,22:00,0.0,27.4,23.9,29.6,81,2.9,北北東,0.0,0.0,曇,20.0
20250908,23:00,0.0,27.1,23.8,29.4,82,2.6,北,0.0,0.0,晴れ,20.0
20250908,24:00,0.0,27.0,23.9,29.6,83,2.4,北北東,0.0,0.0,晴れ,19.9
20250909,01:00,0.0,26.8,23.7,29.3,83,2.0,北北東,0.0,0.0,晴れ,17.9
20250909,02:00,0.0,26.6,23.7,29.3,84,2.7,北,0.0,0.0,晴れ,15.9
20250909,03:00,0.0,26.5,23.4,28.7,83,3.5,北北東,0.0,0.0,晴れ,17.3
20250909,04:00,0.0,26.4,23.3,28.6,83,2.6,北北東,0.0,0.0,晴れ,17.7
20250909,05:00,0.0,26.2,23.3,28.6,84,3.3,北,0.0,0.0,晴れ,15.3
20250909,06:00,0.0,26.2,23.3,28.6,84,2.4,北,0.0,0.01,曇,16.2
20250909,07:00,0.0,26.6,23.3,28.6,82,1.5,北北東,0.0,0.19,曇,18.0
20250909,08:00,0.0,27.9,23.3,28.6,76,0.9,北北東,0.6,0.90,曇,20.0
20250909,09:00,0.0,28.4,23.8,29.4,76,1.9,西,0.0,0.64,曇,15.9
20250909,10:00,0.0,30.1,23.3,28.6,67,3.7,南西,0.5,1.71,曇,16.7
20250909,11:00,0.0,31.7,22.4,27.1,58,4.1,南,1.0,2.72,晴れ,20.0
20250909,12:00,0.0,32.3,22.4,27.1,56,4.4,南南西,1.0,3.14,晴れ,20.0
20250909,13:00,0.0,32.4,22.5,27.3,56,3.2,南南東,0.9,2.86,雷電,20.0
20250909,14:00,17.5,27.4,23.9,29.6,81,2.5,北,0.1,0.66,雨,20.0
20250909,15:00,0.0,28.2,22.4,27.2,71,3.3,北,0.6,1.63,曇,20.0
20250909,16:00,0.0,29.7,22.2,26.7,64,2.6,北北東,0.8,1.37,曇,20.0
20250909,17:00,0.0,31.0,22.9,27.9,62,2.7,北,1.0,1.31,晴れ,20.0
20250909,18:00,0.0,30.7,22.3,27.0,61,2.2,北北東,0.7,0.42,晴れ,20.0
20250909,19:00,0.0,29.7,23.2,28.4,68,3.2,北,0.0,0.01,晴れ,20.0
20250909,20:00,0.0,28.8,22.5,27.3,69,3.8,北,0.0,0.0,晴れ,20.0
20250909,21:00,0.0,28.2,22.9,27.9,73,3.8,北北東,0.0,0.0,晴れ,20.0
20250909,22:00,0.0,27.9,22.8,27.8,74,4.1,北,0.0,0.0,晴れ,20.0
20250909,23:00,0.0,27.4,22.8,27.7,76,3.1,北,0.0,0.0,曇,20.0
20250909,24:00,0.0,27.1,22.5,27.3,76,1.7,北東,0.0,0.0,曇,20.0
20250910,01:00,0.0,26.7,22.3,27.0,77,4.1,北北東,0.0,0.0,曇,20.0
20250910,02:00,0.0,26.4,22.0,26.5,77,4.6,北北東,0.0,0.0,曇,20.0
20250910,03:00,0.0,26.2,21.9,26.2,77,3.4,北北東,0.0,0.0,曇,20.0
20250910,04:00,0.0,26.0,21.7,25.9,77,4.4,北北東,0.0,0.0,曇,20.0
20250910,05:00,0.0,26.2,21.6,25.9,76,3.6,北,0.0,0.0,曇,20.0
20250910,06:00,0.0,26.5,21.7,26.0,75,1.6,北東,0.0,0.00,雷電,20.0
20250910,07:00,11.0,25.1,23.0,28.1,88,1.7,北北西,0.0,0.01,雷電,0.96
20250910,08:00,21.5,24.9,22.8,27.7,88,1.5,東北東,0.0,0.05,雷電,5.05
20250910,09:00,4.5,25.0,22.9,27.9,88,2.6,北,0.0,0.09,雷電,11.4
20250910,10:00,0.0,25.8,23.1,28.2,85,1.8,北,0.0,0.40,雷電,20.0
20250910,11:00,0.5,26.0,23.1,28.2,84,2.7,北,0.0,0.33,雷電,10.8
20250910,12:00,0.5,26.6,23.3,28.6,82,3.5,南東,0.0,0.40,雷電,13.5
20250910,13:00,0.5,27.1,22.9,28.0,78,3.2,南南東,0.0,0.63,雨,20.0
20250910,14:00,0.0,27.2,22.4,27.1,75,2.9,南,0.0,0.67,雨,20.0
20250910,15:00,1.0,27.1,23.1,28.3,79,2.3,南南西,0.0,0.62,曇,20.0
20250910,16:00,0.0,27.7,23.7,29.4,79,1.3,北北西,0.0,0.52,曇,20.0
20250910,17:00,0.0,27.8,22.7,27.7,74,3.8,南南東,0.0,0.42,曇,20.0
20250910,18:00,0.0,27.6,22.3,27.0,73,2.0,南,0.0,0.20,曇,20.0
20250910,19:00,0.0,27.5,22.2,26.8,73,1.4,東南東,0.0,0.03,曇,20.0
20250910,20:00,0.0,26.7,23.0,28.0,80,1.3,南東,0.0,0.0,晴れ,17.3
20250910,21:00,0.0,26.7,22.8,27.7,79,1.9,南東,0.0,0.0,曇,16.2
20250910,22:00,0.0,26.7,23.0,28.0,80,1.1,北西,0.0,0.0,曇,16.9
20250910,23:00,0.0,26.3,22.8,27.7,81,1.3,北,0.0,0.0,曇,15.4
20250910,24:00,0.0,25.9,22.6,27.4,82,2.4,北,0.0,0.0,晴れ,14.0
20250911,01:00,0.0,25.7,22.6,27.4,83,1.6,北,0.0,0.0,晴れ,15.0
20250911,02:00,0.0,25.8,22.3,26.9,81,2.2,北北東,0.0,0.0,曇,16.7
20250911,03:00,0.0,25.7,22.4,27.1,82,1.5,北北東,0.0,0.0,曇,15.7
20250911,04:00,0.0,25.3,22.2,26.8,83,1.1,東,0.0,0.0,晴れ,14.5
20250911,05:00,0.0,25.0,22.1,26.6,84,3.7,北,0.0,0.0,曇,14.2
20250911,06:00,0.0,25.1,21.6,25.8,81,4.1,北,0.0,0.00,晴れ,19.3
20250911,07:00,0.0,25.7,21.6,25.8,78,2.4,北北東,0.6,0.21,曇,20.0
20250911,08:00,0.0,26.7,20.8,24.5,70,3.9,北東,1.0,0.92,晴れ,20.0
20250911,09:00,0.0,28.1,20.9,24.7,65,1.4,北,1.0,1.56,晴れ,20.0
20250911,10:00,0.0,29.9,21.6,25.7,61,1.7,北西,1.0,2.15,晴れ,20.0
20250911,11:00,0.0,30.6,20.2,23.7,54,1.7,東南東,0.8,2.46,曇,20.0
20250911,12:00,0.0,31.3,20.6,24.2,53,3.8,南西,0.3,1.98,曇,20.0
20250911,13:00,0.0,31.5,20.8,24.5,53,3.1,南,0.8,2.70,曇,20.0
20250911,14:00,0.0,31.3,21.2,25.1,55,5.8,南,1.0,2.87,雷電,20.0
20250911,15:00,0.0,30.6,21.7,25.9,59,3.0,南南西,1.0,2.57,雷電,20.0
20250911,16:00,0.0,29.0,21.5,25.6,64,5.8,北北東,0.0,0.46,雷電,20.0
20250911,17:00,0.0,29.2,20.4,23.9,59,2.7,北,1.0,1.39,晴れ,20.0
20250911,18:00,0.0,28.3,20.1,23.5,61,4.7,北北東,0.0,0.17,雷電,20.0
20250911,19:00,0.0,27.3,20.2,23.6,65,2.4,北,0.0,0.01,曇,20.0
20250911,20:00,0.0,26.8,20.4,24.0,68,3.5,北,0.0,0.0,曇,20.0
20250911,21:00,0.0,26.7,20.5,24.2,69,2.7,北北東,0.0,0.0,曇,20.0
20250911,22:00,0.0,26.8,20.6,24.3,69,3.0,北北東,0.0,0.0,曇,20.0
20250911,23:00,0.0,26.8,20.9,24.7,70,3.4,北北東,0.0,0.0,曇,20.0
20250911,24:00,0.0,26.2,21.0,24.8,73,3.6,北,0.0,0.0,晴れ,20.0
20250912,01:00,0.0,26.3,21.1,25.0,73,2.0,北北東,0.0,0.0,曇,20.0
20250912,02:00,0.0,26.4,21.2,25.1,73,2.3,北北東,0.0,0.0,雷電,20.0
20250912,03:00,3.0,25.0,22.3,26.9,85,1.5,北北西,0.0,0.0,雷電,6.57
20250912,04:00,7.5,24.7,22.4,27.1,87,1.9,西南西,0.0,0.0,雷電,2.12
20250912,05:00,16.0,23.7,21.8,26.1,89,2.6,北西,0.0,0.0,雨,1.64
20250912,06:00,23.5,23.8,21.9,26.2,89,1.5,北北東,0.0,0.00,雨,12.5
20250912,07:00,0.0,24.1,22.0,26.4,88,3.0,北北東,0.0,0.15,曇,20.0
20250912,08:00,0.0,24.6,21.9,26.3,85,1.4,北,0.0,0.22,曇,20.0
20250912,09:00,0.0,25.8,22.1,26.6,80,1.3,北,0.0,0.66,雨,20.0
20250912,10:00,0.0,27.3,22.5,27.2,75,1.6,北,0.3,1.41,曇,20.0
20250912,11:00,0.0,27.7,22.0,26.4,71,1.6,北北西,0.0,0.93,曇,20.0
20250912,12:00,0.0,28.3,21.6,25.8,67,1.0,西北西,0.0,1.25,曇,20.0
20250912,13:00,0.0,29.1,21.6,25.8,64,1.7,南南西,0.0,0.97,曇,20.0
20250912,14:00,0.0,29.4,21.9,26.2,64,1.1,南,0.0,0.76,雨,20.0
20250912,15:00,0.0,29.4,21.4,25.4,62,2.1,南西,0.2,1.00,曇,20.0
20250912,16:00,0.0,29.7,21.4,25.5,61,2.0,南南西,0.2,1.05,曇,20.0
20250912,17:00,0.0,29.1,22.1,26.6,66,4.7,南,0.0,0.24,曇,20.0
20250912,18:00,0.0,28.8,22.1,26.5,67,3.6,南,0.0,0.05,雨,20.0
20250912,19:00,0.0,28.4,22.2,26.7,69,1.7,南西,0.0,0.01,曇,20.0
20250912,20:00,0.0,28.3,21.8,26.2,68,2.2,西南西,0.0,0.0,曇,20.0
20250912,21:00,0.0,28.3,22.1,26.6,69,1.5,西南西,0.0,0.0,晴れ,20.0
20250912,22:00,0.0,27.9,22.2,26.7,71,2.1,南,0.0,0.0,曇,20.0
20250912,23:00,0.0,27.5,22.7,27.5,75,1.5,南,0.0,0.0,曇,20.0
20250912,24:00,0.0,27.0,22.8,27.8,78,1.9,南東,0.0,0.0,曇,20.0
20250913,01:00,0.0,27.0,22.6,27.5,77,1.7,南南東,0.0,0.0,曇,20.0
20250913,02:00,0.0,27.0,22.6,27.5,77,1.5,南南東,0.0,0.0,曇,20.0
20250913,03:00,0.0,26.8,22.4,27.1,77,0.6,北北西,0.0,0.0,曇,20.0
20250913,04:00,0.0,27.0,22.0,26.4,74,2.4,南南西,0.0,0.0,雨,20.0
20250913,05:00,0.0,26.8,22.4,27.1,77,1.9,南南東,0.0,0.0,雨,20.0
20250913,06:00,0.0,26.6,22.0,26.5,76,2.9,南南東,0.0,0.00,晴れ,20.0
20250913,07:00,0.0,26.8,22.0,26.4,75,2.4,南,0.0,0.06,曇,20.0
20250913,08:00,0.0,27.2,22.2,26.7,74,1.5,南南西,0.1,0.48,曇,20.0
20250913,09:00,0.0,28.3,22.3,26.9,70,3.7,南,0.3,1.14,曇,20.0
20250913,10:00,0.0,28.9,23.1,28.3,71,5.2,南南西,0.0,0.82,曇,20.0
20250913,11:00,0.0,29.1,22.4,27.0,67,4.3,南,0.0,0.86,曇,20.0
20250913,12:00,0.0,29.2,22.7,27.6,68,4.3,南南西,0.0,0.67,曇,20.0
20250913,13:00,0.0,29.4,22.4,27.1,66,3.5,南,0.0,0.66,曇,20.0
20250913,14:00,0.0,29.4,22.1,26.7,65,4.7,南南西,0.1,1.37,曇,20.0
20250913,15:00,0.0,29.4,22.6,27.5,67,5.3,南西,0.0,0.71,曇,20.0
20250913,16:00,0.0,29.1,21.9,26.2,65,3.1,南,0.0,0.34,曇,20.0
20250913,17:00,0.0,28.5,22.5,27.3,70,4.1,南,0.0,0.07,雨,12.0
20250913,18:00,0.0,28.5,23.0,28.0,72,4.2,南南西,0.0,0.02,曇,18.6
20250913,19:00,0.0,28.5,22.5,27.3,70,3.0,南南西,0.0,0.00,曇,17.9
20250913,20:00,0.0,28.3,23.0,28.1,73,3.0,南南西,0.0,0.0,雨,16.3
20250913,21:00,0.0,28.2,23.4,28.7,75,3.5,南南西,0.0,0.0,曇,19.2
20250913,22:00,0.0,28.1,23.5,28.9,76,2.2,南西,0.0,0.0,曇,18.3
20250913,23:00,0.0,28.3,23.4,28.9,75,3.2,南,0.0,0.0,曇,19.4
20250913,24:00,0.0,28.2,23.6,29.1,76,2.1,南,0.0,0.0,曇,20.0
20250914,01:00,0.0,28.1,23.5,28.9,76,2.6,南南西,0.0,0.0,曇,20.0
20250914,02:00,0.0,27.9,23.7,29.3,78,2.3,南西,0.0,0.0,曇,20.0
20250914,03:00,0.0,27.8,23.8,29.5,79,2.7,南,0.0,0.0,雨,20.0
20250914,04:00,0.0,27.8,23.8,29.5,79,1.7,南南東,0.0,0.0,雨,15.3
20250914,05:00,0.0,27.4,23.9,29.6,81,2.4,南南西,0.0,0.0,曇,20.0
20250914,06:00,0.0,27.6,23.4,28.8,78,1.3,南南西,0.0,0.00,曇,20.0
20250914,07:00,0.0,27.6,23.4,28.8,78,1.2,南西,0.0,0.02,雷電,20.0
20250914,08:00,0.0,27.6,23.2,28.4,77,1.5,北西,0.0,0.04,曇,20.0
20250914,09:00,0.0,27.1,24.0,29.8,83,1.1,南西,0.0,0.08,雨,19.9
20250914,10:00,0.0,27.5,23.1,28.3,77,2.3,南,0.0,0.43,雨,20.0
20250914,11:00,0.0,27.3,23.1,28.3,78,2.6,南,0.0,0.81,曇,20.0
20250914,12:00,0.0,28.3,23.2,28.5,74,2.6,南南西,0.1,1.45,曇,20.0
20250914,13:00,0.0,29.3,22.8,27.7,68,3.3,南南西,0.4,1.99,曇,20.0
20250914,14:00,0.0,29.6,22.8,27.8,67,3.8,南南西,0.4,1.61,曇,20.0
20250914,15:00,0.0,31.2,23.1,28.2,62,3.2,南西,0.6,1.54,曇,20.0
20250914,16:00,0.0,31.1,22.7,27.6,61,3.6,南南西,1.0,1.66,晴れ,20.0
20250914,17:00,0.0,30.7,22.6,27.4,62,4.9,南南西,0.7,0.82,晴れ,20.0
20250914,18:00,0.0,30.5,22.9,28.0,64,2.7,南南東,0.3,0.22,晴れ,20.0
20250914,19:00,0.0,29.9,22.9,27.9,66,3.2,南,0.0,0.01,晴れ,20.0
20250914,20:00,0.0,29.7,22.4,27.1,65,3.2,南南西,0.0,0.0,晴れ,20.0
20250914,21:00,0.0,29.0,23.2,28.5,71,3.1,南南西,0.0,0.0,晴れ,20.0
20250914,22:00,0.0,28.6,23.3,28.6,73,2.9,南西,0.0,0.0,曇,20.0
20250914,23:00,0.0,28.2,23.6,29.1,76,2.4,南西,0.0,0.0,晴れ,20.0
20250914,24:00,0.0,27.9,23.7,29.3,78,1.5,南,0.0,0.0,晴れ,20.0
20250915,01:00,0.0,27.7,23.5,29.0,78,1.6,南西,0.0,0.0,晴れ,20.0
20250915,02:00,0.0,27.2,23.5,28.9,80,0.9,北北東,0.0,0.0,晴れ,20.0
20250915,03:00,0.0,26.7,23.4,28.7,82,1.9,北北東,0.0,0.0,雷電,13.8
20250915,04:00,0.0,26.5,23.2,28.4,82,1.7,北,0.0,0.0,曇,20.0
20250915,05:00,0.0,26.4,23.3,28.6,83,1.8,北,0.0,0.0,晴れ,19.4
20250915,06:00,0.0,26.2,23.3,28.6,84,1.6,北北東,0.0,0.00,晴れ,18.8
20250915,07:00,0.0,26.8,23.5,28.9,82,1.0,北北東,0.1,0.21,晴れ,20.0
20250915,08:00,0.0,27.9,23.7,29.3,78,1.1,北,0.1,0.58,晴れ,20.0
20250915,09:00,0.0,28.6,23.3,28.6,73,1.6,西,0.3,1.00,晴れ,20.0
20250915,10:00,0.0,29.8,23.0,28.1,67,1.7,南,0.6,1.84,晴れ,20.0
20250915,11:00,0.0,31.4,22.7,27.6,60,2.0,南西,1.0,2.63,晴れ,19.2
20250915,12:00,0.0,32.7,23.6,29.2,59,3.3,南西,1.0,3.06,晴れ,20.0
20250915,13:00,0.0,33.1,23.7,29.4,58,2.6,南西,1.0,2.94,晴れ,20.0
20250915,14:00,0.0,30.4,24.1,30.0,69,3.7,西南西,0.3,1.33,雷電,11.7
20250915,15:00,0.0,30.7,21.8,26.1,59,4.6,北,0.4,1.44,曇,20.0
20250915,16:00,0.0,28.9,22.2,26.7,67,4.6,北北東,0.2,0.94,雷電,20.0
20250915,17:00,0.0,27.5,23.3,28.6,78,4.4,北,0.0,0.25,雨,13.4
20250915,18:00,0.0,27.8,22.3,26.9,72,3.9,北北東,0.3,0.17,曇,20.0
20250915,19:00,0.0,27.8,22.5,27.3,73,3.5,北北東,0.0,0.02,曇,20.0
20250915,20:00,0.0,27.3,22.5,27.2,75,4.2,北,0.0,0.0,曇,20.0
20250915,21:00,0.0,26.8,22.2,26.8,76,3.5,北北東,0.0,0.0,晴れ,20.0
20250915,22:00,0.0,26.6,22.0,26.5,76,3.3,北北東,0.0,0.0,曇,20.0
20250915,23:00,0.0,26.2,22.1,26.5,78,4.2,北北東,0.0,0.0,曇,20.0
20250915,24:00,0.0,26.0,21.9,26.2,78,3.6,北北東,0.0,0.0,曇,20.0
20250916,01:00,0.0,25.7,22.0,26.4,80,3.8,北北東,0.0,0.0,晴れ,20.0
20250916,02:00,0.0,25.5,21.8,26.1,80,2.3,北北東,0.0,0.0,晴れ,20.0
20250916,03:00,0.0,25.2,21.7,26.0,81,3.1,北,0.0,0.0,晴れ,20.0
20250916,04:00,0.0,25.2,21.7,26.0,81,4.4,北北東,0.0,0.0,晴れ,20.0
20250916,05:00,0.0,25.1,21.6,25.8,81,2.9,北,0.0,0.0,晴れ,20.0
20250916,06:00,0.0,25.1,21.6,25.8,81,3.0,北北東,0.0,0.00,晴れ,20.0
20250916,07:00,0.0,25.1,21.4,25.5,80,2.7,北,0.4,0.21,晴れ,20.0
20250916,08:00,0.0,26.7,21.7,25.9,74,2.1,北,1.0,0.88,晴れ,20.0
20250916,09:00,0.0,28.1,21.9,26.2,69,0.9,東北東,1.0,1.61,晴れ,20.0
20250916,10:00,0.0,30.0,22.2,26.7,63,2.2,南南東,1.0,2.20,晴れ,20.0
20250916,11:00,0.0,31.4,22.7,27.6,60,4.3,南西,1.0,2.68,晴れ,20.0
20250916,12:00,0.0,31.9,22.3,27.0,57,3.8,南,1.0,2.95,晴れ,20.0
20250916,13:00,0.0,32.4,21.9,26.3,54,4.2,南,1.0,2.94,晴れ,20.0
20250916,14:00,0.0,32.9,23.0,28.0,56,3.3,南西,1.0,2.76,晴れ,20.0
20250916,15:00,0.0,33.0,22.8,27.7,55,3.8,南南西,1.0,2.33,晴れ,20.0
20250916,16:00,0.0,33.0,22.8,27.7,55,3.0,南南西,1.0,1.73,晴れ,20.0
20250916,17:00,0.0,32.6,23.3,28.5,58,3.2,南南西,1.0,0.97,晴れ,20.0
20250916,18:00,0.0,31.9,22.3,27.0,57,3.1,南,0.9,0.34,雷電,20.0
20250916,19:00,0.0,31.0,22.3,27.0,60,3.1,南,0.0,0.01,晴れ,20.0
20250916,20:00,0.0,30.7,22.0,26.5,60,2.1,南南西,0.0,0.0,晴れ,20.0
20250916,21:00,0.0,30.2,22.1,26.6,62,3.0,南,0.0,0.0,曇,20.0
20250916,22:00,0.0,30.0,21.9,26.3,62,2.4,南,0.0,0.0,曇,20.0
20250916,23:00,0.0,29.4,22.4,27.1,66,2.5,南,0.0,0.0,曇,20.0
20250916,24:00,0.0,29.3,22.5,27.3,67,3.0,南,0.0,0.0,曇,20.0
20250917,01:00,0.0,28.9,22.2,26.7,67,1.5,南西,0.0,0.0,曇,20.0
20250917,02:00,0.0,28.6,22.4,27.0,69,2.4,南南西,0.0,0.0,晴れ,20.0
20250917,03:00,0.0,28.4,23.1,28.3,73,0.8,西,0.0,0.0,晴れ,20.0
20250917,04:00,0.0,28.0,22.9,28.0,74,1.4,西,0.0,0.0,晴れ,20.0
20250917,05:00,0.0,27.6,23.0,28.1,76,0.8,東北東,0.0,0.0,晴れ,19.3
20250917,06:00,0.0,27.5,22.9,27.9,76,1.5,西北西,0.0,0.00,晴れ,16.9
20250917,07:00,0.0,27.3,23.1,28.3,78,1.2,北,0.0,0.08,晴れ,17.7
20250917,08:00,0.0,27.9,23.1,28.2,75,0.8,北北西,0.0,0.35,曇,16.9
20250917,09:00,0.0,29.0,23.4,28.9,72,3.8,南西,0.2,0.80,曇,12.8
20250917,10:00,0.0,29.7,22.7,27.5,66,4.1,南南西,0.8,1.99,晴れ,13.5
20250917,11:00,0.0,31.7,22.7,27.6,59,3.2,南,0.8,2.60,晴れ,17.1
20250917,12:00,0.0,32.8,21.7,25.9,52,4.4,南南西,1.0,2.85,晴れ,20.0
20250917,13:00,0.0,32.5,22.3,26.9,55,4.3,南,0.9,2.72,晴れ,20.0
20250917,14:00,0.0,32.9,22.4,27.0,54,4.6,南南西,0.9,2.60,晴れ,20.0
20250917,15:00,0.0,33.3,22.7,27.6,54,4.9,南,0.9,2.22,雷電,20.0
20250917,16:00,1.5,29.6,24.3,30.3,73,4.9,西北西,0.2,0.62,雷電,6.85
20250917,17:00,0.0,28.7,23.4,28.8,73,4.7,北,0.1,0.56,雷電,20.0
20250917,18:00,0.5,28.1,23.7,29.3,77,2.1,北,0.2,0.24,雷電,7.12
20250917,19:00,4.5,26.8,23.7,29.3,83,2.2,北,0.0,0.00,曇,20.0
20250917,20:00,0.0,26.8,23.3,28.6,81,2.0,東北東,0.0,0.0,晴れ,20.0
20250917,21:00,0.0,26.6,23.3,28.6,82,1.3,北北東,0.0,0.0,晴れ,20.0
20250917,22:00,0.0,26.7,23.2,28.4,81,1.2,南南東,0.0,0.0,曇,20.0
20250917,23:00,0.0,26.7,23.2,28.4,81,1.1,東北東,0.0,0.0,曇,20.0
20250917,24:00,0.0,26.5,23.2,28.4,82,0.8,南西,0.0,0.0,曇,20.0
20250918,01:00,0.0,27.0,23.7,29.2,82,0.9,南,0.0,0.0,曇,20.0
20250918,02:00,0.0,27.8,22.5,27.3,73,4.4,南南西,0.0,0.0,晴れ,20.0
20250918,03:00,0.0,27.8,21.8,26.2,70,1.9,南,0.0,0.0,晴れ,20.0
20250918,04:00,0.0,27.6,21.9,26.2,71,2.1,南南西,0.0,0.0,雷電,20.0
20250918,05:00,1.0,26.7,22.8,27.7,79,1.6,南西,0.0,0.0,雨,2.14
20250918,06:00,0.5,25.9,23.2,28.4,85,2.3,北,0.0,0.00,雷電,20.0
20250918,07:00,0.0,26.0,23.5,28.9,86,3.7,北,0.0,0.07,雷電,17.8
20250918,08:00,3.0,25.2,20.9,24.7,77,2.6,西,0.0,0.04,雷電,20.0
20250918,09:00,1.5,25.6,21.5,25.6,78,2.4,南南西,0.0,0.05,雨,20.0
20250918,10:00,0.0,26.1,21.3,25.4,75,1.6,西,0.0,0.65,雨,20.0
20250918,11:00,0.0,26.9,21.2,25.2,71,1.6,北東,0.0,1.28,雨,20.0
20250918,12:00,0.0,28.0,21.1,25.0,66,1.5,南西,0.5,1.92,曇,20.0
20250918,13:00,0.0,26.8,21.8,26.1,74,2.3,西,0.0,0.36,雨,13.8
20250918,14:00,1.0,26.8,21.1,25.0,71,1.2,東北東,0.0,0.79,雨,20.0
20250918,15:00,0.0,27.6,21.4,25.5,69,1.9,北東,0.0,0.97,曇,20.0
20250918,16:00,0.0,27.9,20.2,23.7,63,3.5,北,0.0,0.50,曇,20.0
20250918,17:00,0.0,27.6,19.7,22.9,62,5.4,北,0.0,0.23,雨,20.0
20250918,18:00,0.0,26.8,19.4,22.6,64,4.8,北,0.0,0.08,曇,20.0
20250918,19:00,0.0,26.2,18.4,21.1,62,5.1,北,0.0,0.00,曇,20.0
20250918,20:00,0.0,25.8,18.2,20.9,63,3.9,北北東,0.0,0.0,曇,20.0
20250918,21:00,0.0,25.1,17.8,20.4,64,4.8,北,0.0,0.0,曇,20.0
20250918,22:00,0.0,24.7,17.7,20.2,65,4.0,北北東,0.0,0.0,雨,20.0
20250918,23:00,0.0,24.1,17.4,19.8,66,4.8,北北東,0.0,0.0,雨,20.0
20250919,01:00,0.0,23.7,15.8,17.9,61,4.7,北,0.0,0.0,曇,20.0
20250919,02:00,0.0,23.4,15.7,17.8,62,5.0,北北東,0.0,0.0,晴れ,20.0
20250919,03:00,0.0,23.2,15.0,17.1,60,4.1,北北東,0.0,0.0,晴れ,20.0
20250919,04:00,0.0,22.7,15.1,17.1,62,4.6,北北東,0.0,0.0,晴れ,20.0
20250919,05:00,0.0,22.4,14.8,16.8,62,3.9,北北東,0.0,0.0,曇,20.0
20250919,06:00,0.0,22.3,15.2,17.2,64,2.2,北,0.0,0.00,曇,20.0
20250919,07:00,0.0,22.3,15.4,17.5,65,3.9,北北東,0.5,0.20,晴れ,20.0
20250919,08:00,0.0,23.2,16.0,18.2,64,3.6,北北東,1.0,0.92,晴れ,20.0
20250919,09:00,0.0,24.6,15.5,17.6,57,3.5,北,0.1,0.97,晴れ,20.0
20250919,10:00,0.0,26.5,16.7,19.0,55,1.8,北北西,0.3,1.62,晴れ,20.0
20250919,11:00,0.0,28.4,15.3,17.4,45,2.2,北,1.0,2.71,晴れ,20.0
20250919,12:00,0.0,29.9,15.6,17.7,42,3.4,北,1.0,2.95,晴れ,20.0
20250919,13:00,0.0,30.0,14.2,16.1,38,2.7,北北西,1.0,2.99,晴れ,20.0
20250919,14:00,0.0,30.6,13.4,15.4,35,2.6,北西,1.0,2.68,晴れ,20.0
20250919,15:00,0.0,30.3,16.0,18.1,42,3.7,南,0.9,1.98,曇,20.0
20250919,16:00,0.0,29.5,16.7,19.0,46,3.1,南南西,0.9,1.51,晴れ,20.0
20250919,17:00,0.0,28.4,17.3,19.7,51,3.3,南南西,0.7,0.71,曇,20.0
20250919,18:00,0.0,27.6,17.5,19.9,54,1.7,南西,0.1,0.23,曇,20.0
20250919,19:00,0.0,27.8,15.8,17.9,48,2.1,東南東,0.0,0.00,曇,20.0
20250919,20:00,0.0,27.7,15.1,17.1,46,1.0,東南東,0.0,0.0,曇,20.0
20250919,21:00,0.0,26.4,17.2,19.6,57,1.8,北北東,0.0,0.0,曇,20.0
20250919,22:00,0.0,25.5,18.0,20.6,63,2.8,北,0.0,0.0,曇,20.0
20250919,23:00,0.0,24.6,17.8,20.4,66,3.8,北,0.0,0.0,曇,20.0
20250919,24:00,0.0,24.1,17.8,20.4,68,3.8,北北東,0.0,0.0,曇,20.0
20250920,01:00,0.0,23.8,17.6,20.1,68,3.4,北北東,0.0,0.0,曇,20.0
20250920,02:00,0.0,23.8,17.8,20.3,69,2.1,北,0.0,0.0,曇,20.0
20250920,03:00,0.0,23.5,17.9,20.6,71,2.4,北北東,0.0,0.0,雨,18.0
20250920,04:00,0.0,23.4,18.1,20.7,72,2.8,北北東,0.0,0.0,曇,20.0
20250920,05:00,0.0,23.5,18.2,20.9,72,1.2,北,0.0,0.0,雨,20.0
20250920,06:00,0.0,23.5,18.2,20.9,72,0.8,北北東,0.0,0.00,曇,20.0
20250920,07:00,0.0,23.8,18.5,21.2,72,1.3,北北東,0.0,0.05,曇,20.0
20250920,08:00,0.0,24.3,18.5,21.3,70,1.1,北北東,0.0,0.24,曇,20.0
20250920,09:00,0.0,25.1,18.8,21.7,68,1.3,北北西,0.0,0.49,曇,20.0
20250920,10:00,0.0,25.6,18.5,21.3,65,0.7,北西,0.0,0.56,曇,20.0
20250920,11:00,0.0,26.4,19.3,22.4,65,2.3,南南西,0.0,0.42,曇,20.0
20250920,12:00,0.0,26.9,20.5,24.1,68,3.1,南南西,0.0,0.58,曇,20.0
20250920,13:00,0.0,26.6,20.9,24.7,71,3.0,南南西,0.0,0.31,雷電,20.0
20250920,14:00,1.0,25.6,22.7,27.6,84,4.6,南南西,0.0,0.11,雨,6.33
20250920,15:00,0.5,26.6,22.2,26.8,77,3.9,南,0.0,0.23,雨,15.7
20250920,16:00,0.0,27.5,22.5,27.2,74,4.3,南,0.0,0.40,曇,15.3
20250920,17:00,0.0,27.5,21.5,25.7,70,4.9,南南西,0.0,0.34,曇,20.0
20250920,18:00,0.0,27.3,21.6,25.8,71,1.7,南南西,0.0,0.15,曇,20.0
20250920,19:00,0.0,27.1,22.5,27.3,76,4.4,南南西,0.0,0.00,雨,15.4
20250920,20:00,0.0,27.1,23.4,28.7,80,3.2,南南西,0.0,0.0,雷電,9.10
20250920,21:00,0.0,26.9,23.0,28.0,79,5.0,南西,0.0,0.0,雷電,4.92
20250920,22:00,2.0,24.7,20.6,24.3,78,3.9,北,0.0,0.0,曇,20.0
20250920,23:00,0.0,24.5,20.2,23.7,77,4.5,北,0.0,0.0,曇,20.0
20250920,24:00,0.0,24.5,19.4,22.5,73,2.5,北北東,0.0,0.0,曇,20.0
20250921,01:00,0.0,24.4,18.8,21.7,71,2.3,北北東,0.0,0.0,曇,20.0
20250921,02:00,0.0,24.1,19.2,22.2,74,2.5,北北東,0.0,0.0,曇,20.0
20250921,03:00,0.0,23.2,19.6,22.8,80,2.7,北,0.0,0.0,曇,20.0
20250921,04:00,0.0,23.0,19.4,22.5,80,2.8,北北東,0.0,0.0,曇,20.0
20250921,05:00,0.0,22.8,19.4,22.5,81,3.2,北北東,0.0,0.0,曇,20.0
20250921,06:00,0.0,22.3,18.9,21.8,81,3.6,北北東,0.0,0.00,晴れ,20.0
20250921,07:00,0.0,22.1,18.7,21.6,81,4.3,北北東,0.6,0.22,晴れ,20.0
20250921,08:00,0.0,23.2,18.7,21.6,76,1.7,北北東,1.0,0.92,晴れ,20.0
20250921,09:00,0.0,25.2,17.7,20.2,63,3.3,北北東,1.0,1.59,晴れ,20.0
20250921,10:00,0.0,26.8,17.3,19.7,56,2.7,北北東,1.0,2.27,晴れ,20.0
20250921,11:00,0.0,27.4,15.4,17.5,48,4.7,北北東,0.8,2.38,曇,20.0
20250921,12:00,0.0,28.7,16.3,18.5,47,3.1,北,1.0,2.76,晴れ,20.0
20250921,13:00,0.0,28.9,16.8,19.1,48,3.7,北北東,0.7,2.14,曇,20.0
20250921,14:00,0.0,27.4,17.3,19.7,54,7.3,北北東,0.1,1.27,雨,20.0
20250921,15:00,0.0,27.6,16.6,18.8,51,7.1,北,0.0,0.85,曇,20.0
20250921,16:00,0.0,26.9,16.8,19.1,54,6.8,北北東,0.1,0.93,曇,20.0
20250921,17:00,0.0,26.8,15.8,18.0,51,6.0,北北東,0.5,0.79,曇,20.0
20250921,18:00,0.0,26.0,15.4,17.5,52,6.6,北北東,0.4,0.29,曇,20.0
20250921,19:00,0.0,25.4,16.0,18.2,56,4.4,北北東,0.0,0.00,曇,20.0
20250921,20:00,0.0,24.8,15.7,17.8,57,5.3,北北東,0.0,0.0,晴れ,20.0
20250921,21:00,0.0,24.4,15.1,17.1,56,5.6,北北東,0.0,0.0,曇,20.0
20250921,22:00,0.0,23.9,14.9,16.9,57,3.6,北北東,0.0,0.0,晴れ,20.0
20250921,23:00,0.0,23.3,14.9,16.9,59,4.2,北北東,0.0,0.0,晴れ,20.0
20250921,24:00,0.0,22.8,14.6,16.7,60,5.5,北北東,0.0,0.0,晴れ,20.0
20250922,01:00,0.0,22.2,14.6,16.6,62,4.6,北北東,0.0,0.0,晴れ,20.0
20250922,02:00,0.0,21.7,14.6,16.6,64,6.2,北北東,0.0,0.0,晴れ,20.0
20250922,03:00,0.0,21.3,14.5,16.5,65,5.9,北北東,0.0,0.0,晴れ,20.0
20250922,04:00,0.0,21.2,14.4,16.4,65,6.5,北北東,0.0,0.0,曇,20.0
20250922,05:00,0.0,20.8,14.0,16.0,65,6.6,北北東,0.0,0.0,曇,20.0
20250922,06:00,0.0,20.5,14.2,16.2,67,5.0,北北東,0.0,0.00,晴れ,20.0
20250922,07:00,0.0,20.7,13.9,15.9,65,4.6,北北東,0.6,0.24,晴れ,20.0
20250922,08:00,0.0,21.7,13.9,15.8,61,5.1,北,1.0,0.91,晴れ,20.0
20250922,09:00,0.0,23.4,13.3,15.3,53,2.5,北北東,1.0,1.61,晴れ,20.0
20250922,10:00,0.0,25.1,11.7,13.7,43,4.4,北北東,1.0,2.29,晴れ,20.0
20250922,11:00,0.0,27.3,12.2,14.2,39,4.2,北東,1.0,2.75,晴れ,20.0
20250922,12:00,0.0,28.6,9.8,12.1,31,3.2,東南東,1.0,3.02,晴れ,20.0
20250922,13:00,0.0,29.7,10.8,12.9,31,4.3,東南東,1.0,3.03,晴れ,20.0
20250922,14:00,0.0,29.3,10.4,12.6,31,2.7,東,1.0,2.81,晴れ,20.0
20250922,15:00,0.0,29.6,11.2,13.3,32,3.5,東南東,1.0,2.31,晴れ,20.0
20250922,16:00,0.0,28.8,10.0,12.3,31,1.8,東南東,0.8,1.55,晴れ,20.0
20250922,17:00,0.0,28.4,10.1,12.4,32,1.8,東,0.3,0.65,曇,20.0
20250922,18:00,0.0,27.0,9.4,11.8,33,3.9,東南東,0.1,0.16,曇,20.0
20250922,19:00,0.0,26.5,10.2,12.5,36,1.9,東,0.0,0.00,曇,20.0
20250922,20:00,0.0,26.2,10.4,12.6,37,1.6,東,0.0,0.0,晴れ,20.0
20250922,21:00,0.0,25.4,11.9,14.0,43,2.4,北,0.0,0.0,曇,20.0
20250922,22:00,0.0,24.4,13.3,15.3,50,2.8,北北東,0.0,0.0,晴れ,20.0
20250922,23:00,0.0,23.7,13.6,15.5,53,4.9,北,0.0,0.0,曇,20.0
20250922,24:00,0.0,23.5,13.7,15.6,54,4.9,北北東,0.0,0.0,曇,20.0
20250923,01:00,0.0,23.2,13.4,15.4,54,3.4,北北東,0.0,0.0,曇,20.0
20250923,02:00,0.0,22.9,13.7,15.6,56,5.1,北北東,0.0,0.0,曇,20.0
20250923,03:00,0.0,22.9,13.9,15.9,57,4.0,北北東,0.0,0.0,曇,20.0
20250923,04:00,0.0,22.8,14.1,16.1,58,4.4,北北東,0.0,0.0,曇,20.0
20250923,05:00,0.0,22.8,14.1,16.1,58,3.1,北北東,0.0,0.0,曇,20.0
20250923,06:00,0.0,22.6,14.5,16.5,60,3.9,北北東,0.0,0.00,曇,20.0
20250923,07:00,0.0,23.0,14.6,16.6,59,2.9,北北東,0.0,0.04,曇,20.0
20250923,08:00,0.0,23.0,15.1,17.1,61,2.7,北北東,0.0,0.16,曇,20.0
20250923,09:00,0.0,23.2,16.0,18.2,64,2.4,北,0.0,0.34,雨,15.1
20250923,10:00,0.5,22.0,17.6,20.1,76,2.3,北,0.0,0.28,雨,6.91
20250923,11:00,2.0,21.3,18.1,20.8,82,3.5,北北東,0.0,0.45,曇,20.0
20250923,12:00,0.0,21.5,18.1,20.8,81,3.9,北,0.0,0.31,雨,16.0
20250923,13:00,0.5,21.4,18.6,21.4,84,3.6,北北東,0.0,0.44,雨,4.56
20250923,14:00,0.5,21.7,19.1,22.1,85,2.4,北,0.0,0.51,雨,3.68
20250923,15:00,1.0,21.9,19.7,22.9,87,2.4,北,0.0,0.34,雨,2.57
20250923,16:00,0.0,21.9,19.5,22.6,86,2.8,北北東,0.0,0.17,雨,18.2
20250923,17:00,0.5,22.3,19.7,22.9,85,2.8,北,0.0,0.10,雨,9.40
20250923,18:00,0.0,22.2,19.6,22.8,85,2.3,北北東,0.0,0.03,雨,12.8
20250923,19:00,0.5,21.8,19.7,23.0,88,2.4,北北東,0.0,0.00,雨,3.40
20250923,20:00,0.0,21.9,19.7,22.9,87,2.8,北,0.0,0.0,曇,20.0
20250923,21:00,0.0,22.2,19.6,22.8,85,2.4,北北東,0.0,0.0,曇,20.0
20250923,22:00,0.0,22.3,19.5,22.6,84,2.4,北北東,0.0,0.0,曇,20.0
20250923,23:00,0.0,22.3,19.5,22.6,84,2.7,北,0.0,0.0,雨,10.5
20250923,24:00,0.0,22.1,19.5,22.6,85,3.0,北北東,0.0,0.0,雨,17.5
20250924,01:00,0.0,22.0,19.6,22.7,86,1.9,北,0.0,0.0,曇,20.0
20250924,02:00,0.0,22.0,19.4,22.5,85,3.0,北北東,0.0,0.0,曇,20.0
20250924,03:00,0.0,22.0,19.4,22.5,85,2.8,北,0.0,0.0,曇,20.0
20250924,04:00,0.0,21.9,18.7,21.6,82,3.7,北北東,0.0,0.0,曇,20.0
20250924,05:00,0.0,21.9,18.7,21.6,82,2.9,北北東,0.0,0.0,曇,20.0
20250924,06:00,0.0,21.9,18.9,21.8,83,3.0,北北東,0.0,0.00,曇,20.0
20250924,07:00,0.0,22.1,18.7,21.6,81,2.9,北北東,0.0,0.14,曇,20.0
20250924,08:00,0.0,22.6,18.8,21.7,79,2.2,北北東,0.0,0.43,曇,20.0
20250924,09:00,0.0,24.0,18.7,21.5,72,2.2,北北東,0.0,0.81,曇,20.0
20250924,10:00,0.0,25.7,19.1,22.1,67,2.2,北,0.1,1.21,曇,20.0
20250924,11:00,0.0,26.5,18.6,21.5,62,0.8,北北西,0.3,1.84,曇,20.0
20250924,12:00,0.0,28.4,18.8,21.7,56,0.9,北西,0.8,2.56,曇,20.0
20250924,13:00,0.0,28.7,18.8,21.7,55,3.4,南西,0.6,2.17,曇,20.0
20250924,14:00,0.0,28.6,18.7,21.5,55,2.6,南南西,0.2,1.62,曇,20.0
20250924,15:00,0.0,28.3,18.7,21.5,56,3.2,南西,0.0,0.96,曇,20.0
20250924,16:00,0.0,28.5,18.9,21.8,56,2.2,南南西,0.2,1.01,曇,20.0
20250924,17:00,0.0,28.3,19.3,22.3,58,2.3,南西,0.0,0.42,曇,20.0
20250924,18:00,0.0,28.3,18.7,21.5,56,2.1,南,0.0,0.09,曇,20.0
20250924,19:00,0.0,27.3,19.7,22.9,63,3.0,南南西,0.0,0.00,雨,20.0
20250924,20:00,0.0,26.6,20.2,23.7,68,3.1,南南西,0.0,0.0,雨,10.8
20250924,21:00,0.5,25.3,20.8,24.5,76,1.0,北北東,0.0,0.0,曇,20.0
20250924,22:00,4.0,24.0,21.7,26.0,87,1.0,北北西,0.0,0.0,雨,3.76
20250924,23:00,5.0,23.9,22.0,26.4,89,1.2,南西,0.0,0.0,雨,1.79
20250924,24:00,17.0,23.7,22.0,26.4,90,0.7,北北東,0.0,0.0,雨,2.05
20250925,01:00,5.0,23.9,22.2,26.7,90,0.9,南,0.0,0.0,雨,3.47
20250925,02:00,3.0,23.9,22.0,26.4,89,0.7,東南東,0.0,0.0,雨,5.28
20250925,03:00,1.0,24.0,22.1,26.6,89,1.4,東南東,0.0,0.0,雨,7.00
20250925,04:00,0.0,24.1,22.4,27.0,90,1.2,南,0.0,0.0,雨,1.63
20250925,05:00,1.5,24.0,22.3,26.9,90,1.6,南南東,0.0,0.0,雨,2.64
20250925,06:00,0.0,24.1,22.4,27.0,90,1.5,南南東,0.0,0.00,雨,6.11
20250925,07:00,2.0,24.2,22.5,27.2,90,1.4,南南東,0.0,0.04,雨,6.19
20250925,08:00,2.5,24.3,22.4,27.0,89,2.6,南東,0.0,0.12,雨,6.08
20250925,09:00,4.0,24.6,22.5,27.2,88,2.6,南南東,0.0,0.17,雨,3.18
20250925,10:00,2.5,24.8,22.9,27.9,89,1.9,南,0.0,0.36,雨,3.91
20250925,11:00,0.5,25.0,22.5,27.3,86,2.9,南西,0.0,0.48,雨,4.94
20250925,12:00,0.0,25.1,22.4,27.1,85,3.9,南南西,0.0,0.77,雨,8.87
20250925,13:00,0.0,25.7,21.8,26.1,79,4.2,南西,0.0,0.94,曇,20.0
20250925,14:00,0.0,26.2,21.6,25.9,76,1.6,南,0.0,0.93,曇,20.0
20250925,15:00,0.0,26.3,21.1,25.0,73,2.3,南,0.0,0.67,曇,20.0
20250925,16:00,0.0,26.3,21.3,25.3,74,2.1,西南西,0.0,0.42,曇,20.0
20250925,17:00,0.0,26.4,21.4,25.5,74,1.6,南,0.0,0.46,曇,20.0
20250925,18:00,0.0,26.1,21.3,25.4,75,1.6,南南西,0.0,0.17,曇,20.0
20250925,19:00,0.0,26.0,21.7,25.9,77,1.0,南南西,0.0,0.00,曇,20.0
20250925,20:00,0.0,25.8,21.9,26.3,79,1.7,西南西,0.0,0.0,曇,20.0
20250925,21:00,0.0,25.8,21.9,26.3,79,1.5,南東,0.0,0.0,曇,20.0
20250925,22:00,0.0,25.6,21.7,25.9,79,0.6,東北東,0.0,0.0,曇,20.0
20250925,23:00,0.0,25.4,22.1,26.6,82,0.7,北北東,0.0,0.0,曇,20.0
20250925,24:00,0.0,25.3,22.0,26.5,82,0.5,東北東,0.0,0.0,曇,20.0
20250926,01:00,0.0,25.2,21.7,26.0,81,0.7,南南東,0.0,0.0,曇,20.0
20250926,02:00,0.0,25.1,21.8,26.1,82,0.5,北,0.0,0.0,晴れ,20.0
20250926,03:00,0.0,24.9,21.6,25.8,82,0.8,東南東,0.0,0.0,曇,20.0
20250926,04:00,0.0,24.9,21.6,25.8,82,0.8,南東,0.0,0.0,曇,20.0
20250926,05:00,0.0,25.0,22.1,26.6,84,1.3,南南西,0.0,0.0,曇,20.0
20250926,06:00,0.0,25.0,22.1,26.6,84,1.6,南,0.0,0.00,曇,20.0
20250926,07:00,0.0,25.1,21.8,26.1,82,0.8,南南東,0.0,0.11,曇,20.0
20250926,08:00,0.0,25.5,21.8,26.1,80,1.8,南東,0.0,0.17,曇,18.7
20250926,09:00,0.5,25.6,22.1,26.6,81,0.7,北西,0.0,0.22,雨,8.48
20250926,10:00,0.0,25.7,21.6,25.8,78,1.0,南西,0.0,0.48,曇,20.0
20250926,11:00,0.0,27.8,21.1,25.0,67,1.9,西南西,0.3,1.58,曇,20.0
20250926,12:00,0.0,29.1,20.6,24.2,60,2.4,南,0.8,2.41,晴れ,20.0
20250926,13:00,0.0,29.3,20.5,24.1,59,3.4,南西,1.0,2.78,晴れ,20.0
20250926,14:00,0.0,30.1,20.7,24.3,57,3.3,南西,1.0,2.68,晴れ,20.0
20250926,15:00,0.0,30.3,22.2,26.8,62,3.2,南南西,1.0,2.21,晴れ,19.8
20250926,16:00,0.0,29.4,21.1,25.0,61,2.9,南西,0.8,0.97,晴れ,20.0
20250926,17:00,0.0,29.1,21.1,25.0,62,2.8,南西,0.9,0.79,晴れ,20.0
20250926,18:00,0.0,28.3,21.3,25.4,66,3.2,南西,0.5,0.21,晴れ,20.0
20250926,19:00,0.0,27.9,17.5,19.9,53,4.1,北北西,0.0,0.00,晴れ,20.0
20250926,20:00,0.0,26.8,17.6,20.1,57,5.0,北,0.0,0.0,晴れ,20.0
20250926,21:00,0.0,26.1,18.3,21.0,62,2.9,北北東,0.0,0.0,晴れ,20.0
20250926,22:00,0.0,25.2,18.2,20.8,65,2.8,北北東,0.0,0.0,晴れ,20.0
20250926,23:00,0.0,24.1,18.1,20.7,69,4.6,北北東,0.0,0.0,晴れ,20.0
20250926,24:00,0.0,23.8,17.8,20.3,69,4.5,北北東,0.0,0.0,曇,20.0
20250927,01:00,0.0,23.5,17.9,20.6,71,2.5,北東,0.0,0.0,晴れ,20.0
20250927,02:00,0.0,22.9,17.8,20.4,73,4.2,北北東,0.0,0.0,曇,20.0
20250927,03:00,0.0,22.7,18.1,20.7,75,4.5,北北東,0.0,0.0,晴れ,20.0
20250927,04:00,0.0,22.7,18.1,20.7,75,3.7,北,0.0,0.0,曇,20.0
20250927,05:00,0.0,22.6,17.5,20.0,73,3.8,北北東,0.0,0.0,曇,20.0
20250927,06:00,0.0,22.4,17.6,20.1,74,3.5,北北東,0.0,0.00,曇,20.0
20250927,07:00,0.0,22.3,17.5,19.9,74,3.7,北北東,0.1,0.13,曇,20.0
20250927,08:00,0.0,23.1,17.1,19.5,69,4.1,北北東,0.1,0.45,曇,20.0
20250927,09:00,0.0,24.6,17.4,19.8,64,3.3,北,0.1,0.92,曇,20.0
20250927,10:00,0.0,25.5,15.5,17.6,54,4.6,北北東,0.3,1.65,曇,20.0
20250927,11:00,0.0,26.3,15.1,17.1,50,2.4,北北東,0.2,1.70,曇,20.0
20250927,12:00,0.0,27.0,15.1,17.1,48,2.3,北東,0.4,2.27,曇,20.0
20250927,13:00,0.0,27.2,14.9,17.0,47,2.5,北東,0.0,1.31,曇,20.0
20250927,14:00,0.0,27.3,14.3,16.3,45,2.1,東北東,0.0,1.33,曇,20.0
20250927,15:00,0.0,27.5,13.1,15.1,41,3.7,東北東,0.0,1.03,曇,20.0
20250927,16:00,0.0,27.9,13.8,15.8,42,1.9,東南東,0.9,1.35,晴れ,20.0
20250927,17:00,0.0,27.7,14.0,16.0,43,2.5,北北東,0.8,0.71,晴れ,20.0
20250927,18:00,0.0,26.7,15.4,17.5,50,1.0,南西,0.7,0.23,晴れ,20.0
20250927,19:00,0.0,25.9,15.0,17.0,51,1.1,東,0.0,0.00,晴れ,20.0
20250927,20:00,0.0,24.4,16.4,18.6,61,2.4,北,0.0,0.0,曇,20.0
20250927,21:00,0.0,23.3,16.6,18.9,66,4.0,北,0.0,0.0,曇,20.0
20250927,22:00,0.0,23.0,16.3,18.5,66,4.4,北北東,0.0,0.0,曇,20.0
20250927,23:00,0.0,22.4,16.4,18.7,69,5.1,北北東,0.0,0.0,晴れ,20.0
20250927,24:00,0.0,22.0,16.1,18.2,69,3.8,北北東,0.0,0.0,晴れ,20.0
20250928,01:00,0.0,21.4,16.2,18.4,72,3.5,北,0.0,0.0,晴れ,20.0
20250928,02:00,0.0,21.0,16.0,18.2,73,4.3,北北東,0.0,0.0,晴れ,20.0
20250928,03:00,0.0,20.5,15.7,17.8,74,4.3,北,0.0,0.0,晴れ,20.0
20250928,04:00,0.0,20.4,15.4,17.5,73,5.4,北,0.0,0.0,晴れ,20.0
20250928,05:00,0.0,20.0,15.5,17.5,75,4.4,北北東,0.0,0.0,曇,20.0
20250928,06:00,0.0,19.9,15.4,17.4,75,4.1,北北東,0.0,0.00,曇,20.0
20250928,07:00,0.0,20.2,15.4,17.5,74,5.0,北北東,0.0,0.12,曇,20.0
20250928,08:00,0.0,21.0,15.8,17.9,72,4.2,北北東,0.0,0.35,曇,20.0
20250928,09:00,0.0,21.2,15.7,17.9,71,2.7,北,0.0,0.26,曇,20.0
20250928,10:00,0.0,21.4,15.9,18.1,71,1.5,北北東,0.0,0.31,雨,15.5
20250928,11:00,0.0,21.4,17.0,19.4,76,1.5,北,0.0,0.46,雨,8.16
20250928,12:00,0.0,20.9,17.9,20.5,83,1.2,北北西,0.0,0.33,雨,9.36
20250928,13:00,0.0,21.2,18.4,21.2,84,1.0,北北東,0.0,0.29,雨,16.0
20250928,14:00,0.0,21.1,18.3,21.0,84,0.9,北北東,0.0,0.28,雨,7.48
20250928,15:00,0.0,21.8,18.8,21.7,83,1.4,北北西,0.0,0.23,曇,20.0
20250928,16:00,0.0,21.8,18.4,21.2,81,1.6,北,0.0,0.14,雨,9.05
20250928,17:00,0.5,21.7,19.3,22.3,86,1.1,北,0.0,0.10,雨,11.3
20250928,18:00,0.0,21.9,19.3,22.3,85,0.6,北西,0.0,0.02,雨,15.6
20250928,19:00,0.0,22.2,19.4,22.5,84,0.9,南南西,0.0,0.00,曇,16.0
20250928,20:00,0.0,22.4,19.6,22.8,84,0.4,南西,0.0,0.0,曇,13.8
20250928,21:00,0.0,22.4,19.8,23.0,85,0.8,西北西,0.0,0.0,曇,11.6
20250928,22:00,0.0,22.6,19.8,23.0,84,0.6,西,0.0,0.0,曇,11.4
20250928,23:00,0.0,22.7,20.1,23.5,85,1.4,南,0.0,0.0,曇,10.7
20250928,24:00,0.0,22.8,20.2,23.6,85,1.3,南南西,0.0,0.0,曇,11.0
20250929,01:00,0.0,23.0,20.4,23.9,85,0.4,南,0.0,0.0,曇,9.91
20250929,02:00,0.0,23.6,21.1,25.1,86,2.7,南南西,0.0,0.0,曇,8.05
20250929,03:00,0.0,23.4,21.1,25.0,87,0.5,北西,0.0,0.0,曇,7.62
20250929,04:00,3.5,23.3,21.2,25.2,88,2.1,西南西,0.0,0.0,雨,1.01
20250929,05:00,3.5,23.9,21.8,26.1,88,2.3,西南西,0.0,0.0,雨,15.2
20250929,06:00,0.0,23.6,21.9,26.2,90,1.5,北,0.0,0.00,雨,4.88
20250929,07:00,0.0,23.6,20.6,24.2,83,3.5,北北東,0.0,0.03,雨,20.0
20250929,08:00,0.0,23.8,20.0,23.3,79,3.7,北北東,0.0,0.29,曇,20.0
20250929,09:00,0.0,25.1,19.0,22.0,69,3.4,北北東,0.3,1.03,曇,20.0
20250929,10:00,0.0,26.4,18.8,21.7,63,3.4,北北東,0.5,1.89,曇,20.0
20250929,11:00,0.0,27.8,17.1,19.4,52,6.3,北,0.5,1.95,晴れ,20.0
20250929,12:00,0.0,27.6,16.6,18.8,51,4.4,北,0.8,2.59,曇,20.0
20250929,13:00,0.0,27.9,15.9,18.0,48,5.4,北,0.4,1.96,晴れ,20.0
20250929,14:00,0.0,28.7,15.6,17.7,45,4.2,北,0.8,2.30,曇,20.0
20250929,15:00,0.0,28.1,15.4,17.5,46,5.8,北,0.7,1.82,曇,20.0
20250929,16:00,0.0,26.5,14.3,16.3,47,6.3,北北東,0.8,1.16,晴れ,20.0
20250929,17:00,0.0,26.3,14.4,16.4,48,6.0,北北西,0.9,0.79,晴れ,20.0
20250929,18:00,0.0,25.2,14.7,16.7,52,5.8,北,0.3,0.15,晴れ,20.0
20250929,19:00,0.0,24.2,13.4,15.4,51,5.5,北,0.0,0.00,晴れ,20.0
20250929,20:00,0.0,23.3,14.0,16.0,56,4.3,北,0.0,0.0,晴れ,20.0
20250929,21:00,0.0,22.7,14.6,16.6,60,2.7,北東,0.0,0.0,曇,20.0
20250929,22:00,0.0,22.0,14.9,16.9,64,2.0,北北東,0.0,0.0,晴れ,20.0
20250929,23:00,0.0,21.2,15.3,17.4,69,1.6,北,0.0,0.0,晴れ,20.0
20250929,24:00,0.0,20.7,15.3,17.3,71,2.0,北北東,0.0,0.0,晴れ,20.0
20250930,01:00,0.0,20.0,15.5,17.5,75,2.6,北北東,0.0,0.0,晴れ,20.0
20250930,02:00,0.0,19.4,15.3,17.3,77,2.8,北北東,0.0,0.0,晴れ,20.0
20250930,03:00,0.0,19.0,15.1,17.1,78,4.6,北,0.0,0.0,晴れ,20.0
20250930,04:00,0.0,18.7,15.0,17.0,79,4.9,北,0.0,0.0,晴れ,20.0
20250930,05:00,0.0,18.6,14.5,16.5,77,4.0,北北東,0.0,0.0,晴れ,20.0
20250930,06:00,0.0,18.7,14.6,16.6,77,4.1,北,0.0,0.00,晴れ,20.0
20250930,07:00,0.0,18.8,14.7,16.7,77,2.2,北北東,0.6,0.18,晴れ,20.0
20250930,08:00,0.0,19.5,14.3,16.3,72,1.8,北,0.4,0.63,晴れ,20.0
20250930,09:00,0.0,21.6,14.3,16.3,63,1.8,北北東,0.8,1.35,晴れ,20.0
20250930,10:00,0.0,23.2,13.7,15.6,55,3.1,北北東,1.0,2.20,晴れ,20.0
20250930,11:00,0.0,25.3,13.2,15.2,47,2.3,北北東,1.0,2.66,晴れ,20.0
20250930,12:00,0.0,27.4,13.4,15.3,42,2.4,北北東,1.0,2.91,晴れ,20.0
20250930,13:00,0.0,26.9,13.3,15.2,43,2.3,南,1.0,2.82,晴れ,20.0
20250930,14:00,0.0,27.0,13.7,15.7,44,4.3,南西,0.9,2.53,晴れ,20.0
20250930,15:00,0.0,26.5,11.8,13.9,40,3.3,南南西,0.2,1.49,曇,20.0
20250930,16:00,0.0,26.1,13.9,15.9,47,2.6,南南西,0.0,0.71,曇,20.0
20250930,17:00,0.0,26.0,13.5,15.5,46,1.5,南西,0.1,0.37,曇,20.0
20250930,18:00,0.0,24.9,15.0,17.0,54,3.0,南,0.0,0.10,曇,20.0
20250930,19:00,0.0,24.8,14.6,16.6,53,2.4,西南西,0.0,0.00,曇,20.0
20250930,20:00,0.0,24.2,14.9,16.9,56,2.1,北北西,0.0,0.0,曇,20.0
20250930,21:00,0.0,23.1,15.7,17.8,63,2.7,北北東,0.0,0.0,曇,20.0
20250930,22:00,0.0,22.5,16.1,18.3,67,3.4,北北東,0.0,0.0,晴れ,20.0
20250930,23:00,0.0,21.8,16.1,18.3,70,3.3,北北東,0.0,0.0,晴れ,20.0
20250930,24:00,0.0,21.3,15.8,18.0,71,3.9,北北東,0.0,0.0,晴れ,20.0
20251019,01:00,0.5,21.1,16.7,19.0,76,5.1,北北東,0.0,0.0,雨,10.4
20251019,02:00,0.5,20.9,16.7,19.0,77,2.8,北東,0.0,0.0,雨,20.0
20251019,03:00,1.0,20.6,16.4,18.7,77,4.0,北北東,0.0,0.0,雨,16.1
20251019,04:00,2.0,19.6,16.5,18.7,82,4.1,北北東,0.0,0.0,雨,20.0
20251019,05:00,2.0,19.1,16.0,18.1,82,4.7,北北東,0.0,0.0,雨,5.09
20251019,06:00,2.0,18.8,15.9,18.0,83,4.0,北北東,0.0,0.00,雨,7.82
20251019,07:00,0.5,19.1,15.4,17.5,79,4.0,北北東,0.0,0.02,雨,10.3
20251019,08:00,0.5,19.1,15.4,17.5,79,3.5,北北東,0.0,0.14,曇,20.0
20251019,09:00,0.0,19.6,15.7,17.8,78,3.6,北北東,0.0,0.31,雨,20.0
20251019,10:00,0.0,20.1,15.3,17.4,74,4.4,北北東,0.0,0.35,雨,20.0
20251019,11:00,0.0,20.8,14.7,16.7,68,3.3,北北東,0.0,0.78,曇,20.0
20251019,12:00,0.0,21.5,14.7,16.7,65,4.0,北北東,0.0,0.68,雨,20.0
20251019,13:00,0.0,21.9,14.8,16.8,64,5.0,北北東,0.0,0.74,雨,20.0
20251019,14:00,0.0,22.5,14.4,16.4,60,3.0,北北東,0.0,1.04,曇,20.0
20251019,15:00,0.0,23.0,15.1,17.1,61,1.9,東北東,0.3,1.15,曇,20.0
20251019,16:00,0.0,22.8,14.4,16.4,59,1.8,東,0.0,0.41,曇,20.0
20251019,17:00,0.0,22.4,15.3,17.3,64,2.4,北東,0.0,0.06,雨,20.0
20251019,18:00,0.0,22.1,15.0,17.0,64,2.1,東,0.0,0.01,雨,20.0
20251019,19:00,0.0,21.8,15.4,17.5,67,2.8,北,0.0,0.00,雨,20.0
20251019,20:00,0.0,21.6,15.5,17.5,68,1.5,北,0.0,0.0,曇,20.0
20251019,21:00,0.5,21.0,16.6,18.9,76,1.1,北北東,0.0,0.0,雨,14.2
20251019,22:00,0.5,20.6,17.2,19.7,81,1.6,北北東,0.0,0.0,雨,11.2
20251019,23:00,0.5,20.3,17.3,19.8,83,1.6,北,0.0,0.0,雨,20.0
20251019,24:00,0.0,20.1,16.9,19.3,82,1.6,北東,0.0,0.0,雨,20.0
20251020,01:00,0.0,19.9,17.1,19.5,84,2.6,北北東,0.0,0.0,雨,10.3
20251020,02:00,0.0,19.9,17.3,19.8,85,3.9,北,0.0,0.0,曇,20.0
20251020,03:00,0.0,20.0,16.7,18.9,81,2.7,北東,0.0,0.0,曇,20.0
20251020,04:00,0.0,19.9,16.4,18.6,80,3.0,北東,0.0,0.0,曇,20.0
20251020,05:00,0.0,19.8,16.3,18.5,80,3.5,北北東,0.0,0.0,曇,20.0
20251020,06:00,0.0,19.7,16.0,18.1,79,3.1,北北東,0.0,0.00,雨,20.0
20251020,07:00,0.0,19.8,15.5,17.6,76,3.5,北北東,0.0,0.01,曇,20.0
20251020,08:00,0.0,20.4,13.1,15.1,63,4.9,北,0.0,0.24,曇,20.0
20251020,09:00,0.0,21.0,13.5,15.4,62,4.3,北,0.1,0.63,曇,20.0
20251020,10:00,0.0,21.8,12.6,14.6,56,4.7,北,0.0,0.93,曇,20.0
20251020,11:00,0.0,22.3,12.0,14.0,52,5.4,北北東,0.1,1.23,曇,20.0
20251020,12:00,0.0,23.2,11.9,13.9,49,4.0,北,0.0,1.10,曇,20.0
20251020,13:00,0.0,23.4,10.8,13.0,45,5.4,北北東,0.0,1.23,曇,20.0
20251020,14:00,0.0,23.9,11.3,13.4,45,3.6,北北東,0.1,1.39,曇,20.0
20251020,15:00,0.0,23.9,11.3,13.4,45,4.0,北東,0.0,0.95,曇,20.0
20251020,16:00,0.0,24.6,10.5,12.7,41,4.0,北北東,0.6,1.08,晴れ,20.0
20251020,17:00,0.0,23.3,12.0,14.0,49,5.6,北北東,0.8,0.49,晴れ,20.0
20251020,18:00,0.0,21.6,12.2,14.2,55,6.6,北北東,0.0,0.03,晴れ,20.0
20251020,19:00,0.0,20.5,11.4,13.5,56,6.1,北北東,0.0,0.0,曇,20.0
20251020,20:00,0.0,19.5,10.5,12.7,56,7.1,北北東,0.0,0.0,曇,20.0
20251020,21:00,0.0,18.6,10.2,12.4,58,6.4,北北東,0.0,0.0,晴れ,20.0
20251020,22:00,0.0,18.2,9.8,12.1,58,5.6,北北東,0.0,0.0,曇,20.0
20251020,23:00,0.0,17.6,9.5,11.9,59,6.8,北北東,0.0,0.0,曇,20.0
20251020,24:00,0.0,17.3,9.5,11.8,60,7.0,北北東,0.0,0.0,曇,20.0
20251021,01:00,0.0,17.1,9.3,11.7,60,5.1,北北東,0.0,0.0,曇,20.0
20251021,02:00,0.0,17.1,9.0,11.5,59,4.4,北北東,0.0,0.0,曇,20.0
20251021,03:00,0.0,16.9,8.9,11.4,59,4.1,北北東,0.0,0.0,曇,20.0
20251021,04:00,0.0,16.9,8.9,11.4,59,5.1,北北東,0.0,0.0,曇,20.0
20251021,05:00,0.0,16.7,8.7,11.2,59,5.6,北北東,0.0,0.0,曇,20.0
20251021,06:00,0.0,16.7,8.4,11.0,58,6.4,北北東,0.0,0.00,曇,20.0
20251021,07:00,0.0,16.5,8.5,11.1,59,5.2,北北東,0.0,0.03,曇,20.0
20251021,08:00,0.0,16.9,8.3,11.0,57,4.4,北北東,0.0,0.30,曇,20.0
20251021,09:00,0.0,18.2,8.5,11.1,53,5.0,北北東,0.3,1.09,曇,20.0
20251021,10:00,0.0,19.0,7.8,10.5,48,4.0,北北東,0.5,1.67,晴れ,20.0
20251021,11:00,0.0,19.9,7.0,10.0,43,3.7,北北東,0.7,2.28,晴れ,20.0
20251021,12:00,0.0,20.1,6.5,9.6,41,5.1,北北東,0.0,1.29,曇,20.0
20251021,13:00,0.0,20.2,7.2,10.2,43,5.2,北東,0.0,1.23,曇,20.0
20251021,14:00,0.0,20.2,6.9,9.9,42,4.0,東北東,0.0,0.92,曇,20.0
20251021,15:00,0.0,19.7,6.5,9.6,42,7.3,北東,0.0,0.46,曇,20.0
20251021,16:00,0.0,19.7,7.5,10.3,45,3.8,北東,0.0,0.45,曇,20.0
20251021,17:00,0.0,18.9,7.4,10.3,47,5.8,北東,0.0,0.13,曇,20.0
20251021,18:00,0.0,18.5,7.0,10.0,47,3.6,北北東,0.0,0.01,曇,20.0
20251021,19:00,0.0,18.1,7.2,10.2,49,4.8,北北東,0.0,0.0,曇,20.0
20251021,20:00,0.0,17.7,6.6,9.7,48,3.4,北北東,0.0,0.0,曇,20.0
20251021,21:00,0.0,17.6,6.2,9.5,47,4.0,北北東,0.0,0.0,曇,20.0
20251021,22:00,0.0,17.3,6.2,9.5,48,5.0,北北東,0.0,0.0,曇,20.0
20251021,23:00,0.0,16.9,6.4,9.6,50,5.1,北北東,0.0,0.0,曇,20.0
20251021,24:00,0.0,16.5,6.4,9.6,51,5.0,北北東,0.0,0.0,曇,20.0
20251022,01:00,0.0,16.1,6.0,9.3,51,6.5,北北東,0.0,0.0,曇,20.0
20251022,02:00,0.0,16.2,5.5,9.0,49,4.9,北北東,0.0,0.0,曇,20.0
20251022,03:00,0.0,15.7,5.9,9.3,52,5.6,北北東,0.0,0.0,曇,20.0
20251022,04:00,0.0,15.8,6.0,9.3,52,5.9,北北東,0.0,0.0,曇,20.0
20251022,05:00,0.0,15.7,6.2,9.5,53,4.9,北北東,0.0,0.0,曇,20.0
20251022,06:00,0.0,15.6,6.1,9.4,53,3.6,北北東,0.0,0.00,曇,20.0
20251022,07:00,0.0,15.8,6.5,9.7,54,4.0,北北東,0.0,0.01,曇,20.0
20251022,08:00,0.0,16.1,6.3,9.5,52,3.9,北北東,0.0,0.11,曇,20.0
20251022,09:00,0.0,16.6,5.9,9.3,49,5.6,北北東,0.0,0.26,曇,20.0
20251022,10:00,0.0,16.9,4.6,8.5,44,5.5,北北東,0.0,0.36,雨,20.0
20251022,11:00,0.0,16.9,4.9,8.7,45,4.2,北東,0.0,0.39,雨,20.0
20251022,12:00,0.0,17.1,5.4,9.0,46,3.6,北北東,0.0,0.51,曇,20.0
20251022,13:00,0.0,17.3,5.3,8.9,45,2.7,北東,0.0,0.59,曇,20.0
20251022,14:00,0.0,17.5,5.1,8.8,44,3.7,北東,0.0,0.54,曇,20.0
20251022,15:00,0.0,17.7,6.0,9.3,46,3.1,北東,0.0,0.41,曇,20.0
20251022,16:00,0.0,17.6,5.9,9.3,46,4.1,北北東,0.0,0.27,曇,20.0
20251022,17:00,0.0,17.3,6.5,9.7,49,3.2,北東,0.0,0.13,曇,20.0
20251022,18:00,0.0,16.9,7.3,10.2,53,3.7,北北東,0.0,0.01,曇,20.0
20251022,19:00,0.0,17.0,7.1,10.1,52,4.2,北北東,0.0,0.0,曇,20.0
20251022,20:00,0.0,16.6,7.8,10.6,56,5.4,北北東,0.0,0.0,曇,20.0
20251022,21:00,0.0,16.2,7.7,10.5,57,6.8,北北東,0.0,0.0,曇,20.0
20251022,22:00,0.0,16.1,7.3,10.2,56,3.9,北北東,0.0,0.0,曇,20.0
20251022,23:00,0.0,15.4,7.4,10.3,59,6.0,北北東,0.0,0.0,晴れ,20.0
20251022,24:00,0.0,14.9,7.5,10.3,61,5.7,北北東,0.0,0.0,晴れ,20.0
20251023,01:00,0.0,14.2,7.7,10.5,65,5.6,北北東,0.0,0.0,晴れ,20.0
20251023,02:00,0.0,13.8,7.6,10.4,66,6.0,北北東,0.0,0.0,晴れ,20.0
20251023,03:00,0.0,13.5,7.5,10.4,67,6.3,北北東,0.0,0.0,晴れ,20.0
20251023,04:00,0.0,13.5,7.7,10.5,68,5.0,北北東,0.0,0.0,晴れ,20.0
20251023,05:00,0.0,13.4,7.6,10.5,68,4.5,北北東,0.0,0.0,晴れ,20.0
20251023,06:00,0.0,13.1,7.6,10.4,69,5.4,北北東,0.0,0.00,晴れ,20.0
20251023,07:00,0.0,12.7,7.8,10.6,72,5.2,北北東,0.3,0.08,晴れ,20.0
20251023,08:00,0.0,13.3,7.5,10.4,68,6.3,北北東,1.0,0.63,晴れ,20.0
20251023,09:00,0.0,15.8,7.6,10.4,58,6.8,北北東,1.0,1.32,晴れ,20.0
20251023,10:00,0.0,18.2,7.3,10.2,49,4.4,北,1.0,1.93,晴れ,20.0
20251023,11:00,0.0,20.4,7.1,10.1,42,4.0,北北東,1.0,2.36,晴れ,20.0
20251023,12:00,0.0,22.0,4.6,8.5,32,3.2,東,1.0,2.58,晴れ,20.0
20251023,13:00,0.0,22.3,4.8,8.6,32,2.4,東,1.0,2.55,晴れ,20.0
20251023,14:00,0.0,22.7,4.7,8.6,31,4.1,北東,1.0,2.29,晴れ,20.0
20251023,15:00,0.0,23.6,6.0,9.3,32,2.1,東北東,1.0,1.82,晴れ,20.0
20251023,16:00,0.0,22.5,5.0,8.7,32,3.5,東南東,0.8,1.07,晴れ,20.0
20251023,17:00,0.0,21.1,6.3,9.5,38,4.0,東南東,0.5,0.44,晴れ,20.0
20251023,18:00,0.0,20.6,6.6,9.7,40,3.0,東北東,0.0,0.02,晴れ,20.0
20251023,19:00,0.0,20.3,7.0,10.0,42,3.6,北東,0.0,0.0,曇,20.0
20251023,20:00,0.0,19.1,8.2,10.8,49,3.8,北北東,0.0,0.0,晴れ,20.0
20251023,21:00,0.0,17.9,8.5,11.1,54,5.7,北北東,0.0,0.0,晴れ,20.0
20251023,22:00,0.0,17.6,7.9,10.7,53,5.2,北北東,0.0,0.0,晴れ,20.0
20251023,23:00,0.0,17.4,7.5,10.3,52,6.3,北北東,0.0,0.0,曇,20.0
20251023,24:00,0.0,17.3,7.4,10.3,52,4.1,北北東,0.0,0.0,晴れ,20.0
